Operations to perform:
  Apply all migrations: accounts, assessments, audit, auth, billing, catalog, contenttypes, imports, integrations, inventory, jobs, organizations, policies, reports, reviews, sessions
Running migrations:
  Applying contenttypes.0001_initial... OK
  Applying contenttypes.0002_remove_content_type_name... OK
  Applying auth.0001_initial... OK
  Applying auth.0002_alter_permission_name_max_length... OK
  Applying auth.0003_alter_user_email_max_length... OK
  Applying auth.0004_alter_user_username_opts... OK
  Applying auth.0005_alter_user_last_login_null... OK
  Applying auth.0006_require_contenttypes_0002... OK
  Applying auth.0007_alter_validators_add_error_messages... OK
  Applying auth.0008_alter_user_username_max_length... OK
  Applying auth.0009_alter_user_last_name_max_length... OK
  Applying auth.0010_alter_group_name_max_length... OK
  Applying auth.0011_update_proxy_permissions... OK
  Applying auth.0012_alter_user_first_name_max_length... OK
  Applying accounts.0001_initial... OK
  Applying sessions.0001_initial... OK
  Applying organizations.0001_initial... OK
  Applying inventory.0001_initial... OK
  Applying inventory.0002_database_security... OK
  Applying catalog.0001_initial... OK
  Applying inventory.0003_remove_inventoryitem_product_id_and_more... OK
  Applying assessments.0001_initial... OK
  Applying assessments.0002_snapshot_security... OK
  Applying audit.0001_initial... OK
  Applying audit.0002_audit_security... OK
  Applying reports.0001_initial... OK
  Applying reports.0002_report_security... OK
  Applying reports.0003_reportartifact... OK
  Applying reports.0004_reportartifact_security... OK
  Applying organizations.0002_public_onboarding... OK
  Applying organizations.0003_workflow_profile... OK
  Applying jobs.0001_initial... OK
  Applying jobs.0002_job_security... OK
  Applying jobs.0003_recovery_receipts... OK
  Applying jobs.0004_receipt_admission... OK
  Applying jobs.0005_atomic_recovery_admission... OK
  Applying jobs.0006_corecontrol_workflowschedule_actioncardrevision_and_more... OK
  Applying jobs.0007_core_workflow_security... OK
  Applying jobs.0008_worker_transition_authority... OK
  Applying billing.0001_initial... OK
  Applying billing.0002_stripewebhookevent... OK
  Applying billing.0003_founderslot... OK
  Applying billing.0004_founderslot_reservation_token... OK
  Applying billing.0005_billing_security... OK
  Applying jobs.0009_core_issuance_authority... OK
  Applying jobs.0010_job_input_admission... OK
  Applying jobs.0011_action_card_issuance... OK
  Applying jobs.0012_core_authority_successor... OK
  Applying billing.0006_paid_coverage... OK
  Applying billing.0007_ingester_effects... OK
  Applying billing.0008_checkout_intent... OK
  Applying billing.0009_customer_request... OK
  Applying catalog.0002_catalog_security... OK
  Applying imports.0001_initial... OK
  Applying imports.0002_import_staging_security... OK
  Applying integrations.0001_initial... OK
  Applying integrations.0002_providerconnection_providerattempt_providerevent_and_more... OK
  Applying inventory.0004_discovery_evidence... OK
  Applying inventory.0005_discovery_security... OK
  Applying inventory.0006_detectionevidence_inventory_item_and_more... OK
  Applying inventory.0007_inventoryitem_declared_fields... OK
  Applying jobs.0013_paid_entitlement... OK
  Applying jobs.0014_decision_desk... OK
  Applying policies.0001_initial... OK
  Applying policies.0002_organization_rule_security... OK
  Applying policies.0003_remove_organizationrule_unique_organization_rule_name_and_more... OK
  Applying reviews.0001_initial... OK
  Applying reviews.0002_pack_lifecycle... OK
EEEEEEEEEEEEEEEEEEEEEEEEEEEEE........................................... [ 42%]
........................................................................ [ 84%]
..........................                                               [100%]
==================================== ERRORS ====================================
_ ERROR at setup of test_issuer_is_actual_separate_login_and_app_worker_cannot_issue _

self = <django.db.backends.utils.CursorWrapper object at 0x760b507d8590>
sql = 'INSERT INTO "billing_paid_coverage_authority" ("id", "stripe_account_id", "livemode", "contracts") VALUES (%s, %s, %s, %s)'
params = (Int2(1), 'acct_qualification', False, Jsonb({'standard': {'price_id': 'price_co ... (110 chars)))
ignored_wrapper_args = (False, {'connection': <DatabaseWrapper vendor='postgresql' alias='default'>, 'cursor': <django.db.backends.utils.CursorWrapper object at 0x760b507d8590>})

    def _execute(self, sql, params, *ignored_wrapper_args):
        # Raise a warning during app initialization (stored_app_configs is only
        # ever set during testing).
        if not apps.ready and not apps.stored_app_configs:
            warnings.warn(self.APPS_NOT_READY_WARNING_MSG, category=RuntimeWarning)
        self.db.validate_no_broken_transaction()
        with self.db.wrap_database_errors:
            if params is None:
                # params default might be backend specific.
                return self.cursor.execute(sql)
            else:
>               return self.cursor.execute(sql, params)
                       ^^^^^^^^^^^^^^^^^^^^^^^^^^^^^^^^

.venv/lib/python3.14/site-packages/django/db/backends/utils.py:105: 
_ _ _ _ _ _ _ _ _ _ _ _ _ _ _ _ _ _ _ _ _ _ _ _ _ _ _ _ _ _ _ _ _ _ _ _ _ _ _ _ 

self = <django.db.backends.postgresql.base.Cursor [closed] [IDLE] (host=qualification-db user=postgres database=test_qualification) at 0x760b51ca75b0>
query = 'INSERT INTO "billing_paid_coverage_authority" ("id", "stripe_account_id", "livemode", "contracts") VALUES (%s, %s, %s, %s)'
params = (Int2(1), 'acct_qualification', False, Jsonb({'standard': {'price_id': 'price_co ... (110 chars)))
prepare = None, binary = None

    def execute(
        self,
        query: Query,
        params: Params | None = None,
        *,
        prepare: bool | None = None,
        binary: bool | None = None,
    ) -> Self:
        """
        Execute a query or command to the database.
        """
        try:
            with self._conn.lock:
                self._conn.wait(
                    self._execute_gen(query, params, prepare=prepare, binary=binary)
                )
        except e._NO_TRACEBACK as ex:
>           raise ex.with_traceback(None)
E           psycopg.errors.UniqueViolation: duplicate key value violates unique constraint "billing_paid_coverage_authority_pkey"
E           DETAIL:  Key (id)=(1) already exists.

.venv/lib/python3.14/site-packages/psycopg/cursor.py:117: UniqueViolation

The above exception was the direct cause of the following exception:

    @pytest.fixture
    def admitted():
        assert connections["default"].vendor == "postgresql"
        user, customer, subscription = make_subscription(email="paid-authority@example.invalid", founder=False)
        org = Organization.objects.create(name="Synthetic paid authority")
        OrganizationMember.objects.create(organization=org, user=user, role="owner")
        subscription.organization = org
        subscription.save(update_fields=["organization"])
>       PaidCoverageAuthority.objects.create(stripe_account_id="acct_qualification", livemode=False,
            contracts={"standard": {"price_id": "price_core_standard", "amount_cents": 9900, "contract_version": "core.monthly.v1"}})

tests/test_paid_coverage_authority.py:28: 
_ _ _ _ _ _ _ _ _ _ _ _ _ _ _ _ _ _ _ _ _ _ _ _ _ _ _ _ _ _ _ _ _ _ _ _ _ _ _ _ 
.venv/lib/python3.14/site-packages/django/db/models/manager.py:87: in manager_method
    return getattr(self.get_queryset(), name)(*args, **kwargs)
           ^^^^^^^^^^^^^^^^^^^^^^^^^^^^^^^^^^^^^^^^^^^^^^^^^^^
.venv/lib/python3.14/site-packages/django/db/models/query.py:665: in create
    obj.save(force_insert=True, using=self.db)
.venv/lib/python3.14/site-packages/django/db/models/base.py:902: in save
    self.save_base(
.venv/lib/python3.14/site-packages/django/db/models/base.py:1008: in save_base
    updated = self._save_table(
.venv/lib/python3.14/site-packages/django/db/models/base.py:1169: in _save_table
    results = self._do_insert(
.venv/lib/python3.14/site-packages/django/db/models/base.py:1210: in _do_insert
    return manager._insert(
.venv/lib/python3.14/site-packages/django/db/models/manager.py:87: in manager_method
    return getattr(self.get_queryset(), name)(*args, **kwargs)
           ^^^^^^^^^^^^^^^^^^^^^^^^^^^^^^^^^^^^^^^^^^^^^^^^^^^
.venv/lib/python3.14/site-packages/django/db/models/query.py:1873: in _insert
    return query.get_compiler(using=using).execute_sql(returning_fields)
           ^^^^^^^^^^^^^^^^^^^^^^^^^^^^^^^^^^^^^^^^^^^^^^^^^^^^^^^^^^^^^
.venv/lib/python3.14/site-packages/django/db/models/sql/compiler.py:1882: in execute_sql
    cursor.execute(sql, params)
.venv/lib/python3.14/site-packages/django/db/backends/utils.py:79: in execute
    return self._execute_with_wrappers(
.venv/lib/python3.14/site-packages/django/db/backends/utils.py:92: in _execute_with_wrappers
    return executor(sql, params, many, context)
           ^^^^^^^^^^^^^^^^^^^^^^^^^^^^^^^^^^^^
.venv/lib/python3.14/site-packages/django/db/backends/utils.py:100: in _execute
    with self.db.wrap_database_errors:
         ^^^^^^^^^^^^^^^^^^^^^^^^^^^^
.venv/lib/python3.14/site-packages/django/db/utils.py:91: in __exit__
    raise dj_exc_value.with_traceback(traceback) from exc_value
.venv/lib/python3.14/site-packages/django/db/backends/utils.py:105: in _execute
    return self.cursor.execute(sql, params)
           ^^^^^^^^^^^^^^^^^^^^^^^^^^^^^^^^
_ _ _ _ _ _ _ _ _ _ _ _ _ _ _ _ _ _ _ _ _ _ _ _ _ _ _ _ _ _ _ _ _ _ _ _ _ _ _ _ 

self = <django.db.backends.postgresql.base.Cursor [closed] [IDLE] (host=qualification-db user=postgres database=test_qualification) at 0x760b51ca75b0>
query = 'INSERT INTO "billing_paid_coverage_authority" ("id", "stripe_account_id", "livemode", "contracts") VALUES (%s, %s, %s, %s)'
params = (Int2(1), 'acct_qualification', False, Jsonb({'standard': {'price_id': 'price_co ... (110 chars)))
prepare = None, binary = None

    def execute(
        self,
        query: Query,
        params: Params | None = None,
        *,
        prepare: bool | None = None,
        binary: bool | None = None,
    ) -> Self:
        """
        Execute a query or command to the database.
        """
        try:
            with self._conn.lock:
                self._conn.wait(
                    self._execute_gen(query, params, prepare=prepare, binary=binary)
                )
        except e._NO_TRACEBACK as ex:
>           raise ex.with_traceback(None)
E           django.db.utils.IntegrityError: duplicate key value violates unique constraint "billing_paid_coverage_authority_pkey"
E           DETAIL:  Key (id)=(1) already exists.

.venv/lib/python3.14/site-packages/psycopg/cursor.py:117: IntegrityError
_ ERROR at setup of test_issuer_rejects_unadmitted_identity_and_contract[livemode-True] _

self = <django.db.backends.utils.CursorWrapper object at 0x760b4fe52ff0>
sql = 'INSERT INTO "billing_paid_coverage_authority" ("id", "stripe_account_id", "livemode", "contracts") VALUES (%s, %s, %s, %s)'
params = (Int2(1), 'acct_qualification', False, Jsonb({'standard': {'price_id': 'price_co ... (110 chars)))
ignored_wrapper_args = (False, {'connection': <DatabaseWrapper vendor='postgresql' alias='default'>, 'cursor': <django.db.backends.utils.CursorWrapper object at 0x760b4fe52ff0>})

    def _execute(self, sql, params, *ignored_wrapper_args):
        # Raise a warning during app initialization (stored_app_configs is only
        # ever set during testing).
        if not apps.ready and not apps.stored_app_configs:
            warnings.warn(self.APPS_NOT_READY_WARNING_MSG, category=RuntimeWarning)
        self.db.validate_no_broken_transaction()
        with self.db.wrap_database_errors:
            if params is None:
                # params default might be backend specific.
                return self.cursor.execute(sql)
            else:
>               return self.cursor.execute(sql, params)
                       ^^^^^^^^^^^^^^^^^^^^^^^^^^^^^^^^

.venv/lib/python3.14/site-packages/django/db/backends/utils.py:105: 
_ _ _ _ _ _ _ _ _ _ _ _ _ _ _ _ _ _ _ _ _ _ _ _ _ _ _ _ _ _ _ _ _ _ _ _ _ _ _ _ 

self = <django.db.backends.postgresql.base.Cursor [closed] [IDLE] (host=qualification-db user=postgres database=test_qualification) at 0x760b51c8c590>
query = 'INSERT INTO "billing_paid_coverage_authority" ("id", "stripe_account_id", "livemode", "contracts") VALUES (%s, %s, %s, %s)'
params = (Int2(1), 'acct_qualification', False, Jsonb({'standard': {'price_id': 'price_co ... (110 chars)))
prepare = None, binary = None

    def execute(
        self,
        query: Query,
        params: Params | None = None,
        *,
        prepare: bool | None = None,
        binary: bool | None = None,
    ) -> Self:
        """
        Execute a query or command to the database.
        """
        try:
            with self._conn.lock:
                self._conn.wait(
                    self._execute_gen(query, params, prepare=prepare, binary=binary)
                )
        except e._NO_TRACEBACK as ex:
>           raise ex.with_traceback(None)
E           psycopg.errors.UniqueViolation: duplicate key value violates unique constraint "billing_paid_coverage_authority_pkey"
E           DETAIL:  Key (id)=(1) already exists.

.venv/lib/python3.14/site-packages/psycopg/cursor.py:117: UniqueViolation

The above exception was the direct cause of the following exception:

    @pytest.fixture
    def admitted():
        assert connections["default"].vendor == "postgresql"
        user, customer, subscription = make_subscription(email="paid-authority@example.invalid", founder=False)
        org = Organization.objects.create(name="Synthetic paid authority")
        OrganizationMember.objects.create(organization=org, user=user, role="owner")
        subscription.organization = org
        subscription.save(update_fields=["organization"])
>       PaidCoverageAuthority.objects.create(stripe_account_id="acct_qualification", livemode=False,
            contracts={"standard": {"price_id": "price_core_standard", "amount_cents": 9900, "contract_version": "core.monthly.v1"}})

tests/test_paid_coverage_authority.py:28: 
_ _ _ _ _ _ _ _ _ _ _ _ _ _ _ _ _ _ _ _ _ _ _ _ _ _ _ _ _ _ _ _ _ _ _ _ _ _ _ _ 
.venv/lib/python3.14/site-packages/django/db/models/manager.py:87: in manager_method
    return getattr(self.get_queryset(), name)(*args, **kwargs)
           ^^^^^^^^^^^^^^^^^^^^^^^^^^^^^^^^^^^^^^^^^^^^^^^^^^^
.venv/lib/python3.14/site-packages/django/db/models/query.py:665: in create
    obj.save(force_insert=True, using=self.db)
.venv/lib/python3.14/site-packages/django/db/models/base.py:902: in save
    self.save_base(
.venv/lib/python3.14/site-packages/django/db/models/base.py:1008: in save_base
    updated = self._save_table(
.venv/lib/python3.14/site-packages/django/db/models/base.py:1169: in _save_table
    results = self._do_insert(
.venv/lib/python3.14/site-packages/django/db/models/base.py:1210: in _do_insert
    return manager._insert(
.venv/lib/python3.14/site-packages/django/db/models/manager.py:87: in manager_method
    return getattr(self.get_queryset(), name)(*args, **kwargs)
           ^^^^^^^^^^^^^^^^^^^^^^^^^^^^^^^^^^^^^^^^^^^^^^^^^^^
.venv/lib/python3.14/site-packages/django/db/models/query.py:1873: in _insert
    return query.get_compiler(using=using).execute_sql(returning_fields)
           ^^^^^^^^^^^^^^^^^^^^^^^^^^^^^^^^^^^^^^^^^^^^^^^^^^^^^^^^^^^^^
.venv/lib/python3.14/site-packages/django/db/models/sql/compiler.py:1882: in execute_sql
    cursor.execute(sql, params)
.venv/lib/python3.14/site-packages/django/db/backends/utils.py:79: in execute
    return self._execute_with_wrappers(
.venv/lib/python3.14/site-packages/django/db/backends/utils.py:92: in _execute_with_wrappers
    return executor(sql, params, many, context)
           ^^^^^^^^^^^^^^^^^^^^^^^^^^^^^^^^^^^^
.venv/lib/python3.14/site-packages/django/db/backends/utils.py:100: in _execute
    with self.db.wrap_database_errors:
         ^^^^^^^^^^^^^^^^^^^^^^^^^^^^
.venv/lib/python3.14/site-packages/django/db/utils.py:91: in __exit__
    raise dj_exc_value.with_traceback(traceback) from exc_value
.venv/lib/python3.14/site-packages/django/db/backends/utils.py:105: in _execute
    return self.cursor.execute(sql, params)
           ^^^^^^^^^^^^^^^^^^^^^^^^^^^^^^^^
_ _ _ _ _ _ _ _ _ _ _ _ _ _ _ _ _ _ _ _ _ _ _ _ _ _ _ _ _ _ _ _ _ _ _ _ _ _ _ _ 

self = <django.db.backends.postgresql.base.Cursor [closed] [IDLE] (host=qualification-db user=postgres database=test_qualification) at 0x760b51c8c590>
query = 'INSERT INTO "billing_paid_coverage_authority" ("id", "stripe_account_id", "livemode", "contracts") VALUES (%s, %s, %s, %s)'
params = (Int2(1), 'acct_qualification', False, Jsonb({'standard': {'price_id': 'price_co ... (110 chars)))
prepare = None, binary = None

    def execute(
        self,
        query: Query,
        params: Params | None = None,
        *,
        prepare: bool | None = None,
        binary: bool | None = None,
    ) -> Self:
        """
        Execute a query or command to the database.
        """
        try:
            with self._conn.lock:
                self._conn.wait(
                    self._execute_gen(query, params, prepare=prepare, binary=binary)
                )
        except e._NO_TRACEBACK as ex:
>           raise ex.with_traceback(None)
E           django.db.utils.IntegrityError: duplicate key value violates unique constraint "billing_paid_coverage_authority_pkey"
E           DETAIL:  Key (id)=(1) already exists.

.venv/lib/python3.14/site-packages/psycopg/cursor.py:117: IntegrityError
_ ERROR at setup of test_issuer_rejects_unadmitted_identity_and_contract[stripe_account_id-acct_wrong] _

self = <django.db.backends.utils.CursorWrapper object at 0x760b50818650>
sql = 'INSERT INTO "billing_paid_coverage_authority" ("id", "stripe_account_id", "livemode", "contracts") VALUES (%s, %s, %s, %s)'
params = (Int2(1), 'acct_qualification', False, Jsonb({'standard': {'price_id': 'price_co ... (110 chars)))
ignored_wrapper_args = (False, {'connection': <DatabaseWrapper vendor='postgresql' alias='default'>, 'cursor': <django.db.backends.utils.CursorWrapper object at 0x760b50818650>})

    def _execute(self, sql, params, *ignored_wrapper_args):
        # Raise a warning during app initialization (stored_app_configs is only
        # ever set during testing).
        if not apps.ready and not apps.stored_app_configs:
            warnings.warn(self.APPS_NOT_READY_WARNING_MSG, category=RuntimeWarning)
        self.db.validate_no_broken_transaction()
        with self.db.wrap_database_errors:
            if params is None:
                # params default might be backend specific.
                return self.cursor.execute(sql)
            else:
>               return self.cursor.execute(sql, params)
                       ^^^^^^^^^^^^^^^^^^^^^^^^^^^^^^^^

.venv/lib/python3.14/site-packages/django/db/backends/utils.py:105: 
_ _ _ _ _ _ _ _ _ _ _ _ _ _ _ _ _ _ _ _ _ _ _ _ _ _ _ _ _ _ _ _ _ _ _ _ _ _ _ _ 

self = <django.db.backends.postgresql.base.Cursor [closed] [IDLE] (host=qualification-db user=postgres database=test_qualification) at 0x760b51c8c750>
query = 'INSERT INTO "billing_paid_coverage_authority" ("id", "stripe_account_id", "livemode", "contracts") VALUES (%s, %s, %s, %s)'
params = (Int2(1), 'acct_qualification', False, Jsonb({'standard': {'price_id': 'price_co ... (110 chars)))
prepare = None, binary = None

    def execute(
        self,
        query: Query,
        params: Params | None = None,
        *,
        prepare: bool | None = None,
        binary: bool | None = None,
    ) -> Self:
        """
        Execute a query or command to the database.
        """
        try:
            with self._conn.lock:
                self._conn.wait(
                    self._execute_gen(query, params, prepare=prepare, binary=binary)
                )
        except e._NO_TRACEBACK as ex:
>           raise ex.with_traceback(None)
E           psycopg.errors.UniqueViolation: duplicate key value violates unique constraint "billing_paid_coverage_authority_pkey"
E           DETAIL:  Key (id)=(1) already exists.

.venv/lib/python3.14/site-packages/psycopg/cursor.py:117: UniqueViolation

The above exception was the direct cause of the following exception:

    @pytest.fixture
    def admitted():
        assert connections["default"].vendor == "postgresql"
        user, customer, subscription = make_subscription(email="paid-authority@example.invalid", founder=False)
        org = Organization.objects.create(name="Synthetic paid authority")
        OrganizationMember.objects.create(organization=org, user=user, role="owner")
        subscription.organization = org
        subscription.save(update_fields=["organization"])
>       PaidCoverageAuthority.objects.create(stripe_account_id="acct_qualification", livemode=False,
            contracts={"standard": {"price_id": "price_core_standard", "amount_cents": 9900, "contract_version": "core.monthly.v1"}})

tests/test_paid_coverage_authority.py:28: 
_ _ _ _ _ _ _ _ _ _ _ _ _ _ _ _ _ _ _ _ _ _ _ _ _ _ _ _ _ _ _ _ _ _ _ _ _ _ _ _ 
.venv/lib/python3.14/site-packages/django/db/models/manager.py:87: in manager_method
    return getattr(self.get_queryset(), name)(*args, **kwargs)
           ^^^^^^^^^^^^^^^^^^^^^^^^^^^^^^^^^^^^^^^^^^^^^^^^^^^
.venv/lib/python3.14/site-packages/django/db/models/query.py:665: in create
    obj.save(force_insert=True, using=self.db)
.venv/lib/python3.14/site-packages/django/db/models/base.py:902: in save
    self.save_base(
.venv/lib/python3.14/site-packages/django/db/models/base.py:1008: in save_base
    updated = self._save_table(
.venv/lib/python3.14/site-packages/django/db/models/base.py:1169: in _save_table
    results = self._do_insert(
.venv/lib/python3.14/site-packages/django/db/models/base.py:1210: in _do_insert
    return manager._insert(
.venv/lib/python3.14/site-packages/django/db/models/manager.py:87: in manager_method
    return getattr(self.get_queryset(), name)(*args, **kwargs)
           ^^^^^^^^^^^^^^^^^^^^^^^^^^^^^^^^^^^^^^^^^^^^^^^^^^^
.venv/lib/python3.14/site-packages/django/db/models/query.py:1873: in _insert
    return query.get_compiler(using=using).execute_sql(returning_fields)
           ^^^^^^^^^^^^^^^^^^^^^^^^^^^^^^^^^^^^^^^^^^^^^^^^^^^^^^^^^^^^^
.venv/lib/python3.14/site-packages/django/db/models/sql/compiler.py:1882: in execute_sql
    cursor.execute(sql, params)
.venv/lib/python3.14/site-packages/django/db/backends/utils.py:79: in execute
    return self._execute_with_wrappers(
.venv/lib/python3.14/site-packages/django/db/backends/utils.py:92: in _execute_with_wrappers
    return executor(sql, params, many, context)
           ^^^^^^^^^^^^^^^^^^^^^^^^^^^^^^^^^^^^
.venv/lib/python3.14/site-packages/django/db/backends/utils.py:100: in _execute
    with self.db.wrap_database_errors:
         ^^^^^^^^^^^^^^^^^^^^^^^^^^^^
.venv/lib/python3.14/site-packages/django/db/utils.py:91: in __exit__
    raise dj_exc_value.with_traceback(traceback) from exc_value
.venv/lib/python3.14/site-packages/django/db/backends/utils.py:105: in _execute
    return self.cursor.execute(sql, params)
           ^^^^^^^^^^^^^^^^^^^^^^^^^^^^^^^^
_ _ _ _ _ _ _ _ _ _ _ _ _ _ _ _ _ _ _ _ _ _ _ _ _ _ _ _ _ _ _ _ _ _ _ _ _ _ _ _ 

self = <django.db.backends.postgresql.base.Cursor [closed] [IDLE] (host=qualification-db user=postgres database=test_qualification) at 0x760b51c8c750>
query = 'INSERT INTO "billing_paid_coverage_authority" ("id", "stripe_account_id", "livemode", "contracts") VALUES (%s, %s, %s, %s)'
params = (Int2(1), 'acct_qualification', False, Jsonb({'standard': {'price_id': 'price_co ... (110 chars)))
prepare = None, binary = None

    def execute(
        self,
        query: Query,
        params: Params | None = None,
        *,
        prepare: bool | None = None,
        binary: bool | None = None,
    ) -> Self:
        """
        Execute a query or command to the database.
        """
        try:
            with self._conn.lock:
                self._conn.wait(
                    self._execute_gen(query, params, prepare=prepare, binary=binary)
                )
        except e._NO_TRACEBACK as ex:
>           raise ex.with_traceback(None)
E           django.db.utils.IntegrityError: duplicate key value violates unique constraint "billing_paid_coverage_authority_pkey"
E           DETAIL:  Key (id)=(1) already exists.

.venv/lib/python3.14/site-packages/psycopg/cursor.py:117: IntegrityError
_ ERROR at setup of test_issuer_rejects_unadmitted_identity_and_contract[stripe_customer_id-cus_wrong] _

self = <django.db.backends.utils.CursorWrapper object at 0x760b5081b9b0>
sql = 'INSERT INTO "billing_paid_coverage_authority" ("id", "stripe_account_id", "livemode", "contracts") VALUES (%s, %s, %s, %s)'
params = (Int2(1), 'acct_qualification', False, Jsonb({'standard': {'price_id': 'price_co ... (110 chars)))
ignored_wrapper_args = (False, {'connection': <DatabaseWrapper vendor='postgresql' alias='default'>, 'cursor': <django.db.backends.utils.CursorWrapper object at 0x760b5081b9b0>})

    def _execute(self, sql, params, *ignored_wrapper_args):
        # Raise a warning during app initialization (stored_app_configs is only
        # ever set during testing).
        if not apps.ready and not apps.stored_app_configs:
            warnings.warn(self.APPS_NOT_READY_WARNING_MSG, category=RuntimeWarning)
        self.db.validate_no_broken_transaction()
        with self.db.wrap_database_errors:
            if params is None:
                # params default might be backend specific.
                return self.cursor.execute(sql)
            else:
>               return self.cursor.execute(sql, params)
                       ^^^^^^^^^^^^^^^^^^^^^^^^^^^^^^^^

.venv/lib/python3.14/site-packages/django/db/backends/utils.py:105: 
_ _ _ _ _ _ _ _ _ _ _ _ _ _ _ _ _ _ _ _ _ _ _ _ _ _ _ _ _ _ _ _ _ _ _ _ _ _ _ _ 

self = <django.db.backends.postgresql.base.Cursor [closed] [IDLE] (host=qualification-db user=postgres database=test_qualification) at 0x760b51c8c590>
query = 'INSERT INTO "billing_paid_coverage_authority" ("id", "stripe_account_id", "livemode", "contracts") VALUES (%s, %s, %s, %s)'
params = (Int2(1), 'acct_qualification', False, Jsonb({'standard': {'price_id': 'price_co ... (110 chars)))
prepare = None, binary = None

    def execute(
        self,
        query: Query,
        params: Params | None = None,
        *,
        prepare: bool | None = None,
        binary: bool | None = None,
    ) -> Self:
        """
        Execute a query or command to the database.
        """
        try:
            with self._conn.lock:
                self._conn.wait(
                    self._execute_gen(query, params, prepare=prepare, binary=binary)
                )
        except e._NO_TRACEBACK as ex:
>           raise ex.with_traceback(None)
E           psycopg.errors.UniqueViolation: duplicate key value violates unique constraint "billing_paid_coverage_authority_pkey"
E           DETAIL:  Key (id)=(1) already exists.

.venv/lib/python3.14/site-packages/psycopg/cursor.py:117: UniqueViolation

The above exception was the direct cause of the following exception:

    @pytest.fixture
    def admitted():
        assert connections["default"].vendor == "postgresql"
        user, customer, subscription = make_subscription(email="paid-authority@example.invalid", founder=False)
        org = Organization.objects.create(name="Synthetic paid authority")
        OrganizationMember.objects.create(organization=org, user=user, role="owner")
        subscription.organization = org
        subscription.save(update_fields=["organization"])
>       PaidCoverageAuthority.objects.create(stripe_account_id="acct_qualification", livemode=False,
            contracts={"standard": {"price_id": "price_core_standard", "amount_cents": 9900, "contract_version": "core.monthly.v1"}})

tests/test_paid_coverage_authority.py:28: 
_ _ _ _ _ _ _ _ _ _ _ _ _ _ _ _ _ _ _ _ _ _ _ _ _ _ _ _ _ _ _ _ _ _ _ _ _ _ _ _ 
.venv/lib/python3.14/site-packages/django/db/models/manager.py:87: in manager_method
    return getattr(self.get_queryset(), name)(*args, **kwargs)
           ^^^^^^^^^^^^^^^^^^^^^^^^^^^^^^^^^^^^^^^^^^^^^^^^^^^
.venv/lib/python3.14/site-packages/django/db/models/query.py:665: in create
    obj.save(force_insert=True, using=self.db)
.venv/lib/python3.14/site-packages/django/db/models/base.py:902: in save
    self.save_base(
.venv/lib/python3.14/site-packages/django/db/models/base.py:1008: in save_base
    updated = self._save_table(
.venv/lib/python3.14/site-packages/django/db/models/base.py:1169: in _save_table
    results = self._do_insert(
.venv/lib/python3.14/site-packages/django/db/models/base.py:1210: in _do_insert
    return manager._insert(
.venv/lib/python3.14/site-packages/django/db/models/manager.py:87: in manager_method
    return getattr(self.get_queryset(), name)(*args, **kwargs)
           ^^^^^^^^^^^^^^^^^^^^^^^^^^^^^^^^^^^^^^^^^^^^^^^^^^^
.venv/lib/python3.14/site-packages/django/db/models/query.py:1873: in _insert
    return query.get_compiler(using=using).execute_sql(returning_fields)
           ^^^^^^^^^^^^^^^^^^^^^^^^^^^^^^^^^^^^^^^^^^^^^^^^^^^^^^^^^^^^^
.venv/lib/python3.14/site-packages/django/db/models/sql/compiler.py:1882: in execute_sql
    cursor.execute(sql, params)
.venv/lib/python3.14/site-packages/django/db/backends/utils.py:79: in execute
    return self._execute_with_wrappers(
.venv/lib/python3.14/site-packages/django/db/backends/utils.py:92: in _execute_with_wrappers
    return executor(sql, params, many, context)
           ^^^^^^^^^^^^^^^^^^^^^^^^^^^^^^^^^^^^
.venv/lib/python3.14/site-packages/django/db/backends/utils.py:100: in _execute
    with self.db.wrap_database_errors:
         ^^^^^^^^^^^^^^^^^^^^^^^^^^^^
.venv/lib/python3.14/site-packages/django/db/utils.py:91: in __exit__
    raise dj_exc_value.with_traceback(traceback) from exc_value
.venv/lib/python3.14/site-packages/django/db/backends/utils.py:105: in _execute
    return self.cursor.execute(sql, params)
           ^^^^^^^^^^^^^^^^^^^^^^^^^^^^^^^^
_ _ _ _ _ _ _ _ _ _ _ _ _ _ _ _ _ _ _ _ _ _ _ _ _ _ _ _ _ _ _ _ _ _ _ _ _ _ _ _ 

self = <django.db.backends.postgresql.base.Cursor [closed] [IDLE] (host=qualification-db user=postgres database=test_qualification) at 0x760b51c8c590>
query = 'INSERT INTO "billing_paid_coverage_authority" ("id", "stripe_account_id", "livemode", "contracts") VALUES (%s, %s, %s, %s)'
params = (Int2(1), 'acct_qualification', False, Jsonb({'standard': {'price_id': 'price_co ... (110 chars)))
prepare = None, binary = None

    def execute(
        self,
        query: Query,
        params: Params | None = None,
        *,
        prepare: bool | None = None,
        binary: bool | None = None,
    ) -> Self:
        """
        Execute a query or command to the database.
        """
        try:
            with self._conn.lock:
                self._conn.wait(
                    self._execute_gen(query, params, prepare=prepare, binary=binary)
                )
        except e._NO_TRACEBACK as ex:
>           raise ex.with_traceback(None)
E           django.db.utils.IntegrityError: duplicate key value violates unique constraint "billing_paid_coverage_authority_pkey"
E           DETAIL:  Key (id)=(1) already exists.

.venv/lib/python3.14/site-packages/psycopg/cursor.py:117: IntegrityError
_ ERROR at setup of test_issuer_rejects_unadmitted_identity_and_contract[stripe_subscription_id-sub_wrong] _

self = <django.db.backends.utils.CursorWrapper object at 0x760b4fe52a50>
sql = 'INSERT INTO "billing_paid_coverage_authority" ("id", "stripe_account_id", "livemode", "contracts") VALUES (%s, %s, %s, %s)'
params = (Int2(1), 'acct_qualification', False, Jsonb({'standard': {'price_id': 'price_co ... (110 chars)))
ignored_wrapper_args = (False, {'connection': <DatabaseWrapper vendor='postgresql' alias='default'>, 'cursor': <django.db.backends.utils.CursorWrapper object at 0x760b4fe52a50>})

    def _execute(self, sql, params, *ignored_wrapper_args):
        # Raise a warning during app initialization (stored_app_configs is only
        # ever set during testing).
        if not apps.ready and not apps.stored_app_configs:
            warnings.warn(self.APPS_NOT_READY_WARNING_MSG, category=RuntimeWarning)
        self.db.validate_no_broken_transaction()
        with self.db.wrap_database_errors:
            if params is None:
                # params default might be backend specific.
                return self.cursor.execute(sql)
            else:
>               return self.cursor.execute(sql, params)
                       ^^^^^^^^^^^^^^^^^^^^^^^^^^^^^^^^

.venv/lib/python3.14/site-packages/django/db/backends/utils.py:105: 
_ _ _ _ _ _ _ _ _ _ _ _ _ _ _ _ _ _ _ _ _ _ _ _ _ _ _ _ _ _ _ _ _ _ _ _ _ _ _ _ 

self = <django.db.backends.postgresql.base.Cursor [closed] [IDLE] (host=qualification-db user=postgres database=test_qualification) at 0x760b513b57f0>
query = 'INSERT INTO "billing_paid_coverage_authority" ("id", "stripe_account_id", "livemode", "contracts") VALUES (%s, %s, %s, %s)'
params = (Int2(1), 'acct_qualification', False, Jsonb({'standard': {'price_id': 'price_co ... (110 chars)))
prepare = None, binary = None

    def execute(
        self,
        query: Query,
        params: Params | None = None,
        *,
        prepare: bool | None = None,
        binary: bool | None = None,
    ) -> Self:
        """
        Execute a query or command to the database.
        """
        try:
            with self._conn.lock:
                self._conn.wait(
                    self._execute_gen(query, params, prepare=prepare, binary=binary)
                )
        except e._NO_TRACEBACK as ex:
>           raise ex.with_traceback(None)
E           psycopg.errors.UniqueViolation: duplicate key value violates unique constraint "billing_paid_coverage_authority_pkey"
E           DETAIL:  Key (id)=(1) already exists.

.venv/lib/python3.14/site-packages/psycopg/cursor.py:117: UniqueViolation

The above exception was the direct cause of the following exception:

    @pytest.fixture
    def admitted():
        assert connections["default"].vendor == "postgresql"
        user, customer, subscription = make_subscription(email="paid-authority@example.invalid", founder=False)
        org = Organization.objects.create(name="Synthetic paid authority")
        OrganizationMember.objects.create(organization=org, user=user, role="owner")
        subscription.organization = org
        subscription.save(update_fields=["organization"])
>       PaidCoverageAuthority.objects.create(stripe_account_id="acct_qualification", livemode=False,
            contracts={"standard": {"price_id": "price_core_standard", "amount_cents": 9900, "contract_version": "core.monthly.v1"}})

tests/test_paid_coverage_authority.py:28: 
_ _ _ _ _ _ _ _ _ _ _ _ _ _ _ _ _ _ _ _ _ _ _ _ _ _ _ _ _ _ _ _ _ _ _ _ _ _ _ _ 
.venv/lib/python3.14/site-packages/django/db/models/manager.py:87: in manager_method
    return getattr(self.get_queryset(), name)(*args, **kwargs)
           ^^^^^^^^^^^^^^^^^^^^^^^^^^^^^^^^^^^^^^^^^^^^^^^^^^^
.venv/lib/python3.14/site-packages/django/db/models/query.py:665: in create
    obj.save(force_insert=True, using=self.db)
.venv/lib/python3.14/site-packages/django/db/models/base.py:902: in save
    self.save_base(
.venv/lib/python3.14/site-packages/django/db/models/base.py:1008: in save_base
    updated = self._save_table(
.venv/lib/python3.14/site-packages/django/db/models/base.py:1169: in _save_table
    results = self._do_insert(
.venv/lib/python3.14/site-packages/django/db/models/base.py:1210: in _do_insert
    return manager._insert(
.venv/lib/python3.14/site-packages/django/db/models/manager.py:87: in manager_method
    return getattr(self.get_queryset(), name)(*args, **kwargs)
           ^^^^^^^^^^^^^^^^^^^^^^^^^^^^^^^^^^^^^^^^^^^^^^^^^^^
.venv/lib/python3.14/site-packages/django/db/models/query.py:1873: in _insert
    return query.get_compiler(using=using).execute_sql(returning_fields)
           ^^^^^^^^^^^^^^^^^^^^^^^^^^^^^^^^^^^^^^^^^^^^^^^^^^^^^^^^^^^^^
.venv/lib/python3.14/site-packages/django/db/models/sql/compiler.py:1882: in execute_sql
    cursor.execute(sql, params)
.venv/lib/python3.14/site-packages/django/db/backends/utils.py:79: in execute
    return self._execute_with_wrappers(
.venv/lib/python3.14/site-packages/django/db/backends/utils.py:92: in _execute_with_wrappers
    return executor(sql, params, many, context)
           ^^^^^^^^^^^^^^^^^^^^^^^^^^^^^^^^^^^^
.venv/lib/python3.14/site-packages/django/db/backends/utils.py:100: in _execute
    with self.db.wrap_database_errors:
         ^^^^^^^^^^^^^^^^^^^^^^^^^^^^
.venv/lib/python3.14/site-packages/django/db/utils.py:91: in __exit__
    raise dj_exc_value.with_traceback(traceback) from exc_value
.venv/lib/python3.14/site-packages/django/db/backends/utils.py:105: in _execute
    return self.cursor.execute(sql, params)
           ^^^^^^^^^^^^^^^^^^^^^^^^^^^^^^^^
_ _ _ _ _ _ _ _ _ _ _ _ _ _ _ _ _ _ _ _ _ _ _ _ _ _ _ _ _ _ _ _ _ _ _ _ _ _ _ _ 

self = <django.db.backends.postgresql.base.Cursor [closed] [IDLE] (host=qualification-db user=postgres database=test_qualification) at 0x760b513b57f0>
query = 'INSERT INTO "billing_paid_coverage_authority" ("id", "stripe_account_id", "livemode", "contracts") VALUES (%s, %s, %s, %s)'
params = (Int2(1), 'acct_qualification', False, Jsonb({'standard': {'price_id': 'price_co ... (110 chars)))
prepare = None, binary = None

    def execute(
        self,
        query: Query,
        params: Params | None = None,
        *,
        prepare: bool | None = None,
        binary: bool | None = None,
    ) -> Self:
        """
        Execute a query or command to the database.
        """
        try:
            with self._conn.lock:
                self._conn.wait(
                    self._execute_gen(query, params, prepare=prepare, binary=binary)
                )
        except e._NO_TRACEBACK as ex:
>           raise ex.with_traceback(None)
E           django.db.utils.IntegrityError: duplicate key value violates unique constraint "billing_paid_coverage_authority_pkey"
E           DETAIL:  Key (id)=(1) already exists.

.venv/lib/python3.14/site-packages/psycopg/cursor.py:117: IntegrityError
_ ERROR at setup of test_issuer_rejects_unadmitted_identity_and_contract[stripe_price_id-price_unregistered] _

self = <django.db.backends.utils.CursorWrapper object at 0x760b5081a8d0>
sql = 'INSERT INTO "billing_paid_coverage_authority" ("id", "stripe_account_id", "livemode", "contracts") VALUES (%s, %s, %s, %s)'
params = (Int2(1), 'acct_qualification', False, Jsonb({'standard': {'price_id': 'price_co ... (110 chars)))
ignored_wrapper_args = (False, {'connection': <DatabaseWrapper vendor='postgresql' alias='default'>, 'cursor': <django.db.backends.utils.CursorWrapper object at 0x760b5081a8d0>})

    def _execute(self, sql, params, *ignored_wrapper_args):
        # Raise a warning during app initialization (stored_app_configs is only
        # ever set during testing).
        if not apps.ready and not apps.stored_app_configs:
            warnings.warn(self.APPS_NOT_READY_WARNING_MSG, category=RuntimeWarning)
        self.db.validate_no_broken_transaction()
        with self.db.wrap_database_errors:
            if params is None:
                # params default might be backend specific.
                return self.cursor.execute(sql)
            else:
>               return self.cursor.execute(sql, params)
                       ^^^^^^^^^^^^^^^^^^^^^^^^^^^^^^^^

.venv/lib/python3.14/site-packages/django/db/backends/utils.py:105: 
_ _ _ _ _ _ _ _ _ _ _ _ _ _ _ _ _ _ _ _ _ _ _ _ _ _ _ _ _ _ _ _ _ _ _ _ _ _ _ _ 

self = <django.db.backends.postgresql.base.Cursor [closed] [IDLE] (host=qualification-db user=postgres database=test_qualification) at 0x760b51c8c670>
query = 'INSERT INTO "billing_paid_coverage_authority" ("id", "stripe_account_id", "livemode", "contracts") VALUES (%s, %s, %s, %s)'
params = (Int2(1), 'acct_qualification', False, Jsonb({'standard': {'price_id': 'price_co ... (110 chars)))
prepare = None, binary = None

    def execute(
        self,
        query: Query,
        params: Params | None = None,
        *,
        prepare: bool | None = None,
        binary: bool | None = None,
    ) -> Self:
        """
        Execute a query or command to the database.
        """
        try:
            with self._conn.lock:
                self._conn.wait(
                    self._execute_gen(query, params, prepare=prepare, binary=binary)
                )
        except e._NO_TRACEBACK as ex:
>           raise ex.with_traceback(None)
E           psycopg.errors.UniqueViolation: duplicate key value violates unique constraint "billing_paid_coverage_authority_pkey"
E           DETAIL:  Key (id)=(1) already exists.

.venv/lib/python3.14/site-packages/psycopg/cursor.py:117: UniqueViolation

The above exception was the direct cause of the following exception:

    @pytest.fixture
    def admitted():
        assert connections["default"].vendor == "postgresql"
        user, customer, subscription = make_subscription(email="paid-authority@example.invalid", founder=False)
        org = Organization.objects.create(name="Synthetic paid authority")
        OrganizationMember.objects.create(organization=org, user=user, role="owner")
        subscription.organization = org
        subscription.save(update_fields=["organization"])
>       PaidCoverageAuthority.objects.create(stripe_account_id="acct_qualification", livemode=False,
            contracts={"standard": {"price_id": "price_core_standard", "amount_cents": 9900, "contract_version": "core.monthly.v1"}})

tests/test_paid_coverage_authority.py:28: 
_ _ _ _ _ _ _ _ _ _ _ _ _ _ _ _ _ _ _ _ _ _ _ _ _ _ _ _ _ _ _ _ _ _ _ _ _ _ _ _ 
.venv/lib/python3.14/site-packages/django/db/models/manager.py:87: in manager_method
    return getattr(self.get_queryset(), name)(*args, **kwargs)
           ^^^^^^^^^^^^^^^^^^^^^^^^^^^^^^^^^^^^^^^^^^^^^^^^^^^
.venv/lib/python3.14/site-packages/django/db/models/query.py:665: in create
    obj.save(force_insert=True, using=self.db)
.venv/lib/python3.14/site-packages/django/db/models/base.py:902: in save
    self.save_base(
.venv/lib/python3.14/site-packages/django/db/models/base.py:1008: in save_base
    updated = self._save_table(
.venv/lib/python3.14/site-packages/django/db/models/base.py:1169: in _save_table
    results = self._do_insert(
.venv/lib/python3.14/site-packages/django/db/models/base.py:1210: in _do_insert
    return manager._insert(
.venv/lib/python3.14/site-packages/django/db/models/manager.py:87: in manager_method
    return getattr(self.get_queryset(), name)(*args, **kwargs)
           ^^^^^^^^^^^^^^^^^^^^^^^^^^^^^^^^^^^^^^^^^^^^^^^^^^^
.venv/lib/python3.14/site-packages/django/db/models/query.py:1873: in _insert
    return query.get_compiler(using=using).execute_sql(returning_fields)
           ^^^^^^^^^^^^^^^^^^^^^^^^^^^^^^^^^^^^^^^^^^^^^^^^^^^^^^^^^^^^^
.venv/lib/python3.14/site-packages/django/db/models/sql/compiler.py:1882: in execute_sql
    cursor.execute(sql, params)
.venv/lib/python3.14/site-packages/django/db/backends/utils.py:79: in execute
    return self._execute_with_wrappers(
.venv/lib/python3.14/site-packages/django/db/backends/utils.py:92: in _execute_with_wrappers
    return executor(sql, params, many, context)
           ^^^^^^^^^^^^^^^^^^^^^^^^^^^^^^^^^^^^
.venv/lib/python3.14/site-packages/django/db/backends/utils.py:100: in _execute
    with self.db.wrap_database_errors:
         ^^^^^^^^^^^^^^^^^^^^^^^^^^^^
.venv/lib/python3.14/site-packages/django/db/utils.py:91: in __exit__
    raise dj_exc_value.with_traceback(traceback) from exc_value
.venv/lib/python3.14/site-packages/django/db/backends/utils.py:105: in _execute
    return self.cursor.execute(sql, params)
           ^^^^^^^^^^^^^^^^^^^^^^^^^^^^^^^^
_ _ _ _ _ _ _ _ _ _ _ _ _ _ _ _ _ _ _ _ _ _ _ _ _ _ _ _ _ _ _ _ _ _ _ _ _ _ _ _ 

self = <django.db.backends.postgresql.base.Cursor [closed] [IDLE] (host=qualification-db user=postgres database=test_qualification) at 0x760b51c8c670>
query = 'INSERT INTO "billing_paid_coverage_authority" ("id", "stripe_account_id", "livemode", "contracts") VALUES (%s, %s, %s, %s)'
params = (Int2(1), 'acct_qualification', False, Jsonb({'standard': {'price_id': 'price_co ... (110 chars)))
prepare = None, binary = None

    def execute(
        self,
        query: Query,
        params: Params | None = None,
        *,
        prepare: bool | None = None,
        binary: bool | None = None,
    ) -> Self:
        """
        Execute a query or command to the database.
        """
        try:
            with self._conn.lock:
                self._conn.wait(
                    self._execute_gen(query, params, prepare=prepare, binary=binary)
                )
        except e._NO_TRACEBACK as ex:
>           raise ex.with_traceback(None)
E           django.db.utils.IntegrityError: duplicate key value violates unique constraint "billing_paid_coverage_authority_pkey"
E           DETAIL:  Key (id)=(1) already exists.

.venv/lib/python3.14/site-packages/psycopg/cursor.py:117: IntegrityError
_ ERROR at setup of test_issuer_rejects_unadmitted_identity_and_contract[amount_cents-True] _

self = <django.db.backends.utils.CursorWrapper object at 0x760b5082cdd0>
sql = 'INSERT INTO "billing_paid_coverage_authority" ("id", "stripe_account_id", "livemode", "contracts") VALUES (%s, %s, %s, %s)'
params = (Int2(1), 'acct_qualification', False, Jsonb({'standard': {'price_id': 'price_co ... (110 chars)))
ignored_wrapper_args = (False, {'connection': <DatabaseWrapper vendor='postgresql' alias='default'>, 'cursor': <django.db.backends.utils.CursorWrapper object at 0x760b5082cdd0>})

    def _execute(self, sql, params, *ignored_wrapper_args):
        # Raise a warning during app initialization (stored_app_configs is only
        # ever set during testing).
        if not apps.ready and not apps.stored_app_configs:
            warnings.warn(self.APPS_NOT_READY_WARNING_MSG, category=RuntimeWarning)
        self.db.validate_no_broken_transaction()
        with self.db.wrap_database_errors:
            if params is None:
                # params default might be backend specific.
                return self.cursor.execute(sql)
            else:
>               return self.cursor.execute(sql, params)
                       ^^^^^^^^^^^^^^^^^^^^^^^^^^^^^^^^

.venv/lib/python3.14/site-packages/django/db/backends/utils.py:105: 
_ _ _ _ _ _ _ _ _ _ _ _ _ _ _ _ _ _ _ _ _ _ _ _ _ _ _ _ _ _ _ _ _ _ _ _ _ _ _ _ 

self = <django.db.backends.postgresql.base.Cursor [closed] [IDLE] (host=qualification-db user=postgres database=test_qualification) at 0x760b513b6970>
query = 'INSERT INTO "billing_paid_coverage_authority" ("id", "stripe_account_id", "livemode", "contracts") VALUES (%s, %s, %s, %s)'
params = (Int2(1), 'acct_qualification', False, Jsonb({'standard': {'price_id': 'price_co ... (110 chars)))
prepare = None, binary = None

    def execute(
        self,
        query: Query,
        params: Params | None = None,
        *,
        prepare: bool | None = None,
        binary: bool | None = None,
    ) -> Self:
        """
        Execute a query or command to the database.
        """
        try:
            with self._conn.lock:
                self._conn.wait(
                    self._execute_gen(query, params, prepare=prepare, binary=binary)
                )
        except e._NO_TRACEBACK as ex:
>           raise ex.with_traceback(None)
E           psycopg.errors.UniqueViolation: duplicate key value violates unique constraint "billing_paid_coverage_authority_pkey"
E           DETAIL:  Key (id)=(1) already exists.

.venv/lib/python3.14/site-packages/psycopg/cursor.py:117: UniqueViolation

The above exception was the direct cause of the following exception:

    @pytest.fixture
    def admitted():
        assert connections["default"].vendor == "postgresql"
        user, customer, subscription = make_subscription(email="paid-authority@example.invalid", founder=False)
        org = Organization.objects.create(name="Synthetic paid authority")
        OrganizationMember.objects.create(organization=org, user=user, role="owner")
        subscription.organization = org
        subscription.save(update_fields=["organization"])
>       PaidCoverageAuthority.objects.create(stripe_account_id="acct_qualification", livemode=False,
            contracts={"standard": {"price_id": "price_core_standard", "amount_cents": 9900, "contract_version": "core.monthly.v1"}})

tests/test_paid_coverage_authority.py:28: 
_ _ _ _ _ _ _ _ _ _ _ _ _ _ _ _ _ _ _ _ _ _ _ _ _ _ _ _ _ _ _ _ _ _ _ _ _ _ _ _ 
.venv/lib/python3.14/site-packages/django/db/models/manager.py:87: in manager_method
    return getattr(self.get_queryset(), name)(*args, **kwargs)
           ^^^^^^^^^^^^^^^^^^^^^^^^^^^^^^^^^^^^^^^^^^^^^^^^^^^
.venv/lib/python3.14/site-packages/django/db/models/query.py:665: in create
    obj.save(force_insert=True, using=self.db)
.venv/lib/python3.14/site-packages/django/db/models/base.py:902: in save
    self.save_base(
.venv/lib/python3.14/site-packages/django/db/models/base.py:1008: in save_base
    updated = self._save_table(
.venv/lib/python3.14/site-packages/django/db/models/base.py:1169: in _save_table
    results = self._do_insert(
.venv/lib/python3.14/site-packages/django/db/models/base.py:1210: in _do_insert
    return manager._insert(
.venv/lib/python3.14/site-packages/django/db/models/manager.py:87: in manager_method
    return getattr(self.get_queryset(), name)(*args, **kwargs)
           ^^^^^^^^^^^^^^^^^^^^^^^^^^^^^^^^^^^^^^^^^^^^^^^^^^^
.venv/lib/python3.14/site-packages/django/db/models/query.py:1873: in _insert
    return query.get_compiler(using=using).execute_sql(returning_fields)
           ^^^^^^^^^^^^^^^^^^^^^^^^^^^^^^^^^^^^^^^^^^^^^^^^^^^^^^^^^^^^^
.venv/lib/python3.14/site-packages/django/db/models/sql/compiler.py:1882: in execute_sql
    cursor.execute(sql, params)
.venv/lib/python3.14/site-packages/django/db/backends/utils.py:79: in execute
    return self._execute_with_wrappers(
.venv/lib/python3.14/site-packages/django/db/backends/utils.py:92: in _execute_with_wrappers
    return executor(sql, params, many, context)
           ^^^^^^^^^^^^^^^^^^^^^^^^^^^^^^^^^^^^
.venv/lib/python3.14/site-packages/django/db/backends/utils.py:100: in _execute
    with self.db.wrap_database_errors:
         ^^^^^^^^^^^^^^^^^^^^^^^^^^^^
.venv/lib/python3.14/site-packages/django/db/utils.py:91: in __exit__
    raise dj_exc_value.with_traceback(traceback) from exc_value
.venv/lib/python3.14/site-packages/django/db/backends/utils.py:105: in _execute
    return self.cursor.execute(sql, params)
           ^^^^^^^^^^^^^^^^^^^^^^^^^^^^^^^^
_ _ _ _ _ _ _ _ _ _ _ _ _ _ _ _ _ _ _ _ _ _ _ _ _ _ _ _ _ _ _ _ _ _ _ _ _ _ _ _ 

self = <django.db.backends.postgresql.base.Cursor [closed] [IDLE] (host=qualification-db user=postgres database=test_qualification) at 0x760b513b6970>
query = 'INSERT INTO "billing_paid_coverage_authority" ("id", "stripe_account_id", "livemode", "contracts") VALUES (%s, %s, %s, %s)'
params = (Int2(1), 'acct_qualification', False, Jsonb({'standard': {'price_id': 'price_co ... (110 chars)))
prepare = None, binary = None

    def execute(
        self,
        query: Query,
        params: Params | None = None,
        *,
        prepare: bool | None = None,
        binary: bool | None = None,
    ) -> Self:
        """
        Execute a query or command to the database.
        """
        try:
            with self._conn.lock:
                self._conn.wait(
                    self._execute_gen(query, params, prepare=prepare, binary=binary)
                )
        except e._NO_TRACEBACK as ex:
>           raise ex.with_traceback(None)
E           django.db.utils.IntegrityError: duplicate key value violates unique constraint "billing_paid_coverage_authority_pkey"
E           DETAIL:  Key (id)=(1) already exists.

.venv/lib/python3.14/site-packages/psycopg/cursor.py:117: IntegrityError
_ ERROR at setup of test_issuer_rejects_unadmitted_identity_and_contract[amount_cents-9900.0] _

self = <django.db.backends.utils.CursorWrapper object at 0x760b5082fc50>
sql = 'INSERT INTO "billing_paid_coverage_authority" ("id", "stripe_account_id", "livemode", "contracts") VALUES (%s, %s, %s, %s)'
params = (Int2(1), 'acct_qualification', False, Jsonb({'standard': {'price_id': 'price_co ... (110 chars)))
ignored_wrapper_args = (False, {'connection': <DatabaseWrapper vendor='postgresql' alias='default'>, 'cursor': <django.db.backends.utils.CursorWrapper object at 0x760b5082fc50>})

    def _execute(self, sql, params, *ignored_wrapper_args):
        # Raise a warning during app initialization (stored_app_configs is only
        # ever set during testing).
        if not apps.ready and not apps.stored_app_configs:
            warnings.warn(self.APPS_NOT_READY_WARNING_MSG, category=RuntimeWarning)
        self.db.validate_no_broken_transaction()
        with self.db.wrap_database_errors:
            if params is None:
                # params default might be backend specific.
                return self.cursor.execute(sql)
            else:
>               return self.cursor.execute(sql, params)
                       ^^^^^^^^^^^^^^^^^^^^^^^^^^^^^^^^

.venv/lib/python3.14/site-packages/django/db/backends/utils.py:105: 
_ _ _ _ _ _ _ _ _ _ _ _ _ _ _ _ _ _ _ _ _ _ _ _ _ _ _ _ _ _ _ _ _ _ _ _ _ _ _ _ 

self = <django.db.backends.postgresql.base.Cursor [closed] [IDLE] (host=qualification-db user=postgres database=test_qualification) at 0x760b513b67b0>
query = 'INSERT INTO "billing_paid_coverage_authority" ("id", "stripe_account_id", "livemode", "contracts") VALUES (%s, %s, %s, %s)'
params = (Int2(1), 'acct_qualification', False, Jsonb({'standard': {'price_id': 'price_co ... (110 chars)))
prepare = None, binary = None

    def execute(
        self,
        query: Query,
        params: Params | None = None,
        *,
        prepare: bool | None = None,
        binary: bool | None = None,
    ) -> Self:
        """
        Execute a query or command to the database.
        """
        try:
            with self._conn.lock:
                self._conn.wait(
                    self._execute_gen(query, params, prepare=prepare, binary=binary)
                )
        except e._NO_TRACEBACK as ex:
>           raise ex.with_traceback(None)
E           psycopg.errors.UniqueViolation: duplicate key value violates unique constraint "billing_paid_coverage_authority_pkey"
E           DETAIL:  Key (id)=(1) already exists.

.venv/lib/python3.14/site-packages/psycopg/cursor.py:117: UniqueViolation

The above exception was the direct cause of the following exception:

    @pytest.fixture
    def admitted():
        assert connections["default"].vendor == "postgresql"
        user, customer, subscription = make_subscription(email="paid-authority@example.invalid", founder=False)
        org = Organization.objects.create(name="Synthetic paid authority")
        OrganizationMember.objects.create(organization=org, user=user, role="owner")
        subscription.organization = org
        subscription.save(update_fields=["organization"])
>       PaidCoverageAuthority.objects.create(stripe_account_id="acct_qualification", livemode=False,
            contracts={"standard": {"price_id": "price_core_standard", "amount_cents": 9900, "contract_version": "core.monthly.v1"}})

tests/test_paid_coverage_authority.py:28: 
_ _ _ _ _ _ _ _ _ _ _ _ _ _ _ _ _ _ _ _ _ _ _ _ _ _ _ _ _ _ _ _ _ _ _ _ _ _ _ _ 
.venv/lib/python3.14/site-packages/django/db/models/manager.py:87: in manager_method
    return getattr(self.get_queryset(), name)(*args, **kwargs)
           ^^^^^^^^^^^^^^^^^^^^^^^^^^^^^^^^^^^^^^^^^^^^^^^^^^^
.venv/lib/python3.14/site-packages/django/db/models/query.py:665: in create
    obj.save(force_insert=True, using=self.db)
.venv/lib/python3.14/site-packages/django/db/models/base.py:902: in save
    self.save_base(
.venv/lib/python3.14/site-packages/django/db/models/base.py:1008: in save_base
    updated = self._save_table(
.venv/lib/python3.14/site-packages/django/db/models/base.py:1169: in _save_table
    results = self._do_insert(
.venv/lib/python3.14/site-packages/django/db/models/base.py:1210: in _do_insert
    return manager._insert(
.venv/lib/python3.14/site-packages/django/db/models/manager.py:87: in manager_method
    return getattr(self.get_queryset(), name)(*args, **kwargs)
           ^^^^^^^^^^^^^^^^^^^^^^^^^^^^^^^^^^^^^^^^^^^^^^^^^^^
.venv/lib/python3.14/site-packages/django/db/models/query.py:1873: in _insert
    return query.get_compiler(using=using).execute_sql(returning_fields)
           ^^^^^^^^^^^^^^^^^^^^^^^^^^^^^^^^^^^^^^^^^^^^^^^^^^^^^^^^^^^^^
.venv/lib/python3.14/site-packages/django/db/models/sql/compiler.py:1882: in execute_sql
    cursor.execute(sql, params)
.venv/lib/python3.14/site-packages/django/db/backends/utils.py:79: in execute
    return self._execute_with_wrappers(
.venv/lib/python3.14/site-packages/django/db/backends/utils.py:92: in _execute_with_wrappers
    return executor(sql, params, many, context)
           ^^^^^^^^^^^^^^^^^^^^^^^^^^^^^^^^^^^^
.venv/lib/python3.14/site-packages/django/db/backends/utils.py:100: in _execute
    with self.db.wrap_database_errors:
         ^^^^^^^^^^^^^^^^^^^^^^^^^^^^
.venv/lib/python3.14/site-packages/django/db/utils.py:91: in __exit__
    raise dj_exc_value.with_traceback(traceback) from exc_value
.venv/lib/python3.14/site-packages/django/db/backends/utils.py:105: in _execute
    return self.cursor.execute(sql, params)
           ^^^^^^^^^^^^^^^^^^^^^^^^^^^^^^^^
_ _ _ _ _ _ _ _ _ _ _ _ _ _ _ _ _ _ _ _ _ _ _ _ _ _ _ _ _ _ _ _ _ _ _ _ _ _ _ _ 

self = <django.db.backends.postgresql.base.Cursor [closed] [IDLE] (host=qualification-db user=postgres database=test_qualification) at 0x760b513b67b0>
query = 'INSERT INTO "billing_paid_coverage_authority" ("id", "stripe_account_id", "livemode", "contracts") VALUES (%s, %s, %s, %s)'
params = (Int2(1), 'acct_qualification', False, Jsonb({'standard': {'price_id': 'price_co ... (110 chars)))
prepare = None, binary = None

    def execute(
        self,
        query: Query,
        params: Params | None = None,
        *,
        prepare: bool | None = None,
        binary: bool | None = None,
    ) -> Self:
        """
        Execute a query or command to the database.
        """
        try:
            with self._conn.lock:
                self._conn.wait(
                    self._execute_gen(query, params, prepare=prepare, binary=binary)
                )
        except e._NO_TRACEBACK as ex:
>           raise ex.with_traceback(None)
E           django.db.utils.IntegrityError: duplicate key value violates unique constraint "billing_paid_coverage_authority_pkey"
E           DETAIL:  Key (id)=(1) already exists.

.venv/lib/python3.14/site-packages/psycopg/cursor.py:117: IntegrityError
_ ERROR at setup of test_issuer_rejects_unadmitted_identity_and_contract[amount_cents-9800] _

self = <django.db.backends.utils.CursorWrapper object at 0x760b5081b290>
sql = 'INSERT INTO "billing_paid_coverage_authority" ("id", "stripe_account_id", "livemode", "contracts") VALUES (%s, %s, %s, %s)'
params = (Int2(1), 'acct_qualification', False, Jsonb({'standard': {'price_id': 'price_co ... (110 chars)))
ignored_wrapper_args = (False, {'connection': <DatabaseWrapper vendor='postgresql' alias='default'>, 'cursor': <django.db.backends.utils.CursorWrapper object at 0x760b5081b290>})

    def _execute(self, sql, params, *ignored_wrapper_args):
        # Raise a warning during app initialization (stored_app_configs is only
        # ever set during testing).
        if not apps.ready and not apps.stored_app_configs:
            warnings.warn(self.APPS_NOT_READY_WARNING_MSG, category=RuntimeWarning)
        self.db.validate_no_broken_transaction()
        with self.db.wrap_database_errors:
            if params is None:
                # params default might be backend specific.
                return self.cursor.execute(sql)
            else:
>               return self.cursor.execute(sql, params)
                       ^^^^^^^^^^^^^^^^^^^^^^^^^^^^^^^^

.venv/lib/python3.14/site-packages/django/db/backends/utils.py:105: 
_ _ _ _ _ _ _ _ _ _ _ _ _ _ _ _ _ _ _ _ _ _ _ _ _ _ _ _ _ _ _ _ _ _ _ _ _ _ _ _ 

self = <django.db.backends.postgresql.base.Cursor [closed] [IDLE] (host=qualification-db user=postgres database=test_qualification) at 0x760b513b5010>
query = 'INSERT INTO "billing_paid_coverage_authority" ("id", "stripe_account_id", "livemode", "contracts") VALUES (%s, %s, %s, %s)'
params = (Int2(1), 'acct_qualification', False, Jsonb({'standard': {'price_id': 'price_co ... (110 chars)))
prepare = None, binary = None

    def execute(
        self,
        query: Query,
        params: Params | None = None,
        *,
        prepare: bool | None = None,
        binary: bool | None = None,
    ) -> Self:
        """
        Execute a query or command to the database.
        """
        try:
            with self._conn.lock:
                self._conn.wait(
                    self._execute_gen(query, params, prepare=prepare, binary=binary)
                )
        except e._NO_TRACEBACK as ex:
>           raise ex.with_traceback(None)
E           psycopg.errors.UniqueViolation: duplicate key value violates unique constraint "billing_paid_coverage_authority_pkey"
E           DETAIL:  Key (id)=(1) already exists.

.venv/lib/python3.14/site-packages/psycopg/cursor.py:117: UniqueViolation

The above exception was the direct cause of the following exception:

    @pytest.fixture
    def admitted():
        assert connections["default"].vendor == "postgresql"
        user, customer, subscription = make_subscription(email="paid-authority@example.invalid", founder=False)
        org = Organization.objects.create(name="Synthetic paid authority")
        OrganizationMember.objects.create(organization=org, user=user, role="owner")
        subscription.organization = org
        subscription.save(update_fields=["organization"])
>       PaidCoverageAuthority.objects.create(stripe_account_id="acct_qualification", livemode=False,
            contracts={"standard": {"price_id": "price_core_standard", "amount_cents": 9900, "contract_version": "core.monthly.v1"}})

tests/test_paid_coverage_authority.py:28: 
_ _ _ _ _ _ _ _ _ _ _ _ _ _ _ _ _ _ _ _ _ _ _ _ _ _ _ _ _ _ _ _ _ _ _ _ _ _ _ _ 
.venv/lib/python3.14/site-packages/django/db/models/manager.py:87: in manager_method
    return getattr(self.get_queryset(), name)(*args, **kwargs)
           ^^^^^^^^^^^^^^^^^^^^^^^^^^^^^^^^^^^^^^^^^^^^^^^^^^^
.venv/lib/python3.14/site-packages/django/db/models/query.py:665: in create
    obj.save(force_insert=True, using=self.db)
.venv/lib/python3.14/site-packages/django/db/models/base.py:902: in save
    self.save_base(
.venv/lib/python3.14/site-packages/django/db/models/base.py:1008: in save_base
    updated = self._save_table(
.venv/lib/python3.14/site-packages/django/db/models/base.py:1169: in _save_table
    results = self._do_insert(
.venv/lib/python3.14/site-packages/django/db/models/base.py:1210: in _do_insert
    return manager._insert(
.venv/lib/python3.14/site-packages/django/db/models/manager.py:87: in manager_method
    return getattr(self.get_queryset(), name)(*args, **kwargs)
           ^^^^^^^^^^^^^^^^^^^^^^^^^^^^^^^^^^^^^^^^^^^^^^^^^^^
.venv/lib/python3.14/site-packages/django/db/models/query.py:1873: in _insert
    return query.get_compiler(using=using).execute_sql(returning_fields)
           ^^^^^^^^^^^^^^^^^^^^^^^^^^^^^^^^^^^^^^^^^^^^^^^^^^^^^^^^^^^^^
.venv/lib/python3.14/site-packages/django/db/models/sql/compiler.py:1882: in execute_sql
    cursor.execute(sql, params)
.venv/lib/python3.14/site-packages/django/db/backends/utils.py:79: in execute
    return self._execute_with_wrappers(
.venv/lib/python3.14/site-packages/django/db/backends/utils.py:92: in _execute_with_wrappers
    return executor(sql, params, many, context)
           ^^^^^^^^^^^^^^^^^^^^^^^^^^^^^^^^^^^^
.venv/lib/python3.14/site-packages/django/db/backends/utils.py:100: in _execute
    with self.db.wrap_database_errors:
         ^^^^^^^^^^^^^^^^^^^^^^^^^^^^
.venv/lib/python3.14/site-packages/django/db/utils.py:91: in __exit__
    raise dj_exc_value.with_traceback(traceback) from exc_value
.venv/lib/python3.14/site-packages/django/db/backends/utils.py:105: in _execute
    return self.cursor.execute(sql, params)
           ^^^^^^^^^^^^^^^^^^^^^^^^^^^^^^^^
_ _ _ _ _ _ _ _ _ _ _ _ _ _ _ _ _ _ _ _ _ _ _ _ _ _ _ _ _ _ _ _ _ _ _ _ _ _ _ _ 

self = <django.db.backends.postgresql.base.Cursor [closed] [IDLE] (host=qualification-db user=postgres database=test_qualification) at 0x760b513b5010>
query = 'INSERT INTO "billing_paid_coverage_authority" ("id", "stripe_account_id", "livemode", "contracts") VALUES (%s, %s, %s, %s)'
params = (Int2(1), 'acct_qualification', False, Jsonb({'standard': {'price_id': 'price_co ... (110 chars)))
prepare = None, binary = None

    def execute(
        self,
        query: Query,
        params: Params | None = None,
        *,
        prepare: bool | None = None,
        binary: bool | None = None,
    ) -> Self:
        """
        Execute a query or command to the database.
        """
        try:
            with self._conn.lock:
                self._conn.wait(
                    self._execute_gen(query, params, prepare=prepare, binary=binary)
                )
        except e._NO_TRACEBACK as ex:
>           raise ex.with_traceback(None)
E           django.db.utils.IntegrityError: duplicate key value violates unique constraint "billing_paid_coverage_authority_pkey"
E           DETAIL:  Key (id)=(1) already exists.

.venv/lib/python3.14/site-packages/psycopg/cursor.py:117: IntegrityError
_ ERROR at setup of test_issuer_rejects_unadmitted_identity_and_contract[currency-eur] _

self = <django.db.backends.utils.CursorWrapper object at 0x760b5082d7f0>
sql = 'INSERT INTO "billing_paid_coverage_authority" ("id", "stripe_account_id", "livemode", "contracts") VALUES (%s, %s, %s, %s)'
params = (Int2(1), 'acct_qualification', False, Jsonb({'standard': {'price_id': 'price_co ... (110 chars)))
ignored_wrapper_args = (False, {'connection': <DatabaseWrapper vendor='postgresql' alias='default'>, 'cursor': <django.db.backends.utils.CursorWrapper object at 0x760b5082d7f0>})

    def _execute(self, sql, params, *ignored_wrapper_args):
        # Raise a warning during app initialization (stored_app_configs is only
        # ever set during testing).
        if not apps.ready and not apps.stored_app_configs:
            warnings.warn(self.APPS_NOT_READY_WARNING_MSG, category=RuntimeWarning)
        self.db.validate_no_broken_transaction()
        with self.db.wrap_database_errors:
            if params is None:
                # params default might be backend specific.
                return self.cursor.execute(sql)
            else:
>               return self.cursor.execute(sql, params)
                       ^^^^^^^^^^^^^^^^^^^^^^^^^^^^^^^^

.venv/lib/python3.14/site-packages/django/db/backends/utils.py:105: 
_ _ _ _ _ _ _ _ _ _ _ _ _ _ _ _ _ _ _ _ _ _ _ _ _ _ _ _ _ _ _ _ _ _ _ _ _ _ _ _ 

self = <django.db.backends.postgresql.base.Cursor [closed] [IDLE] (host=qualification-db user=postgres database=test_qualification) at 0x760b51ca7a10>
query = 'INSERT INTO "billing_paid_coverage_authority" ("id", "stripe_account_id", "livemode", "contracts") VALUES (%s, %s, %s, %s)'
params = (Int2(1), 'acct_qualification', False, Jsonb({'standard': {'price_id': 'price_co ... (110 chars)))
prepare = None, binary = None

    def execute(
        self,
        query: Query,
        params: Params | None = None,
        *,
        prepare: bool | None = None,
        binary: bool | None = None,
    ) -> Self:
        """
        Execute a query or command to the database.
        """
        try:
            with self._conn.lock:
                self._conn.wait(
                    self._execute_gen(query, params, prepare=prepare, binary=binary)
                )
        except e._NO_TRACEBACK as ex:
>           raise ex.with_traceback(None)
E           psycopg.errors.UniqueViolation: duplicate key value violates unique constraint "billing_paid_coverage_authority_pkey"
E           DETAIL:  Key (id)=(1) already exists.

.venv/lib/python3.14/site-packages/psycopg/cursor.py:117: UniqueViolation

The above exception was the direct cause of the following exception:

    @pytest.fixture
    def admitted():
        assert connections["default"].vendor == "postgresql"
        user, customer, subscription = make_subscription(email="paid-authority@example.invalid", founder=False)
        org = Organization.objects.create(name="Synthetic paid authority")
        OrganizationMember.objects.create(organization=org, user=user, role="owner")
        subscription.organization = org
        subscription.save(update_fields=["organization"])
>       PaidCoverageAuthority.objects.create(stripe_account_id="acct_qualification", livemode=False,
            contracts={"standard": {"price_id": "price_core_standard", "amount_cents": 9900, "contract_version": "core.monthly.v1"}})

tests/test_paid_coverage_authority.py:28: 
_ _ _ _ _ _ _ _ _ _ _ _ _ _ _ _ _ _ _ _ _ _ _ _ _ _ _ _ _ _ _ _ _ _ _ _ _ _ _ _ 
.venv/lib/python3.14/site-packages/django/db/models/manager.py:87: in manager_method
    return getattr(self.get_queryset(), name)(*args, **kwargs)
           ^^^^^^^^^^^^^^^^^^^^^^^^^^^^^^^^^^^^^^^^^^^^^^^^^^^
.venv/lib/python3.14/site-packages/django/db/models/query.py:665: in create
    obj.save(force_insert=True, using=self.db)
.venv/lib/python3.14/site-packages/django/db/models/base.py:902: in save
    self.save_base(
.venv/lib/python3.14/site-packages/django/db/models/base.py:1008: in save_base
    updated = self._save_table(
.venv/lib/python3.14/site-packages/django/db/models/base.py:1169: in _save_table
    results = self._do_insert(
.venv/lib/python3.14/site-packages/django/db/models/base.py:1210: in _do_insert
    return manager._insert(
.venv/lib/python3.14/site-packages/django/db/models/manager.py:87: in manager_method
    return getattr(self.get_queryset(), name)(*args, **kwargs)
           ^^^^^^^^^^^^^^^^^^^^^^^^^^^^^^^^^^^^^^^^^^^^^^^^^^^
.venv/lib/python3.14/site-packages/django/db/models/query.py:1873: in _insert
    return query.get_compiler(using=using).execute_sql(returning_fields)
           ^^^^^^^^^^^^^^^^^^^^^^^^^^^^^^^^^^^^^^^^^^^^^^^^^^^^^^^^^^^^^
.venv/lib/python3.14/site-packages/django/db/models/sql/compiler.py:1882: in execute_sql
    cursor.execute(sql, params)
.venv/lib/python3.14/site-packages/django/db/backends/utils.py:79: in execute
    return self._execute_with_wrappers(
.venv/lib/python3.14/site-packages/django/db/backends/utils.py:92: in _execute_with_wrappers
    return executor(sql, params, many, context)
           ^^^^^^^^^^^^^^^^^^^^^^^^^^^^^^^^^^^^
.venv/lib/python3.14/site-packages/django/db/backends/utils.py:100: in _execute
    with self.db.wrap_database_errors:
         ^^^^^^^^^^^^^^^^^^^^^^^^^^^^
.venv/lib/python3.14/site-packages/django/db/utils.py:91: in __exit__
    raise dj_exc_value.with_traceback(traceback) from exc_value
.venv/lib/python3.14/site-packages/django/db/backends/utils.py:105: in _execute
    return self.cursor.execute(sql, params)
           ^^^^^^^^^^^^^^^^^^^^^^^^^^^^^^^^
_ _ _ _ _ _ _ _ _ _ _ _ _ _ _ _ _ _ _ _ _ _ _ _ _ _ _ _ _ _ _ _ _ _ _ _ _ _ _ _ 

self = <django.db.backends.postgresql.base.Cursor [closed] [IDLE] (host=qualification-db user=postgres database=test_qualification) at 0x760b51ca7a10>
query = 'INSERT INTO "billing_paid_coverage_authority" ("id", "stripe_account_id", "livemode", "contracts") VALUES (%s, %s, %s, %s)'
params = (Int2(1), 'acct_qualification', False, Jsonb({'standard': {'price_id': 'price_co ... (110 chars)))
prepare = None, binary = None

    def execute(
        self,
        query: Query,
        params: Params | None = None,
        *,
        prepare: bool | None = None,
        binary: bool | None = None,
    ) -> Self:
        """
        Execute a query or command to the database.
        """
        try:
            with self._conn.lock:
                self._conn.wait(
                    self._execute_gen(query, params, prepare=prepare, binary=binary)
                )
        except e._NO_TRACEBACK as ex:
>           raise ex.with_traceback(None)
E           django.db.utils.IntegrityError: duplicate key value violates unique constraint "billing_paid_coverage_authority_pkey"
E           DETAIL:  Key (id)=(1) already exists.

.venv/lib/python3.14/site-packages/psycopg/cursor.py:117: IntegrityError
_ ERROR at setup of test_issuer_rejects_unadmitted_identity_and_contract[phase-founder_intro] _

self = <django.db.backends.utils.CursorWrapper object at 0x760b5082f410>
sql = 'INSERT INTO "billing_paid_coverage_authority" ("id", "stripe_account_id", "livemode", "contracts") VALUES (%s, %s, %s, %s)'
params = (Int2(1), 'acct_qualification', False, Jsonb({'standard': {'price_id': 'price_co ... (110 chars)))
ignored_wrapper_args = (False, {'connection': <DatabaseWrapper vendor='postgresql' alias='default'>, 'cursor': <django.db.backends.utils.CursorWrapper object at 0x760b5082f410>})

    def _execute(self, sql, params, *ignored_wrapper_args):
        # Raise a warning during app initialization (stored_app_configs is only
        # ever set during testing).
        if not apps.ready and not apps.stored_app_configs:
            warnings.warn(self.APPS_NOT_READY_WARNING_MSG, category=RuntimeWarning)
        self.db.validate_no_broken_transaction()
        with self.db.wrap_database_errors:
            if params is None:
                # params default might be backend specific.
                return self.cursor.execute(sql)
            else:
>               return self.cursor.execute(sql, params)
                       ^^^^^^^^^^^^^^^^^^^^^^^^^^^^^^^^

.venv/lib/python3.14/site-packages/django/db/backends/utils.py:105: 
_ _ _ _ _ _ _ _ _ _ _ _ _ _ _ _ _ _ _ _ _ _ _ _ _ _ _ _ _ _ _ _ _ _ _ _ _ _ _ _ 

self = <django.db.backends.postgresql.base.Cursor [closed] [IDLE] (host=qualification-db user=postgres database=test_qualification) at 0x760b51ca6dd0>
query = 'INSERT INTO "billing_paid_coverage_authority" ("id", "stripe_account_id", "livemode", "contracts") VALUES (%s, %s, %s, %s)'
params = (Int2(1), 'acct_qualification', False, Jsonb({'standard': {'price_id': 'price_co ... (110 chars)))
prepare = None, binary = None

    def execute(
        self,
        query: Query,
        params: Params | None = None,
        *,
        prepare: bool | None = None,
        binary: bool | None = None,
    ) -> Self:
        """
        Execute a query or command to the database.
        """
        try:
            with self._conn.lock:
                self._conn.wait(
                    self._execute_gen(query, params, prepare=prepare, binary=binary)
                )
        except e._NO_TRACEBACK as ex:
>           raise ex.with_traceback(None)
E           psycopg.errors.UniqueViolation: duplicate key value violates unique constraint "billing_paid_coverage_authority_pkey"
E           DETAIL:  Key (id)=(1) already exists.

.venv/lib/python3.14/site-packages/psycopg/cursor.py:117: UniqueViolation

The above exception was the direct cause of the following exception:

    @pytest.fixture
    def admitted():
        assert connections["default"].vendor == "postgresql"
        user, customer, subscription = make_subscription(email="paid-authority@example.invalid", founder=False)
        org = Organization.objects.create(name="Synthetic paid authority")
        OrganizationMember.objects.create(organization=org, user=user, role="owner")
        subscription.organization = org
        subscription.save(update_fields=["organization"])
>       PaidCoverageAuthority.objects.create(stripe_account_id="acct_qualification", livemode=False,
            contracts={"standard": {"price_id": "price_core_standard", "amount_cents": 9900, "contract_version": "core.monthly.v1"}})

tests/test_paid_coverage_authority.py:28: 
_ _ _ _ _ _ _ _ _ _ _ _ _ _ _ _ _ _ _ _ _ _ _ _ _ _ _ _ _ _ _ _ _ _ _ _ _ _ _ _ 
.venv/lib/python3.14/site-packages/django/db/models/manager.py:87: in manager_method
    return getattr(self.get_queryset(), name)(*args, **kwargs)
           ^^^^^^^^^^^^^^^^^^^^^^^^^^^^^^^^^^^^^^^^^^^^^^^^^^^
.venv/lib/python3.14/site-packages/django/db/models/query.py:665: in create
    obj.save(force_insert=True, using=self.db)
.venv/lib/python3.14/site-packages/django/db/models/base.py:902: in save
    self.save_base(
.venv/lib/python3.14/site-packages/django/db/models/base.py:1008: in save_base
    updated = self._save_table(
.venv/lib/python3.14/site-packages/django/db/models/base.py:1169: in _save_table
    results = self._do_insert(
.venv/lib/python3.14/site-packages/django/db/models/base.py:1210: in _do_insert
    return manager._insert(
.venv/lib/python3.14/site-packages/django/db/models/manager.py:87: in manager_method
    return getattr(self.get_queryset(), name)(*args, **kwargs)
           ^^^^^^^^^^^^^^^^^^^^^^^^^^^^^^^^^^^^^^^^^^^^^^^^^^^
.venv/lib/python3.14/site-packages/django/db/models/query.py:1873: in _insert
    return query.get_compiler(using=using).execute_sql(returning_fields)
           ^^^^^^^^^^^^^^^^^^^^^^^^^^^^^^^^^^^^^^^^^^^^^^^^^^^^^^^^^^^^^
.venv/lib/python3.14/site-packages/django/db/models/sql/compiler.py:1882: in execute_sql
    cursor.execute(sql, params)
.venv/lib/python3.14/site-packages/django/db/backends/utils.py:79: in execute
    return self._execute_with_wrappers(
.venv/lib/python3.14/site-packages/django/db/backends/utils.py:92: in _execute_with_wrappers
    return executor(sql, params, many, context)
           ^^^^^^^^^^^^^^^^^^^^^^^^^^^^^^^^^^^^
.venv/lib/python3.14/site-packages/django/db/backends/utils.py:100: in _execute
    with self.db.wrap_database_errors:
         ^^^^^^^^^^^^^^^^^^^^^^^^^^^^
.venv/lib/python3.14/site-packages/django/db/utils.py:91: in __exit__
    raise dj_exc_value.with_traceback(traceback) from exc_value
.venv/lib/python3.14/site-packages/django/db/backends/utils.py:105: in _execute
    return self.cursor.execute(sql, params)
           ^^^^^^^^^^^^^^^^^^^^^^^^^^^^^^^^
_ _ _ _ _ _ _ _ _ _ _ _ _ _ _ _ _ _ _ _ _ _ _ _ _ _ _ _ _ _ _ _ _ _ _ _ _ _ _ _ 

self = <django.db.backends.postgresql.base.Cursor [closed] [IDLE] (host=qualification-db user=postgres database=test_qualification) at 0x760b51ca6dd0>
query = 'INSERT INTO "billing_paid_coverage_authority" ("id", "stripe_account_id", "livemode", "contracts") VALUES (%s, %s, %s, %s)'
params = (Int2(1), 'acct_qualification', False, Jsonb({'standard': {'price_id': 'price_co ... (110 chars)))
prepare = None, binary = None

    def execute(
        self,
        query: Query,
        params: Params | None = None,
        *,
        prepare: bool | None = None,
        binary: bool | None = None,
    ) -> Self:
        """
        Execute a query or command to the database.
        """
        try:
            with self._conn.lock:
                self._conn.wait(
                    self._execute_gen(query, params, prepare=prepare, binary=binary)
                )
        except e._NO_TRACEBACK as ex:
>           raise ex.with_traceback(None)
E           django.db.utils.IntegrityError: duplicate key value violates unique constraint "billing_paid_coverage_authority_pkey"
E           DETAIL:  Key (id)=(1) already exists.

.venv/lib/python3.14/site-packages/psycopg/cursor.py:117: IntegrityError
_ ERROR at setup of test_issuer_rejects_unadmitted_identity_and_contract[service_start-True] _

self = <django.db.backends.utils.CursorWrapper object at 0x760b50dcdb50>
sql = 'INSERT INTO "billing_paid_coverage_authority" ("id", "stripe_account_id", "livemode", "contracts") VALUES (%s, %s, %s, %s)'
params = (Int2(1), 'acct_qualification', False, Jsonb({'standard': {'price_id': 'price_co ... (110 chars)))
ignored_wrapper_args = (False, {'connection': <DatabaseWrapper vendor='postgresql' alias='default'>, 'cursor': <django.db.backends.utils.CursorWrapper object at 0x760b50dcdb50>})

    def _execute(self, sql, params, *ignored_wrapper_args):
        # Raise a warning during app initialization (stored_app_configs is only
        # ever set during testing).
        if not apps.ready and not apps.stored_app_configs:
            warnings.warn(self.APPS_NOT_READY_WARNING_MSG, category=RuntimeWarning)
        self.db.validate_no_broken_transaction()
        with self.db.wrap_database_errors:
            if params is None:
                # params default might be backend specific.
                return self.cursor.execute(sql)
            else:
>               return self.cursor.execute(sql, params)
                       ^^^^^^^^^^^^^^^^^^^^^^^^^^^^^^^^

.venv/lib/python3.14/site-packages/django/db/backends/utils.py:105: 
_ _ _ _ _ _ _ _ _ _ _ _ _ _ _ _ _ _ _ _ _ _ _ _ _ _ _ _ _ _ _ _ _ _ _ _ _ _ _ _ 

self = <django.db.backends.postgresql.base.Cursor [closed] [IDLE] (host=qualification-db user=postgres database=test_qualification) at 0x760b51ca75b0>
query = 'INSERT INTO "billing_paid_coverage_authority" ("id", "stripe_account_id", "livemode", "contracts") VALUES (%s, %s, %s, %s)'
params = (Int2(1), 'acct_qualification', False, Jsonb({'standard': {'price_id': 'price_co ... (110 chars)))
prepare = None, binary = None

    def execute(
        self,
        query: Query,
        params: Params | None = None,
        *,
        prepare: bool | None = None,
        binary: bool | None = None,
    ) -> Self:
        """
        Execute a query or command to the database.
        """
        try:
            with self._conn.lock:
                self._conn.wait(
                    self._execute_gen(query, params, prepare=prepare, binary=binary)
                )
        except e._NO_TRACEBACK as ex:
>           raise ex.with_traceback(None)
E           psycopg.errors.UniqueViolation: duplicate key value violates unique constraint "billing_paid_coverage_authority_pkey"
E           DETAIL:  Key (id)=(1) already exists.

.venv/lib/python3.14/site-packages/psycopg/cursor.py:117: UniqueViolation

The above exception was the direct cause of the following exception:

    @pytest.fixture
    def admitted():
        assert connections["default"].vendor == "postgresql"
        user, customer, subscription = make_subscription(email="paid-authority@example.invalid", founder=False)
        org = Organization.objects.create(name="Synthetic paid authority")
        OrganizationMember.objects.create(organization=org, user=user, role="owner")
        subscription.organization = org
        subscription.save(update_fields=["organization"])
>       PaidCoverageAuthority.objects.create(stripe_account_id="acct_qualification", livemode=False,
            contracts={"standard": {"price_id": "price_core_standard", "amount_cents": 9900, "contract_version": "core.monthly.v1"}})

tests/test_paid_coverage_authority.py:28: 
_ _ _ _ _ _ _ _ _ _ _ _ _ _ _ _ _ _ _ _ _ _ _ _ _ _ _ _ _ _ _ _ _ _ _ _ _ _ _ _ 
.venv/lib/python3.14/site-packages/django/db/models/manager.py:87: in manager_method
    return getattr(self.get_queryset(), name)(*args, **kwargs)
           ^^^^^^^^^^^^^^^^^^^^^^^^^^^^^^^^^^^^^^^^^^^^^^^^^^^
.venv/lib/python3.14/site-packages/django/db/models/query.py:665: in create
    obj.save(force_insert=True, using=self.db)
.venv/lib/python3.14/site-packages/django/db/models/base.py:902: in save
    self.save_base(
.venv/lib/python3.14/site-packages/django/db/models/base.py:1008: in save_base
    updated = self._save_table(
.venv/lib/python3.14/site-packages/django/db/models/base.py:1169: in _save_table
    results = self._do_insert(
.venv/lib/python3.14/site-packages/django/db/models/base.py:1210: in _do_insert
    return manager._insert(
.venv/lib/python3.14/site-packages/django/db/models/manager.py:87: in manager_method
    return getattr(self.get_queryset(), name)(*args, **kwargs)
           ^^^^^^^^^^^^^^^^^^^^^^^^^^^^^^^^^^^^^^^^^^^^^^^^^^^
.venv/lib/python3.14/site-packages/django/db/models/query.py:1873: in _insert
    return query.get_compiler(using=using).execute_sql(returning_fields)
           ^^^^^^^^^^^^^^^^^^^^^^^^^^^^^^^^^^^^^^^^^^^^^^^^^^^^^^^^^^^^^
.venv/lib/python3.14/site-packages/django/db/models/sql/compiler.py:1882: in execute_sql
    cursor.execute(sql, params)
.venv/lib/python3.14/site-packages/django/db/backends/utils.py:79: in execute
    return self._execute_with_wrappers(
.venv/lib/python3.14/site-packages/django/db/backends/utils.py:92: in _execute_with_wrappers
    return executor(sql, params, many, context)
           ^^^^^^^^^^^^^^^^^^^^^^^^^^^^^^^^^^^^
.venv/lib/python3.14/site-packages/django/db/backends/utils.py:100: in _execute
    with self.db.wrap_database_errors:
         ^^^^^^^^^^^^^^^^^^^^^^^^^^^^
.venv/lib/python3.14/site-packages/django/db/utils.py:91: in __exit__
    raise dj_exc_value.with_traceback(traceback) from exc_value
.venv/lib/python3.14/site-packages/django/db/backends/utils.py:105: in _execute
    return self.cursor.execute(sql, params)
           ^^^^^^^^^^^^^^^^^^^^^^^^^^^^^^^^
_ _ _ _ _ _ _ _ _ _ _ _ _ _ _ _ _ _ _ _ _ _ _ _ _ _ _ _ _ _ _ _ _ _ _ _ _ _ _ _ 

self = <django.db.backends.postgresql.base.Cursor [closed] [IDLE] (host=qualification-db user=postgres database=test_qualification) at 0x760b51ca75b0>
query = 'INSERT INTO "billing_paid_coverage_authority" ("id", "stripe_account_id", "livemode", "contracts") VALUES (%s, %s, %s, %s)'
params = (Int2(1), 'acct_qualification', False, Jsonb({'standard': {'price_id': 'price_co ... (110 chars)))
prepare = None, binary = None

    def execute(
        self,
        query: Query,
        params: Params | None = None,
        *,
        prepare: bool | None = None,
        binary: bool | None = None,
    ) -> Self:
        """
        Execute a query or command to the database.
        """
        try:
            with self._conn.lock:
                self._conn.wait(
                    self._execute_gen(query, params, prepare=prepare, binary=binary)
                )
        except e._NO_TRACEBACK as ex:
>           raise ex.with_traceback(None)
E           django.db.utils.IntegrityError: duplicate key value violates unique constraint "billing_paid_coverage_authority_pkey"
E           DETAIL:  Key (id)=(1) already exists.

.venv/lib/python3.14/site-packages/psycopg/cursor.py:117: IntegrityError
_ ERROR at setup of test_issuer_rejects_unadmitted_identity_and_contract[contract_version-unknown] _

self = <django.db.backends.utils.CursorWrapper object at 0x760b50dcecf0>
sql = 'INSERT INTO "billing_paid_coverage_authority" ("id", "stripe_account_id", "livemode", "contracts") VALUES (%s, %s, %s, %s)'
params = (Int2(1), 'acct_qualification', False, Jsonb({'standard': {'price_id': 'price_co ... (110 chars)))
ignored_wrapper_args = (False, {'connection': <DatabaseWrapper vendor='postgresql' alias='default'>, 'cursor': <django.db.backends.utils.CursorWrapper object at 0x760b50dcecf0>})

    def _execute(self, sql, params, *ignored_wrapper_args):
        # Raise a warning during app initialization (stored_app_configs is only
        # ever set during testing).
        if not apps.ready and not apps.stored_app_configs:
            warnings.warn(self.APPS_NOT_READY_WARNING_MSG, category=RuntimeWarning)
        self.db.validate_no_broken_transaction()
        with self.db.wrap_database_errors:
            if params is None:
                # params default might be backend specific.
                return self.cursor.execute(sql)
            else:
>               return self.cursor.execute(sql, params)
                       ^^^^^^^^^^^^^^^^^^^^^^^^^^^^^^^^

.venv/lib/python3.14/site-packages/django/db/backends/utils.py:105: 
_ _ _ _ _ _ _ _ _ _ _ _ _ _ _ _ _ _ _ _ _ _ _ _ _ _ _ _ _ _ _ _ _ _ _ _ _ _ _ _ 

self = <django.db.backends.postgresql.base.Cursor [closed] [IDLE] (host=qualification-db user=postgres database=test_qualification) at 0x760b51ca5b70>
query = 'INSERT INTO "billing_paid_coverage_authority" ("id", "stripe_account_id", "livemode", "contracts") VALUES (%s, %s, %s, %s)'
params = (Int2(1), 'acct_qualification', False, Jsonb({'standard': {'price_id': 'price_co ... (110 chars)))
prepare = None, binary = None

    def execute(
        self,
        query: Query,
        params: Params | None = None,
        *,
        prepare: bool | None = None,
        binary: bool | None = None,
    ) -> Self:
        """
        Execute a query or command to the database.
        """
        try:
            with self._conn.lock:
                self._conn.wait(
                    self._execute_gen(query, params, prepare=prepare, binary=binary)
                )
        except e._NO_TRACEBACK as ex:
>           raise ex.with_traceback(None)
E           psycopg.errors.UniqueViolation: duplicate key value violates unique constraint "billing_paid_coverage_authority_pkey"
E           DETAIL:  Key (id)=(1) already exists.

.venv/lib/python3.14/site-packages/psycopg/cursor.py:117: UniqueViolation

The above exception was the direct cause of the following exception:

    @pytest.fixture
    def admitted():
        assert connections["default"].vendor == "postgresql"
        user, customer, subscription = make_subscription(email="paid-authority@example.invalid", founder=False)
        org = Organization.objects.create(name="Synthetic paid authority")
        OrganizationMember.objects.create(organization=org, user=user, role="owner")
        subscription.organization = org
        subscription.save(update_fields=["organization"])
>       PaidCoverageAuthority.objects.create(stripe_account_id="acct_qualification", livemode=False,
            contracts={"standard": {"price_id": "price_core_standard", "amount_cents": 9900, "contract_version": "core.monthly.v1"}})

tests/test_paid_coverage_authority.py:28: 
_ _ _ _ _ _ _ _ _ _ _ _ _ _ _ _ _ _ _ _ _ _ _ _ _ _ _ _ _ _ _ _ _ _ _ _ _ _ _ _ 
.venv/lib/python3.14/site-packages/django/db/models/manager.py:87: in manager_method
    return getattr(self.get_queryset(), name)(*args, **kwargs)
           ^^^^^^^^^^^^^^^^^^^^^^^^^^^^^^^^^^^^^^^^^^^^^^^^^^^
.venv/lib/python3.14/site-packages/django/db/models/query.py:665: in create
    obj.save(force_insert=True, using=self.db)
.venv/lib/python3.14/site-packages/django/db/models/base.py:902: in save
    self.save_base(
.venv/lib/python3.14/site-packages/django/db/models/base.py:1008: in save_base
    updated = self._save_table(
.venv/lib/python3.14/site-packages/django/db/models/base.py:1169: in _save_table
    results = self._do_insert(
.venv/lib/python3.14/site-packages/django/db/models/base.py:1210: in _do_insert
    return manager._insert(
.venv/lib/python3.14/site-packages/django/db/models/manager.py:87: in manager_method
    return getattr(self.get_queryset(), name)(*args, **kwargs)
           ^^^^^^^^^^^^^^^^^^^^^^^^^^^^^^^^^^^^^^^^^^^^^^^^^^^
.venv/lib/python3.14/site-packages/django/db/models/query.py:1873: in _insert
    return query.get_compiler(using=using).execute_sql(returning_fields)
           ^^^^^^^^^^^^^^^^^^^^^^^^^^^^^^^^^^^^^^^^^^^^^^^^^^^^^^^^^^^^^
.venv/lib/python3.14/site-packages/django/db/models/sql/compiler.py:1882: in execute_sql
    cursor.execute(sql, params)
.venv/lib/python3.14/site-packages/django/db/backends/utils.py:79: in execute
    return self._execute_with_wrappers(
.venv/lib/python3.14/site-packages/django/db/backends/utils.py:92: in _execute_with_wrappers
    return executor(sql, params, many, context)
           ^^^^^^^^^^^^^^^^^^^^^^^^^^^^^^^^^^^^
.venv/lib/python3.14/site-packages/django/db/backends/utils.py:100: in _execute
    with self.db.wrap_database_errors:
         ^^^^^^^^^^^^^^^^^^^^^^^^^^^^
.venv/lib/python3.14/site-packages/django/db/utils.py:91: in __exit__
    raise dj_exc_value.with_traceback(traceback) from exc_value
.venv/lib/python3.14/site-packages/django/db/backends/utils.py:105: in _execute
    return self.cursor.execute(sql, params)
           ^^^^^^^^^^^^^^^^^^^^^^^^^^^^^^^^
_ _ _ _ _ _ _ _ _ _ _ _ _ _ _ _ _ _ _ _ _ _ _ _ _ _ _ _ _ _ _ _ _ _ _ _ _ _ _ _ 

self = <django.db.backends.postgresql.base.Cursor [closed] [IDLE] (host=qualification-db user=postgres database=test_qualification) at 0x760b51ca5b70>
query = 'INSERT INTO "billing_paid_coverage_authority" ("id", "stripe_account_id", "livemode", "contracts") VALUES (%s, %s, %s, %s)'
params = (Int2(1), 'acct_qualification', False, Jsonb({'standard': {'price_id': 'price_co ... (110 chars)))
prepare = None, binary = None

    def execute(
        self,
        query: Query,
        params: Params | None = None,
        *,
        prepare: bool | None = None,
        binary: bool | None = None,
    ) -> Self:
        """
        Execute a query or command to the database.
        """
        try:
            with self._conn.lock:
                self._conn.wait(
                    self._execute_gen(query, params, prepare=prepare, binary=binary)
                )
        except e._NO_TRACEBACK as ex:
>           raise ex.with_traceback(None)
E           django.db.utils.IntegrityError: duplicate key value violates unique constraint "billing_paid_coverage_authority_pkey"
E           DETAIL:  Key (id)=(1) already exists.

.venv/lib/python3.14/site-packages/psycopg/cursor.py:117: IntegrityError
_ ERROR at setup of test_issuer_rejects_unadmitted_identity_and_contract[stripe_event_id-not_an_event] _

self = <django.db.backends.utils.CursorWrapper object at 0x760b5082ff50>
sql = 'INSERT INTO "billing_paid_coverage_authority" ("id", "stripe_account_id", "livemode", "contracts") VALUES (%s, %s, %s, %s)'
params = (Int2(1), 'acct_qualification', False, Jsonb({'standard': {'price_id': 'price_co ... (110 chars)))
ignored_wrapper_args = (False, {'connection': <DatabaseWrapper vendor='postgresql' alias='default'>, 'cursor': <django.db.backends.utils.CursorWrapper object at 0x760b5082ff50>})

    def _execute(self, sql, params, *ignored_wrapper_args):
        # Raise a warning during app initialization (stored_app_configs is only
        # ever set during testing).
        if not apps.ready and not apps.stored_app_configs:
            warnings.warn(self.APPS_NOT_READY_WARNING_MSG, category=RuntimeWarning)
        self.db.validate_no_broken_transaction()
        with self.db.wrap_database_errors:
            if params is None:
                # params default might be backend specific.
                return self.cursor.execute(sql)
            else:
>               return self.cursor.execute(sql, params)
                       ^^^^^^^^^^^^^^^^^^^^^^^^^^^^^^^^

.venv/lib/python3.14/site-packages/django/db/backends/utils.py:105: 
_ _ _ _ _ _ _ _ _ _ _ _ _ _ _ _ _ _ _ _ _ _ _ _ _ _ _ _ _ _ _ _ _ _ _ _ _ _ _ _ 

self = <django.db.backends.postgresql.base.Cursor [closed] [IDLE] (host=qualification-db user=postgres database=test_qualification) at 0x760b51ca57f0>
query = 'INSERT INTO "billing_paid_coverage_authority" ("id", "stripe_account_id", "livemode", "contracts") VALUES (%s, %s, %s, %s)'
params = (Int2(1), 'acct_qualification', False, Jsonb({'standard': {'price_id': 'price_co ... (110 chars)))
prepare = None, binary = None

    def execute(
        self,
        query: Query,
        params: Params | None = None,
        *,
        prepare: bool | None = None,
        binary: bool | None = None,
    ) -> Self:
        """
        Execute a query or command to the database.
        """
        try:
            with self._conn.lock:
                self._conn.wait(
                    self._execute_gen(query, params, prepare=prepare, binary=binary)
                )
        except e._NO_TRACEBACK as ex:
>           raise ex.with_traceback(None)
E           psycopg.errors.UniqueViolation: duplicate key value violates unique constraint "billing_paid_coverage_authority_pkey"
E           DETAIL:  Key (id)=(1) already exists.

.venv/lib/python3.14/site-packages/psycopg/cursor.py:117: UniqueViolation

The above exception was the direct cause of the following exception:

    @pytest.fixture
    def admitted():
        assert connections["default"].vendor == "postgresql"
        user, customer, subscription = make_subscription(email="paid-authority@example.invalid", founder=False)
        org = Organization.objects.create(name="Synthetic paid authority")
        OrganizationMember.objects.create(organization=org, user=user, role="owner")
        subscription.organization = org
        subscription.save(update_fields=["organization"])
>       PaidCoverageAuthority.objects.create(stripe_account_id="acct_qualification", livemode=False,
            contracts={"standard": {"price_id": "price_core_standard", "amount_cents": 9900, "contract_version": "core.monthly.v1"}})

tests/test_paid_coverage_authority.py:28: 
_ _ _ _ _ _ _ _ _ _ _ _ _ _ _ _ _ _ _ _ _ _ _ _ _ _ _ _ _ _ _ _ _ _ _ _ _ _ _ _ 
.venv/lib/python3.14/site-packages/django/db/models/manager.py:87: in manager_method
    return getattr(self.get_queryset(), name)(*args, **kwargs)
           ^^^^^^^^^^^^^^^^^^^^^^^^^^^^^^^^^^^^^^^^^^^^^^^^^^^
.venv/lib/python3.14/site-packages/django/db/models/query.py:665: in create
    obj.save(force_insert=True, using=self.db)
.venv/lib/python3.14/site-packages/django/db/models/base.py:902: in save
    self.save_base(
.venv/lib/python3.14/site-packages/django/db/models/base.py:1008: in save_base
    updated = self._save_table(
.venv/lib/python3.14/site-packages/django/db/models/base.py:1169: in _save_table
    results = self._do_insert(
.venv/lib/python3.14/site-packages/django/db/models/base.py:1210: in _do_insert
    return manager._insert(
.venv/lib/python3.14/site-packages/django/db/models/manager.py:87: in manager_method
    return getattr(self.get_queryset(), name)(*args, **kwargs)
           ^^^^^^^^^^^^^^^^^^^^^^^^^^^^^^^^^^^^^^^^^^^^^^^^^^^
.venv/lib/python3.14/site-packages/django/db/models/query.py:1873: in _insert
    return query.get_compiler(using=using).execute_sql(returning_fields)
           ^^^^^^^^^^^^^^^^^^^^^^^^^^^^^^^^^^^^^^^^^^^^^^^^^^^^^^^^^^^^^
.venv/lib/python3.14/site-packages/django/db/models/sql/compiler.py:1882: in execute_sql
    cursor.execute(sql, params)
.venv/lib/python3.14/site-packages/django/db/backends/utils.py:79: in execute
    return self._execute_with_wrappers(
.venv/lib/python3.14/site-packages/django/db/backends/utils.py:92: in _execute_with_wrappers
    return executor(sql, params, many, context)
           ^^^^^^^^^^^^^^^^^^^^^^^^^^^^^^^^^^^^
.venv/lib/python3.14/site-packages/django/db/backends/utils.py:100: in _execute
    with self.db.wrap_database_errors:
         ^^^^^^^^^^^^^^^^^^^^^^^^^^^^
.venv/lib/python3.14/site-packages/django/db/utils.py:91: in __exit__
    raise dj_exc_value.with_traceback(traceback) from exc_value
.venv/lib/python3.14/site-packages/django/db/backends/utils.py:105: in _execute
    return self.cursor.execute(sql, params)
           ^^^^^^^^^^^^^^^^^^^^^^^^^^^^^^^^
_ _ _ _ _ _ _ _ _ _ _ _ _ _ _ _ _ _ _ _ _ _ _ _ _ _ _ _ _ _ _ _ _ _ _ _ _ _ _ _ 

self = <django.db.backends.postgresql.base.Cursor [closed] [IDLE] (host=qualification-db user=postgres database=test_qualification) at 0x760b51ca57f0>
query = 'INSERT INTO "billing_paid_coverage_authority" ("id", "stripe_account_id", "livemode", "contracts") VALUES (%s, %s, %s, %s)'
params = (Int2(1), 'acct_qualification', False, Jsonb({'standard': {'price_id': 'price_co ... (110 chars)))
prepare = None, binary = None

    def execute(
        self,
        query: Query,
        params: Params | None = None,
        *,
        prepare: bool | None = None,
        binary: bool | None = None,
    ) -> Self:
        """
        Execute a query or command to the database.
        """
        try:
            with self._conn.lock:
                self._conn.wait(
                    self._execute_gen(query, params, prepare=prepare, binary=binary)
                )
        except e._NO_TRACEBACK as ex:
>           raise ex.with_traceback(None)
E           django.db.utils.IntegrityError: duplicate key value violates unique constraint "billing_paid_coverage_authority_pkey"
E           DETAIL:  Key (id)=(1) already exists.

.venv/lib/python3.14/site-packages/psycopg/cursor.py:117: IntegrityError
_ ERROR at setup of test_observed_future_period_is_not_payment_and_expired_receipt_is_not_access _

self = <django.db.backends.utils.CursorWrapper object at 0x760b50d84cb0>
sql = 'INSERT INTO "billing_paid_coverage_authority" ("id", "stripe_account_id", "livemode", "contracts") VALUES (%s, %s, %s, %s)'
params = (Int2(1), 'acct_qualification', False, Jsonb({'standard': {'price_id': 'price_co ... (110 chars)))
ignored_wrapper_args = (False, {'connection': <DatabaseWrapper vendor='postgresql' alias='default'>, 'cursor': <django.db.backends.utils.CursorWrapper object at 0x760b50d84cb0>})

    def _execute(self, sql, params, *ignored_wrapper_args):
        # Raise a warning during app initialization (stored_app_configs is only
        # ever set during testing).
        if not apps.ready and not apps.stored_app_configs:
            warnings.warn(self.APPS_NOT_READY_WARNING_MSG, category=RuntimeWarning)
        self.db.validate_no_broken_transaction()
        with self.db.wrap_database_errors:
            if params is None:
                # params default might be backend specific.
                return self.cursor.execute(sql)
            else:
>               return self.cursor.execute(sql, params)
                       ^^^^^^^^^^^^^^^^^^^^^^^^^^^^^^^^

.venv/lib/python3.14/site-packages/django/db/backends/utils.py:105: 
_ _ _ _ _ _ _ _ _ _ _ _ _ _ _ _ _ _ _ _ _ _ _ _ _ _ _ _ _ _ _ _ _ _ _ _ _ _ _ _ 

self = <django.db.backends.postgresql.base.Cursor [closed] [IDLE] (host=qualification-db user=postgres database=test_qualification) at 0x760b51dc2890>
query = 'INSERT INTO "billing_paid_coverage_authority" ("id", "stripe_account_id", "livemode", "contracts") VALUES (%s, %s, %s, %s)'
params = (Int2(1), 'acct_qualification', False, Jsonb({'standard': {'price_id': 'price_co ... (110 chars)))
prepare = None, binary = None

    def execute(
        self,
        query: Query,
        params: Params | None = None,
        *,
        prepare: bool | None = None,
        binary: bool | None = None,
    ) -> Self:
        """
        Execute a query or command to the database.
        """
        try:
            with self._conn.lock:
                self._conn.wait(
                    self._execute_gen(query, params, prepare=prepare, binary=binary)
                )
        except e._NO_TRACEBACK as ex:
>           raise ex.with_traceback(None)
E           psycopg.errors.UniqueViolation: duplicate key value violates unique constraint "billing_paid_coverage_authority_pkey"
E           DETAIL:  Key (id)=(1) already exists.

.venv/lib/python3.14/site-packages/psycopg/cursor.py:117: UniqueViolation

The above exception was the direct cause of the following exception:

    @pytest.fixture
    def admitted():
        assert connections["default"].vendor == "postgresql"
        user, customer, subscription = make_subscription(email="paid-authority@example.invalid", founder=False)
        org = Organization.objects.create(name="Synthetic paid authority")
        OrganizationMember.objects.create(organization=org, user=user, role="owner")
        subscription.organization = org
        subscription.save(update_fields=["organization"])
>       PaidCoverageAuthority.objects.create(stripe_account_id="acct_qualification", livemode=False,
            contracts={"standard": {"price_id": "price_core_standard", "amount_cents": 9900, "contract_version": "core.monthly.v1"}})

tests/test_paid_coverage_authority.py:28: 
_ _ _ _ _ _ _ _ _ _ _ _ _ _ _ _ _ _ _ _ _ _ _ _ _ _ _ _ _ _ _ _ _ _ _ _ _ _ _ _ 
.venv/lib/python3.14/site-packages/django/db/models/manager.py:87: in manager_method
    return getattr(self.get_queryset(), name)(*args, **kwargs)
           ^^^^^^^^^^^^^^^^^^^^^^^^^^^^^^^^^^^^^^^^^^^^^^^^^^^
.venv/lib/python3.14/site-packages/django/db/models/query.py:665: in create
    obj.save(force_insert=True, using=self.db)
.venv/lib/python3.14/site-packages/django/db/models/base.py:902: in save
    self.save_base(
.venv/lib/python3.14/site-packages/django/db/models/base.py:1008: in save_base
    updated = self._save_table(
.venv/lib/python3.14/site-packages/django/db/models/base.py:1169: in _save_table
    results = self._do_insert(
.venv/lib/python3.14/site-packages/django/db/models/base.py:1210: in _do_insert
    return manager._insert(
.venv/lib/python3.14/site-packages/django/db/models/manager.py:87: in manager_method
    return getattr(self.get_queryset(), name)(*args, **kwargs)
           ^^^^^^^^^^^^^^^^^^^^^^^^^^^^^^^^^^^^^^^^^^^^^^^^^^^
.venv/lib/python3.14/site-packages/django/db/models/query.py:1873: in _insert
    return query.get_compiler(using=using).execute_sql(returning_fields)
           ^^^^^^^^^^^^^^^^^^^^^^^^^^^^^^^^^^^^^^^^^^^^^^^^^^^^^^^^^^^^^
.venv/lib/python3.14/site-packages/django/db/models/sql/compiler.py:1882: in execute_sql
    cursor.execute(sql, params)
.venv/lib/python3.14/site-packages/django/db/backends/utils.py:79: in execute
    return self._execute_with_wrappers(
.venv/lib/python3.14/site-packages/django/db/backends/utils.py:92: in _execute_with_wrappers
    return executor(sql, params, many, context)
           ^^^^^^^^^^^^^^^^^^^^^^^^^^^^^^^^^^^^
.venv/lib/python3.14/site-packages/django/db/backends/utils.py:100: in _execute
    with self.db.wrap_database_errors:
         ^^^^^^^^^^^^^^^^^^^^^^^^^^^^
.venv/lib/python3.14/site-packages/django/db/utils.py:91: in __exit__
    raise dj_exc_value.with_traceback(traceback) from exc_value
.venv/lib/python3.14/site-packages/django/db/backends/utils.py:105: in _execute
    return self.cursor.execute(sql, params)
           ^^^^^^^^^^^^^^^^^^^^^^^^^^^^^^^^
_ _ _ _ _ _ _ _ _ _ _ _ _ _ _ _ _ _ _ _ _ _ _ _ _ _ _ _ _ _ _ _ _ _ _ _ _ _ _ _ 

self = <django.db.backends.postgresql.base.Cursor [closed] [IDLE] (host=qualification-db user=postgres database=test_qualification) at 0x760b51dc2890>
query = 'INSERT INTO "billing_paid_coverage_authority" ("id", "stripe_account_id", "livemode", "contracts") VALUES (%s, %s, %s, %s)'
params = (Int2(1), 'acct_qualification', False, Jsonb({'standard': {'price_id': 'price_co ... (110 chars)))
prepare = None, binary = None

    def execute(
        self,
        query: Query,
        params: Params | None = None,
        *,
        prepare: bool | None = None,
        binary: bool | None = None,
    ) -> Self:
        """
        Execute a query or command to the database.
        """
        try:
            with self._conn.lock:
                self._conn.wait(
                    self._execute_gen(query, params, prepare=prepare, binary=binary)
                )
        except e._NO_TRACEBACK as ex:
>           raise ex.with_traceback(None)
E           django.db.utils.IntegrityError: duplicate key value violates unique constraint "billing_paid_coverage_authority_pkey"
E           DETAIL:  Key (id)=(1) already exists.

.venv/lib/python3.14/site-packages/psycopg/cursor.py:117: IntegrityError
______________ ERROR at setup of test_missing_pin_denies_issuance ______________

self = <django.db.backends.utils.CursorWrapper object at 0x760b50d85f10>
sql = 'INSERT INTO "billing_paid_coverage_authority" ("id", "stripe_account_id", "livemode", "contracts") VALUES (%s, %s, %s, %s)'
params = (Int2(1), 'acct_qualification', False, Jsonb({'standard': {'price_id': 'price_co ... (110 chars)))
ignored_wrapper_args = (False, {'connection': <DatabaseWrapper vendor='postgresql' alias='default'>, 'cursor': <django.db.backends.utils.CursorWrapper object at 0x760b50d85f10>})

    def _execute(self, sql, params, *ignored_wrapper_args):
        # Raise a warning during app initialization (stored_app_configs is only
        # ever set during testing).
        if not apps.ready and not apps.stored_app_configs:
            warnings.warn(self.APPS_NOT_READY_WARNING_MSG, category=RuntimeWarning)
        self.db.validate_no_broken_transaction()
        with self.db.wrap_database_errors:
            if params is None:
                # params default might be backend specific.
                return self.cursor.execute(sql)
            else:
>               return self.cursor.execute(sql, params)
                       ^^^^^^^^^^^^^^^^^^^^^^^^^^^^^^^^

.venv/lib/python3.14/site-packages/django/db/backends/utils.py:105: 
_ _ _ _ _ _ _ _ _ _ _ _ _ _ _ _ _ _ _ _ _ _ _ _ _ _ _ _ _ _ _ _ _ _ _ _ _ _ _ _ 

self = <django.db.backends.postgresql.base.Cursor [closed] [IDLE] (host=qualification-db user=postgres database=test_qualification) at 0x760b51ca4050>
query = 'INSERT INTO "billing_paid_coverage_authority" ("id", "stripe_account_id", "livemode", "contracts") VALUES (%s, %s, %s, %s)'
params = (Int2(1), 'acct_qualification', False, Jsonb({'standard': {'price_id': 'price_co ... (110 chars)))
prepare = None, binary = None

    def execute(
        self,
        query: Query,
        params: Params | None = None,
        *,
        prepare: bool | None = None,
        binary: bool | None = None,
    ) -> Self:
        """
        Execute a query or command to the database.
        """
        try:
            with self._conn.lock:
                self._conn.wait(
                    self._execute_gen(query, params, prepare=prepare, binary=binary)
                )
        except e._NO_TRACEBACK as ex:
>           raise ex.with_traceback(None)
E           psycopg.errors.UniqueViolation: duplicate key value violates unique constraint "billing_paid_coverage_authority_pkey"
E           DETAIL:  Key (id)=(1) already exists.

.venv/lib/python3.14/site-packages/psycopg/cursor.py:117: UniqueViolation

The above exception was the direct cause of the following exception:

    @pytest.fixture
    def admitted():
        assert connections["default"].vendor == "postgresql"
        user, customer, subscription = make_subscription(email="paid-authority@example.invalid", founder=False)
        org = Organization.objects.create(name="Synthetic paid authority")
        OrganizationMember.objects.create(organization=org, user=user, role="owner")
        subscription.organization = org
        subscription.save(update_fields=["organization"])
>       PaidCoverageAuthority.objects.create(stripe_account_id="acct_qualification", livemode=False,
            contracts={"standard": {"price_id": "price_core_standard", "amount_cents": 9900, "contract_version": "core.monthly.v1"}})

tests/test_paid_coverage_authority.py:28: 
_ _ _ _ _ _ _ _ _ _ _ _ _ _ _ _ _ _ _ _ _ _ _ _ _ _ _ _ _ _ _ _ _ _ _ _ _ _ _ _ 
.venv/lib/python3.14/site-packages/django/db/models/manager.py:87: in manager_method
    return getattr(self.get_queryset(), name)(*args, **kwargs)
           ^^^^^^^^^^^^^^^^^^^^^^^^^^^^^^^^^^^^^^^^^^^^^^^^^^^
.venv/lib/python3.14/site-packages/django/db/models/query.py:665: in create
    obj.save(force_insert=True, using=self.db)
.venv/lib/python3.14/site-packages/django/db/models/base.py:902: in save
    self.save_base(
.venv/lib/python3.14/site-packages/django/db/models/base.py:1008: in save_base
    updated = self._save_table(
.venv/lib/python3.14/site-packages/django/db/models/base.py:1169: in _save_table
    results = self._do_insert(
.venv/lib/python3.14/site-packages/django/db/models/base.py:1210: in _do_insert
    return manager._insert(
.venv/lib/python3.14/site-packages/django/db/models/manager.py:87: in manager_method
    return getattr(self.get_queryset(), name)(*args, **kwargs)
           ^^^^^^^^^^^^^^^^^^^^^^^^^^^^^^^^^^^^^^^^^^^^^^^^^^^
.venv/lib/python3.14/site-packages/django/db/models/query.py:1873: in _insert
    return query.get_compiler(using=using).execute_sql(returning_fields)
           ^^^^^^^^^^^^^^^^^^^^^^^^^^^^^^^^^^^^^^^^^^^^^^^^^^^^^^^^^^^^^
.venv/lib/python3.14/site-packages/django/db/models/sql/compiler.py:1882: in execute_sql
    cursor.execute(sql, params)
.venv/lib/python3.14/site-packages/django/db/backends/utils.py:79: in execute
    return self._execute_with_wrappers(
.venv/lib/python3.14/site-packages/django/db/backends/utils.py:92: in _execute_with_wrappers
    return executor(sql, params, many, context)
           ^^^^^^^^^^^^^^^^^^^^^^^^^^^^^^^^^^^^
.venv/lib/python3.14/site-packages/django/db/backends/utils.py:100: in _execute
    with self.db.wrap_database_errors:
         ^^^^^^^^^^^^^^^^^^^^^^^^^^^^
.venv/lib/python3.14/site-packages/django/db/utils.py:91: in __exit__
    raise dj_exc_value.with_traceback(traceback) from exc_value
.venv/lib/python3.14/site-packages/django/db/backends/utils.py:105: in _execute
    return self.cursor.execute(sql, params)
           ^^^^^^^^^^^^^^^^^^^^^^^^^^^^^^^^
_ _ _ _ _ _ _ _ _ _ _ _ _ _ _ _ _ _ _ _ _ _ _ _ _ _ _ _ _ _ _ _ _ _ _ _ _ _ _ _ 

self = <django.db.backends.postgresql.base.Cursor [closed] [IDLE] (host=qualification-db user=postgres database=test_qualification) at 0x760b51ca4050>
query = 'INSERT INTO "billing_paid_coverage_authority" ("id", "stripe_account_id", "livemode", "contracts") VALUES (%s, %s, %s, %s)'
params = (Int2(1), 'acct_qualification', False, Jsonb({'standard': {'price_id': 'price_co ... (110 chars)))
prepare = None, binary = None

    def execute(
        self,
        query: Query,
        params: Params | None = None,
        *,
        prepare: bool | None = None,
        binary: bool | None = None,
    ) -> Self:
        """
        Execute a query or command to the database.
        """
        try:
            with self._conn.lock:
                self._conn.wait(
                    self._execute_gen(query, params, prepare=prepare, binary=binary)
                )
        except e._NO_TRACEBACK as ex:
>           raise ex.with_traceback(None)
E           django.db.utils.IntegrityError: duplicate key value violates unique constraint "billing_paid_coverage_authority_pkey"
E           DETAIL:  Key (id)=(1) already exists.

.venv/lib/python3.14/site-packages/psycopg/cursor.py:117: IntegrityError
________ ERROR at setup of test_invoice_replay_is_exact_and_append_only ________

self = <django.db.backends.utils.CursorWrapper object at 0x760b50dcdf10>
sql = 'INSERT INTO "billing_paid_coverage_authority" ("id", "stripe_account_id", "livemode", "contracts") VALUES (%s, %s, %s, %s)'
params = (Int2(1), 'acct_qualification', False, Jsonb({'standard': {'price_id': 'price_co ... (110 chars)))
ignored_wrapper_args = (False, {'connection': <DatabaseWrapper vendor='postgresql' alias='default'>, 'cursor': <django.db.backends.utils.CursorWrapper object at 0x760b50dcdf10>})

    def _execute(self, sql, params, *ignored_wrapper_args):
        # Raise a warning during app initialization (stored_app_configs is only
        # ever set during testing).
        if not apps.ready and not apps.stored_app_configs:
            warnings.warn(self.APPS_NOT_READY_WARNING_MSG, category=RuntimeWarning)
        self.db.validate_no_broken_transaction()
        with self.db.wrap_database_errors:
            if params is None:
                # params default might be backend specific.
                return self.cursor.execute(sql)
            else:
>               return self.cursor.execute(sql, params)
                       ^^^^^^^^^^^^^^^^^^^^^^^^^^^^^^^^

.venv/lib/python3.14/site-packages/django/db/backends/utils.py:105: 
_ _ _ _ _ _ _ _ _ _ _ _ _ _ _ _ _ _ _ _ _ _ _ _ _ _ _ _ _ _ _ _ _ _ _ _ _ _ _ _ 

self = <django.db.backends.postgresql.base.Cursor [closed] [IDLE] (host=qualification-db user=postgres database=test_qualification) at 0x760b5135bbd0>
query = 'INSERT INTO "billing_paid_coverage_authority" ("id", "stripe_account_id", "livemode", "contracts") VALUES (%s, %s, %s, %s)'
params = (Int2(1), 'acct_qualification', False, Jsonb({'standard': {'price_id': 'price_co ... (110 chars)))
prepare = None, binary = None

    def execute(
        self,
        query: Query,
        params: Params | None = None,
        *,
        prepare: bool | None = None,
        binary: bool | None = None,
    ) -> Self:
        """
        Execute a query or command to the database.
        """
        try:
            with self._conn.lock:
                self._conn.wait(
                    self._execute_gen(query, params, prepare=prepare, binary=binary)
                )
        except e._NO_TRACEBACK as ex:
>           raise ex.with_traceback(None)
E           psycopg.errors.UniqueViolation: duplicate key value violates unique constraint "billing_paid_coverage_authority_pkey"
E           DETAIL:  Key (id)=(1) already exists.

.venv/lib/python3.14/site-packages/psycopg/cursor.py:117: UniqueViolation

The above exception was the direct cause of the following exception:

    @pytest.fixture
    def admitted():
        assert connections["default"].vendor == "postgresql"
        user, customer, subscription = make_subscription(email="paid-authority@example.invalid", founder=False)
        org = Organization.objects.create(name="Synthetic paid authority")
        OrganizationMember.objects.create(organization=org, user=user, role="owner")
        subscription.organization = org
        subscription.save(update_fields=["organization"])
>       PaidCoverageAuthority.objects.create(stripe_account_id="acct_qualification", livemode=False,
            contracts={"standard": {"price_id": "price_core_standard", "amount_cents": 9900, "contract_version": "core.monthly.v1"}})

tests/test_paid_coverage_authority.py:28: 
_ _ _ _ _ _ _ _ _ _ _ _ _ _ _ _ _ _ _ _ _ _ _ _ _ _ _ _ _ _ _ _ _ _ _ _ _ _ _ _ 
.venv/lib/python3.14/site-packages/django/db/models/manager.py:87: in manager_method
    return getattr(self.get_queryset(), name)(*args, **kwargs)
           ^^^^^^^^^^^^^^^^^^^^^^^^^^^^^^^^^^^^^^^^^^^^^^^^^^^
.venv/lib/python3.14/site-packages/django/db/models/query.py:665: in create
    obj.save(force_insert=True, using=self.db)
.venv/lib/python3.14/site-packages/django/db/models/base.py:902: in save
    self.save_base(
.venv/lib/python3.14/site-packages/django/db/models/base.py:1008: in save_base
    updated = self._save_table(
.venv/lib/python3.14/site-packages/django/db/models/base.py:1169: in _save_table
    results = self._do_insert(
.venv/lib/python3.14/site-packages/django/db/models/base.py:1210: in _do_insert
    return manager._insert(
.venv/lib/python3.14/site-packages/django/db/models/manager.py:87: in manager_method
    return getattr(self.get_queryset(), name)(*args, **kwargs)
           ^^^^^^^^^^^^^^^^^^^^^^^^^^^^^^^^^^^^^^^^^^^^^^^^^^^
.venv/lib/python3.14/site-packages/django/db/models/query.py:1873: in _insert
    return query.get_compiler(using=using).execute_sql(returning_fields)
           ^^^^^^^^^^^^^^^^^^^^^^^^^^^^^^^^^^^^^^^^^^^^^^^^^^^^^^^^^^^^^
.venv/lib/python3.14/site-packages/django/db/models/sql/compiler.py:1882: in execute_sql
    cursor.execute(sql, params)
.venv/lib/python3.14/site-packages/django/db/backends/utils.py:79: in execute
    return self._execute_with_wrappers(
.venv/lib/python3.14/site-packages/django/db/backends/utils.py:92: in _execute_with_wrappers
    return executor(sql, params, many, context)
           ^^^^^^^^^^^^^^^^^^^^^^^^^^^^^^^^^^^^
.venv/lib/python3.14/site-packages/django/db/backends/utils.py:100: in _execute
    with self.db.wrap_database_errors:
         ^^^^^^^^^^^^^^^^^^^^^^^^^^^^
.venv/lib/python3.14/site-packages/django/db/utils.py:91: in __exit__
    raise dj_exc_value.with_traceback(traceback) from exc_value
.venv/lib/python3.14/site-packages/django/db/backends/utils.py:105: in _execute
    return self.cursor.execute(sql, params)
           ^^^^^^^^^^^^^^^^^^^^^^^^^^^^^^^^
_ _ _ _ _ _ _ _ _ _ _ _ _ _ _ _ _ _ _ _ _ _ _ _ _ _ _ _ _ _ _ _ _ _ _ _ _ _ _ _ 

self = <django.db.backends.postgresql.base.Cursor [closed] [IDLE] (host=qualification-db user=postgres database=test_qualification) at 0x760b5135bbd0>
query = 'INSERT INTO "billing_paid_coverage_authority" ("id", "stripe_account_id", "livemode", "contracts") VALUES (%s, %s, %s, %s)'
params = (Int2(1), 'acct_qualification', False, Jsonb({'standard': {'price_id': 'price_co ... (110 chars)))
prepare = None, binary = None

    def execute(
        self,
        query: Query,
        params: Params | None = None,
        *,
        prepare: bool | None = None,
        binary: bool | None = None,
    ) -> Self:
        """
        Execute a query or command to the database.
        """
        try:
            with self._conn.lock:
                self._conn.wait(
                    self._execute_gen(query, params, prepare=prepare, binary=binary)
                )
        except e._NO_TRACEBACK as ex:
>           raise ex.with_traceback(None)
E           django.db.utils.IntegrityError: duplicate key value violates unique constraint "billing_paid_coverage_authority_pkey"
E           DETAIL:  Key (id)=(1) already exists.

.venv/lib/python3.14/site-packages/psycopg/cursor.py:117: IntegrityError
_ ERROR at setup of test_admission_role_has_no_raw_payment_or_provider_or_tenant_writes _

self = <django.db.backends.utils.CursorWrapper object at 0x760b5082e5d0>
sql = 'INSERT INTO "billing_paid_coverage_authority" ("id", "stripe_account_id", "livemode", "contracts") VALUES (%s, %s, %s, %s)'
params = (Int2(1), 'acct_qualification', False, Jsonb({'standard': {'price_id': 'price_co ... (110 chars)))
ignored_wrapper_args = (False, {'connection': <DatabaseWrapper vendor='postgresql' alias='default'>, 'cursor': <django.db.backends.utils.CursorWrapper object at 0x760b5082e5d0>})

    def _execute(self, sql, params, *ignored_wrapper_args):
        # Raise a warning during app initialization (stored_app_configs is only
        # ever set during testing).
        if not apps.ready and not apps.stored_app_configs:
            warnings.warn(self.APPS_NOT_READY_WARNING_MSG, category=RuntimeWarning)
        self.db.validate_no_broken_transaction()
        with self.db.wrap_database_errors:
            if params is None:
                # params default might be backend specific.
                return self.cursor.execute(sql)
            else:
>               return self.cursor.execute(sql, params)
                       ^^^^^^^^^^^^^^^^^^^^^^^^^^^^^^^^

.venv/lib/python3.14/site-packages/django/db/backends/utils.py:105: 
_ _ _ _ _ _ _ _ _ _ _ _ _ _ _ _ _ _ _ _ _ _ _ _ _ _ _ _ _ _ _ _ _ _ _ _ _ _ _ _ 

self = <django.db.backends.postgresql.base.Cursor [closed] [IDLE] (host=qualification-db user=postgres database=test_qualification) at 0x760b51ca7850>
query = 'INSERT INTO "billing_paid_coverage_authority" ("id", "stripe_account_id", "livemode", "contracts") VALUES (%s, %s, %s, %s)'
params = (Int2(1), 'acct_qualification', False, Jsonb({'standard': {'price_id': 'price_co ... (110 chars)))
prepare = None, binary = None

    def execute(
        self,
        query: Query,
        params: Params | None = None,
        *,
        prepare: bool | None = None,
        binary: bool | None = None,
    ) -> Self:
        """
        Execute a query or command to the database.
        """
        try:
            with self._conn.lock:
                self._conn.wait(
                    self._execute_gen(query, params, prepare=prepare, binary=binary)
                )
        except e._NO_TRACEBACK as ex:
>           raise ex.with_traceback(None)
E           psycopg.errors.UniqueViolation: duplicate key value violates unique constraint "billing_paid_coverage_authority_pkey"
E           DETAIL:  Key (id)=(1) already exists.

.venv/lib/python3.14/site-packages/psycopg/cursor.py:117: UniqueViolation

The above exception was the direct cause of the following exception:

    @pytest.fixture
    def admitted():
        assert connections["default"].vendor == "postgresql"
        user, customer, subscription = make_subscription(email="paid-authority@example.invalid", founder=False)
        org = Organization.objects.create(name="Synthetic paid authority")
        OrganizationMember.objects.create(organization=org, user=user, role="owner")
        subscription.organization = org
        subscription.save(update_fields=["organization"])
>       PaidCoverageAuthority.objects.create(stripe_account_id="acct_qualification", livemode=False,
            contracts={"standard": {"price_id": "price_core_standard", "amount_cents": 9900, "contract_version": "core.monthly.v1"}})

tests/test_paid_coverage_authority.py:28: 
_ _ _ _ _ _ _ _ _ _ _ _ _ _ _ _ _ _ _ _ _ _ _ _ _ _ _ _ _ _ _ _ _ _ _ _ _ _ _ _ 
.venv/lib/python3.14/site-packages/django/db/models/manager.py:87: in manager_method
    return getattr(self.get_queryset(), name)(*args, **kwargs)
           ^^^^^^^^^^^^^^^^^^^^^^^^^^^^^^^^^^^^^^^^^^^^^^^^^^^
.venv/lib/python3.14/site-packages/django/db/models/query.py:665: in create
    obj.save(force_insert=True, using=self.db)
.venv/lib/python3.14/site-packages/django/db/models/base.py:902: in save
    self.save_base(
.venv/lib/python3.14/site-packages/django/db/models/base.py:1008: in save_base
    updated = self._save_table(
.venv/lib/python3.14/site-packages/django/db/models/base.py:1169: in _save_table
    results = self._do_insert(
.venv/lib/python3.14/site-packages/django/db/models/base.py:1210: in _do_insert
    return manager._insert(
.venv/lib/python3.14/site-packages/django/db/models/manager.py:87: in manager_method
    return getattr(self.get_queryset(), name)(*args, **kwargs)
           ^^^^^^^^^^^^^^^^^^^^^^^^^^^^^^^^^^^^^^^^^^^^^^^^^^^
.venv/lib/python3.14/site-packages/django/db/models/query.py:1873: in _insert
    return query.get_compiler(using=using).execute_sql(returning_fields)
           ^^^^^^^^^^^^^^^^^^^^^^^^^^^^^^^^^^^^^^^^^^^^^^^^^^^^^^^^^^^^^
.venv/lib/python3.14/site-packages/django/db/models/sql/compiler.py:1882: in execute_sql
    cursor.execute(sql, params)
.venv/lib/python3.14/site-packages/django/db/backends/utils.py:79: in execute
    return self._execute_with_wrappers(
.venv/lib/python3.14/site-packages/django/db/backends/utils.py:92: in _execute_with_wrappers
    return executor(sql, params, many, context)
           ^^^^^^^^^^^^^^^^^^^^^^^^^^^^^^^^^^^^
.venv/lib/python3.14/site-packages/django/db/backends/utils.py:100: in _execute
    with self.db.wrap_database_errors:
         ^^^^^^^^^^^^^^^^^^^^^^^^^^^^
.venv/lib/python3.14/site-packages/django/db/utils.py:91: in __exit__
    raise dj_exc_value.with_traceback(traceback) from exc_value
.venv/lib/python3.14/site-packages/django/db/backends/utils.py:105: in _execute
    return self.cursor.execute(sql, params)
           ^^^^^^^^^^^^^^^^^^^^^^^^^^^^^^^^
_ _ _ _ _ _ _ _ _ _ _ _ _ _ _ _ _ _ _ _ _ _ _ _ _ _ _ _ _ _ _ _ _ _ _ _ _ _ _ _ 

self = <django.db.backends.postgresql.base.Cursor [closed] [IDLE] (host=qualification-db user=postgres database=test_qualification) at 0x760b51ca7850>
query = 'INSERT INTO "billing_paid_coverage_authority" ("id", "stripe_account_id", "livemode", "contracts") VALUES (%s, %s, %s, %s)'
params = (Int2(1), 'acct_qualification', False, Jsonb({'standard': {'price_id': 'price_co ... (110 chars)))
prepare = None, binary = None

    def execute(
        self,
        query: Query,
        params: Params | None = None,
        *,
        prepare: bool | None = None,
        binary: bool | None = None,
    ) -> Self:
        """
        Execute a query or command to the database.
        """
        try:
            with self._conn.lock:
                self._conn.wait(
                    self._execute_gen(query, params, prepare=prepare, binary=binary)
                )
        except e._NO_TRACEBACK as ex:
>           raise ex.with_traceback(None)
E           django.db.utils.IntegrityError: duplicate key value violates unique constraint "billing_paid_coverage_authority_pkey"
E           DETAIL:  Key (id)=(1) already exists.

.venv/lib/python3.14/site-packages/psycopg/cursor.py:117: IntegrityError
_ ERROR at setup of test_generation_replacement_and_terminal_status_cannot_inherit_access _

self = <django.db.backends.utils.CursorWrapper object at 0x760b50c7b7d0>
sql = 'INSERT INTO "billing_paid_coverage_authority" ("id", "stripe_account_id", "livemode", "contracts") VALUES (%s, %s, %s, %s)'
params = (Int2(1), 'acct_qualification', False, Jsonb({'standard': {'price_id': 'price_co ... (110 chars)))
ignored_wrapper_args = (False, {'connection': <DatabaseWrapper vendor='postgresql' alias='default'>, 'cursor': <django.db.backends.utils.CursorWrapper object at 0x760b50c7b7d0>})

    def _execute(self, sql, params, *ignored_wrapper_args):
        # Raise a warning during app initialization (stored_app_configs is only
        # ever set during testing).
        if not apps.ready and not apps.stored_app_configs:
            warnings.warn(self.APPS_NOT_READY_WARNING_MSG, category=RuntimeWarning)
        self.db.validate_no_broken_transaction()
        with self.db.wrap_database_errors:
            if params is None:
                # params default might be backend specific.
                return self.cursor.execute(sql)
            else:
>               return self.cursor.execute(sql, params)
                       ^^^^^^^^^^^^^^^^^^^^^^^^^^^^^^^^

.venv/lib/python3.14/site-packages/django/db/backends/utils.py:105: 
_ _ _ _ _ _ _ _ _ _ _ _ _ _ _ _ _ _ _ _ _ _ _ _ _ _ _ _ _ _ _ _ _ _ _ _ _ _ _ _ 

self = <django.db.backends.postgresql.base.Cursor [closed] [IDLE] (host=qualification-db user=postgres database=test_qualification) at 0x760b5135ab30>
query = 'INSERT INTO "billing_paid_coverage_authority" ("id", "stripe_account_id", "livemode", "contracts") VALUES (%s, %s, %s, %s)'
params = (Int2(1), 'acct_qualification', False, Jsonb({'standard': {'price_id': 'price_co ... (110 chars)))
prepare = None, binary = None

    def execute(
        self,
        query: Query,
        params: Params | None = None,
        *,
        prepare: bool | None = None,
        binary: bool | None = None,
    ) -> Self:
        """
        Execute a query or command to the database.
        """
        try:
            with self._conn.lock:
                self._conn.wait(
                    self._execute_gen(query, params, prepare=prepare, binary=binary)
                )
        except e._NO_TRACEBACK as ex:
>           raise ex.with_traceback(None)
E           psycopg.errors.UniqueViolation: duplicate key value violates unique constraint "billing_paid_coverage_authority_pkey"
E           DETAIL:  Key (id)=(1) already exists.

.venv/lib/python3.14/site-packages/psycopg/cursor.py:117: UniqueViolation

The above exception was the direct cause of the following exception:

    @pytest.fixture
    def admitted():
        assert connections["default"].vendor == "postgresql"
        user, customer, subscription = make_subscription(email="paid-authority@example.invalid", founder=False)
        org = Organization.objects.create(name="Synthetic paid authority")
        OrganizationMember.objects.create(organization=org, user=user, role="owner")
        subscription.organization = org
        subscription.save(update_fields=["organization"])
>       PaidCoverageAuthority.objects.create(stripe_account_id="acct_qualification", livemode=False,
            contracts={"standard": {"price_id": "price_core_standard", "amount_cents": 9900, "contract_version": "core.monthly.v1"}})

tests/test_paid_coverage_authority.py:28: 
_ _ _ _ _ _ _ _ _ _ _ _ _ _ _ _ _ _ _ _ _ _ _ _ _ _ _ _ _ _ _ _ _ _ _ _ _ _ _ _ 
.venv/lib/python3.14/site-packages/django/db/models/manager.py:87: in manager_method
    return getattr(self.get_queryset(), name)(*args, **kwargs)
           ^^^^^^^^^^^^^^^^^^^^^^^^^^^^^^^^^^^^^^^^^^^^^^^^^^^
.venv/lib/python3.14/site-packages/django/db/models/query.py:665: in create
    obj.save(force_insert=True, using=self.db)
.venv/lib/python3.14/site-packages/django/db/models/base.py:902: in save
    self.save_base(
.venv/lib/python3.14/site-packages/django/db/models/base.py:1008: in save_base
    updated = self._save_table(
.venv/lib/python3.14/site-packages/django/db/models/base.py:1169: in _save_table
    results = self._do_insert(
.venv/lib/python3.14/site-packages/django/db/models/base.py:1210: in _do_insert
    return manager._insert(
.venv/lib/python3.14/site-packages/django/db/models/manager.py:87: in manager_method
    return getattr(self.get_queryset(), name)(*args, **kwargs)
           ^^^^^^^^^^^^^^^^^^^^^^^^^^^^^^^^^^^^^^^^^^^^^^^^^^^
.venv/lib/python3.14/site-packages/django/db/models/query.py:1873: in _insert
    return query.get_compiler(using=using).execute_sql(returning_fields)
           ^^^^^^^^^^^^^^^^^^^^^^^^^^^^^^^^^^^^^^^^^^^^^^^^^^^^^^^^^^^^^
.venv/lib/python3.14/site-packages/django/db/models/sql/compiler.py:1882: in execute_sql
    cursor.execute(sql, params)
.venv/lib/python3.14/site-packages/django/db/backends/utils.py:79: in execute
    return self._execute_with_wrappers(
.venv/lib/python3.14/site-packages/django/db/backends/utils.py:92: in _execute_with_wrappers
    return executor(sql, params, many, context)
           ^^^^^^^^^^^^^^^^^^^^^^^^^^^^^^^^^^^^
.venv/lib/python3.14/site-packages/django/db/backends/utils.py:100: in _execute
    with self.db.wrap_database_errors:
         ^^^^^^^^^^^^^^^^^^^^^^^^^^^^
.venv/lib/python3.14/site-packages/django/db/utils.py:91: in __exit__
    raise dj_exc_value.with_traceback(traceback) from exc_value
.venv/lib/python3.14/site-packages/django/db/backends/utils.py:105: in _execute
    return self.cursor.execute(sql, params)
           ^^^^^^^^^^^^^^^^^^^^^^^^^^^^^^^^
_ _ _ _ _ _ _ _ _ _ _ _ _ _ _ _ _ _ _ _ _ _ _ _ _ _ _ _ _ _ _ _ _ _ _ _ _ _ _ _ 

self = <django.db.backends.postgresql.base.Cursor [closed] [IDLE] (host=qualification-db user=postgres database=test_qualification) at 0x760b5135ab30>
query = 'INSERT INTO "billing_paid_coverage_authority" ("id", "stripe_account_id", "livemode", "contracts") VALUES (%s, %s, %s, %s)'
params = (Int2(1), 'acct_qualification', False, Jsonb({'standard': {'price_id': 'price_co ... (110 chars)))
prepare = None, binary = None

    def execute(
        self,
        query: Query,
        params: Params | None = None,
        *,
        prepare: bool | None = None,
        binary: bool | None = None,
    ) -> Self:
        """
        Execute a query or command to the database.
        """
        try:
            with self._conn.lock:
                self._conn.wait(
                    self._execute_gen(query, params, prepare=prepare, binary=binary)
                )
        except e._NO_TRACEBACK as ex:
>           raise ex.with_traceback(None)
E           django.db.utils.IntegrityError: duplicate key value violates unique constraint "billing_paid_coverage_authority_pkey"
E           DETAIL:  Key (id)=(1) already exists.

.venv/lib/python3.14/site-packages/psycopg/cursor.py:117: IntegrityError
_____ ERROR at setup of test_simultaneous_same_invoice_issuance_converges ______

self = <django.db.backends.utils.CursorWrapper object at 0x760b50c79fd0>
sql = 'INSERT INTO "billing_paid_coverage_authority" ("id", "stripe_account_id", "livemode", "contracts") VALUES (%s, %s, %s, %s)'
params = (Int2(1), 'acct_qualification', False, Jsonb({'standard': {'price_id': 'price_co ... (110 chars)))
ignored_wrapper_args = (False, {'connection': <DatabaseWrapper vendor='postgresql' alias='default'>, 'cursor': <django.db.backends.utils.CursorWrapper object at 0x760b50c79fd0>})

    def _execute(self, sql, params, *ignored_wrapper_args):
        # Raise a warning during app initialization (stored_app_configs is only
        # ever set during testing).
        if not apps.ready and not apps.stored_app_configs:
            warnings.warn(self.APPS_NOT_READY_WARNING_MSG, category=RuntimeWarning)
        self.db.validate_no_broken_transaction()
        with self.db.wrap_database_errors:
            if params is None:
                # params default might be backend specific.
                return self.cursor.execute(sql)
            else:
>               return self.cursor.execute(sql, params)
                       ^^^^^^^^^^^^^^^^^^^^^^^^^^^^^^^^

.venv/lib/python3.14/site-packages/django/db/backends/utils.py:105: 
_ _ _ _ _ _ _ _ _ _ _ _ _ _ _ _ _ _ _ _ _ _ _ _ _ _ _ _ _ _ _ _ _ _ _ _ _ _ _ _ 

self = <django.db.backends.postgresql.base.Cursor [closed] [IDLE] (host=qualification-db user=postgres database=test_qualification) at 0x760b5135b230>
query = 'INSERT INTO "billing_paid_coverage_authority" ("id", "stripe_account_id", "livemode", "contracts") VALUES (%s, %s, %s, %s)'
params = (Int2(1), 'acct_qualification', False, Jsonb({'standard': {'price_id': 'price_co ... (110 chars)))
prepare = None, binary = None

    def execute(
        self,
        query: Query,
        params: Params | None = None,
        *,
        prepare: bool | None = None,
        binary: bool | None = None,
    ) -> Self:
        """
        Execute a query or command to the database.
        """
        try:
            with self._conn.lock:
                self._conn.wait(
                    self._execute_gen(query, params, prepare=prepare, binary=binary)
                )
        except e._NO_TRACEBACK as ex:
>           raise ex.with_traceback(None)
E           psycopg.errors.UniqueViolation: duplicate key value violates unique constraint "billing_paid_coverage_authority_pkey"
E           DETAIL:  Key (id)=(1) already exists.

.venv/lib/python3.14/site-packages/psycopg/cursor.py:117: UniqueViolation

The above exception was the direct cause of the following exception:

    @pytest.fixture
    def admitted():
        assert connections["default"].vendor == "postgresql"
        user, customer, subscription = make_subscription(email="paid-authority@example.invalid", founder=False)
        org = Organization.objects.create(name="Synthetic paid authority")
        OrganizationMember.objects.create(organization=org, user=user, role="owner")
        subscription.organization = org
        subscription.save(update_fields=["organization"])
>       PaidCoverageAuthority.objects.create(stripe_account_id="acct_qualification", livemode=False,
            contracts={"standard": {"price_id": "price_core_standard", "amount_cents": 9900, "contract_version": "core.monthly.v1"}})

tests/test_paid_coverage_authority.py:28: 
_ _ _ _ _ _ _ _ _ _ _ _ _ _ _ _ _ _ _ _ _ _ _ _ _ _ _ _ _ _ _ _ _ _ _ _ _ _ _ _ 
.venv/lib/python3.14/site-packages/django/db/models/manager.py:87: in manager_method
    return getattr(self.get_queryset(), name)(*args, **kwargs)
           ^^^^^^^^^^^^^^^^^^^^^^^^^^^^^^^^^^^^^^^^^^^^^^^^^^^
.venv/lib/python3.14/site-packages/django/db/models/query.py:665: in create
    obj.save(force_insert=True, using=self.db)
.venv/lib/python3.14/site-packages/django/db/models/base.py:902: in save
    self.save_base(
.venv/lib/python3.14/site-packages/django/db/models/base.py:1008: in save_base
    updated = self._save_table(
.venv/lib/python3.14/site-packages/django/db/models/base.py:1169: in _save_table
    results = self._do_insert(
.venv/lib/python3.14/site-packages/django/db/models/base.py:1210: in _do_insert
    return manager._insert(
.venv/lib/python3.14/site-packages/django/db/models/manager.py:87: in manager_method
    return getattr(self.get_queryset(), name)(*args, **kwargs)
           ^^^^^^^^^^^^^^^^^^^^^^^^^^^^^^^^^^^^^^^^^^^^^^^^^^^
.venv/lib/python3.14/site-packages/django/db/models/query.py:1873: in _insert
    return query.get_compiler(using=using).execute_sql(returning_fields)
           ^^^^^^^^^^^^^^^^^^^^^^^^^^^^^^^^^^^^^^^^^^^^^^^^^^^^^^^^^^^^^
.venv/lib/python3.14/site-packages/django/db/models/sql/compiler.py:1882: in execute_sql
    cursor.execute(sql, params)
.venv/lib/python3.14/site-packages/django/db/backends/utils.py:79: in execute
    return self._execute_with_wrappers(
.venv/lib/python3.14/site-packages/django/db/backends/utils.py:92: in _execute_with_wrappers
    return executor(sql, params, many, context)
           ^^^^^^^^^^^^^^^^^^^^^^^^^^^^^^^^^^^^
.venv/lib/python3.14/site-packages/django/db/backends/utils.py:100: in _execute
    with self.db.wrap_database_errors:
         ^^^^^^^^^^^^^^^^^^^^^^^^^^^^
.venv/lib/python3.14/site-packages/django/db/utils.py:91: in __exit__
    raise dj_exc_value.with_traceback(traceback) from exc_value
.venv/lib/python3.14/site-packages/django/db/backends/utils.py:105: in _execute
    return self.cursor.execute(sql, params)
           ^^^^^^^^^^^^^^^^^^^^^^^^^^^^^^^^
_ _ _ _ _ _ _ _ _ _ _ _ _ _ _ _ _ _ _ _ _ _ _ _ _ _ _ _ _ _ _ _ _ _ _ _ _ _ _ _ 

self = <django.db.backends.postgresql.base.Cursor [closed] [IDLE] (host=qualification-db user=postgres database=test_qualification) at 0x760b5135b230>
query = 'INSERT INTO "billing_paid_coverage_authority" ("id", "stripe_account_id", "livemode", "contracts") VALUES (%s, %s, %s, %s)'
params = (Int2(1), 'acct_qualification', False, Jsonb({'standard': {'price_id': 'price_co ... (110 chars)))
prepare = None, binary = None

    def execute(
        self,
        query: Query,
        params: Params | None = None,
        *,
        prepare: bool | None = None,
        binary: bool | None = None,
    ) -> Self:
        """
        Execute a query or command to the database.
        """
        try:
            with self._conn.lock:
                self._conn.wait(
                    self._execute_gen(query, params, prepare=prepare, binary=binary)
                )
        except e._NO_TRACEBACK as ex:
>           raise ex.with_traceback(None)
E           django.db.utils.IntegrityError: duplicate key value violates unique constraint "billing_paid_coverage_authority_pkey"
E           DETAIL:  Key (id)=(1) already exists.

.venv/lib/python3.14/site-packages/psycopg/cursor.py:117: IntegrityError
_______ ERROR at setup of test_other_tenant_cannot_read_or_claim_receipt _______

self = <django.db.backends.utils.CursorWrapper object at 0x760b50d878f0>
sql = 'INSERT INTO "billing_paid_coverage_authority" ("id", "stripe_account_id", "livemode", "contracts") VALUES (%s, %s, %s, %s)'
params = (Int2(1), 'acct_qualification', False, Jsonb({'standard': {'price_id': 'price_co ... (110 chars)))
ignored_wrapper_args = (False, {'connection': <DatabaseWrapper vendor='postgresql' alias='default'>, 'cursor': <django.db.backends.utils.CursorWrapper object at 0x760b50d878f0>})

    def _execute(self, sql, params, *ignored_wrapper_args):
        # Raise a warning during app initialization (stored_app_configs is only
        # ever set during testing).
        if not apps.ready and not apps.stored_app_configs:
            warnings.warn(self.APPS_NOT_READY_WARNING_MSG, category=RuntimeWarning)
        self.db.validate_no_broken_transaction()
        with self.db.wrap_database_errors:
            if params is None:
                # params default might be backend specific.
                return self.cursor.execute(sql)
            else:
>               return self.cursor.execute(sql, params)
                       ^^^^^^^^^^^^^^^^^^^^^^^^^^^^^^^^

.venv/lib/python3.14/site-packages/django/db/backends/utils.py:105: 
_ _ _ _ _ _ _ _ _ _ _ _ _ _ _ _ _ _ _ _ _ _ _ _ _ _ _ _ _ _ _ _ _ _ _ _ _ _ _ _ 

self = <django.db.backends.postgresql.base.Cursor [closed] [IDLE] (host=qualification-db user=postgres database=test_qualification) at 0x760b51359b70>
query = 'INSERT INTO "billing_paid_coverage_authority" ("id", "stripe_account_id", "livemode", "contracts") VALUES (%s, %s, %s, %s)'
params = (Int2(1), 'acct_qualification', False, Jsonb({'standard': {'price_id': 'price_co ... (110 chars)))
prepare = None, binary = None

    def execute(
        self,
        query: Query,
        params: Params | None = None,
        *,
        prepare: bool | None = None,
        binary: bool | None = None,
    ) -> Self:
        """
        Execute a query or command to the database.
        """
        try:
            with self._conn.lock:
                self._conn.wait(
                    self._execute_gen(query, params, prepare=prepare, binary=binary)
                )
        except e._NO_TRACEBACK as ex:
>           raise ex.with_traceback(None)
E           psycopg.errors.UniqueViolation: duplicate key value violates unique constraint "billing_paid_coverage_authority_pkey"
E           DETAIL:  Key (id)=(1) already exists.

.venv/lib/python3.14/site-packages/psycopg/cursor.py:117: UniqueViolation

The above exception was the direct cause of the following exception:

    @pytest.fixture
    def admitted():
        assert connections["default"].vendor == "postgresql"
        user, customer, subscription = make_subscription(email="paid-authority@example.invalid", founder=False)
        org = Organization.objects.create(name="Synthetic paid authority")
        OrganizationMember.objects.create(organization=org, user=user, role="owner")
        subscription.organization = org
        subscription.save(update_fields=["organization"])
>       PaidCoverageAuthority.objects.create(stripe_account_id="acct_qualification", livemode=False,
            contracts={"standard": {"price_id": "price_core_standard", "amount_cents": 9900, "contract_version": "core.monthly.v1"}})

tests/test_paid_coverage_authority.py:28: 
_ _ _ _ _ _ _ _ _ _ _ _ _ _ _ _ _ _ _ _ _ _ _ _ _ _ _ _ _ _ _ _ _ _ _ _ _ _ _ _ 
.venv/lib/python3.14/site-packages/django/db/models/manager.py:87: in manager_method
    return getattr(self.get_queryset(), name)(*args, **kwargs)
           ^^^^^^^^^^^^^^^^^^^^^^^^^^^^^^^^^^^^^^^^^^^^^^^^^^^
.venv/lib/python3.14/site-packages/django/db/models/query.py:665: in create
    obj.save(force_insert=True, using=self.db)
.venv/lib/python3.14/site-packages/django/db/models/base.py:902: in save
    self.save_base(
.venv/lib/python3.14/site-packages/django/db/models/base.py:1008: in save_base
    updated = self._save_table(
.venv/lib/python3.14/site-packages/django/db/models/base.py:1169: in _save_table
    results = self._do_insert(
.venv/lib/python3.14/site-packages/django/db/models/base.py:1210: in _do_insert
    return manager._insert(
.venv/lib/python3.14/site-packages/django/db/models/manager.py:87: in manager_method
    return getattr(self.get_queryset(), name)(*args, **kwargs)
           ^^^^^^^^^^^^^^^^^^^^^^^^^^^^^^^^^^^^^^^^^^^^^^^^^^^
.venv/lib/python3.14/site-packages/django/db/models/query.py:1873: in _insert
    return query.get_compiler(using=using).execute_sql(returning_fields)
           ^^^^^^^^^^^^^^^^^^^^^^^^^^^^^^^^^^^^^^^^^^^^^^^^^^^^^^^^^^^^^
.venv/lib/python3.14/site-packages/django/db/models/sql/compiler.py:1882: in execute_sql
    cursor.execute(sql, params)
.venv/lib/python3.14/site-packages/django/db/backends/utils.py:79: in execute
    return self._execute_with_wrappers(
.venv/lib/python3.14/site-packages/django/db/backends/utils.py:92: in _execute_with_wrappers
    return executor(sql, params, many, context)
           ^^^^^^^^^^^^^^^^^^^^^^^^^^^^^^^^^^^^
.venv/lib/python3.14/site-packages/django/db/backends/utils.py:100: in _execute
    with self.db.wrap_database_errors:
         ^^^^^^^^^^^^^^^^^^^^^^^^^^^^
.venv/lib/python3.14/site-packages/django/db/utils.py:91: in __exit__
    raise dj_exc_value.with_traceback(traceback) from exc_value
.venv/lib/python3.14/site-packages/django/db/backends/utils.py:105: in _execute
    return self.cursor.execute(sql, params)
           ^^^^^^^^^^^^^^^^^^^^^^^^^^^^^^^^
_ _ _ _ _ _ _ _ _ _ _ _ _ _ _ _ _ _ _ _ _ _ _ _ _ _ _ _ _ _ _ _ _ _ _ _ _ _ _ _ 

self = <django.db.backends.postgresql.base.Cursor [closed] [IDLE] (host=qualification-db user=postgres database=test_qualification) at 0x760b51359b70>
query = 'INSERT INTO "billing_paid_coverage_authority" ("id", "stripe_account_id", "livemode", "contracts") VALUES (%s, %s, %s, %s)'
params = (Int2(1), 'acct_qualification', False, Jsonb({'standard': {'price_id': 'price_co ... (110 chars)))
prepare = None, binary = None

    def execute(
        self,
        query: Query,
        params: Params | None = None,
        *,
        prepare: bool | None = None,
        binary: bool | None = None,
    ) -> Self:
        """
        Execute a query or command to the database.
        """
        try:
            with self._conn.lock:
                self._conn.wait(
                    self._execute_gen(query, params, prepare=prepare, binary=binary)
                )
        except e._NO_TRACEBACK as ex:
>           raise ex.with_traceback(None)
E           django.db.utils.IntegrityError: duplicate key value violates unique constraint "billing_paid_coverage_authority_pkey"
E           DETAIL:  Key (id)=(1) already exists.

.venv/lib/python3.14/site-packages/psycopg/cursor.py:117: IntegrityError
__ ERROR at setup of test_export_window_is_separate_from_paid_access[1-True] ___

self = <django.db.backends.utils.CursorWrapper object at 0x760b5119a270>
sql = 'INSERT INTO "billing_paid_coverage_authority" ("id", "stripe_account_id", "livemode", "contracts") VALUES (%s, %s, %s, %s)'
params = (Int2(1), 'acct_qualification', False, Jsonb({'standard': {'price_id': 'price_co ... (110 chars)))
ignored_wrapper_args = (False, {'connection': <DatabaseWrapper vendor='postgresql' alias='default'>, 'cursor': <django.db.backends.utils.CursorWrapper object at 0x760b5119a270>})

    def _execute(self, sql, params, *ignored_wrapper_args):
        # Raise a warning during app initialization (stored_app_configs is only
        # ever set during testing).
        if not apps.ready and not apps.stored_app_configs:
            warnings.warn(self.APPS_NOT_READY_WARNING_MSG, category=RuntimeWarning)
        self.db.validate_no_broken_transaction()
        with self.db.wrap_database_errors:
            if params is None:
                # params default might be backend specific.
                return self.cursor.execute(sql)
            else:
>               return self.cursor.execute(sql, params)
                       ^^^^^^^^^^^^^^^^^^^^^^^^^^^^^^^^

.venv/lib/python3.14/site-packages/django/db/backends/utils.py:105: 
_ _ _ _ _ _ _ _ _ _ _ _ _ _ _ _ _ _ _ _ _ _ _ _ _ _ _ _ _ _ _ _ _ _ _ _ _ _ _ _ 

self = <django.db.backends.postgresql.base.Cursor [closed] [IDLE] (host=qualification-db user=postgres database=test_qualification) at 0x760b513590f0>
query = 'INSERT INTO "billing_paid_coverage_authority" ("id", "stripe_account_id", "livemode", "contracts") VALUES (%s, %s, %s, %s)'
params = (Int2(1), 'acct_qualification', False, Jsonb({'standard': {'price_id': 'price_co ... (110 chars)))
prepare = None, binary = None

    def execute(
        self,
        query: Query,
        params: Params | None = None,
        *,
        prepare: bool | None = None,
        binary: bool | None = None,
    ) -> Self:
        """
        Execute a query or command to the database.
        """
        try:
            with self._conn.lock:
                self._conn.wait(
                    self._execute_gen(query, params, prepare=prepare, binary=binary)
                )
        except e._NO_TRACEBACK as ex:
>           raise ex.with_traceback(None)
E           psycopg.errors.UniqueViolation: duplicate key value violates unique constraint "billing_paid_coverage_authority_pkey"
E           DETAIL:  Key (id)=(1) already exists.

.venv/lib/python3.14/site-packages/psycopg/cursor.py:117: UniqueViolation

The above exception was the direct cause of the following exception:

    @pytest.fixture
    def admitted():
        assert connections["default"].vendor == "postgresql"
        user, customer, subscription = make_subscription(email="paid-authority@example.invalid", founder=False)
        org = Organization.objects.create(name="Synthetic paid authority")
        OrganizationMember.objects.create(organization=org, user=user, role="owner")
        subscription.organization = org
        subscription.save(update_fields=["organization"])
>       PaidCoverageAuthority.objects.create(stripe_account_id="acct_qualification", livemode=False,
            contracts={"standard": {"price_id": "price_core_standard", "amount_cents": 9900, "contract_version": "core.monthly.v1"}})

tests/test_paid_coverage_authority.py:28: 
_ _ _ _ _ _ _ _ _ _ _ _ _ _ _ _ _ _ _ _ _ _ _ _ _ _ _ _ _ _ _ _ _ _ _ _ _ _ _ _ 
.venv/lib/python3.14/site-packages/django/db/models/manager.py:87: in manager_method
    return getattr(self.get_queryset(), name)(*args, **kwargs)
           ^^^^^^^^^^^^^^^^^^^^^^^^^^^^^^^^^^^^^^^^^^^^^^^^^^^
.venv/lib/python3.14/site-packages/django/db/models/query.py:665: in create
    obj.save(force_insert=True, using=self.db)
.venv/lib/python3.14/site-packages/django/db/models/base.py:902: in save
    self.save_base(
.venv/lib/python3.14/site-packages/django/db/models/base.py:1008: in save_base
    updated = self._save_table(
.venv/lib/python3.14/site-packages/django/db/models/base.py:1169: in _save_table
    results = self._do_insert(
.venv/lib/python3.14/site-packages/django/db/models/base.py:1210: in _do_insert
    return manager._insert(
.venv/lib/python3.14/site-packages/django/db/models/manager.py:87: in manager_method
    return getattr(self.get_queryset(), name)(*args, **kwargs)
           ^^^^^^^^^^^^^^^^^^^^^^^^^^^^^^^^^^^^^^^^^^^^^^^^^^^
.venv/lib/python3.14/site-packages/django/db/models/query.py:1873: in _insert
    return query.get_compiler(using=using).execute_sql(returning_fields)
           ^^^^^^^^^^^^^^^^^^^^^^^^^^^^^^^^^^^^^^^^^^^^^^^^^^^^^^^^^^^^^
.venv/lib/python3.14/site-packages/django/db/models/sql/compiler.py:1882: in execute_sql
    cursor.execute(sql, params)
.venv/lib/python3.14/site-packages/django/db/backends/utils.py:79: in execute
    return self._execute_with_wrappers(
.venv/lib/python3.14/site-packages/django/db/backends/utils.py:92: in _execute_with_wrappers
    return executor(sql, params, many, context)
           ^^^^^^^^^^^^^^^^^^^^^^^^^^^^^^^^^^^^
.venv/lib/python3.14/site-packages/django/db/backends/utils.py:100: in _execute
    with self.db.wrap_database_errors:
         ^^^^^^^^^^^^^^^^^^^^^^^^^^^^
.venv/lib/python3.14/site-packages/django/db/utils.py:91: in __exit__
    raise dj_exc_value.with_traceback(traceback) from exc_value
.venv/lib/python3.14/site-packages/django/db/backends/utils.py:105: in _execute
    return self.cursor.execute(sql, params)
           ^^^^^^^^^^^^^^^^^^^^^^^^^^^^^^^^
_ _ _ _ _ _ _ _ _ _ _ _ _ _ _ _ _ _ _ _ _ _ _ _ _ _ _ _ _ _ _ _ _ _ _ _ _ _ _ _ 

self = <django.db.backends.postgresql.base.Cursor [closed] [IDLE] (host=qualification-db user=postgres database=test_qualification) at 0x760b513590f0>
query = 'INSERT INTO "billing_paid_coverage_authority" ("id", "stripe_account_id", "livemode", "contracts") VALUES (%s, %s, %s, %s)'
params = (Int2(1), 'acct_qualification', False, Jsonb({'standard': {'price_id': 'price_co ... (110 chars)))
prepare = None, binary = None

    def execute(
        self,
        query: Query,
        params: Params | None = None,
        *,
        prepare: bool | None = None,
        binary: bool | None = None,
    ) -> Self:
        """
        Execute a query or command to the database.
        """
        try:
            with self._conn.lock:
                self._conn.wait(
                    self._execute_gen(query, params, prepare=prepare, binary=binary)
                )
        except e._NO_TRACEBACK as ex:
>           raise ex.with_traceback(None)
E           django.db.utils.IntegrityError: duplicate key value violates unique constraint "billing_paid_coverage_authority_pkey"
E           DETAIL:  Key (id)=(1) already exists.

.venv/lib/python3.14/site-packages/psycopg/cursor.py:117: IntegrityError
__ ERROR at setup of test_export_window_is_separate_from_paid_access[89-True] __

self = <django.db.backends.utils.CursorWrapper object at 0x760b51198dd0>
sql = 'INSERT INTO "billing_paid_coverage_authority" ("id", "stripe_account_id", "livemode", "contracts") VALUES (%s, %s, %s, %s)'
params = (Int2(1), 'acct_qualification', False, Jsonb({'standard': {'price_id': 'price_co ... (110 chars)))
ignored_wrapper_args = (False, {'connection': <DatabaseWrapper vendor='postgresql' alias='default'>, 'cursor': <django.db.backends.utils.CursorWrapper object at 0x760b51198dd0>})

    def _execute(self, sql, params, *ignored_wrapper_args):
        # Raise a warning during app initialization (stored_app_configs is only
        # ever set during testing).
        if not apps.ready and not apps.stored_app_configs:
            warnings.warn(self.APPS_NOT_READY_WARNING_MSG, category=RuntimeWarning)
        self.db.validate_no_broken_transaction()
        with self.db.wrap_database_errors:
            if params is None:
                # params default might be backend specific.
                return self.cursor.execute(sql)
            else:
>               return self.cursor.execute(sql, params)
                       ^^^^^^^^^^^^^^^^^^^^^^^^^^^^^^^^

.venv/lib/python3.14/site-packages/django/db/backends/utils.py:105: 
_ _ _ _ _ _ _ _ _ _ _ _ _ _ _ _ _ _ _ _ _ _ _ _ _ _ _ _ _ _ _ _ _ _ _ _ _ _ _ _ 

self = <django.db.backends.postgresql.base.Cursor [closed] [IDLE] (host=qualification-db user=postgres database=test_qualification) at 0x760b51358f30>
query = 'INSERT INTO "billing_paid_coverage_authority" ("id", "stripe_account_id", "livemode", "contracts") VALUES (%s, %s, %s, %s)'
params = (Int2(1), 'acct_qualification', False, Jsonb({'standard': {'price_id': 'price_co ... (110 chars)))
prepare = None, binary = None

    def execute(
        self,
        query: Query,
        params: Params | None = None,
        *,
        prepare: bool | None = None,
        binary: bool | None = None,
    ) -> Self:
        """
        Execute a query or command to the database.
        """
        try:
            with self._conn.lock:
                self._conn.wait(
                    self._execute_gen(query, params, prepare=prepare, binary=binary)
                )
        except e._NO_TRACEBACK as ex:
>           raise ex.with_traceback(None)
E           psycopg.errors.UniqueViolation: duplicate key value violates unique constraint "billing_paid_coverage_authority_pkey"
E           DETAIL:  Key (id)=(1) already exists.

.venv/lib/python3.14/site-packages/psycopg/cursor.py:117: UniqueViolation

The above exception was the direct cause of the following exception:

    @pytest.fixture
    def admitted():
        assert connections["default"].vendor == "postgresql"
        user, customer, subscription = make_subscription(email="paid-authority@example.invalid", founder=False)
        org = Organization.objects.create(name="Synthetic paid authority")
        OrganizationMember.objects.create(organization=org, user=user, role="owner")
        subscription.organization = org
        subscription.save(update_fields=["organization"])
>       PaidCoverageAuthority.objects.create(stripe_account_id="acct_qualification", livemode=False,
            contracts={"standard": {"price_id": "price_core_standard", "amount_cents": 9900, "contract_version": "core.monthly.v1"}})

tests/test_paid_coverage_authority.py:28: 
_ _ _ _ _ _ _ _ _ _ _ _ _ _ _ _ _ _ _ _ _ _ _ _ _ _ _ _ _ _ _ _ _ _ _ _ _ _ _ _ 
.venv/lib/python3.14/site-packages/django/db/models/manager.py:87: in manager_method
    return getattr(self.get_queryset(), name)(*args, **kwargs)
           ^^^^^^^^^^^^^^^^^^^^^^^^^^^^^^^^^^^^^^^^^^^^^^^^^^^
.venv/lib/python3.14/site-packages/django/db/models/query.py:665: in create
    obj.save(force_insert=True, using=self.db)
.venv/lib/python3.14/site-packages/django/db/models/base.py:902: in save
    self.save_base(
.venv/lib/python3.14/site-packages/django/db/models/base.py:1008: in save_base
    updated = self._save_table(
.venv/lib/python3.14/site-packages/django/db/models/base.py:1169: in _save_table
    results = self._do_insert(
.venv/lib/python3.14/site-packages/django/db/models/base.py:1210: in _do_insert
    return manager._insert(
.venv/lib/python3.14/site-packages/django/db/models/manager.py:87: in manager_method
    return getattr(self.get_queryset(), name)(*args, **kwargs)
           ^^^^^^^^^^^^^^^^^^^^^^^^^^^^^^^^^^^^^^^^^^^^^^^^^^^
.venv/lib/python3.14/site-packages/django/db/models/query.py:1873: in _insert
    return query.get_compiler(using=using).execute_sql(returning_fields)
           ^^^^^^^^^^^^^^^^^^^^^^^^^^^^^^^^^^^^^^^^^^^^^^^^^^^^^^^^^^^^^
.venv/lib/python3.14/site-packages/django/db/models/sql/compiler.py:1882: in execute_sql
    cursor.execute(sql, params)
.venv/lib/python3.14/site-packages/django/db/backends/utils.py:79: in execute
    return self._execute_with_wrappers(
.venv/lib/python3.14/site-packages/django/db/backends/utils.py:92: in _execute_with_wrappers
    return executor(sql, params, many, context)
           ^^^^^^^^^^^^^^^^^^^^^^^^^^^^^^^^^^^^
.venv/lib/python3.14/site-packages/django/db/backends/utils.py:100: in _execute
    with self.db.wrap_database_errors:
         ^^^^^^^^^^^^^^^^^^^^^^^^^^^^
.venv/lib/python3.14/site-packages/django/db/utils.py:91: in __exit__
    raise dj_exc_value.with_traceback(traceback) from exc_value
.venv/lib/python3.14/site-packages/django/db/backends/utils.py:105: in _execute
    return self.cursor.execute(sql, params)
           ^^^^^^^^^^^^^^^^^^^^^^^^^^^^^^^^
_ _ _ _ _ _ _ _ _ _ _ _ _ _ _ _ _ _ _ _ _ _ _ _ _ _ _ _ _ _ _ _ _ _ _ _ _ _ _ _ 

self = <django.db.backends.postgresql.base.Cursor [closed] [IDLE] (host=qualification-db user=postgres database=test_qualification) at 0x760b51358f30>
query = 'INSERT INTO "billing_paid_coverage_authority" ("id", "stripe_account_id", "livemode", "contracts") VALUES (%s, %s, %s, %s)'
params = (Int2(1), 'acct_qualification', False, Jsonb({'standard': {'price_id': 'price_co ... (110 chars)))
prepare = None, binary = None

    def execute(
        self,
        query: Query,
        params: Params | None = None,
        *,
        prepare: bool | None = None,
        binary: bool | None = None,
    ) -> Self:
        """
        Execute a query or command to the database.
        """
        try:
            with self._conn.lock:
                self._conn.wait(
                    self._execute_gen(query, params, prepare=prepare, binary=binary)
                )
        except e._NO_TRACEBACK as ex:
>           raise ex.with_traceback(None)
E           django.db.utils.IntegrityError: duplicate key value violates unique constraint "billing_paid_coverage_authority_pkey"
E           DETAIL:  Key (id)=(1) already exists.

.venv/lib/python3.14/site-packages/psycopg/cursor.py:117: IntegrityError
_ ERROR at setup of test_export_window_is_separate_from_paid_access[91-False] __

self = <django.db.backends.utils.CursorWrapper object at 0x760b50c7ac90>
sql = 'INSERT INTO "billing_paid_coverage_authority" ("id", "stripe_account_id", "livemode", "contracts") VALUES (%s, %s, %s, %s)'
params = (Int2(1), 'acct_qualification', False, Jsonb({'standard': {'price_id': 'price_co ... (110 chars)))
ignored_wrapper_args = (False, {'connection': <DatabaseWrapper vendor='postgresql' alias='default'>, 'cursor': <django.db.backends.utils.CursorWrapper object at 0x760b50c7ac90>})

    def _execute(self, sql, params, *ignored_wrapper_args):
        # Raise a warning during app initialization (stored_app_configs is only
        # ever set during testing).
        if not apps.ready and not apps.stored_app_configs:
            warnings.warn(self.APPS_NOT_READY_WARNING_MSG, category=RuntimeWarning)
        self.db.validate_no_broken_transaction()
        with self.db.wrap_database_errors:
            if params is None:
                # params default might be backend specific.
                return self.cursor.execute(sql)
            else:
>               return self.cursor.execute(sql, params)
                       ^^^^^^^^^^^^^^^^^^^^^^^^^^^^^^^^

.venv/lib/python3.14/site-packages/django/db/backends/utils.py:105: 
_ _ _ _ _ _ _ _ _ _ _ _ _ _ _ _ _ _ _ _ _ _ _ _ _ _ _ _ _ _ _ _ _ _ _ _ _ _ _ _ 

self = <django.db.backends.postgresql.base.Cursor [closed] [IDLE] (host=qualification-db user=postgres database=test_qualification) at 0x760b51359fd0>
query = 'INSERT INTO "billing_paid_coverage_authority" ("id", "stripe_account_id", "livemode", "contracts") VALUES (%s, %s, %s, %s)'
params = (Int2(1), 'acct_qualification', False, Jsonb({'standard': {'price_id': 'price_co ... (110 chars)))
prepare = None, binary = None

    def execute(
        self,
        query: Query,
        params: Params | None = None,
        *,
        prepare: bool | None = None,
        binary: bool | None = None,
    ) -> Self:
        """
        Execute a query or command to the database.
        """
        try:
            with self._conn.lock:
                self._conn.wait(
                    self._execute_gen(query, params, prepare=prepare, binary=binary)
                )
        except e._NO_TRACEBACK as ex:
>           raise ex.with_traceback(None)
E           psycopg.errors.UniqueViolation: duplicate key value violates unique constraint "billing_paid_coverage_authority_pkey"
E           DETAIL:  Key (id)=(1) already exists.

.venv/lib/python3.14/site-packages/psycopg/cursor.py:117: UniqueViolation

The above exception was the direct cause of the following exception:

    @pytest.fixture
    def admitted():
        assert connections["default"].vendor == "postgresql"
        user, customer, subscription = make_subscription(email="paid-authority@example.invalid", founder=False)
        org = Organization.objects.create(name="Synthetic paid authority")
        OrganizationMember.objects.create(organization=org, user=user, role="owner")
        subscription.organization = org
        subscription.save(update_fields=["organization"])
>       PaidCoverageAuthority.objects.create(stripe_account_id="acct_qualification", livemode=False,
            contracts={"standard": {"price_id": "price_core_standard", "amount_cents": 9900, "contract_version": "core.monthly.v1"}})

tests/test_paid_coverage_authority.py:28: 
_ _ _ _ _ _ _ _ _ _ _ _ _ _ _ _ _ _ _ _ _ _ _ _ _ _ _ _ _ _ _ _ _ _ _ _ _ _ _ _ 
.venv/lib/python3.14/site-packages/django/db/models/manager.py:87: in manager_method
    return getattr(self.get_queryset(), name)(*args, **kwargs)
           ^^^^^^^^^^^^^^^^^^^^^^^^^^^^^^^^^^^^^^^^^^^^^^^^^^^
.venv/lib/python3.14/site-packages/django/db/models/query.py:665: in create
    obj.save(force_insert=True, using=self.db)
.venv/lib/python3.14/site-packages/django/db/models/base.py:902: in save
    self.save_base(
.venv/lib/python3.14/site-packages/django/db/models/base.py:1008: in save_base
    updated = self._save_table(
.venv/lib/python3.14/site-packages/django/db/models/base.py:1169: in _save_table
    results = self._do_insert(
.venv/lib/python3.14/site-packages/django/db/models/base.py:1210: in _do_insert
    return manager._insert(
.venv/lib/python3.14/site-packages/django/db/models/manager.py:87: in manager_method
    return getattr(self.get_queryset(), name)(*args, **kwargs)
           ^^^^^^^^^^^^^^^^^^^^^^^^^^^^^^^^^^^^^^^^^^^^^^^^^^^
.venv/lib/python3.14/site-packages/django/db/models/query.py:1873: in _insert
    return query.get_compiler(using=using).execute_sql(returning_fields)
           ^^^^^^^^^^^^^^^^^^^^^^^^^^^^^^^^^^^^^^^^^^^^^^^^^^^^^^^^^^^^^
.venv/lib/python3.14/site-packages/django/db/models/sql/compiler.py:1882: in execute_sql
    cursor.execute(sql, params)
.venv/lib/python3.14/site-packages/django/db/backends/utils.py:79: in execute
    return self._execute_with_wrappers(
.venv/lib/python3.14/site-packages/django/db/backends/utils.py:92: in _execute_with_wrappers
    return executor(sql, params, many, context)
           ^^^^^^^^^^^^^^^^^^^^^^^^^^^^^^^^^^^^
.venv/lib/python3.14/site-packages/django/db/backends/utils.py:100: in _execute
    with self.db.wrap_database_errors:
         ^^^^^^^^^^^^^^^^^^^^^^^^^^^^
.venv/lib/python3.14/site-packages/django/db/utils.py:91: in __exit__
    raise dj_exc_value.with_traceback(traceback) from exc_value
.venv/lib/python3.14/site-packages/django/db/backends/utils.py:105: in _execute
    return self.cursor.execute(sql, params)
           ^^^^^^^^^^^^^^^^^^^^^^^^^^^^^^^^
_ _ _ _ _ _ _ _ _ _ _ _ _ _ _ _ _ _ _ _ _ _ _ _ _ _ _ _ _ _ _ _ _ _ _ _ _ _ _ _ 

self = <django.db.backends.postgresql.base.Cursor [closed] [IDLE] (host=qualification-db user=postgres database=test_qualification) at 0x760b51359fd0>
query = 'INSERT INTO "billing_paid_coverage_authority" ("id", "stripe_account_id", "livemode", "contracts") VALUES (%s, %s, %s, %s)'
params = (Int2(1), 'acct_qualification', False, Jsonb({'standard': {'price_id': 'price_co ... (110 chars)))
prepare = None, binary = None

    def execute(
        self,
        query: Query,
        params: Params | None = None,
        *,
        prepare: bool | None = None,
        binary: bool | None = None,
    ) -> Self:
        """
        Execute a query or command to the database.
        """
        try:
            with self._conn.lock:
                self._conn.wait(
                    self._execute_gen(query, params, prepare=prepare, binary=binary)
                )
        except e._NO_TRACEBACK as ex:
>           raise ex.with_traceback(None)
E           django.db.utils.IntegrityError: duplicate key value violates unique constraint "billing_paid_coverage_authority_pkey"
E           DETAIL:  Key (id)=(1) already exists.

.venv/lib/python3.14/site-packages/psycopg/cursor.py:117: IntegrityError
_ ERROR at setup of test_app_worker_raw_receipt_insertion_and_admission_role_table_access_denied _

self = <django.db.backends.utils.CursorWrapper object at 0x760b50d11370>
sql = 'INSERT INTO "billing_paid_coverage_authority" ("id", "stripe_account_id", "livemode", "contracts") VALUES (%s, %s, %s, %s)'
params = (Int2(1), 'acct_qualification', False, Jsonb({'standard': {'price_id': 'price_co ... (110 chars)))
ignored_wrapper_args = (False, {'connection': <DatabaseWrapper vendor='postgresql' alias='default'>, 'cursor': <django.db.backends.utils.CursorWrapper object at 0x760b50d11370>})

    def _execute(self, sql, params, *ignored_wrapper_args):
        # Raise a warning during app initialization (stored_app_configs is only
        # ever set during testing).
        if not apps.ready and not apps.stored_app_configs:
            warnings.warn(self.APPS_NOT_READY_WARNING_MSG, category=RuntimeWarning)
        self.db.validate_no_broken_transaction()
        with self.db.wrap_database_errors:
            if params is None:
                # params default might be backend specific.
                return self.cursor.execute(sql)
            else:
>               return self.cursor.execute(sql, params)
                       ^^^^^^^^^^^^^^^^^^^^^^^^^^^^^^^^

.venv/lib/python3.14/site-packages/django/db/backends/utils.py:105: 
_ _ _ _ _ _ _ _ _ _ _ _ _ _ _ _ _ _ _ _ _ _ _ _ _ _ _ _ _ _ _ _ _ _ _ _ _ _ _ _ 

self = <django.db.backends.postgresql.base.Cursor [closed] [IDLE] (host=qualification-db user=postgres database=test_qualification) at 0x760b513584b0>
query = 'INSERT INTO "billing_paid_coverage_authority" ("id", "stripe_account_id", "livemode", "contracts") VALUES (%s, %s, %s, %s)'
params = (Int2(1), 'acct_qualification', False, Jsonb({'standard': {'price_id': 'price_co ... (110 chars)))
prepare = None, binary = None

    def execute(
        self,
        query: Query,
        params: Params | None = None,
        *,
        prepare: bool | None = None,
        binary: bool | None = None,
    ) -> Self:
        """
        Execute a query or command to the database.
        """
        try:
            with self._conn.lock:
                self._conn.wait(
                    self._execute_gen(query, params, prepare=prepare, binary=binary)
                )
        except e._NO_TRACEBACK as ex:
>           raise ex.with_traceback(None)
E           psycopg.errors.UniqueViolation: duplicate key value violates unique constraint "billing_paid_coverage_authority_pkey"
E           DETAIL:  Key (id)=(1) already exists.

.venv/lib/python3.14/site-packages/psycopg/cursor.py:117: UniqueViolation

The above exception was the direct cause of the following exception:

    @pytest.fixture
    def admitted():
        assert connections["default"].vendor == "postgresql"
        user, customer, subscription = make_subscription(email="paid-authority@example.invalid", founder=False)
        org = Organization.objects.create(name="Synthetic paid authority")
        OrganizationMember.objects.create(organization=org, user=user, role="owner")
        subscription.organization = org
        subscription.save(update_fields=["organization"])
>       PaidCoverageAuthority.objects.create(stripe_account_id="acct_qualification", livemode=False,
            contracts={"standard": {"price_id": "price_core_standard", "amount_cents": 9900, "contract_version": "core.monthly.v1"}})

tests/test_paid_coverage_authority.py:28: 
_ _ _ _ _ _ _ _ _ _ _ _ _ _ _ _ _ _ _ _ _ _ _ _ _ _ _ _ _ _ _ _ _ _ _ _ _ _ _ _ 
.venv/lib/python3.14/site-packages/django/db/models/manager.py:87: in manager_method
    return getattr(self.get_queryset(), name)(*args, **kwargs)
           ^^^^^^^^^^^^^^^^^^^^^^^^^^^^^^^^^^^^^^^^^^^^^^^^^^^
.venv/lib/python3.14/site-packages/django/db/models/query.py:665: in create
    obj.save(force_insert=True, using=self.db)
.venv/lib/python3.14/site-packages/django/db/models/base.py:902: in save
    self.save_base(
.venv/lib/python3.14/site-packages/django/db/models/base.py:1008: in save_base
    updated = self._save_table(
.venv/lib/python3.14/site-packages/django/db/models/base.py:1169: in _save_table
    results = self._do_insert(
.venv/lib/python3.14/site-packages/django/db/models/base.py:1210: in _do_insert
    return manager._insert(
.venv/lib/python3.14/site-packages/django/db/models/manager.py:87: in manager_method
    return getattr(self.get_queryset(), name)(*args, **kwargs)
           ^^^^^^^^^^^^^^^^^^^^^^^^^^^^^^^^^^^^^^^^^^^^^^^^^^^
.venv/lib/python3.14/site-packages/django/db/models/query.py:1873: in _insert
    return query.get_compiler(using=using).execute_sql(returning_fields)
           ^^^^^^^^^^^^^^^^^^^^^^^^^^^^^^^^^^^^^^^^^^^^^^^^^^^^^^^^^^^^^
.venv/lib/python3.14/site-packages/django/db/models/sql/compiler.py:1882: in execute_sql
    cursor.execute(sql, params)
.venv/lib/python3.14/site-packages/django/db/backends/utils.py:79: in execute
    return self._execute_with_wrappers(
.venv/lib/python3.14/site-packages/django/db/backends/utils.py:92: in _execute_with_wrappers
    return executor(sql, params, many, context)
           ^^^^^^^^^^^^^^^^^^^^^^^^^^^^^^^^^^^^
.venv/lib/python3.14/site-packages/django/db/backends/utils.py:100: in _execute
    with self.db.wrap_database_errors:
         ^^^^^^^^^^^^^^^^^^^^^^^^^^^^
.venv/lib/python3.14/site-packages/django/db/utils.py:91: in __exit__
    raise dj_exc_value.with_traceback(traceback) from exc_value
.venv/lib/python3.14/site-packages/django/db/backends/utils.py:105: in _execute
    return self.cursor.execute(sql, params)
           ^^^^^^^^^^^^^^^^^^^^^^^^^^^^^^^^
_ _ _ _ _ _ _ _ _ _ _ _ _ _ _ _ _ _ _ _ _ _ _ _ _ _ _ _ _ _ _ _ _ _ _ _ _ _ _ _ 

self = <django.db.backends.postgresql.base.Cursor [closed] [IDLE] (host=qualification-db user=postgres database=test_qualification) at 0x760b513584b0>
query = 'INSERT INTO "billing_paid_coverage_authority" ("id", "stripe_account_id", "livemode", "contracts") VALUES (%s, %s, %s, %s)'
params = (Int2(1), 'acct_qualification', False, Jsonb({'standard': {'price_id': 'price_co ... (110 chars)))
prepare = None, binary = None

    def execute(
        self,
        query: Query,
        params: Params | None = None,
        *,
        prepare: bool | None = None,
        binary: bool | None = None,
    ) -> Self:
        """
        Execute a query or command to the database.
        """
        try:
            with self._conn.lock:
                self._conn.wait(
                    self._execute_gen(query, params, prepare=prepare, binary=binary)
                )
        except e._NO_TRACEBACK as ex:
>           raise ex.with_traceback(None)
E           django.db.utils.IntegrityError: duplicate key value violates unique constraint "billing_paid_coverage_authority_pkey"
E           DETAIL:  Key (id)=(1) already exists.

.venv/lib/python3.14/site-packages/psycopg/cursor.py:117: IntegrityError
_ ERROR at setup of test_failed_renewal_projection_does_not_override_issued_coverage[current-True] _

self = <django.db.backends.utils.CursorWrapper object at 0x760b51198650>
sql = 'INSERT INTO "billing_paid_coverage_authority" ("id", "stripe_account_id", "livemode", "contracts") VALUES (%s, %s, %s, %s)'
params = (Int2(1), 'acct_qualification', False, Jsonb({'standard': {'price_id': 'price_co ... (110 chars)))
ignored_wrapper_args = (False, {'connection': <DatabaseWrapper vendor='postgresql' alias='default'>, 'cursor': <django.db.backends.utils.CursorWrapper object at 0x760b51198650>})

    def _execute(self, sql, params, *ignored_wrapper_args):
        # Raise a warning during app initialization (stored_app_configs is only
        # ever set during testing).
        if not apps.ready and not apps.stored_app_configs:
            warnings.warn(self.APPS_NOT_READY_WARNING_MSG, category=RuntimeWarning)
        self.db.validate_no_broken_transaction()
        with self.db.wrap_database_errors:
            if params is None:
                # params default might be backend specific.
                return self.cursor.execute(sql)
            else:
>               return self.cursor.execute(sql, params)
                       ^^^^^^^^^^^^^^^^^^^^^^^^^^^^^^^^

.venv/lib/python3.14/site-packages/django/db/backends/utils.py:105: 
_ _ _ _ _ _ _ _ _ _ _ _ _ _ _ _ _ _ _ _ _ _ _ _ _ _ _ _ _ _ _ _ _ _ _ _ _ _ _ _ 

self = <django.db.backends.postgresql.base.Cursor [closed] [IDLE] (host=qualification-db user=postgres database=test_qualification) at 0x760b513583d0>
query = 'INSERT INTO "billing_paid_coverage_authority" ("id", "stripe_account_id", "livemode", "contracts") VALUES (%s, %s, %s, %s)'
params = (Int2(1), 'acct_qualification', False, Jsonb({'standard': {'price_id': 'price_co ... (110 chars)))
prepare = None, binary = None

    def execute(
        self,
        query: Query,
        params: Params | None = None,
        *,
        prepare: bool | None = None,
        binary: bool | None = None,
    ) -> Self:
        """
        Execute a query or command to the database.
        """
        try:
            with self._conn.lock:
                self._conn.wait(
                    self._execute_gen(query, params, prepare=prepare, binary=binary)
                )
        except e._NO_TRACEBACK as ex:
>           raise ex.with_traceback(None)
E           psycopg.errors.UniqueViolation: duplicate key value violates unique constraint "billing_paid_coverage_authority_pkey"
E           DETAIL:  Key (id)=(1) already exists.

.venv/lib/python3.14/site-packages/psycopg/cursor.py:117: UniqueViolation

The above exception was the direct cause of the following exception:

    @pytest.fixture
    def admitted():
        assert connections["default"].vendor == "postgresql"
        user, customer, subscription = make_subscription(email="paid-authority@example.invalid", founder=False)
        org = Organization.objects.create(name="Synthetic paid authority")
        OrganizationMember.objects.create(organization=org, user=user, role="owner")
        subscription.organization = org
        subscription.save(update_fields=["organization"])
>       PaidCoverageAuthority.objects.create(stripe_account_id="acct_qualification", livemode=False,
            contracts={"standard": {"price_id": "price_core_standard", "amount_cents": 9900, "contract_version": "core.monthly.v1"}})

tests/test_paid_coverage_authority.py:28: 
_ _ _ _ _ _ _ _ _ _ _ _ _ _ _ _ _ _ _ _ _ _ _ _ _ _ _ _ _ _ _ _ _ _ _ _ _ _ _ _ 
.venv/lib/python3.14/site-packages/django/db/models/manager.py:87: in manager_method
    return getattr(self.get_queryset(), name)(*args, **kwargs)
           ^^^^^^^^^^^^^^^^^^^^^^^^^^^^^^^^^^^^^^^^^^^^^^^^^^^
.venv/lib/python3.14/site-packages/django/db/models/query.py:665: in create
    obj.save(force_insert=True, using=self.db)
.venv/lib/python3.14/site-packages/django/db/models/base.py:902: in save
    self.save_base(
.venv/lib/python3.14/site-packages/django/db/models/base.py:1008: in save_base
    updated = self._save_table(
.venv/lib/python3.14/site-packages/django/db/models/base.py:1169: in _save_table
    results = self._do_insert(
.venv/lib/python3.14/site-packages/django/db/models/base.py:1210: in _do_insert
    return manager._insert(
.venv/lib/python3.14/site-packages/django/db/models/manager.py:87: in manager_method
    return getattr(self.get_queryset(), name)(*args, **kwargs)
           ^^^^^^^^^^^^^^^^^^^^^^^^^^^^^^^^^^^^^^^^^^^^^^^^^^^
.venv/lib/python3.14/site-packages/django/db/models/query.py:1873: in _insert
    return query.get_compiler(using=using).execute_sql(returning_fields)
           ^^^^^^^^^^^^^^^^^^^^^^^^^^^^^^^^^^^^^^^^^^^^^^^^^^^^^^^^^^^^^
.venv/lib/python3.14/site-packages/django/db/models/sql/compiler.py:1882: in execute_sql
    cursor.execute(sql, params)
.venv/lib/python3.14/site-packages/django/db/backends/utils.py:79: in execute
    return self._execute_with_wrappers(
.venv/lib/python3.14/site-packages/django/db/backends/utils.py:92: in _execute_with_wrappers
    return executor(sql, params, many, context)
           ^^^^^^^^^^^^^^^^^^^^^^^^^^^^^^^^^^^^
.venv/lib/python3.14/site-packages/django/db/backends/utils.py:100: in _execute
    with self.db.wrap_database_errors:
         ^^^^^^^^^^^^^^^^^^^^^^^^^^^^
.venv/lib/python3.14/site-packages/django/db/utils.py:91: in __exit__
    raise dj_exc_value.with_traceback(traceback) from exc_value
.venv/lib/python3.14/site-packages/django/db/backends/utils.py:105: in _execute
    return self.cursor.execute(sql, params)
           ^^^^^^^^^^^^^^^^^^^^^^^^^^^^^^^^
_ _ _ _ _ _ _ _ _ _ _ _ _ _ _ _ _ _ _ _ _ _ _ _ _ _ _ _ _ _ _ _ _ _ _ _ _ _ _ _ 

self = <django.db.backends.postgresql.base.Cursor [closed] [IDLE] (host=qualification-db user=postgres database=test_qualification) at 0x760b513583d0>
query = 'INSERT INTO "billing_paid_coverage_authority" ("id", "stripe_account_id", "livemode", "contracts") VALUES (%s, %s, %s, %s)'
params = (Int2(1), 'acct_qualification', False, Jsonb({'standard': {'price_id': 'price_co ... (110 chars)))
prepare = None, binary = None

    def execute(
        self,
        query: Query,
        params: Params | None = None,
        *,
        prepare: bool | None = None,
        binary: bool | None = None,
    ) -> Self:
        """
        Execute a query or command to the database.
        """
        try:
            with self._conn.lock:
                self._conn.wait(
                    self._execute_gen(query, params, prepare=prepare, binary=binary)
                )
        except e._NO_TRACEBACK as ex:
>           raise ex.with_traceback(None)
E           django.db.utils.IntegrityError: duplicate key value violates unique constraint "billing_paid_coverage_authority_pkey"
E           DETAIL:  Key (id)=(1) already exists.

.venv/lib/python3.14/site-packages/psycopg/cursor.py:117: IntegrityError
_ ERROR at setup of test_failed_renewal_projection_does_not_override_issued_coverage[expired-False] _

self = <django.db.backends.utils.CursorWrapper object at 0x760b51199970>
sql = 'INSERT INTO "billing_paid_coverage_authority" ("id", "stripe_account_id", "livemode", "contracts") VALUES (%s, %s, %s, %s)'
params = (Int2(1), 'acct_qualification', False, Jsonb({'standard': {'price_id': 'price_co ... (110 chars)))
ignored_wrapper_args = (False, {'connection': <DatabaseWrapper vendor='postgresql' alias='default'>, 'cursor': <django.db.backends.utils.CursorWrapper object at 0x760b51199970>})

    def _execute(self, sql, params, *ignored_wrapper_args):
        # Raise a warning during app initialization (stored_app_configs is only
        # ever set during testing).
        if not apps.ready and not apps.stored_app_configs:
            warnings.warn(self.APPS_NOT_READY_WARNING_MSG, category=RuntimeWarning)
        self.db.validate_no_broken_transaction()
        with self.db.wrap_database_errors:
            if params is None:
                # params default might be backend specific.
                return self.cursor.execute(sql)
            else:
>               return self.cursor.execute(sql, params)
                       ^^^^^^^^^^^^^^^^^^^^^^^^^^^^^^^^

.venv/lib/python3.14/site-packages/django/db/backends/utils.py:105: 
_ _ _ _ _ _ _ _ _ _ _ _ _ _ _ _ _ _ _ _ _ _ _ _ _ _ _ _ _ _ _ _ _ _ _ _ _ _ _ _ 

self = <django.db.backends.postgresql.base.Cursor [closed] [IDLE] (host=qualification-db user=postgres database=test_qualification) at 0x760b514fb070>
query = 'INSERT INTO "billing_paid_coverage_authority" ("id", "stripe_account_id", "livemode", "contracts") VALUES (%s, %s, %s, %s)'
params = (Int2(1), 'acct_qualification', False, Jsonb({'standard': {'price_id': 'price_co ... (110 chars)))
prepare = None, binary = None

    def execute(
        self,
        query: Query,
        params: Params | None = None,
        *,
        prepare: bool | None = None,
        binary: bool | None = None,
    ) -> Self:
        """
        Execute a query or command to the database.
        """
        try:
            with self._conn.lock:
                self._conn.wait(
                    self._execute_gen(query, params, prepare=prepare, binary=binary)
                )
        except e._NO_TRACEBACK as ex:
>           raise ex.with_traceback(None)
E           psycopg.errors.UniqueViolation: duplicate key value violates unique constraint "billing_paid_coverage_authority_pkey"
E           DETAIL:  Key (id)=(1) already exists.

.venv/lib/python3.14/site-packages/psycopg/cursor.py:117: UniqueViolation

The above exception was the direct cause of the following exception:

    @pytest.fixture
    def admitted():
        assert connections["default"].vendor == "postgresql"
        user, customer, subscription = make_subscription(email="paid-authority@example.invalid", founder=False)
        org = Organization.objects.create(name="Synthetic paid authority")
        OrganizationMember.objects.create(organization=org, user=user, role="owner")
        subscription.organization = org
        subscription.save(update_fields=["organization"])
>       PaidCoverageAuthority.objects.create(stripe_account_id="acct_qualification", livemode=False,
            contracts={"standard": {"price_id": "price_core_standard", "amount_cents": 9900, "contract_version": "core.monthly.v1"}})

tests/test_paid_coverage_authority.py:28: 
_ _ _ _ _ _ _ _ _ _ _ _ _ _ _ _ _ _ _ _ _ _ _ _ _ _ _ _ _ _ _ _ _ _ _ _ _ _ _ _ 
.venv/lib/python3.14/site-packages/django/db/models/manager.py:87: in manager_method
    return getattr(self.get_queryset(), name)(*args, **kwargs)
           ^^^^^^^^^^^^^^^^^^^^^^^^^^^^^^^^^^^^^^^^^^^^^^^^^^^
.venv/lib/python3.14/site-packages/django/db/models/query.py:665: in create
    obj.save(force_insert=True, using=self.db)
.venv/lib/python3.14/site-packages/django/db/models/base.py:902: in save
    self.save_base(
.venv/lib/python3.14/site-packages/django/db/models/base.py:1008: in save_base
    updated = self._save_table(
.venv/lib/python3.14/site-packages/django/db/models/base.py:1169: in _save_table
    results = self._do_insert(
.venv/lib/python3.14/site-packages/django/db/models/base.py:1210: in _do_insert
    return manager._insert(
.venv/lib/python3.14/site-packages/django/db/models/manager.py:87: in manager_method
    return getattr(self.get_queryset(), name)(*args, **kwargs)
           ^^^^^^^^^^^^^^^^^^^^^^^^^^^^^^^^^^^^^^^^^^^^^^^^^^^
.venv/lib/python3.14/site-packages/django/db/models/query.py:1873: in _insert
    return query.get_compiler(using=using).execute_sql(returning_fields)
           ^^^^^^^^^^^^^^^^^^^^^^^^^^^^^^^^^^^^^^^^^^^^^^^^^^^^^^^^^^^^^
.venv/lib/python3.14/site-packages/django/db/models/sql/compiler.py:1882: in execute_sql
    cursor.execute(sql, params)
.venv/lib/python3.14/site-packages/django/db/backends/utils.py:79: in execute
    return self._execute_with_wrappers(
.venv/lib/python3.14/site-packages/django/db/backends/utils.py:92: in _execute_with_wrappers
    return executor(sql, params, many, context)
           ^^^^^^^^^^^^^^^^^^^^^^^^^^^^^^^^^^^^
.venv/lib/python3.14/site-packages/django/db/backends/utils.py:100: in _execute
    with self.db.wrap_database_errors:
         ^^^^^^^^^^^^^^^^^^^^^^^^^^^^
.venv/lib/python3.14/site-packages/django/db/utils.py:91: in __exit__
    raise dj_exc_value.with_traceback(traceback) from exc_value
.venv/lib/python3.14/site-packages/django/db/backends/utils.py:105: in _execute
    return self.cursor.execute(sql, params)
           ^^^^^^^^^^^^^^^^^^^^^^^^^^^^^^^^
_ _ _ _ _ _ _ _ _ _ _ _ _ _ _ _ _ _ _ _ _ _ _ _ _ _ _ _ _ _ _ _ _ _ _ _ _ _ _ _ 

self = <django.db.backends.postgresql.base.Cursor [closed] [IDLE] (host=qualification-db user=postgres database=test_qualification) at 0x760b514fb070>
query = 'INSERT INTO "billing_paid_coverage_authority" ("id", "stripe_account_id", "livemode", "contracts") VALUES (%s, %s, %s, %s)'
params = (Int2(1), 'acct_qualification', False, Jsonb({'standard': {'price_id': 'price_co ... (110 chars)))
prepare = None, binary = None

    def execute(
        self,
        query: Query,
        params: Params | None = None,
        *,
        prepare: bool | None = None,
        binary: bool | None = None,
    ) -> Self:
        """
        Execute a query or command to the database.
        """
        try:
            with self._conn.lock:
                self._conn.wait(
                    self._execute_gen(query, params, prepare=prepare, binary=binary)
                )
        except e._NO_TRACEBACK as ex:
>           raise ex.with_traceback(None)
E           django.db.utils.IntegrityError: duplicate key value violates unique constraint "billing_paid_coverage_authority_pkey"
E           DETAIL:  Key (id)=(1) already exists.

.venv/lib/python3.14/site-packages/psycopg/cursor.py:117: IntegrityError
_ ERROR at setup of test_failed_renewal_projection_does_not_override_issued_coverage[missing-False] _

self = <django.db.backends.utils.CursorWrapper object at 0x760b5105b170>
sql = 'INSERT INTO "billing_paid_coverage_authority" ("id", "stripe_account_id", "livemode", "contracts") VALUES (%s, %s, %s, %s)'
params = (Int2(1), 'acct_qualification', False, Jsonb({'standard': {'price_id': 'price_co ... (110 chars)))
ignored_wrapper_args = (False, {'connection': <DatabaseWrapper vendor='postgresql' alias='default'>, 'cursor': <django.db.backends.utils.CursorWrapper object at 0x760b5105b170>})

    def _execute(self, sql, params, *ignored_wrapper_args):
        # Raise a warning during app initialization (stored_app_configs is only
        # ever set during testing).
        if not apps.ready and not apps.stored_app_configs:
            warnings.warn(self.APPS_NOT_READY_WARNING_MSG, category=RuntimeWarning)
        self.db.validate_no_broken_transaction()
        with self.db.wrap_database_errors:
            if params is None:
                # params default might be backend specific.
                return self.cursor.execute(sql)
            else:
>               return self.cursor.execute(sql, params)
                       ^^^^^^^^^^^^^^^^^^^^^^^^^^^^^^^^

.venv/lib/python3.14/site-packages/django/db/backends/utils.py:105: 
_ _ _ _ _ _ _ _ _ _ _ _ _ _ _ _ _ _ _ _ _ _ _ _ _ _ _ _ _ _ _ _ _ _ _ _ _ _ _ _ 

self = <django.db.backends.postgresql.base.Cursor [closed] [IDLE] (host=qualification-db user=postgres database=test_qualification) at 0x760b513589f0>
query = 'INSERT INTO "billing_paid_coverage_authority" ("id", "stripe_account_id", "livemode", "contracts") VALUES (%s, %s, %s, %s)'
params = (Int2(1), 'acct_qualification', False, Jsonb({'standard': {'price_id': 'price_co ... (110 chars)))
prepare = None, binary = None

    def execute(
        self,
        query: Query,
        params: Params | None = None,
        *,
        prepare: bool | None = None,
        binary: bool | None = None,
    ) -> Self:
        """
        Execute a query or command to the database.
        """
        try:
            with self._conn.lock:
                self._conn.wait(
                    self._execute_gen(query, params, prepare=prepare, binary=binary)
                )
        except e._NO_TRACEBACK as ex:
>           raise ex.with_traceback(None)
E           psycopg.errors.UniqueViolation: duplicate key value violates unique constraint "billing_paid_coverage_authority_pkey"
E           DETAIL:  Key (id)=(1) already exists.

.venv/lib/python3.14/site-packages/psycopg/cursor.py:117: UniqueViolation

The above exception was the direct cause of the following exception:

    @pytest.fixture
    def admitted():
        assert connections["default"].vendor == "postgresql"
        user, customer, subscription = make_subscription(email="paid-authority@example.invalid", founder=False)
        org = Organization.objects.create(name="Synthetic paid authority")
        OrganizationMember.objects.create(organization=org, user=user, role="owner")
        subscription.organization = org
        subscription.save(update_fields=["organization"])
>       PaidCoverageAuthority.objects.create(stripe_account_id="acct_qualification", livemode=False,
            contracts={"standard": {"price_id": "price_core_standard", "amount_cents": 9900, "contract_version": "core.monthly.v1"}})

tests/test_paid_coverage_authority.py:28: 
_ _ _ _ _ _ _ _ _ _ _ _ _ _ _ _ _ _ _ _ _ _ _ _ _ _ _ _ _ _ _ _ _ _ _ _ _ _ _ _ 
.venv/lib/python3.14/site-packages/django/db/models/manager.py:87: in manager_method
    return getattr(self.get_queryset(), name)(*args, **kwargs)
           ^^^^^^^^^^^^^^^^^^^^^^^^^^^^^^^^^^^^^^^^^^^^^^^^^^^
.venv/lib/python3.14/site-packages/django/db/models/query.py:665: in create
    obj.save(force_insert=True, using=self.db)
.venv/lib/python3.14/site-packages/django/db/models/base.py:902: in save
    self.save_base(
.venv/lib/python3.14/site-packages/django/db/models/base.py:1008: in save_base
    updated = self._save_table(
.venv/lib/python3.14/site-packages/django/db/models/base.py:1169: in _save_table
    results = self._do_insert(
.venv/lib/python3.14/site-packages/django/db/models/base.py:1210: in _do_insert
    return manager._insert(
.venv/lib/python3.14/site-packages/django/db/models/manager.py:87: in manager_method
    return getattr(self.get_queryset(), name)(*args, **kwargs)
           ^^^^^^^^^^^^^^^^^^^^^^^^^^^^^^^^^^^^^^^^^^^^^^^^^^^
.venv/lib/python3.14/site-packages/django/db/models/query.py:1873: in _insert
    return query.get_compiler(using=using).execute_sql(returning_fields)
           ^^^^^^^^^^^^^^^^^^^^^^^^^^^^^^^^^^^^^^^^^^^^^^^^^^^^^^^^^^^^^
.venv/lib/python3.14/site-packages/django/db/models/sql/compiler.py:1882: in execute_sql
    cursor.execute(sql, params)
.venv/lib/python3.14/site-packages/django/db/backends/utils.py:79: in execute
    return self._execute_with_wrappers(
.venv/lib/python3.14/site-packages/django/db/backends/utils.py:92: in _execute_with_wrappers
    return executor(sql, params, many, context)
           ^^^^^^^^^^^^^^^^^^^^^^^^^^^^^^^^^^^^
.venv/lib/python3.14/site-packages/django/db/backends/utils.py:100: in _execute
    with self.db.wrap_database_errors:
         ^^^^^^^^^^^^^^^^^^^^^^^^^^^^
.venv/lib/python3.14/site-packages/django/db/utils.py:91: in __exit__
    raise dj_exc_value.with_traceback(traceback) from exc_value
.venv/lib/python3.14/site-packages/django/db/backends/utils.py:105: in _execute
    return self.cursor.execute(sql, params)
           ^^^^^^^^^^^^^^^^^^^^^^^^^^^^^^^^
_ _ _ _ _ _ _ _ _ _ _ _ _ _ _ _ _ _ _ _ _ _ _ _ _ _ _ _ _ _ _ _ _ _ _ _ _ _ _ _ 

self = <django.db.backends.postgresql.base.Cursor [closed] [IDLE] (host=qualification-db user=postgres database=test_qualification) at 0x760b513589f0>
query = 'INSERT INTO "billing_paid_coverage_authority" ("id", "stripe_account_id", "livemode", "contracts") VALUES (%s, %s, %s, %s)'
params = (Int2(1), 'acct_qualification', False, Jsonb({'standard': {'price_id': 'price_co ... (110 chars)))
prepare = None, binary = None

    def execute(
        self,
        query: Query,
        params: Params | None = None,
        *,
        prepare: bool | None = None,
        binary: bool | None = None,
    ) -> Self:
        """
        Execute a query or command to the database.
        """
        try:
            with self._conn.lock:
                self._conn.wait(
                    self._execute_gen(query, params, prepare=prepare, binary=binary)
                )
        except e._NO_TRACEBACK as ex:
>           raise ex.with_traceback(None)
E           django.db.utils.IntegrityError: duplicate key value violates unique constraint "billing_paid_coverage_authority_pkey"
E           DETAIL:  Key (id)=(1) already exists.

.venv/lib/python3.14/site-packages/psycopg/cursor.py:117: IntegrityError
______ ERROR at setup of test_admission_role_has_no_provider_table_access ______

self = <django.db.backends.utils.CursorWrapper object at 0x760b510590d0>
sql = 'INSERT INTO "billing_paid_coverage_authority" ("id", "stripe_account_id", "livemode", "contracts") VALUES (%s, %s, %s, %s)'
params = (Int2(1), 'acct_qualification', False, Jsonb({'standard': {'price_id': 'price_co ... (110 chars)))
ignored_wrapper_args = (False, {'connection': <DatabaseWrapper vendor='postgresql' alias='default'>, 'cursor': <django.db.backends.utils.CursorWrapper object at 0x760b510590d0>})

    def _execute(self, sql, params, *ignored_wrapper_args):
        # Raise a warning during app initialization (stored_app_configs is only
        # ever set during testing).
        if not apps.ready and not apps.stored_app_configs:
            warnings.warn(self.APPS_NOT_READY_WARNING_MSG, category=RuntimeWarning)
        self.db.validate_no_broken_transaction()
        with self.db.wrap_database_errors:
            if params is None:
                # params default might be backend specific.
                return self.cursor.execute(sql)
            else:
>               return self.cursor.execute(sql, params)
                       ^^^^^^^^^^^^^^^^^^^^^^^^^^^^^^^^

.venv/lib/python3.14/site-packages/django/db/backends/utils.py:105: 
_ _ _ _ _ _ _ _ _ _ _ _ _ _ _ _ _ _ _ _ _ _ _ _ _ _ _ _ _ _ _ _ _ _ _ _ _ _ _ _ 

self = <django.db.backends.postgresql.base.Cursor [closed] [IDLE] (host=qualification-db user=postgres database=test_qualification) at 0x760b51c8d390>
query = 'INSERT INTO "billing_paid_coverage_authority" ("id", "stripe_account_id", "livemode", "contracts") VALUES (%s, %s, %s, %s)'
params = (Int2(1), 'acct_qualification', False, Jsonb({'standard': {'price_id': 'price_co ... (110 chars)))
prepare = None, binary = None

    def execute(
        self,
        query: Query,
        params: Params | None = None,
        *,
        prepare: bool | None = None,
        binary: bool | None = None,
    ) -> Self:
        """
        Execute a query or command to the database.
        """
        try:
            with self._conn.lock:
                self._conn.wait(
                    self._execute_gen(query, params, prepare=prepare, binary=binary)
                )
        except e._NO_TRACEBACK as ex:
>           raise ex.with_traceback(None)
E           psycopg.errors.UniqueViolation: duplicate key value violates unique constraint "billing_paid_coverage_authority_pkey"
E           DETAIL:  Key (id)=(1) already exists.

.venv/lib/python3.14/site-packages/psycopg/cursor.py:117: UniqueViolation

The above exception was the direct cause of the following exception:

    @pytest.fixture
    def admitted():
        assert connections["default"].vendor == "postgresql"
        user, customer, subscription = make_subscription(email="paid-authority@example.invalid", founder=False)
        org = Organization.objects.create(name="Synthetic paid authority")
        OrganizationMember.objects.create(organization=org, user=user, role="owner")
        subscription.organization = org
        subscription.save(update_fields=["organization"])
>       PaidCoverageAuthority.objects.create(stripe_account_id="acct_qualification", livemode=False,
            contracts={"standard": {"price_id": "price_core_standard", "amount_cents": 9900, "contract_version": "core.monthly.v1"}})

tests/test_paid_coverage_authority.py:28: 
_ _ _ _ _ _ _ _ _ _ _ _ _ _ _ _ _ _ _ _ _ _ _ _ _ _ _ _ _ _ _ _ _ _ _ _ _ _ _ _ 
.venv/lib/python3.14/site-packages/django/db/models/manager.py:87: in manager_method
    return getattr(self.get_queryset(), name)(*args, **kwargs)
           ^^^^^^^^^^^^^^^^^^^^^^^^^^^^^^^^^^^^^^^^^^^^^^^^^^^
.venv/lib/python3.14/site-packages/django/db/models/query.py:665: in create
    obj.save(force_insert=True, using=self.db)
.venv/lib/python3.14/site-packages/django/db/models/base.py:902: in save
    self.save_base(
.venv/lib/python3.14/site-packages/django/db/models/base.py:1008: in save_base
    updated = self._save_table(
.venv/lib/python3.14/site-packages/django/db/models/base.py:1169: in _save_table
    results = self._do_insert(
.venv/lib/python3.14/site-packages/django/db/models/base.py:1210: in _do_insert
    return manager._insert(
.venv/lib/python3.14/site-packages/django/db/models/manager.py:87: in manager_method
    return getattr(self.get_queryset(), name)(*args, **kwargs)
           ^^^^^^^^^^^^^^^^^^^^^^^^^^^^^^^^^^^^^^^^^^^^^^^^^^^
.venv/lib/python3.14/site-packages/django/db/models/query.py:1873: in _insert
    return query.get_compiler(using=using).execute_sql(returning_fields)
           ^^^^^^^^^^^^^^^^^^^^^^^^^^^^^^^^^^^^^^^^^^^^^^^^^^^^^^^^^^^^^
.venv/lib/python3.14/site-packages/django/db/models/sql/compiler.py:1882: in execute_sql
    cursor.execute(sql, params)
.venv/lib/python3.14/site-packages/django/db/backends/utils.py:79: in execute
    return self._execute_with_wrappers(
.venv/lib/python3.14/site-packages/django/db/backends/utils.py:92: in _execute_with_wrappers
    return executor(sql, params, many, context)
           ^^^^^^^^^^^^^^^^^^^^^^^^^^^^^^^^^^^^
.venv/lib/python3.14/site-packages/django/db/backends/utils.py:100: in _execute
    with self.db.wrap_database_errors:
         ^^^^^^^^^^^^^^^^^^^^^^^^^^^^
.venv/lib/python3.14/site-packages/django/db/utils.py:91: in __exit__
    raise dj_exc_value.with_traceback(traceback) from exc_value
.venv/lib/python3.14/site-packages/django/db/backends/utils.py:105: in _execute
    return self.cursor.execute(sql, params)
           ^^^^^^^^^^^^^^^^^^^^^^^^^^^^^^^^
_ _ _ _ _ _ _ _ _ _ _ _ _ _ _ _ _ _ _ _ _ _ _ _ _ _ _ _ _ _ _ _ _ _ _ _ _ _ _ _ 

self = <django.db.backends.postgresql.base.Cursor [closed] [IDLE] (host=qualification-db user=postgres database=test_qualification) at 0x760b51c8d390>
query = 'INSERT INTO "billing_paid_coverage_authority" ("id", "stripe_account_id", "livemode", "contracts") VALUES (%s, %s, %s, %s)'
params = (Int2(1), 'acct_qualification', False, Jsonb({'standard': {'price_id': 'price_co ... (110 chars)))
prepare = None, binary = None

    def execute(
        self,
        query: Query,
        params: Params | None = None,
        *,
        prepare: bool | None = None,
        binary: bool | None = None,
    ) -> Self:
        """
        Execute a query or command to the database.
        """
        try:
            with self._conn.lock:
                self._conn.wait(
                    self._execute_gen(query, params, prepare=prepare, binary=binary)
                )
        except e._NO_TRACEBACK as ex:
>           raise ex.with_traceback(None)
E           django.db.utils.IntegrityError: duplicate key value violates unique constraint "billing_paid_coverage_authority_pkey"
E           DETAIL:  Key (id)=(1) already exists.

.venv/lib/python3.14/site-packages/psycopg/cursor.py:117: IntegrityError
=============================== warnings summary ===============================
tests/test_paid_workflow_boundary.py::test_expired_customer_can_read_existing_reports_but_not_generate
tests/test_paid_workflow_boundary.py::test_expired_read_exception_cannot_select_another_workspace
tests/test_billing_standard_launch.py::test_standard_only_portfolio_has_no_founder_offer
tests/test_billing_standard_launch.py::test_standard_only_checkout_ignores_submitted_founder_fields
tests/test_billing_standard_launch.py::test_missing_standard_price_stops_before_stripe_or_reservation
  /app/.venv/lib/python3.14/site-packages/django/core/handlers/base.py:61: UserWarning: No directory at: /app/staticfiles/
    mw_instance = middleware(adapted_handler)

-- Docs: https://docs.pytest.org/en/stable/how-to/capture-warnings.html
=========================== short test summary info ============================
ERROR tests/test_paid_coverage_authority.py::test_issuer_is_actual_separate_login_and_app_worker_cannot_issue
ERROR tests/test_paid_coverage_authority.py::test_issuer_rejects_unadmitted_identity_and_contract[livemode-True]
ERROR tests/test_paid_coverage_authority.py::test_issuer_rejects_unadmitted_identity_and_contract[stripe_account_id-acct_wrong]
ERROR tests/test_paid_coverage_authority.py::test_issuer_rejects_unadmitted_identity_and_contract[stripe_customer_id-cus_wrong]
ERROR tests/test_paid_coverage_authority.py::test_issuer_rejects_unadmitted_identity_and_contract[stripe_subscription_id-sub_wrong]
ERROR tests/test_paid_coverage_authority.py::test_issuer_rejects_unadmitted_identity_and_contract[stripe_price_id-price_unregistered]
ERROR tests/test_paid_coverage_authority.py::test_issuer_rejects_unadmitted_identity_and_contract[amount_cents-True]
ERROR tests/test_paid_coverage_authority.py::test_issuer_rejects_unadmitted_identity_and_contract[amount_cents-9900.0]
ERROR tests/test_paid_coverage_authority.py::test_issuer_rejects_unadmitted_identity_and_contract[amount_cents-9800]
ERROR tests/test_paid_coverage_authority.py::test_issuer_rejects_unadmitted_identity_and_contract[currency-eur]
ERROR tests/test_paid_coverage_authority.py::test_issuer_rejects_unadmitted_identity_and_contract[phase-founder_intro]
ERROR tests/test_paid_coverage_authority.py::test_issuer_rejects_unadmitted_identity_and_contract[service_start-True]
ERROR tests/test_paid_coverage_authority.py::test_issuer_rejects_unadmitted_identity_and_contract[contract_version-unknown]
ERROR tests/test_paid_coverage_authority.py::test_issuer_rejects_unadmitted_identity_and_contract[stripe_event_id-not_an_event]
ERROR tests/test_paid_coverage_authority.py::test_observed_future_period_is_not_payment_and_expired_receipt_is_not_access
ERROR tests/test_paid_coverage_authority.py::test_missing_pin_denies_issuance
ERROR tests/test_paid_coverage_authority.py::test_invoice_replay_is_exact_and_append_only
ERROR tests/test_paid_coverage_authority.py::test_admission_role_has_no_raw_payment_or_provider_or_tenant_writes
ERROR tests/test_paid_coverage_authority.py::test_generation_replacement_and_terminal_status_cannot_inherit_access
ERROR tests/test_paid_coverage_authority.py::test_simultaneous_same_invoice_issuance_converges
ERROR tests/test_paid_coverage_authority.py::test_other_tenant_cannot_read_or_claim_receipt
ERROR tests/test_paid_coverage_authority.py::test_export_window_is_separate_from_paid_access[1-True]
ERROR tests/test_paid_coverage_authority.py::test_export_window_is_separate_from_paid_access[89-True]
ERROR tests/test_paid_coverage_authority.py::test_export_window_is_separate_from_paid_access[91-False]
ERROR tests/test_paid_coverage_authority.py::test_app_worker_raw_receipt_insertion_and_admission_role_table_access_denied
ERROR tests/test_paid_coverage_authority.py::test_failed_renewal_projection_does_not_override_issued_coverage[current-True]
ERROR tests/test_paid_coverage_authority.py::test_failed_renewal_projection_does_not_override_issued_coverage[expired-False]
ERROR tests/test_paid_coverage_authority.py::test_failed_renewal_projection_does_not_override_issued_coverage[missing-False]
ERROR tests/test_paid_coverage_authority.py::test_admission_role_has_no_provider_table_access
141 passed, 5 warnings, 29 errors in 165.58s (0:02:45)
