Operations to perform:
  Apply all migrations: accounts, assessments, audit, auth, billing, catalog, contenttypes, imports, integrations, inventory, jobs, organizations, policies, reports, reviews, sessions
Running migrations:
  Applying contenttypes.0001_initial... OK
  Applying contenttypes.0002_remove_content_type_name... OK
  Applying auth.0001_initial... OK
  Applying auth.0002_alter_permission_name_max_length... OK
  Applying auth.0003_alter_user_email_max_length... OK
  Applying auth.0004_alter_user_username_opts... OK
  Applying auth.0005_alter_user_last_login_null... OK
  Applying auth.0006_require_contenttypes_0002... OK
  Applying auth.0007_alter_validators_add_error_messages... OK
  Applying auth.0008_alter_user_username_max_length... OK
  Applying auth.0009_alter_user_last_name_max_length... OK
  Applying auth.0010_alter_group_name_max_length... OK
  Applying auth.0011_update_proxy_permissions... OK
  Applying auth.0012_alter_user_first_name_max_length... OK
  Applying accounts.0001_initial... OK
  Applying sessions.0001_initial... OK
  Applying organizations.0001_initial... OK
  Applying inventory.0001_initial... OK
  Applying inventory.0002_database_security... OK
  Applying catalog.0001_initial... OK
  Applying inventory.0003_remove_inventoryitem_product_id_and_more... OK
  Applying assessments.0001_initial... OK
  Applying assessments.0002_snapshot_security... OK
  Applying audit.0001_initial... OK
  Applying audit.0002_audit_security... OK
  Applying reports.0001_initial... OK
  Applying reports.0002_report_security... OK
  Applying reports.0003_reportartifact... OK
  Applying reports.0004_reportartifact_security... OK
  Applying organizations.0002_public_onboarding... OK
  Applying organizations.0003_workflow_profile... OK
  Applying jobs.0001_initial... OK
  Applying jobs.0002_job_security... OK
  Applying jobs.0003_recovery_receipts... OK
  Applying jobs.0004_receipt_admission... OK
  Applying jobs.0005_atomic_recovery_admission... OK
  Applying jobs.0006_corecontrol_workflowschedule_actioncardrevision_and_more... OK
  Applying jobs.0007_core_workflow_security... OK
  Applying jobs.0008_worker_transition_authority... OK
  Applying billing.0001_initial... OK
  Applying billing.0002_stripewebhookevent... OK
  Applying billing.0003_founderslot... OK
  Applying billing.0004_founderslot_reservation_token... OK
  Applying billing.0005_billing_security... OK
  Applying jobs.0009_core_issuance_authority... OK
  Applying jobs.0010_job_input_admission... OK
  Applying jobs.0011_action_card_issuance... OK
  Applying jobs.0012_core_authority_successor... OK
  Applying billing.0006_paid_coverage... OK
  Applying billing.0007_ingester_effects... OK
  Applying catalog.0002_catalog_security... OK
  Applying imports.0001_initial... OK
  Applying imports.0002_import_staging_security... OK
  Applying integrations.0001_initial... OK
  Applying integrations.0002_providerconnection_providerattempt_providerevent_and_more... OK
  Applying inventory.0004_discovery_evidence... OK
  Applying inventory.0005_discovery_security... OK
  Applying inventory.0006_detectionevidence_inventory_item_and_more... OK
  Applying inventory.0007_inventoryitem_declared_fields... OK
  Applying jobs.0013_paid_entitlement... OK
  Applying policies.0001_initial... OK
  Applying policies.0002_organization_rule_security... OK
  Applying policies.0003_remove_organizationrule_unique_organization_rule_name_and_more... OK
  Applying reviews.0001_initial... OK
.EEEEEEEEEEE.E.E.E.E.EEEEEEEEEEEEEEEEEEEEEEEEEEE                         [100%]
==================================== ERRORS ====================================
_ ERROR at teardown of test_initial_freeze_is_atomic_immutable_and_honest_about_empty_decisions _

self = <django.db.backends.utils.CursorWrapper object at 0x7e6f35a2a210>
sql = 'TRUNCATE "core_action_card_revisions", "review_capacity_reservations", "billing_subscription", "core_known_entities",... "report_artifacts", "billing_paid_coverage_authority", "audit_chain_heads", "inventory_items", "review_cycle_events";'
params = None
ignored_wrapper_args = (False, {'connection': <DatabaseWrapper vendor='postgresql' alias='default'>, 'cursor': <django.db.backends.utils.CursorWrapper object at 0x7e6f35a2a210>})

    def _execute(self, sql, params, *ignored_wrapper_args):
        # Raise a warning during app initialization (stored_app_configs is only
        # ever set during testing).
        if not apps.ready and not apps.stored_app_configs:
            warnings.warn(self.APPS_NOT_READY_WARNING_MSG, category=RuntimeWarning)
        self.db.validate_no_broken_transaction()
        with self.db.wrap_database_errors:
            if params is None:
                # params default might be backend specific.
>               return self.cursor.execute(sql)
                       ^^^^^^^^^^^^^^^^^^^^^^^^

.venv/lib/python3.14/site-packages/django/db/backends/utils.py:103: 
_ _ _ _ _ _ _ _ _ _ _ _ _ _ _ _ _ _ _ _ _ _ _ _ _ _ _ _ _ _ _ _ _ _ _ _ _ _ _ _ 

self = <django.db.backends.postgresql.base.Cursor [closed] [IDLE] (host=qualification-db user=postgres database=test_qualification) at 0x7e6f36b057f0>
query = 'TRUNCATE "core_action_card_revisions", "review_capacity_reservations", "billing_subscription", "core_known_entities",... "report_artifacts", "billing_paid_coverage_authority", "audit_chain_heads", "inventory_items", "review_cycle_events";'
params = None, prepare = None, binary = None

    def execute(
        self,
        query: Query,
        params: Params | None = None,
        *,
        prepare: bool | None = None,
        binary: bool | None = None,
    ) -> Self:
        """
        Execute a query or command to the database.
        """
        try:
            with self._conn.lock:
                self._conn.wait(
                    self._execute_gen(query, params, prepare=prepare, binary=binary)
                )
        except e._NO_TRACEBACK as ex:
>           raise ex.with_traceback(None)
E           psycopg.errors.FeatureNotSupported: cannot truncate a table referenced in a foreign key constraint
E           DETAIL:  Table "billing_admission_receipt" references "billing_paid_coverage".
E           HINT:  Truncate table "billing_admission_receipt" at the same time, or use TRUNCATE ... CASCADE.

.venv/lib/python3.14/site-packages/psycopg/cursor.py:117: FeatureNotSupported

The above exception was the direct cause of the following exception:

self = <django.core.management.commands.flush.Command object at 0x7e6f36ba5550>
options = {'verbosity': 0, 'settings': None, 'pythonpath': None, 'traceback': False, ...}

        def handle(self, **options):
            database = options["database"]
            connection = connections[database]
            verbosity = options["verbosity"]
            interactive = options["interactive"]
            # The following are stealth options used by Django's internals.
            reset_sequences = options.get("reset_sequences", True)
            allow_cascade = options.get("allow_cascade", False)
            inhibit_post_migrate = options.get("inhibit_post_migrate", False)
    
            self.style = no_style()
    
            # Import the 'management' module within each installed app, to register
            # dispatcher events.
            for app_config in apps.get_app_configs():
                try:
                    import_module(".management", app_config.name)
                except ImportError:
                    pass
    
            sql_list = sql_flush(
                self.style,
                connection,
                reset_sequences=reset_sequences,
                allow_cascade=allow_cascade,
            )
    
            if interactive:
                confirm = input("""You have requested a flush of the database.
    This will IRREVERSIBLY DESTROY all data currently in the "%s" database,
    and return each table to an empty state.
    Are you sure you want to do this?
    
        Type 'yes' to continue, or 'no' to cancel: """ % connection.settings_dict["NAME"])
            else:
                confirm = "yes"
    
            if confirm == "yes":
                try:
>                   connection.ops.execute_sql_flush(sql_list)

.venv/lib/python3.14/site-packages/django/core/management/commands/flush.py:71: 
_ _ _ _ _ _ _ _ _ _ _ _ _ _ _ _ _ _ _ _ _ _ _ _ _ _ _ _ _ _ _ _ _ _ _ _ _ _ _ _ 
.venv/lib/python3.14/site-packages/django/db/backends/base/operations.py:473: in execute_sql_flush
    cursor.execute(sql)
.venv/lib/python3.14/site-packages/django/db/backends/utils.py:79: in execute
    return self._execute_with_wrappers(
.venv/lib/python3.14/site-packages/django/db/backends/utils.py:92: in _execute_with_wrappers
    return executor(sql, params, many, context)
           ^^^^^^^^^^^^^^^^^^^^^^^^^^^^^^^^^^^^
.venv/lib/python3.14/site-packages/django/db/backends/utils.py:100: in _execute
    with self.db.wrap_database_errors:
         ^^^^^^^^^^^^^^^^^^^^^^^^^^^^
.venv/lib/python3.14/site-packages/django/db/utils.py:91: in __exit__
    raise dj_exc_value.with_traceback(traceback) from exc_value
.venv/lib/python3.14/site-packages/django/db/backends/utils.py:103: in _execute
    return self.cursor.execute(sql)
           ^^^^^^^^^^^^^^^^^^^^^^^^
_ _ _ _ _ _ _ _ _ _ _ _ _ _ _ _ _ _ _ _ _ _ _ _ _ _ _ _ _ _ _ _ _ _ _ _ _ _ _ _ 

self = <django.db.backends.postgresql.base.Cursor [closed] [IDLE] (host=qualification-db user=postgres database=test_qualification) at 0x7e6f36b057f0>
query = 'TRUNCATE "core_action_card_revisions", "review_capacity_reservations", "billing_subscription", "core_known_entities",... "report_artifacts", "billing_paid_coverage_authority", "audit_chain_heads", "inventory_items", "review_cycle_events";'
params = None, prepare = None, binary = None

    def execute(
        self,
        query: Query,
        params: Params | None = None,
        *,
        prepare: bool | None = None,
        binary: bool | None = None,
    ) -> Self:
        """
        Execute a query or command to the database.
        """
        try:
            with self._conn.lock:
                self._conn.wait(
                    self._execute_gen(query, params, prepare=prepare, binary=binary)
                )
        except e._NO_TRACEBACK as ex:
>           raise ex.with_traceback(None)
E           django.db.utils.NotSupportedError: cannot truncate a table referenced in a foreign key constraint
E           DETAIL:  Table "billing_admission_receipt" references "billing_paid_coverage".
E           HINT:  Truncate table "billing_admission_receipt" at the same time, or use TRUNCATE ... CASCADE.

.venv/lib/python3.14/site-packages/psycopg/cursor.py:117: NotSupportedError

The above exception was the direct cause of the following exception:

request = <SubRequest '_django_db_helper' for <Function test_initial_freeze_is_atomic_immutable_and_honest_about_empty_decisions>>
django_db_setup = None
django_db_blocker = <pytest_django.plugin.DjangoDbBlocker object at 0x7e6f3b5c9010>

    @pytest.fixture
    def _django_db_helper(
        request: pytest.FixtureRequest,
        django_db_setup: None,  # noqa: ARG001
        django_db_blocker: DjangoDbBlocker,
    ) -> Generator[None]:
        if is_django_unittest(request):
            yield
            return
    
        from django import VERSION
    
        marker = request.node.get_closest_marker("django_db")
        if marker:
            (
                transactional,
                reset_sequences,
                databases,
                serialized_rollback,
                available_apps,
            ) = validate_django_db(marker)
        else:
            (
                transactional,
                reset_sequences,
                databases,
                serialized_rollback,
                available_apps,
            ) = False, False, None, False, None
    
        transactional = (
            transactional
            or reset_sequences
            or ("transactional_db" in request.fixturenames or "live_server" in request.fixturenames)
        )
        reset_sequences = reset_sequences or ("django_db_reset_sequences" in request.fixturenames)
        serialized_rollback = serialized_rollback or (
            "django_db_serialized_rollback" in request.fixturenames
        )
    
        with django_db_blocker.unblock():
            import django.db
            import django.test
    
            if transactional:
                test_case_class = django.test.TransactionTestCase
            else:
                test_case_class = django.test.TestCase
    
            _reset_sequences = reset_sequences
            _serialized_rollback = serialized_rollback
            _databases = databases
            _available_apps = available_apps
    
            class PytestDjangoTestCase(test_case_class):  # type: ignore[misc,valid-type]
                reset_sequences = _reset_sequences
                serialized_rollback = _serialized_rollback
                if _databases is not None:
                    databases = _databases
                if _available_apps is not None:
                    available_apps = _available_apps
    
                # For non-transactional tests, skip executing `django.test.TestCase`'s
                # `setUpClass`/`tearDownClass`, only execute the super class ones.
                #
                # `TestCase`'s class setup manages the `setUpTestData`/class-level
                # transaction functionality. We don't use it; instead we (will) offer
                # our own alternatives. So it only adds overhead, and does some things
                # which conflict with our (planned) functionality, particularly, it
                # closes all database connections in `tearDownClass` which inhibits
                # wrapping tests in higher-scoped transactions.
                #
                # It's possible a new version of Django will add some unrelated
                # functionality to these methods, in which case skipping them completely
                # would not be desirable. Let's cross that bridge when we get there...
                if not transactional:
    
                    @classmethod
                    def setUpClass(cls) -> None:
                        super(django.test.TestCase, cls).setUpClass()
    
                    @classmethod
                    def tearDownClass(cls) -> None:
                        super(django.test.TestCase, cls).tearDownClass()
    
            PytestDjangoTestCase.setUpClass()
    
            test_case = PytestDjangoTestCase(methodName="__init__")
            if VERSION >= (6, 0):
                pre_setup_ran_eagerly = PytestDjangoTestCase._pre_setup_ran_eagerly
            else:
                pre_setup_ran_eagerly = getattr(PytestDjangoTestCase, "_pre_setup_ran_eagerly", False)
            if not pre_setup_ran_eagerly:
                # For a TransactionTestCase, setUpClass() has already run _pre_setup() and set
                # this flag to say so.
                test_case._pre_setup()
    
            yield
    
>           test_case._post_teardown()

.venv/lib/python3.14/site-packages/pytest_django/fixtures.py:305: 
_ _ _ _ _ _ _ _ _ _ _ _ _ _ _ _ _ _ _ _ _ _ _ _ _ _ _ _ _ _ _ _ _ _ _ _ _ _ _ _ 
.venv/lib/python3.14/site-packages/django/test/testcases.py:1231: in _post_teardown
    self._fixture_teardown()
.venv/lib/python3.14/site-packages/django/test/testcases.py:1266: in _fixture_teardown
    call_command(
.venv/lib/python3.14/site-packages/django/core/management/__init__.py:194: in call_command
    return command.execute(*args, **defaults)
           ^^^^^^^^^^^^^^^^^^^^^^^^^^^^^^^^^^
.venv/lib/python3.14/site-packages/django/core/management/base.py:464: in execute
    output = self.handle(*args, **options)
             ^^^^^^^^^^^^^^^^^^^^^^^^^^^^^
_ _ _ _ _ _ _ _ _ _ _ _ _ _ _ _ _ _ _ _ _ _ _ _ _ _ _ _ _ _ _ _ _ _ _ _ _ _ _ _ 

self = <django.core.management.commands.flush.Command object at 0x7e6f36ba5550>
options = {'verbosity': 0, 'settings': None, 'pythonpath': None, 'traceback': False, ...}

        def handle(self, **options):
            database = options["database"]
            connection = connections[database]
            verbosity = options["verbosity"]
            interactive = options["interactive"]
            # The following are stealth options used by Django's internals.
            reset_sequences = options.get("reset_sequences", True)
            allow_cascade = options.get("allow_cascade", False)
            inhibit_post_migrate = options.get("inhibit_post_migrate", False)
    
            self.style = no_style()
    
            # Import the 'management' module within each installed app, to register
            # dispatcher events.
            for app_config in apps.get_app_configs():
                try:
                    import_module(".management", app_config.name)
                except ImportError:
                    pass
    
            sql_list = sql_flush(
                self.style,
                connection,
                reset_sequences=reset_sequences,
                allow_cascade=allow_cascade,
            )
    
            if interactive:
                confirm = input("""You have requested a flush of the database.
    This will IRREVERSIBLY DESTROY all data currently in the "%s" database,
    and return each table to an empty state.
    Are you sure you want to do this?
    
        Type 'yes' to continue, or 'no' to cancel: """ % connection.settings_dict["NAME"])
            else:
                confirm = "yes"
    
            if confirm == "yes":
                try:
                    connection.ops.execute_sql_flush(sql_list)
                except Exception as exc:
>                   raise CommandError(
                        "Database %s couldn't be flushed. Possible reasons:\n"
                        "  * The database isn't running or isn't configured correctly.\n"
                        "  * At least one of the expected database tables doesn't exist.\n"
                        "  * The SQL was invalid.\n"
                        "Hint: Look at the output of 'django-admin sqlflush'. "
                        "That's the SQL this command wasn't able to run."
                        % (connection.settings_dict["NAME"],)
                    ) from exc
E                   django.core.management.base.CommandError: Database test_qualification couldn't be flushed. Possible reasons:
E                     * The database isn't running or isn't configured correctly.
E                     * At least one of the expected database tables doesn't exist.
E                     * The SQL was invalid.
E                   Hint: Look at the output of 'django-admin sqlflush'. That's the SQL this command wasn't able to run.

.venv/lib/python3.14/site-packages/django/core/management/commands/flush.py:73: CommandError
_ ERROR at setup of test_app_raw_admission_and_mutation_are_denied[review_cycles] _

self = <django.db.backends.utils.CursorWrapper object at 0x7e6f35cc5910>
sql = 'INSERT INTO "accounts_user" ("password", "last_login", "is_superuser", "id", "email", "first_name", "last_name", "is_staff", "is_active", "date_joined") VALUES (%s, %s, %s, %s, %s, %s, %s, %s, %s, %s)'
params = ('!BclXrw85MzgFoxJQWhMB14POCE2qnUq8zcaJDOdW', None, False, UUID('26ef2b2d-b5b4-414e-acbc-78e25a532c01'), 'reports@example.com', '', ...)
ignored_wrapper_args = (False, {'connection': <DatabaseWrapper vendor='postgresql' alias='default'>, 'cursor': <django.db.backends.utils.CursorWrapper object at 0x7e6f35cc5910>})

    def _execute(self, sql, params, *ignored_wrapper_args):
        # Raise a warning during app initialization (stored_app_configs is only
        # ever set during testing).
        if not apps.ready and not apps.stored_app_configs:
            warnings.warn(self.APPS_NOT_READY_WARNING_MSG, category=RuntimeWarning)
        self.db.validate_no_broken_transaction()
        with self.db.wrap_database_errors:
            if params is None:
                # params default might be backend specific.
                return self.cursor.execute(sql)
            else:
>               return self.cursor.execute(sql, params)
                       ^^^^^^^^^^^^^^^^^^^^^^^^^^^^^^^^

.venv/lib/python3.14/site-packages/django/db/backends/utils.py:105: 
_ _ _ _ _ _ _ _ _ _ _ _ _ _ _ _ _ _ _ _ _ _ _ _ _ _ _ _ _ _ _ _ _ _ _ _ _ _ _ _ 

self = <django.db.backends.postgresql.base.Cursor [closed] [IDLE] (host=qualification-db user=postgres database=test_qualification) at 0x7e6f36b05fd0>
query = 'INSERT INTO "accounts_user" ("password", "last_login", "is_superuser", "id", "email", "first_name", "last_name", "is_staff", "is_active", "date_joined") VALUES (%s, %s, %s, %s, %s, %s, %s, %s, %s, %s)'
params = ('!BclXrw85MzgFoxJQWhMB14POCE2qnUq8zcaJDOdW', None, False, UUID('26ef2b2d-b5b4-414e-acbc-78e25a532c01'), 'reports@example.com', '', ...)
prepare = None, binary = None

    def execute(
        self,
        query: Query,
        params: Params | None = None,
        *,
        prepare: bool | None = None,
        binary: bool | None = None,
    ) -> Self:
        """
        Execute a query or command to the database.
        """
        try:
            with self._conn.lock:
                self._conn.wait(
                    self._execute_gen(query, params, prepare=prepare, binary=binary)
                )
        except e._NO_TRACEBACK as ex:
>           raise ex.with_traceback(None)
E           psycopg.errors.UniqueViolation: duplicate key value violates unique constraint "accounts_user_email_key"
E           DETAIL:  Key (email)=(reports@example.com) already exists.

.venv/lib/python3.14/site-packages/psycopg/cursor.py:117: UniqueViolation

The above exception was the direct cause of the following exception:

client = <django.test.client.Client object at 0x7e6f36b10c30>

    @pytest.fixture
    def report_context(client):
>       user = get_user_model().objects.create_user("reports@example.com")
               ^^^^^^^^^^^^^^^^^^^^^^^^^^^^^^^^^^^^^^^^^^^^^^^^^^^^^^^^^^^

tests/conftest.py:174: 
_ _ _ _ _ _ _ _ _ _ _ _ _ _ _ _ _ _ _ _ _ _ _ _ _ _ _ _ _ _ _ _ _ _ _ _ _ _ _ _ 
apps/accounts/managers.py:29: in create_user
    user.save(using=self._db)
.venv/lib/python3.14/site-packages/django/contrib/auth/base_user.py:65: in save
    super().save(*args, **kwargs)
.venv/lib/python3.14/site-packages/django/db/models/base.py:902: in save
    self.save_base(
.venv/lib/python3.14/site-packages/django/db/models/base.py:1008: in save_base
    updated = self._save_table(
.venv/lib/python3.14/site-packages/django/db/models/base.py:1169: in _save_table
    results = self._do_insert(
.venv/lib/python3.14/site-packages/django/db/models/base.py:1210: in _do_insert
    return manager._insert(
.venv/lib/python3.14/site-packages/django/db/models/manager.py:87: in manager_method
    return getattr(self.get_queryset(), name)(*args, **kwargs)
           ^^^^^^^^^^^^^^^^^^^^^^^^^^^^^^^^^^^^^^^^^^^^^^^^^^^
.venv/lib/python3.14/site-packages/django/db/models/query.py:1873: in _insert
    return query.get_compiler(using=using).execute_sql(returning_fields)
           ^^^^^^^^^^^^^^^^^^^^^^^^^^^^^^^^^^^^^^^^^^^^^^^^^^^^^^^^^^^^^
.venv/lib/python3.14/site-packages/django/db/models/sql/compiler.py:1882: in execute_sql
    cursor.execute(sql, params)
.venv/lib/python3.14/site-packages/django/db/backends/utils.py:79: in execute
    return self._execute_with_wrappers(
.venv/lib/python3.14/site-packages/django/db/backends/utils.py:92: in _execute_with_wrappers
    return executor(sql, params, many, context)
           ^^^^^^^^^^^^^^^^^^^^^^^^^^^^^^^^^^^^
.venv/lib/python3.14/site-packages/django/db/backends/utils.py:100: in _execute
    with self.db.wrap_database_errors:
         ^^^^^^^^^^^^^^^^^^^^^^^^^^^^
.venv/lib/python3.14/site-packages/django/db/utils.py:91: in __exit__
    raise dj_exc_value.with_traceback(traceback) from exc_value
.venv/lib/python3.14/site-packages/django/db/backends/utils.py:105: in _execute
    return self.cursor.execute(sql, params)
           ^^^^^^^^^^^^^^^^^^^^^^^^^^^^^^^^
_ _ _ _ _ _ _ _ _ _ _ _ _ _ _ _ _ _ _ _ _ _ _ _ _ _ _ _ _ _ _ _ _ _ _ _ _ _ _ _ 

self = <django.db.backends.postgresql.base.Cursor [closed] [IDLE] (host=qualification-db user=postgres database=test_qualification) at 0x7e6f36b05fd0>
query = 'INSERT INTO "accounts_user" ("password", "last_login", "is_superuser", "id", "email", "first_name", "last_name", "is_staff", "is_active", "date_joined") VALUES (%s, %s, %s, %s, %s, %s, %s, %s, %s, %s)'
params = ('!BclXrw85MzgFoxJQWhMB14POCE2qnUq8zcaJDOdW', None, False, UUID('26ef2b2d-b5b4-414e-acbc-78e25a532c01'), 'reports@example.com', '', ...)
prepare = None, binary = None

    def execute(
        self,
        query: Query,
        params: Params | None = None,
        *,
        prepare: bool | None = None,
        binary: bool | None = None,
    ) -> Self:
        """
        Execute a query or command to the database.
        """
        try:
            with self._conn.lock:
                self._conn.wait(
                    self._execute_gen(query, params, prepare=prepare, binary=binary)
                )
        except e._NO_TRACEBACK as ex:
>           raise ex.with_traceback(None)
E           django.db.utils.IntegrityError: duplicate key value violates unique constraint "accounts_user_email_key"
E           DETAIL:  Key (email)=(reports@example.com) already exists.

.venv/lib/python3.14/site-packages/psycopg/cursor.py:117: IntegrityError
_ ERROR at teardown of test_app_raw_admission_and_mutation_are_denied[review_cycles] _

self = <django.db.backends.utils.CursorWrapper object at 0x7e6f35a64650>
sql = 'TRUNCATE "core_action_card_revisions", "review_capacity_reservations", "billing_subscription", "core_known_entities",... "report_artifacts", "billing_paid_coverage_authority", "audit_chain_heads", "inventory_items", "review_cycle_events";'
params = None
ignored_wrapper_args = (False, {'connection': <DatabaseWrapper vendor='postgresql' alias='default'>, 'cursor': <django.db.backends.utils.CursorWrapper object at 0x7e6f35a64650>})

    def _execute(self, sql, params, *ignored_wrapper_args):
        # Raise a warning during app initialization (stored_app_configs is only
        # ever set during testing).
        if not apps.ready and not apps.stored_app_configs:
            warnings.warn(self.APPS_NOT_READY_WARNING_MSG, category=RuntimeWarning)
        self.db.validate_no_broken_transaction()
        with self.db.wrap_database_errors:
            if params is None:
                # params default might be backend specific.
>               return self.cursor.execute(sql)
                       ^^^^^^^^^^^^^^^^^^^^^^^^

.venv/lib/python3.14/site-packages/django/db/backends/utils.py:103: 
_ _ _ _ _ _ _ _ _ _ _ _ _ _ _ _ _ _ _ _ _ _ _ _ _ _ _ _ _ _ _ _ _ _ _ _ _ _ _ _ 

self = <django.db.backends.postgresql.base.Cursor [closed] [IDLE] (host=qualification-db user=postgres database=test_qualification) at 0x7e6f36b05b70>
query = 'TRUNCATE "core_action_card_revisions", "review_capacity_reservations", "billing_subscription", "core_known_entities",... "report_artifacts", "billing_paid_coverage_authority", "audit_chain_heads", "inventory_items", "review_cycle_events";'
params = None, prepare = None, binary = None

    def execute(
        self,
        query: Query,
        params: Params | None = None,
        *,
        prepare: bool | None = None,
        binary: bool | None = None,
    ) -> Self:
        """
        Execute a query or command to the database.
        """
        try:
            with self._conn.lock:
                self._conn.wait(
                    self._execute_gen(query, params, prepare=prepare, binary=binary)
                )
        except e._NO_TRACEBACK as ex:
>           raise ex.with_traceback(None)
E           psycopg.errors.FeatureNotSupported: cannot truncate a table referenced in a foreign key constraint
E           DETAIL:  Table "billing_admission_receipt" references "billing_paid_coverage".
E           HINT:  Truncate table "billing_admission_receipt" at the same time, or use TRUNCATE ... CASCADE.

.venv/lib/python3.14/site-packages/psycopg/cursor.py:117: FeatureNotSupported

The above exception was the direct cause of the following exception:

self = <django.core.management.commands.flush.Command object at 0x7e6f36b00550>
options = {'verbosity': 0, 'settings': None, 'pythonpath': None, 'traceback': False, ...}

        def handle(self, **options):
            database = options["database"]
            connection = connections[database]
            verbosity = options["verbosity"]
            interactive = options["interactive"]
            # The following are stealth options used by Django's internals.
            reset_sequences = options.get("reset_sequences", True)
            allow_cascade = options.get("allow_cascade", False)
            inhibit_post_migrate = options.get("inhibit_post_migrate", False)
    
            self.style = no_style()
    
            # Import the 'management' module within each installed app, to register
            # dispatcher events.
            for app_config in apps.get_app_configs():
                try:
                    import_module(".management", app_config.name)
                except ImportError:
                    pass
    
            sql_list = sql_flush(
                self.style,
                connection,
                reset_sequences=reset_sequences,
                allow_cascade=allow_cascade,
            )
    
            if interactive:
                confirm = input("""You have requested a flush of the database.
    This will IRREVERSIBLY DESTROY all data currently in the "%s" database,
    and return each table to an empty state.
    Are you sure you want to do this?
    
        Type 'yes' to continue, or 'no' to cancel: """ % connection.settings_dict["NAME"])
            else:
                confirm = "yes"
    
            if confirm == "yes":
                try:
>                   connection.ops.execute_sql_flush(sql_list)

.venv/lib/python3.14/site-packages/django/core/management/commands/flush.py:71: 
_ _ _ _ _ _ _ _ _ _ _ _ _ _ _ _ _ _ _ _ _ _ _ _ _ _ _ _ _ _ _ _ _ _ _ _ _ _ _ _ 
.venv/lib/python3.14/site-packages/django/db/backends/base/operations.py:473: in execute_sql_flush
    cursor.execute(sql)
.venv/lib/python3.14/site-packages/django/db/backends/utils.py:79: in execute
    return self._execute_with_wrappers(
.venv/lib/python3.14/site-packages/django/db/backends/utils.py:92: in _execute_with_wrappers
    return executor(sql, params, many, context)
           ^^^^^^^^^^^^^^^^^^^^^^^^^^^^^^^^^^^^
.venv/lib/python3.14/site-packages/django/db/backends/utils.py:100: in _execute
    with self.db.wrap_database_errors:
         ^^^^^^^^^^^^^^^^^^^^^^^^^^^^
.venv/lib/python3.14/site-packages/django/db/utils.py:91: in __exit__
    raise dj_exc_value.with_traceback(traceback) from exc_value
.venv/lib/python3.14/site-packages/django/db/backends/utils.py:103: in _execute
    return self.cursor.execute(sql)
           ^^^^^^^^^^^^^^^^^^^^^^^^
_ _ _ _ _ _ _ _ _ _ _ _ _ _ _ _ _ _ _ _ _ _ _ _ _ _ _ _ _ _ _ _ _ _ _ _ _ _ _ _ 

self = <django.db.backends.postgresql.base.Cursor [closed] [IDLE] (host=qualification-db user=postgres database=test_qualification) at 0x7e6f36b05b70>
query = 'TRUNCATE "core_action_card_revisions", "review_capacity_reservations", "billing_subscription", "core_known_entities",... "report_artifacts", "billing_paid_coverage_authority", "audit_chain_heads", "inventory_items", "review_cycle_events";'
params = None, prepare = None, binary = None

    def execute(
        self,
        query: Query,
        params: Params | None = None,
        *,
        prepare: bool | None = None,
        binary: bool | None = None,
    ) -> Self:
        """
        Execute a query or command to the database.
        """
        try:
            with self._conn.lock:
                self._conn.wait(
                    self._execute_gen(query, params, prepare=prepare, binary=binary)
                )
        except e._NO_TRACEBACK as ex:
>           raise ex.with_traceback(None)
E           django.db.utils.NotSupportedError: cannot truncate a table referenced in a foreign key constraint
E           DETAIL:  Table "billing_admission_receipt" references "billing_paid_coverage".
E           HINT:  Truncate table "billing_admission_receipt" at the same time, or use TRUNCATE ... CASCADE.

.venv/lib/python3.14/site-packages/psycopg/cursor.py:117: NotSupportedError

The above exception was the direct cause of the following exception:

request = <SubRequest '_django_db_helper' for <Function test_app_raw_admission_and_mutation_are_denied[review_cycles]>>
django_db_setup = None
django_db_blocker = <pytest_django.plugin.DjangoDbBlocker object at 0x7e6f3b5c9010>

    @pytest.fixture
    def _django_db_helper(
        request: pytest.FixtureRequest,
        django_db_setup: None,  # noqa: ARG001
        django_db_blocker: DjangoDbBlocker,
    ) -> Generator[None]:
        if is_django_unittest(request):
            yield
            return
    
        from django import VERSION
    
        marker = request.node.get_closest_marker("django_db")
        if marker:
            (
                transactional,
                reset_sequences,
                databases,
                serialized_rollback,
                available_apps,
            ) = validate_django_db(marker)
        else:
            (
                transactional,
                reset_sequences,
                databases,
                serialized_rollback,
                available_apps,
            ) = False, False, None, False, None
    
        transactional = (
            transactional
            or reset_sequences
            or ("transactional_db" in request.fixturenames or "live_server" in request.fixturenames)
        )
        reset_sequences = reset_sequences or ("django_db_reset_sequences" in request.fixturenames)
        serialized_rollback = serialized_rollback or (
            "django_db_serialized_rollback" in request.fixturenames
        )
    
        with django_db_blocker.unblock():
            import django.db
            import django.test
    
            if transactional:
                test_case_class = django.test.TransactionTestCase
            else:
                test_case_class = django.test.TestCase
    
            _reset_sequences = reset_sequences
            _serialized_rollback = serialized_rollback
            _databases = databases
            _available_apps = available_apps
    
            class PytestDjangoTestCase(test_case_class):  # type: ignore[misc,valid-type]
                reset_sequences = _reset_sequences
                serialized_rollback = _serialized_rollback
                if _databases is not None:
                    databases = _databases
                if _available_apps is not None:
                    available_apps = _available_apps
    
                # For non-transactional tests, skip executing `django.test.TestCase`'s
                # `setUpClass`/`tearDownClass`, only execute the super class ones.
                #
                # `TestCase`'s class setup manages the `setUpTestData`/class-level
                # transaction functionality. We don't use it; instead we (will) offer
                # our own alternatives. So it only adds overhead, and does some things
                # which conflict with our (planned) functionality, particularly, it
                # closes all database connections in `tearDownClass` which inhibits
                # wrapping tests in higher-scoped transactions.
                #
                # It's possible a new version of Django will add some unrelated
                # functionality to these methods, in which case skipping them completely
                # would not be desirable. Let's cross that bridge when we get there...
                if not transactional:
    
                    @classmethod
                    def setUpClass(cls) -> None:
                        super(django.test.TestCase, cls).setUpClass()
    
                    @classmethod
                    def tearDownClass(cls) -> None:
                        super(django.test.TestCase, cls).tearDownClass()
    
            PytestDjangoTestCase.setUpClass()
    
            test_case = PytestDjangoTestCase(methodName="__init__")
            if VERSION >= (6, 0):
                pre_setup_ran_eagerly = PytestDjangoTestCase._pre_setup_ran_eagerly
            else:
                pre_setup_ran_eagerly = getattr(PytestDjangoTestCase, "_pre_setup_ran_eagerly", False)
            if not pre_setup_ran_eagerly:
                # For a TransactionTestCase, setUpClass() has already run _pre_setup() and set
                # this flag to say so.
                test_case._pre_setup()
    
            yield
    
>           test_case._post_teardown()

.venv/lib/python3.14/site-packages/pytest_django/fixtures.py:305: 
_ _ _ _ _ _ _ _ _ _ _ _ _ _ _ _ _ _ _ _ _ _ _ _ _ _ _ _ _ _ _ _ _ _ _ _ _ _ _ _ 
.venv/lib/python3.14/site-packages/django/test/testcases.py:1231: in _post_teardown
    self._fixture_teardown()
.venv/lib/python3.14/site-packages/django/test/testcases.py:1266: in _fixture_teardown
    call_command(
.venv/lib/python3.14/site-packages/django/core/management/__init__.py:194: in call_command
    return command.execute(*args, **defaults)
           ^^^^^^^^^^^^^^^^^^^^^^^^^^^^^^^^^^
.venv/lib/python3.14/site-packages/django/core/management/base.py:464: in execute
    output = self.handle(*args, **options)
             ^^^^^^^^^^^^^^^^^^^^^^^^^^^^^
_ _ _ _ _ _ _ _ _ _ _ _ _ _ _ _ _ _ _ _ _ _ _ _ _ _ _ _ _ _ _ _ _ _ _ _ _ _ _ _ 

self = <django.core.management.commands.flush.Command object at 0x7e6f36b00550>
options = {'verbosity': 0, 'settings': None, 'pythonpath': None, 'traceback': False, ...}

        def handle(self, **options):
            database = options["database"]
            connection = connections[database]
            verbosity = options["verbosity"]
            interactive = options["interactive"]
            # The following are stealth options used by Django's internals.
            reset_sequences = options.get("reset_sequences", True)
            allow_cascade = options.get("allow_cascade", False)
            inhibit_post_migrate = options.get("inhibit_post_migrate", False)
    
            self.style = no_style()
    
            # Import the 'management' module within each installed app, to register
            # dispatcher events.
            for app_config in apps.get_app_configs():
                try:
                    import_module(".management", app_config.name)
                except ImportError:
                    pass
    
            sql_list = sql_flush(
                self.style,
                connection,
                reset_sequences=reset_sequences,
                allow_cascade=allow_cascade,
            )
    
            if interactive:
                confirm = input("""You have requested a flush of the database.
    This will IRREVERSIBLY DESTROY all data currently in the "%s" database,
    and return each table to an empty state.
    Are you sure you want to do this?
    
        Type 'yes' to continue, or 'no' to cancel: """ % connection.settings_dict["NAME"])
            else:
                confirm = "yes"
    
            if confirm == "yes":
                try:
                    connection.ops.execute_sql_flush(sql_list)
                except Exception as exc:
>                   raise CommandError(
                        "Database %s couldn't be flushed. Possible reasons:\n"
                        "  * The database isn't running or isn't configured correctly.\n"
                        "  * At least one of the expected database tables doesn't exist.\n"
                        "  * The SQL was invalid.\n"
                        "Hint: Look at the output of 'django-admin sqlflush'. "
                        "That's the SQL this command wasn't able to run."
                        % (connection.settings_dict["NAME"],)
                    ) from exc
E                   django.core.management.base.CommandError: Database test_qualification couldn't be flushed. Possible reasons:
E                     * The database isn't running or isn't configured correctly.
E                     * At least one of the expected database tables doesn't exist.
E                     * The SQL was invalid.
E                   Hint: Look at the output of 'django-admin sqlflush'. That's the SQL this command wasn't able to run.

.venv/lib/python3.14/site-packages/django/core/management/commands/flush.py:73: CommandError
_ ERROR at setup of test_app_raw_admission_and_mutation_are_denied[review_cycle_events] _

self = <django.db.backends.utils.CursorWrapper object at 0x7e6f36307c50>
sql = 'INSERT INTO "accounts_user" ("password", "last_login", "is_superuser", "id", "email", "first_name", "last_name", "is_staff", "is_active", "date_joined") VALUES (%s, %s, %s, %s, %s, %s, %s, %s, %s, %s)'
params = ('!Civot0y2LRnjC629I2yqtnhZDBhe4njRii3AJMit', None, False, UUID('598559f1-6f85-4244-b9d3-852347a7ac47'), 'reports@example.com', '', ...)
ignored_wrapper_args = (False, {'connection': <DatabaseWrapper vendor='postgresql' alias='default'>, 'cursor': <django.db.backends.utils.CursorWrapper object at 0x7e6f36307c50>})

    def _execute(self, sql, params, *ignored_wrapper_args):
        # Raise a warning during app initialization (stored_app_configs is only
        # ever set during testing).
        if not apps.ready and not apps.stored_app_configs:
            warnings.warn(self.APPS_NOT_READY_WARNING_MSG, category=RuntimeWarning)
        self.db.validate_no_broken_transaction()
        with self.db.wrap_database_errors:
            if params is None:
                # params default might be backend specific.
                return self.cursor.execute(sql)
            else:
>               return self.cursor.execute(sql, params)
                       ^^^^^^^^^^^^^^^^^^^^^^^^^^^^^^^^

.venv/lib/python3.14/site-packages/django/db/backends/utils.py:105: 
_ _ _ _ _ _ _ _ _ _ _ _ _ _ _ _ _ _ _ _ _ _ _ _ _ _ _ _ _ _ _ _ _ _ _ _ _ _ _ _ 

self = <django.db.backends.postgresql.base.Cursor [closed] [IDLE] (host=qualification-db user=postgres database=test_qualification) at 0x7e6f36b057f0>
query = 'INSERT INTO "accounts_user" ("password", "last_login", "is_superuser", "id", "email", "first_name", "last_name", "is_staff", "is_active", "date_joined") VALUES (%s, %s, %s, %s, %s, %s, %s, %s, %s, %s)'
params = ('!Civot0y2LRnjC629I2yqtnhZDBhe4njRii3AJMit', None, False, UUID('598559f1-6f85-4244-b9d3-852347a7ac47'), 'reports@example.com', '', ...)
prepare = None, binary = None

    def execute(
        self,
        query: Query,
        params: Params | None = None,
        *,
        prepare: bool | None = None,
        binary: bool | None = None,
    ) -> Self:
        """
        Execute a query or command to the database.
        """
        try:
            with self._conn.lock:
                self._conn.wait(
                    self._execute_gen(query, params, prepare=prepare, binary=binary)
                )
        except e._NO_TRACEBACK as ex:
>           raise ex.with_traceback(None)
E           psycopg.errors.UniqueViolation: duplicate key value violates unique constraint "accounts_user_email_key"
E           DETAIL:  Key (email)=(reports@example.com) already exists.

.venv/lib/python3.14/site-packages/psycopg/cursor.py:117: UniqueViolation

The above exception was the direct cause of the following exception:

client = <django.test.client.Client object at 0x7e6f36b55d90>

    @pytest.fixture
    def report_context(client):
>       user = get_user_model().objects.create_user("reports@example.com")
               ^^^^^^^^^^^^^^^^^^^^^^^^^^^^^^^^^^^^^^^^^^^^^^^^^^^^^^^^^^^

tests/conftest.py:174: 
_ _ _ _ _ _ _ _ _ _ _ _ _ _ _ _ _ _ _ _ _ _ _ _ _ _ _ _ _ _ _ _ _ _ _ _ _ _ _ _ 
apps/accounts/managers.py:29: in create_user
    user.save(using=self._db)
.venv/lib/python3.14/site-packages/django/contrib/auth/base_user.py:65: in save
    super().save(*args, **kwargs)
.venv/lib/python3.14/site-packages/django/db/models/base.py:902: in save
    self.save_base(
.venv/lib/python3.14/site-packages/django/db/models/base.py:1008: in save_base
    updated = self._save_table(
.venv/lib/python3.14/site-packages/django/db/models/base.py:1169: in _save_table
    results = self._do_insert(
.venv/lib/python3.14/site-packages/django/db/models/base.py:1210: in _do_insert
    return manager._insert(
.venv/lib/python3.14/site-packages/django/db/models/manager.py:87: in manager_method
    return getattr(self.get_queryset(), name)(*args, **kwargs)
           ^^^^^^^^^^^^^^^^^^^^^^^^^^^^^^^^^^^^^^^^^^^^^^^^^^^
.venv/lib/python3.14/site-packages/django/db/models/query.py:1873: in _insert
    return query.get_compiler(using=using).execute_sql(returning_fields)
           ^^^^^^^^^^^^^^^^^^^^^^^^^^^^^^^^^^^^^^^^^^^^^^^^^^^^^^^^^^^^^
.venv/lib/python3.14/site-packages/django/db/models/sql/compiler.py:1882: in execute_sql
    cursor.execute(sql, params)
.venv/lib/python3.14/site-packages/django/db/backends/utils.py:79: in execute
    return self._execute_with_wrappers(
.venv/lib/python3.14/site-packages/django/db/backends/utils.py:92: in _execute_with_wrappers
    return executor(sql, params, many, context)
           ^^^^^^^^^^^^^^^^^^^^^^^^^^^^^^^^^^^^
.venv/lib/python3.14/site-packages/django/db/backends/utils.py:100: in _execute
    with self.db.wrap_database_errors:
         ^^^^^^^^^^^^^^^^^^^^^^^^^^^^
.venv/lib/python3.14/site-packages/django/db/utils.py:91: in __exit__
    raise dj_exc_value.with_traceback(traceback) from exc_value
.venv/lib/python3.14/site-packages/django/db/backends/utils.py:105: in _execute
    return self.cursor.execute(sql, params)
           ^^^^^^^^^^^^^^^^^^^^^^^^^^^^^^^^
_ _ _ _ _ _ _ _ _ _ _ _ _ _ _ _ _ _ _ _ _ _ _ _ _ _ _ _ _ _ _ _ _ _ _ _ _ _ _ _ 

self = <django.db.backends.postgresql.base.Cursor [closed] [IDLE] (host=qualification-db user=postgres database=test_qualification) at 0x7e6f36b057f0>
query = 'INSERT INTO "accounts_user" ("password", "last_login", "is_superuser", "id", "email", "first_name", "last_name", "is_staff", "is_active", "date_joined") VALUES (%s, %s, %s, %s, %s, %s, %s, %s, %s, %s)'
params = ('!Civot0y2LRnjC629I2yqtnhZDBhe4njRii3AJMit', None, False, UUID('598559f1-6f85-4244-b9d3-852347a7ac47'), 'reports@example.com', '', ...)
prepare = None, binary = None

    def execute(
        self,
        query: Query,
        params: Params | None = None,
        *,
        prepare: bool | None = None,
        binary: bool | None = None,
    ) -> Self:
        """
        Execute a query or command to the database.
        """
        try:
            with self._conn.lock:
                self._conn.wait(
                    self._execute_gen(query, params, prepare=prepare, binary=binary)
                )
        except e._NO_TRACEBACK as ex:
>           raise ex.with_traceback(None)
E           django.db.utils.IntegrityError: duplicate key value violates unique constraint "accounts_user_email_key"
E           DETAIL:  Key (email)=(reports@example.com) already exists.

.venv/lib/python3.14/site-packages/psycopg/cursor.py:117: IntegrityError
_ ERROR at teardown of test_app_raw_admission_and_mutation_are_denied[review_cycle_events] _

self = <django.db.backends.utils.CursorWrapper object at 0x7e6f369fd010>
sql = 'TRUNCATE "core_action_card_revisions", "review_capacity_reservations", "billing_subscription", "core_known_entities",... "report_artifacts", "billing_paid_coverage_authority", "audit_chain_heads", "inventory_items", "review_cycle_events";'
params = None
ignored_wrapper_args = (False, {'connection': <DatabaseWrapper vendor='postgresql' alias='default'>, 'cursor': <django.db.backends.utils.CursorWrapper object at 0x7e6f369fd010>})

    def _execute(self, sql, params, *ignored_wrapper_args):
        # Raise a warning during app initialization (stored_app_configs is only
        # ever set during testing).
        if not apps.ready and not apps.stored_app_configs:
            warnings.warn(self.APPS_NOT_READY_WARNING_MSG, category=RuntimeWarning)
        self.db.validate_no_broken_transaction()
        with self.db.wrap_database_errors:
            if params is None:
                # params default might be backend specific.
>               return self.cursor.execute(sql)
                       ^^^^^^^^^^^^^^^^^^^^^^^^

.venv/lib/python3.14/site-packages/django/db/backends/utils.py:103: 
_ _ _ _ _ _ _ _ _ _ _ _ _ _ _ _ _ _ _ _ _ _ _ _ _ _ _ _ _ _ _ _ _ _ _ _ _ _ _ _ 

self = <django.db.backends.postgresql.base.Cursor [closed] [IDLE] (host=qualification-db user=postgres database=test_qualification) at 0x7e6f36b043d0>
query = 'TRUNCATE "core_action_card_revisions", "review_capacity_reservations", "billing_subscription", "core_known_entities",... "report_artifacts", "billing_paid_coverage_authority", "audit_chain_heads", "inventory_items", "review_cycle_events";'
params = None, prepare = None, binary = None

    def execute(
        self,
        query: Query,
        params: Params | None = None,
        *,
        prepare: bool | None = None,
        binary: bool | None = None,
    ) -> Self:
        """
        Execute a query or command to the database.
        """
        try:
            with self._conn.lock:
                self._conn.wait(
                    self._execute_gen(query, params, prepare=prepare, binary=binary)
                )
        except e._NO_TRACEBACK as ex:
>           raise ex.with_traceback(None)
E           psycopg.errors.FeatureNotSupported: cannot truncate a table referenced in a foreign key constraint
E           DETAIL:  Table "billing_admission_receipt" references "billing_paid_coverage".
E           HINT:  Truncate table "billing_admission_receipt" at the same time, or use TRUNCATE ... CASCADE.

.venv/lib/python3.14/site-packages/psycopg/cursor.py:117: FeatureNotSupported

The above exception was the direct cause of the following exception:

self = <django.core.management.commands.flush.Command object at 0x7e6f36b03b10>
options = {'verbosity': 0, 'settings': None, 'pythonpath': None, 'traceback': False, ...}

        def handle(self, **options):
            database = options["database"]
            connection = connections[database]
            verbosity = options["verbosity"]
            interactive = options["interactive"]
            # The following are stealth options used by Django's internals.
            reset_sequences = options.get("reset_sequences", True)
            allow_cascade = options.get("allow_cascade", False)
            inhibit_post_migrate = options.get("inhibit_post_migrate", False)
    
            self.style = no_style()
    
            # Import the 'management' module within each installed app, to register
            # dispatcher events.
            for app_config in apps.get_app_configs():
                try:
                    import_module(".management", app_config.name)
                except ImportError:
                    pass
    
            sql_list = sql_flush(
                self.style,
                connection,
                reset_sequences=reset_sequences,
                allow_cascade=allow_cascade,
            )
    
            if interactive:
                confirm = input("""You have requested a flush of the database.
    This will IRREVERSIBLY DESTROY all data currently in the "%s" database,
    and return each table to an empty state.
    Are you sure you want to do this?
    
        Type 'yes' to continue, or 'no' to cancel: """ % connection.settings_dict["NAME"])
            else:
                confirm = "yes"
    
            if confirm == "yes":
                try:
>                   connection.ops.execute_sql_flush(sql_list)

.venv/lib/python3.14/site-packages/django/core/management/commands/flush.py:71: 
_ _ _ _ _ _ _ _ _ _ _ _ _ _ _ _ _ _ _ _ _ _ _ _ _ _ _ _ _ _ _ _ _ _ _ _ _ _ _ _ 
.venv/lib/python3.14/site-packages/django/db/backends/base/operations.py:473: in execute_sql_flush
    cursor.execute(sql)
.venv/lib/python3.14/site-packages/django/db/backends/utils.py:79: in execute
    return self._execute_with_wrappers(
.venv/lib/python3.14/site-packages/django/db/backends/utils.py:92: in _execute_with_wrappers
    return executor(sql, params, many, context)
           ^^^^^^^^^^^^^^^^^^^^^^^^^^^^^^^^^^^^
.venv/lib/python3.14/site-packages/django/db/backends/utils.py:100: in _execute
    with self.db.wrap_database_errors:
         ^^^^^^^^^^^^^^^^^^^^^^^^^^^^
.venv/lib/python3.14/site-packages/django/db/utils.py:91: in __exit__
    raise dj_exc_value.with_traceback(traceback) from exc_value
.venv/lib/python3.14/site-packages/django/db/backends/utils.py:103: in _execute
    return self.cursor.execute(sql)
           ^^^^^^^^^^^^^^^^^^^^^^^^
_ _ _ _ _ _ _ _ _ _ _ _ _ _ _ _ _ _ _ _ _ _ _ _ _ _ _ _ _ _ _ _ _ _ _ _ _ _ _ _ 

self = <django.db.backends.postgresql.base.Cursor [closed] [IDLE] (host=qualification-db user=postgres database=test_qualification) at 0x7e6f36b043d0>
query = 'TRUNCATE "core_action_card_revisions", "review_capacity_reservations", "billing_subscription", "core_known_entities",... "report_artifacts", "billing_paid_coverage_authority", "audit_chain_heads", "inventory_items", "review_cycle_events";'
params = None, prepare = None, binary = None

    def execute(
        self,
        query: Query,
        params: Params | None = None,
        *,
        prepare: bool | None = None,
        binary: bool | None = None,
    ) -> Self:
        """
        Execute a query or command to the database.
        """
        try:
            with self._conn.lock:
                self._conn.wait(
                    self._execute_gen(query, params, prepare=prepare, binary=binary)
                )
        except e._NO_TRACEBACK as ex:
>           raise ex.with_traceback(None)
E           django.db.utils.NotSupportedError: cannot truncate a table referenced in a foreign key constraint
E           DETAIL:  Table "billing_admission_receipt" references "billing_paid_coverage".
E           HINT:  Truncate table "billing_admission_receipt" at the same time, or use TRUNCATE ... CASCADE.

.venv/lib/python3.14/site-packages/psycopg/cursor.py:117: NotSupportedError

The above exception was the direct cause of the following exception:

request = <SubRequest '_django_db_helper' for <Function test_app_raw_admission_and_mutation_are_denied[review_cycle_events]>>
django_db_setup = None
django_db_blocker = <pytest_django.plugin.DjangoDbBlocker object at 0x7e6f3b5c9010>

    @pytest.fixture
    def _django_db_helper(
        request: pytest.FixtureRequest,
        django_db_setup: None,  # noqa: ARG001
        django_db_blocker: DjangoDbBlocker,
    ) -> Generator[None]:
        if is_django_unittest(request):
            yield
            return
    
        from django import VERSION
    
        marker = request.node.get_closest_marker("django_db")
        if marker:
            (
                transactional,
                reset_sequences,
                databases,
                serialized_rollback,
                available_apps,
            ) = validate_django_db(marker)
        else:
            (
                transactional,
                reset_sequences,
                databases,
                serialized_rollback,
                available_apps,
            ) = False, False, None, False, None
    
        transactional = (
            transactional
            or reset_sequences
            or ("transactional_db" in request.fixturenames or "live_server" in request.fixturenames)
        )
        reset_sequences = reset_sequences or ("django_db_reset_sequences" in request.fixturenames)
        serialized_rollback = serialized_rollback or (
            "django_db_serialized_rollback" in request.fixturenames
        )
    
        with django_db_blocker.unblock():
            import django.db
            import django.test
    
            if transactional:
                test_case_class = django.test.TransactionTestCase
            else:
                test_case_class = django.test.TestCase
    
            _reset_sequences = reset_sequences
            _serialized_rollback = serialized_rollback
            _databases = databases
            _available_apps = available_apps
    
            class PytestDjangoTestCase(test_case_class):  # type: ignore[misc,valid-type]
                reset_sequences = _reset_sequences
                serialized_rollback = _serialized_rollback
                if _databases is not None:
                    databases = _databases
                if _available_apps is not None:
                    available_apps = _available_apps
    
                # For non-transactional tests, skip executing `django.test.TestCase`'s
                # `setUpClass`/`tearDownClass`, only execute the super class ones.
                #
                # `TestCase`'s class setup manages the `setUpTestData`/class-level
                # transaction functionality. We don't use it; instead we (will) offer
                # our own alternatives. So it only adds overhead, and does some things
                # which conflict with our (planned) functionality, particularly, it
                # closes all database connections in `tearDownClass` which inhibits
                # wrapping tests in higher-scoped transactions.
                #
                # It's possible a new version of Django will add some unrelated
                # functionality to these methods, in which case skipping them completely
                # would not be desirable. Let's cross that bridge when we get there...
                if not transactional:
    
                    @classmethod
                    def setUpClass(cls) -> None:
                        super(django.test.TestCase, cls).setUpClass()
    
                    @classmethod
                    def tearDownClass(cls) -> None:
                        super(django.test.TestCase, cls).tearDownClass()
    
            PytestDjangoTestCase.setUpClass()
    
            test_case = PytestDjangoTestCase(methodName="__init__")
            if VERSION >= (6, 0):
                pre_setup_ran_eagerly = PytestDjangoTestCase._pre_setup_ran_eagerly
            else:
                pre_setup_ran_eagerly = getattr(PytestDjangoTestCase, "_pre_setup_ran_eagerly", False)
            if not pre_setup_ran_eagerly:
                # For a TransactionTestCase, setUpClass() has already run _pre_setup() and set
                # this flag to say so.
                test_case._pre_setup()
    
            yield
    
>           test_case._post_teardown()

.venv/lib/python3.14/site-packages/pytest_django/fixtures.py:305: 
_ _ _ _ _ _ _ _ _ _ _ _ _ _ _ _ _ _ _ _ _ _ _ _ _ _ _ _ _ _ _ _ _ _ _ _ _ _ _ _ 
.venv/lib/python3.14/site-packages/django/test/testcases.py:1231: in _post_teardown
    self._fixture_teardown()
.venv/lib/python3.14/site-packages/django/test/testcases.py:1266: in _fixture_teardown
    call_command(
.venv/lib/python3.14/site-packages/django/core/management/__init__.py:194: in call_command
    return command.execute(*args, **defaults)
           ^^^^^^^^^^^^^^^^^^^^^^^^^^^^^^^^^^
.venv/lib/python3.14/site-packages/django/core/management/base.py:464: in execute
    output = self.handle(*args, **options)
             ^^^^^^^^^^^^^^^^^^^^^^^^^^^^^
_ _ _ _ _ _ _ _ _ _ _ _ _ _ _ _ _ _ _ _ _ _ _ _ _ _ _ _ _ _ _ _ _ _ _ _ _ _ _ _ 

self = <django.core.management.commands.flush.Command object at 0x7e6f36b03b10>
options = {'verbosity': 0, 'settings': None, 'pythonpath': None, 'traceback': False, ...}

        def handle(self, **options):
            database = options["database"]
            connection = connections[database]
            verbosity = options["verbosity"]
            interactive = options["interactive"]
            # The following are stealth options used by Django's internals.
            reset_sequences = options.get("reset_sequences", True)
            allow_cascade = options.get("allow_cascade", False)
            inhibit_post_migrate = options.get("inhibit_post_migrate", False)
    
            self.style = no_style()
    
            # Import the 'management' module within each installed app, to register
            # dispatcher events.
            for app_config in apps.get_app_configs():
                try:
                    import_module(".management", app_config.name)
                except ImportError:
                    pass
    
            sql_list = sql_flush(
                self.style,
                connection,
                reset_sequences=reset_sequences,
                allow_cascade=allow_cascade,
            )
    
            if interactive:
                confirm = input("""You have requested a flush of the database.
    This will IRREVERSIBLY DESTROY all data currently in the "%s" database,
    and return each table to an empty state.
    Are you sure you want to do this?
    
        Type 'yes' to continue, or 'no' to cancel: """ % connection.settings_dict["NAME"])
            else:
                confirm = "yes"
    
            if confirm == "yes":
                try:
                    connection.ops.execute_sql_flush(sql_list)
                except Exception as exc:
>                   raise CommandError(
                        "Database %s couldn't be flushed. Possible reasons:\n"
                        "  * The database isn't running or isn't configured correctly.\n"
                        "  * At least one of the expected database tables doesn't exist.\n"
                        "  * The SQL was invalid.\n"
                        "Hint: Look at the output of 'django-admin sqlflush'. "
                        "That's the SQL this command wasn't able to run."
                        % (connection.settings_dict["NAME"],)
                    ) from exc
E                   django.core.management.base.CommandError: Database test_qualification couldn't be flushed. Possible reasons:
E                     * The database isn't running or isn't configured correctly.
E                     * At least one of the expected database tables doesn't exist.
E                     * The SQL was invalid.
E                   Hint: Look at the output of 'django-admin sqlflush'. That's the SQL this command wasn't able to run.

.venv/lib/python3.14/site-packages/django/core/management/commands/flush.py:73: CommandError
_ ERROR at setup of test_app_raw_admission_and_mutation_are_denied[review_pack_identities] _

self = <django.db.backends.utils.CursorWrapper object at 0x7e6f35b886b0>
sql = 'INSERT INTO "accounts_user" ("password", "last_login", "is_superuser", "id", "email", "first_name", "last_name", "is_staff", "is_active", "date_joined") VALUES (%s, %s, %s, %s, %s, %s, %s, %s, %s, %s)'
params = ('!Q9ZECOBW5rbQvXxp8L7C2qjkzzLjJLkCA6eKuD1F', None, False, UUID('bb7f24ec-1f0b-42f0-92d8-bcc3c192458f'), 'reports@example.com', '', ...)
ignored_wrapper_args = (False, {'connection': <DatabaseWrapper vendor='postgresql' alias='default'>, 'cursor': <django.db.backends.utils.CursorWrapper object at 0x7e6f35b886b0>})

    def _execute(self, sql, params, *ignored_wrapper_args):
        # Raise a warning during app initialization (stored_app_configs is only
        # ever set during testing).
        if not apps.ready and not apps.stored_app_configs:
            warnings.warn(self.APPS_NOT_READY_WARNING_MSG, category=RuntimeWarning)
        self.db.validate_no_broken_transaction()
        with self.db.wrap_database_errors:
            if params is None:
                # params default might be backend specific.
                return self.cursor.execute(sql)
            else:
>               return self.cursor.execute(sql, params)
                       ^^^^^^^^^^^^^^^^^^^^^^^^^^^^^^^^

.venv/lib/python3.14/site-packages/django/db/backends/utils.py:105: 
_ _ _ _ _ _ _ _ _ _ _ _ _ _ _ _ _ _ _ _ _ _ _ _ _ _ _ _ _ _ _ _ _ _ _ _ _ _ _ _ 

self = <django.db.backends.postgresql.base.Cursor [closed] [IDLE] (host=qualification-db user=postgres database=test_qualification) at 0x7e6f3624c130>
query = 'INSERT INTO "accounts_user" ("password", "last_login", "is_superuser", "id", "email", "first_name", "last_name", "is_staff", "is_active", "date_joined") VALUES (%s, %s, %s, %s, %s, %s, %s, %s, %s, %s)'
params = ('!Q9ZECOBW5rbQvXxp8L7C2qjkzzLjJLkCA6eKuD1F', None, False, UUID('bb7f24ec-1f0b-42f0-92d8-bcc3c192458f'), 'reports@example.com', '', ...)
prepare = None, binary = None

    def execute(
        self,
        query: Query,
        params: Params | None = None,
        *,
        prepare: bool | None = None,
        binary: bool | None = None,
    ) -> Self:
        """
        Execute a query or command to the database.
        """
        try:
            with self._conn.lock:
                self._conn.wait(
                    self._execute_gen(query, params, prepare=prepare, binary=binary)
                )
        except e._NO_TRACEBACK as ex:
>           raise ex.with_traceback(None)
E           psycopg.errors.UniqueViolation: duplicate key value violates unique constraint "accounts_user_email_key"
E           DETAIL:  Key (email)=(reports@example.com) already exists.

.venv/lib/python3.14/site-packages/psycopg/cursor.py:117: UniqueViolation

The above exception was the direct cause of the following exception:

client = <django.test.client.Client object at 0x7e6f35bc06b0>

    @pytest.fixture
    def report_context(client):
>       user = get_user_model().objects.create_user("reports@example.com")
               ^^^^^^^^^^^^^^^^^^^^^^^^^^^^^^^^^^^^^^^^^^^^^^^^^^^^^^^^^^^

tests/conftest.py:174: 
_ _ _ _ _ _ _ _ _ _ _ _ _ _ _ _ _ _ _ _ _ _ _ _ _ _ _ _ _ _ _ _ _ _ _ _ _ _ _ _ 
apps/accounts/managers.py:29: in create_user
    user.save(using=self._db)
.venv/lib/python3.14/site-packages/django/contrib/auth/base_user.py:65: in save
    super().save(*args, **kwargs)
.venv/lib/python3.14/site-packages/django/db/models/base.py:902: in save
    self.save_base(
.venv/lib/python3.14/site-packages/django/db/models/base.py:1008: in save_base
    updated = self._save_table(
.venv/lib/python3.14/site-packages/django/db/models/base.py:1169: in _save_table
    results = self._do_insert(
.venv/lib/python3.14/site-packages/django/db/models/base.py:1210: in _do_insert
    return manager._insert(
.venv/lib/python3.14/site-packages/django/db/models/manager.py:87: in manager_method
    return getattr(self.get_queryset(), name)(*args, **kwargs)
           ^^^^^^^^^^^^^^^^^^^^^^^^^^^^^^^^^^^^^^^^^^^^^^^^^^^
.venv/lib/python3.14/site-packages/django/db/models/query.py:1873: in _insert
    return query.get_compiler(using=using).execute_sql(returning_fields)
           ^^^^^^^^^^^^^^^^^^^^^^^^^^^^^^^^^^^^^^^^^^^^^^^^^^^^^^^^^^^^^
.venv/lib/python3.14/site-packages/django/db/models/sql/compiler.py:1882: in execute_sql
    cursor.execute(sql, params)
.venv/lib/python3.14/site-packages/django/db/backends/utils.py:79: in execute
    return self._execute_with_wrappers(
.venv/lib/python3.14/site-packages/django/db/backends/utils.py:92: in _execute_with_wrappers
    return executor(sql, params, many, context)
           ^^^^^^^^^^^^^^^^^^^^^^^^^^^^^^^^^^^^
.venv/lib/python3.14/site-packages/django/db/backends/utils.py:100: in _execute
    with self.db.wrap_database_errors:
         ^^^^^^^^^^^^^^^^^^^^^^^^^^^^
.venv/lib/python3.14/site-packages/django/db/utils.py:91: in __exit__
    raise dj_exc_value.with_traceback(traceback) from exc_value
.venv/lib/python3.14/site-packages/django/db/backends/utils.py:105: in _execute
    return self.cursor.execute(sql, params)
           ^^^^^^^^^^^^^^^^^^^^^^^^^^^^^^^^
_ _ _ _ _ _ _ _ _ _ _ _ _ _ _ _ _ _ _ _ _ _ _ _ _ _ _ _ _ _ _ _ _ _ _ _ _ _ _ _ 

self = <django.db.backends.postgresql.base.Cursor [closed] [IDLE] (host=qualification-db user=postgres database=test_qualification) at 0x7e6f3624c130>
query = 'INSERT INTO "accounts_user" ("password", "last_login", "is_superuser", "id", "email", "first_name", "last_name", "is_staff", "is_active", "date_joined") VALUES (%s, %s, %s, %s, %s, %s, %s, %s, %s, %s)'
params = ('!Q9ZECOBW5rbQvXxp8L7C2qjkzzLjJLkCA6eKuD1F', None, False, UUID('bb7f24ec-1f0b-42f0-92d8-bcc3c192458f'), 'reports@example.com', '', ...)
prepare = None, binary = None

    def execute(
        self,
        query: Query,
        params: Params | None = None,
        *,
        prepare: bool | None = None,
        binary: bool | None = None,
    ) -> Self:
        """
        Execute a query or command to the database.
        """
        try:
            with self._conn.lock:
                self._conn.wait(
                    self._execute_gen(query, params, prepare=prepare, binary=binary)
                )
        except e._NO_TRACEBACK as ex:
>           raise ex.with_traceback(None)
E           django.db.utils.IntegrityError: duplicate key value violates unique constraint "accounts_user_email_key"
E           DETAIL:  Key (email)=(reports@example.com) already exists.

.venv/lib/python3.14/site-packages/psycopg/cursor.py:117: IntegrityError
_ ERROR at teardown of test_app_raw_admission_and_mutation_are_denied[review_pack_identities] _

self = <django.db.backends.utils.CursorWrapper object at 0x7e6f35b89cd0>
sql = 'TRUNCATE "core_action_card_revisions", "review_capacity_reservations", "billing_subscription", "core_known_entities",... "report_artifacts", "billing_paid_coverage_authority", "audit_chain_heads", "inventory_items", "review_cycle_events";'
params = None
ignored_wrapper_args = (False, {'connection': <DatabaseWrapper vendor='postgresql' alias='default'>, 'cursor': <django.db.backends.utils.CursorWrapper object at 0x7e6f35b89cd0>})

    def _execute(self, sql, params, *ignored_wrapper_args):
        # Raise a warning during app initialization (stored_app_configs is only
        # ever set during testing).
        if not apps.ready and not apps.stored_app_configs:
            warnings.warn(self.APPS_NOT_READY_WARNING_MSG, category=RuntimeWarning)
        self.db.validate_no_broken_transaction()
        with self.db.wrap_database_errors:
            if params is None:
                # params default might be backend specific.
>               return self.cursor.execute(sql)
                       ^^^^^^^^^^^^^^^^^^^^^^^^

.venv/lib/python3.14/site-packages/django/db/backends/utils.py:103: 
_ _ _ _ _ _ _ _ _ _ _ _ _ _ _ _ _ _ _ _ _ _ _ _ _ _ _ _ _ _ _ _ _ _ _ _ _ _ _ _ 

self = <django.db.backends.postgresql.base.Cursor [closed] [IDLE] (host=qualification-db user=postgres database=test_qualification) at 0x7e6f3624c9f0>
query = 'TRUNCATE "core_action_card_revisions", "review_capacity_reservations", "billing_subscription", "core_known_entities",... "report_artifacts", "billing_paid_coverage_authority", "audit_chain_heads", "inventory_items", "review_cycle_events";'
params = None, prepare = None, binary = None

    def execute(
        self,
        query: Query,
        params: Params | None = None,
        *,
        prepare: bool | None = None,
        binary: bool | None = None,
    ) -> Self:
        """
        Execute a query or command to the database.
        """
        try:
            with self._conn.lock:
                self._conn.wait(
                    self._execute_gen(query, params, prepare=prepare, binary=binary)
                )
        except e._NO_TRACEBACK as ex:
>           raise ex.with_traceback(None)
E           psycopg.errors.FeatureNotSupported: cannot truncate a table referenced in a foreign key constraint
E           DETAIL:  Table "billing_admission_receipt" references "billing_paid_coverage".
E           HINT:  Truncate table "billing_admission_receipt" at the same time, or use TRUNCATE ... CASCADE.

.venv/lib/python3.14/site-packages/psycopg/cursor.py:117: FeatureNotSupported

The above exception was the direct cause of the following exception:

self = <django.core.management.commands.flush.Command object at 0x7e6f36b13950>
options = {'verbosity': 0, 'settings': None, 'pythonpath': None, 'traceback': False, ...}

        def handle(self, **options):
            database = options["database"]
            connection = connections[database]
            verbosity = options["verbosity"]
            interactive = options["interactive"]
            # The following are stealth options used by Django's internals.
            reset_sequences = options.get("reset_sequences", True)
            allow_cascade = options.get("allow_cascade", False)
            inhibit_post_migrate = options.get("inhibit_post_migrate", False)
    
            self.style = no_style()
    
            # Import the 'management' module within each installed app, to register
            # dispatcher events.
            for app_config in apps.get_app_configs():
                try:
                    import_module(".management", app_config.name)
                except ImportError:
                    pass
    
            sql_list = sql_flush(
                self.style,
                connection,
                reset_sequences=reset_sequences,
                allow_cascade=allow_cascade,
            )
    
            if interactive:
                confirm = input("""You have requested a flush of the database.
    This will IRREVERSIBLY DESTROY all data currently in the "%s" database,
    and return each table to an empty state.
    Are you sure you want to do this?
    
        Type 'yes' to continue, or 'no' to cancel: """ % connection.settings_dict["NAME"])
            else:
                confirm = "yes"
    
            if confirm == "yes":
                try:
>                   connection.ops.execute_sql_flush(sql_list)

.venv/lib/python3.14/site-packages/django/core/management/commands/flush.py:71: 
_ _ _ _ _ _ _ _ _ _ _ _ _ _ _ _ _ _ _ _ _ _ _ _ _ _ _ _ _ _ _ _ _ _ _ _ _ _ _ _ 
.venv/lib/python3.14/site-packages/django/db/backends/base/operations.py:473: in execute_sql_flush
    cursor.execute(sql)
.venv/lib/python3.14/site-packages/django/db/backends/utils.py:79: in execute
    return self._execute_with_wrappers(
.venv/lib/python3.14/site-packages/django/db/backends/utils.py:92: in _execute_with_wrappers
    return executor(sql, params, many, context)
           ^^^^^^^^^^^^^^^^^^^^^^^^^^^^^^^^^^^^
.venv/lib/python3.14/site-packages/django/db/backends/utils.py:100: in _execute
    with self.db.wrap_database_errors:
         ^^^^^^^^^^^^^^^^^^^^^^^^^^^^
.venv/lib/python3.14/site-packages/django/db/utils.py:91: in __exit__
    raise dj_exc_value.with_traceback(traceback) from exc_value
.venv/lib/python3.14/site-packages/django/db/backends/utils.py:103: in _execute
    return self.cursor.execute(sql)
           ^^^^^^^^^^^^^^^^^^^^^^^^
_ _ _ _ _ _ _ _ _ _ _ _ _ _ _ _ _ _ _ _ _ _ _ _ _ _ _ _ _ _ _ _ _ _ _ _ _ _ _ _ 

self = <django.db.backends.postgresql.base.Cursor [closed] [IDLE] (host=qualification-db user=postgres database=test_qualification) at 0x7e6f3624c9f0>
query = 'TRUNCATE "core_action_card_revisions", "review_capacity_reservations", "billing_subscription", "core_known_entities",... "report_artifacts", "billing_paid_coverage_authority", "audit_chain_heads", "inventory_items", "review_cycle_events";'
params = None, prepare = None, binary = None

    def execute(
        self,
        query: Query,
        params: Params | None = None,
        *,
        prepare: bool | None = None,
        binary: bool | None = None,
    ) -> Self:
        """
        Execute a query or command to the database.
        """
        try:
            with self._conn.lock:
                self._conn.wait(
                    self._execute_gen(query, params, prepare=prepare, binary=binary)
                )
        except e._NO_TRACEBACK as ex:
>           raise ex.with_traceback(None)
E           django.db.utils.NotSupportedError: cannot truncate a table referenced in a foreign key constraint
E           DETAIL:  Table "billing_admission_receipt" references "billing_paid_coverage".
E           HINT:  Truncate table "billing_admission_receipt" at the same time, or use TRUNCATE ... CASCADE.

.venv/lib/python3.14/site-packages/psycopg/cursor.py:117: NotSupportedError

The above exception was the direct cause of the following exception:

request = <SubRequest '_django_db_helper' for <Function test_app_raw_admission_and_mutation_are_denied[review_pack_identities]>>
django_db_setup = None
django_db_blocker = <pytest_django.plugin.DjangoDbBlocker object at 0x7e6f3b5c9010>

    @pytest.fixture
    def _django_db_helper(
        request: pytest.FixtureRequest,
        django_db_setup: None,  # noqa: ARG001
        django_db_blocker: DjangoDbBlocker,
    ) -> Generator[None]:
        if is_django_unittest(request):
            yield
            return
    
        from django import VERSION
    
        marker = request.node.get_closest_marker("django_db")
        if marker:
            (
                transactional,
                reset_sequences,
                databases,
                serialized_rollback,
                available_apps,
            ) = validate_django_db(marker)
        else:
            (
                transactional,
                reset_sequences,
                databases,
                serialized_rollback,
                available_apps,
            ) = False, False, None, False, None
    
        transactional = (
            transactional
            or reset_sequences
            or ("transactional_db" in request.fixturenames or "live_server" in request.fixturenames)
        )
        reset_sequences = reset_sequences or ("django_db_reset_sequences" in request.fixturenames)
        serialized_rollback = serialized_rollback or (
            "django_db_serialized_rollback" in request.fixturenames
        )
    
        with django_db_blocker.unblock():
            import django.db
            import django.test
    
            if transactional:
                test_case_class = django.test.TransactionTestCase
            else:
                test_case_class = django.test.TestCase
    
            _reset_sequences = reset_sequences
            _serialized_rollback = serialized_rollback
            _databases = databases
            _available_apps = available_apps
    
            class PytestDjangoTestCase(test_case_class):  # type: ignore[misc,valid-type]
                reset_sequences = _reset_sequences
                serialized_rollback = _serialized_rollback
                if _databases is not None:
                    databases = _databases
                if _available_apps is not None:
                    available_apps = _available_apps
    
                # For non-transactional tests, skip executing `django.test.TestCase`'s
                # `setUpClass`/`tearDownClass`, only execute the super class ones.
                #
                # `TestCase`'s class setup manages the `setUpTestData`/class-level
                # transaction functionality. We don't use it; instead we (will) offer
                # our own alternatives. So it only adds overhead, and does some things
                # which conflict with our (planned) functionality, particularly, it
                # closes all database connections in `tearDownClass` which inhibits
                # wrapping tests in higher-scoped transactions.
                #
                # It's possible a new version of Django will add some unrelated
                # functionality to these methods, in which case skipping them completely
                # would not be desirable. Let's cross that bridge when we get there...
                if not transactional:
    
                    @classmethod
                    def setUpClass(cls) -> None:
                        super(django.test.TestCase, cls).setUpClass()
    
                    @classmethod
                    def tearDownClass(cls) -> None:
                        super(django.test.TestCase, cls).tearDownClass()
    
            PytestDjangoTestCase.setUpClass()
    
            test_case = PytestDjangoTestCase(methodName="__init__")
            if VERSION >= (6, 0):
                pre_setup_ran_eagerly = PytestDjangoTestCase._pre_setup_ran_eagerly
            else:
                pre_setup_ran_eagerly = getattr(PytestDjangoTestCase, "_pre_setup_ran_eagerly", False)
            if not pre_setup_ran_eagerly:
                # For a TransactionTestCase, setUpClass() has already run _pre_setup() and set
                # this flag to say so.
                test_case._pre_setup()
    
            yield
    
>           test_case._post_teardown()

.venv/lib/python3.14/site-packages/pytest_django/fixtures.py:305: 
_ _ _ _ _ _ _ _ _ _ _ _ _ _ _ _ _ _ _ _ _ _ _ _ _ _ _ _ _ _ _ _ _ _ _ _ _ _ _ _ 
.venv/lib/python3.14/site-packages/django/test/testcases.py:1231: in _post_teardown
    self._fixture_teardown()
.venv/lib/python3.14/site-packages/django/test/testcases.py:1266: in _fixture_teardown
    call_command(
.venv/lib/python3.14/site-packages/django/core/management/__init__.py:194: in call_command
    return command.execute(*args, **defaults)
           ^^^^^^^^^^^^^^^^^^^^^^^^^^^^^^^^^^
.venv/lib/python3.14/site-packages/django/core/management/base.py:464: in execute
    output = self.handle(*args, **options)
             ^^^^^^^^^^^^^^^^^^^^^^^^^^^^^
_ _ _ _ _ _ _ _ _ _ _ _ _ _ _ _ _ _ _ _ _ _ _ _ _ _ _ _ _ _ _ _ _ _ _ _ _ _ _ _ 

self = <django.core.management.commands.flush.Command object at 0x7e6f36b13950>
options = {'verbosity': 0, 'settings': None, 'pythonpath': None, 'traceback': False, ...}

        def handle(self, **options):
            database = options["database"]
            connection = connections[database]
            verbosity = options["verbosity"]
            interactive = options["interactive"]
            # The following are stealth options used by Django's internals.
            reset_sequences = options.get("reset_sequences", True)
            allow_cascade = options.get("allow_cascade", False)
            inhibit_post_migrate = options.get("inhibit_post_migrate", False)
    
            self.style = no_style()
    
            # Import the 'management' module within each installed app, to register
            # dispatcher events.
            for app_config in apps.get_app_configs():
                try:
                    import_module(".management", app_config.name)
                except ImportError:
                    pass
    
            sql_list = sql_flush(
                self.style,
                connection,
                reset_sequences=reset_sequences,
                allow_cascade=allow_cascade,
            )
    
            if interactive:
                confirm = input("""You have requested a flush of the database.
    This will IRREVERSIBLY DESTROY all data currently in the "%s" database,
    and return each table to an empty state.
    Are you sure you want to do this?
    
        Type 'yes' to continue, or 'no' to cancel: """ % connection.settings_dict["NAME"])
            else:
                confirm = "yes"
    
            if confirm == "yes":
                try:
                    connection.ops.execute_sql_flush(sql_list)
                except Exception as exc:
>                   raise CommandError(
                        "Database %s couldn't be flushed. Possible reasons:\n"
                        "  * The database isn't running or isn't configured correctly.\n"
                        "  * At least one of the expected database tables doesn't exist.\n"
                        "  * The SQL was invalid.\n"
                        "Hint: Look at the output of 'django-admin sqlflush'. "
                        "That's the SQL this command wasn't able to run."
                        % (connection.settings_dict["NAME"],)
                    ) from exc
E                   django.core.management.base.CommandError: Database test_qualification couldn't be flushed. Possible reasons:
E                     * The database isn't running or isn't configured correctly.
E                     * At least one of the expected database tables doesn't exist.
E                     * The SQL was invalid.
E                   Hint: Look at the output of 'django-admin sqlflush'. That's the SQL this command wasn't able to run.

.venv/lib/python3.14/site-packages/django/core/management/commands/flush.py:73: CommandError
_ ERROR at setup of test_app_raw_admission_and_mutation_are_denied[review_capacity_reservations] _

self = <django.db.backends.utils.CursorWrapper object at 0x7e6f363dff50>
sql = 'INSERT INTO "accounts_user" ("password", "last_login", "is_superuser", "id", "email", "first_name", "last_name", "is_staff", "is_active", "date_joined") VALUES (%s, %s, %s, %s, %s, %s, %s, %s, %s, %s)'
params = ('!7lwp12FzY4UHmFdLq5H42JZ6T2SpJYjO4C8ULQ8b', None, False, UUID('6ad41172-ec89-49a7-ab6c-52443a2c307b'), 'reports@example.com', '', ...)
ignored_wrapper_args = (False, {'connection': <DatabaseWrapper vendor='postgresql' alias='default'>, 'cursor': <django.db.backends.utils.CursorWrapper object at 0x7e6f363dff50>})

    def _execute(self, sql, params, *ignored_wrapper_args):
        # Raise a warning during app initialization (stored_app_configs is only
        # ever set during testing).
        if not apps.ready and not apps.stored_app_configs:
            warnings.warn(self.APPS_NOT_READY_WARNING_MSG, category=RuntimeWarning)
        self.db.validate_no_broken_transaction()
        with self.db.wrap_database_errors:
            if params is None:
                # params default might be backend specific.
                return self.cursor.execute(sql)
            else:
>               return self.cursor.execute(sql, params)
                       ^^^^^^^^^^^^^^^^^^^^^^^^^^^^^^^^

.venv/lib/python3.14/site-packages/django/db/backends/utils.py:105: 
_ _ _ _ _ _ _ _ _ _ _ _ _ _ _ _ _ _ _ _ _ _ _ _ _ _ _ _ _ _ _ _ _ _ _ _ _ _ _ _ 

self = <django.db.backends.postgresql.base.Cursor [closed] [IDLE] (host=qualification-db user=postgres database=test_qualification) at 0x7e6f3624cd70>
query = 'INSERT INTO "accounts_user" ("password", "last_login", "is_superuser", "id", "email", "first_name", "last_name", "is_staff", "is_active", "date_joined") VALUES (%s, %s, %s, %s, %s, %s, %s, %s, %s, %s)'
params = ('!7lwp12FzY4UHmFdLq5H42JZ6T2SpJYjO4C8ULQ8b', None, False, UUID('6ad41172-ec89-49a7-ab6c-52443a2c307b'), 'reports@example.com', '', ...)
prepare = None, binary = None

    def execute(
        self,
        query: Query,
        params: Params | None = None,
        *,
        prepare: bool | None = None,
        binary: bool | None = None,
    ) -> Self:
        """
        Execute a query or command to the database.
        """
        try:
            with self._conn.lock:
                self._conn.wait(
                    self._execute_gen(query, params, prepare=prepare, binary=binary)
                )
        except e._NO_TRACEBACK as ex:
>           raise ex.with_traceback(None)
E           psycopg.errors.UniqueViolation: duplicate key value violates unique constraint "accounts_user_email_key"
E           DETAIL:  Key (email)=(reports@example.com) already exists.

.venv/lib/python3.14/site-packages/psycopg/cursor.py:117: UniqueViolation

The above exception was the direct cause of the following exception:

client = <django.test.client.Client object at 0x7e6f35b18950>

    @pytest.fixture
    def report_context(client):
>       user = get_user_model().objects.create_user("reports@example.com")
               ^^^^^^^^^^^^^^^^^^^^^^^^^^^^^^^^^^^^^^^^^^^^^^^^^^^^^^^^^^^

tests/conftest.py:174: 
_ _ _ _ _ _ _ _ _ _ _ _ _ _ _ _ _ _ _ _ _ _ _ _ _ _ _ _ _ _ _ _ _ _ _ _ _ _ _ _ 
apps/accounts/managers.py:29: in create_user
    user.save(using=self._db)
.venv/lib/python3.14/site-packages/django/contrib/auth/base_user.py:65: in save
    super().save(*args, **kwargs)
.venv/lib/python3.14/site-packages/django/db/models/base.py:902: in save
    self.save_base(
.venv/lib/python3.14/site-packages/django/db/models/base.py:1008: in save_base
    updated = self._save_table(
.venv/lib/python3.14/site-packages/django/db/models/base.py:1169: in _save_table
    results = self._do_insert(
.venv/lib/python3.14/site-packages/django/db/models/base.py:1210: in _do_insert
    return manager._insert(
.venv/lib/python3.14/site-packages/django/db/models/manager.py:87: in manager_method
    return getattr(self.get_queryset(), name)(*args, **kwargs)
           ^^^^^^^^^^^^^^^^^^^^^^^^^^^^^^^^^^^^^^^^^^^^^^^^^^^
.venv/lib/python3.14/site-packages/django/db/models/query.py:1873: in _insert
    return query.get_compiler(using=using).execute_sql(returning_fields)
           ^^^^^^^^^^^^^^^^^^^^^^^^^^^^^^^^^^^^^^^^^^^^^^^^^^^^^^^^^^^^^
.venv/lib/python3.14/site-packages/django/db/models/sql/compiler.py:1882: in execute_sql
    cursor.execute(sql, params)
.venv/lib/python3.14/site-packages/django/db/backends/utils.py:79: in execute
    return self._execute_with_wrappers(
.venv/lib/python3.14/site-packages/django/db/backends/utils.py:92: in _execute_with_wrappers
    return executor(sql, params, many, context)
           ^^^^^^^^^^^^^^^^^^^^^^^^^^^^^^^^^^^^
.venv/lib/python3.14/site-packages/django/db/backends/utils.py:100: in _execute
    with self.db.wrap_database_errors:
         ^^^^^^^^^^^^^^^^^^^^^^^^^^^^
.venv/lib/python3.14/site-packages/django/db/utils.py:91: in __exit__
    raise dj_exc_value.with_traceback(traceback) from exc_value
.venv/lib/python3.14/site-packages/django/db/backends/utils.py:105: in _execute
    return self.cursor.execute(sql, params)
           ^^^^^^^^^^^^^^^^^^^^^^^^^^^^^^^^
_ _ _ _ _ _ _ _ _ _ _ _ _ _ _ _ _ _ _ _ _ _ _ _ _ _ _ _ _ _ _ _ _ _ _ _ _ _ _ _ 

self = <django.db.backends.postgresql.base.Cursor [closed] [IDLE] (host=qualification-db user=postgres database=test_qualification) at 0x7e6f3624cd70>
query = 'INSERT INTO "accounts_user" ("password", "last_login", "is_superuser", "id", "email", "first_name", "last_name", "is_staff", "is_active", "date_joined") VALUES (%s, %s, %s, %s, %s, %s, %s, %s, %s, %s)'
params = ('!7lwp12FzY4UHmFdLq5H42JZ6T2SpJYjO4C8ULQ8b', None, False, UUID('6ad41172-ec89-49a7-ab6c-52443a2c307b'), 'reports@example.com', '', ...)
prepare = None, binary = None

    def execute(
        self,
        query: Query,
        params: Params | None = None,
        *,
        prepare: bool | None = None,
        binary: bool | None = None,
    ) -> Self:
        """
        Execute a query or command to the database.
        """
        try:
            with self._conn.lock:
                self._conn.wait(
                    self._execute_gen(query, params, prepare=prepare, binary=binary)
                )
        except e._NO_TRACEBACK as ex:
>           raise ex.with_traceback(None)
E           django.db.utils.IntegrityError: duplicate key value violates unique constraint "accounts_user_email_key"
E           DETAIL:  Key (email)=(reports@example.com) already exists.

.venv/lib/python3.14/site-packages/psycopg/cursor.py:117: IntegrityError
_ ERROR at teardown of test_app_raw_admission_and_mutation_are_denied[review_capacity_reservations] _

self = <django.db.backends.utils.CursorWrapper object at 0x7e6f363dc8f0>
sql = 'TRUNCATE "core_action_card_revisions", "review_capacity_reservations", "billing_subscription", "core_known_entities",... "report_artifacts", "billing_paid_coverage_authority", "audit_chain_heads", "inventory_items", "review_cycle_events";'
params = None
ignored_wrapper_args = (False, {'connection': <DatabaseWrapper vendor='postgresql' alias='default'>, 'cursor': <django.db.backends.utils.CursorWrapper object at 0x7e6f363dc8f0>})

    def _execute(self, sql, params, *ignored_wrapper_args):
        # Raise a warning during app initialization (stored_app_configs is only
        # ever set during testing).
        if not apps.ready and not apps.stored_app_configs:
            warnings.warn(self.APPS_NOT_READY_WARNING_MSG, category=RuntimeWarning)
        self.db.validate_no_broken_transaction()
        with self.db.wrap_database_errors:
            if params is None:
                # params default might be backend specific.
>               return self.cursor.execute(sql)
                       ^^^^^^^^^^^^^^^^^^^^^^^^

.venv/lib/python3.14/site-packages/django/db/backends/utils.py:103: 
_ _ _ _ _ _ _ _ _ _ _ _ _ _ _ _ _ _ _ _ _ _ _ _ _ _ _ _ _ _ _ _ _ _ _ _ _ _ _ _ 

self = <django.db.backends.postgresql.base.Cursor [closed] [IDLE] (host=qualification-db user=postgres database=test_qualification) at 0x7e6f3624d9b0>
query = 'TRUNCATE "core_action_card_revisions", "review_capacity_reservations", "billing_subscription", "core_known_entities",... "report_artifacts", "billing_paid_coverage_authority", "audit_chain_heads", "inventory_items", "review_cycle_events";'
params = None, prepare = None, binary = None

    def execute(
        self,
        query: Query,
        params: Params | None = None,
        *,
        prepare: bool | None = None,
        binary: bool | None = None,
    ) -> Self:
        """
        Execute a query or command to the database.
        """
        try:
            with self._conn.lock:
                self._conn.wait(
                    self._execute_gen(query, params, prepare=prepare, binary=binary)
                )
        except e._NO_TRACEBACK as ex:
>           raise ex.with_traceback(None)
E           psycopg.errors.FeatureNotSupported: cannot truncate a table referenced in a foreign key constraint
E           DETAIL:  Table "billing_admission_receipt" references "billing_paid_coverage".
E           HINT:  Truncate table "billing_admission_receipt" at the same time, or use TRUNCATE ... CASCADE.

.venv/lib/python3.14/site-packages/psycopg/cursor.py:117: FeatureNotSupported

The above exception was the direct cause of the following exception:

self = <django.core.management.commands.flush.Command object at 0x7e6f35b209d0>
options = {'verbosity': 0, 'settings': None, 'pythonpath': None, 'traceback': False, ...}

        def handle(self, **options):
            database = options["database"]
            connection = connections[database]
            verbosity = options["verbosity"]
            interactive = options["interactive"]
            # The following are stealth options used by Django's internals.
            reset_sequences = options.get("reset_sequences", True)
            allow_cascade = options.get("allow_cascade", False)
            inhibit_post_migrate = options.get("inhibit_post_migrate", False)
    
            self.style = no_style()
    
            # Import the 'management' module within each installed app, to register
            # dispatcher events.
            for app_config in apps.get_app_configs():
                try:
                    import_module(".management", app_config.name)
                except ImportError:
                    pass
    
            sql_list = sql_flush(
                self.style,
                connection,
                reset_sequences=reset_sequences,
                allow_cascade=allow_cascade,
            )
    
            if interactive:
                confirm = input("""You have requested a flush of the database.
    This will IRREVERSIBLY DESTROY all data currently in the "%s" database,
    and return each table to an empty state.
    Are you sure you want to do this?
    
        Type 'yes' to continue, or 'no' to cancel: """ % connection.settings_dict["NAME"])
            else:
                confirm = "yes"
    
            if confirm == "yes":
                try:
>                   connection.ops.execute_sql_flush(sql_list)

.venv/lib/python3.14/site-packages/django/core/management/commands/flush.py:71: 
_ _ _ _ _ _ _ _ _ _ _ _ _ _ _ _ _ _ _ _ _ _ _ _ _ _ _ _ _ _ _ _ _ _ _ _ _ _ _ _ 
.venv/lib/python3.14/site-packages/django/db/backends/base/operations.py:473: in execute_sql_flush
    cursor.execute(sql)
.venv/lib/python3.14/site-packages/django/db/backends/utils.py:79: in execute
    return self._execute_with_wrappers(
.venv/lib/python3.14/site-packages/django/db/backends/utils.py:92: in _execute_with_wrappers
    return executor(sql, params, many, context)
           ^^^^^^^^^^^^^^^^^^^^^^^^^^^^^^^^^^^^
.venv/lib/python3.14/site-packages/django/db/backends/utils.py:100: in _execute
    with self.db.wrap_database_errors:
         ^^^^^^^^^^^^^^^^^^^^^^^^^^^^
.venv/lib/python3.14/site-packages/django/db/utils.py:91: in __exit__
    raise dj_exc_value.with_traceback(traceback) from exc_value
.venv/lib/python3.14/site-packages/django/db/backends/utils.py:103: in _execute
    return self.cursor.execute(sql)
           ^^^^^^^^^^^^^^^^^^^^^^^^
_ _ _ _ _ _ _ _ _ _ _ _ _ _ _ _ _ _ _ _ _ _ _ _ _ _ _ _ _ _ _ _ _ _ _ _ _ _ _ _ 

self = <django.db.backends.postgresql.base.Cursor [closed] [IDLE] (host=qualification-db user=postgres database=test_qualification) at 0x7e6f3624d9b0>
query = 'TRUNCATE "core_action_card_revisions", "review_capacity_reservations", "billing_subscription", "core_known_entities",... "report_artifacts", "billing_paid_coverage_authority", "audit_chain_heads", "inventory_items", "review_cycle_events";'
params = None, prepare = None, binary = None

    def execute(
        self,
        query: Query,
        params: Params | None = None,
        *,
        prepare: bool | None = None,
        binary: bool | None = None,
    ) -> Self:
        """
        Execute a query or command to the database.
        """
        try:
            with self._conn.lock:
                self._conn.wait(
                    self._execute_gen(query, params, prepare=prepare, binary=binary)
                )
        except e._NO_TRACEBACK as ex:
>           raise ex.with_traceback(None)
E           django.db.utils.NotSupportedError: cannot truncate a table referenced in a foreign key constraint
E           DETAIL:  Table "billing_admission_receipt" references "billing_paid_coverage".
E           HINT:  Truncate table "billing_admission_receipt" at the same time, or use TRUNCATE ... CASCADE.

.venv/lib/python3.14/site-packages/psycopg/cursor.py:117: NotSupportedError

The above exception was the direct cause of the following exception:

request = <SubRequest '_django_db_helper' for <Function test_app_raw_admission_and_mutation_are_denied[review_capacity_reservations]>>
django_db_setup = None
django_db_blocker = <pytest_django.plugin.DjangoDbBlocker object at 0x7e6f3b5c9010>

    @pytest.fixture
    def _django_db_helper(
        request: pytest.FixtureRequest,
        django_db_setup: None,  # noqa: ARG001
        django_db_blocker: DjangoDbBlocker,
    ) -> Generator[None]:
        if is_django_unittest(request):
            yield
            return
    
        from django import VERSION
    
        marker = request.node.get_closest_marker("django_db")
        if marker:
            (
                transactional,
                reset_sequences,
                databases,
                serialized_rollback,
                available_apps,
            ) = validate_django_db(marker)
        else:
            (
                transactional,
                reset_sequences,
                databases,
                serialized_rollback,
                available_apps,
            ) = False, False, None, False, None
    
        transactional = (
            transactional
            or reset_sequences
            or ("transactional_db" in request.fixturenames or "live_server" in request.fixturenames)
        )
        reset_sequences = reset_sequences or ("django_db_reset_sequences" in request.fixturenames)
        serialized_rollback = serialized_rollback or (
            "django_db_serialized_rollback" in request.fixturenames
        )
    
        with django_db_blocker.unblock():
            import django.db
            import django.test
    
            if transactional:
                test_case_class = django.test.TransactionTestCase
            else:
                test_case_class = django.test.TestCase
    
            _reset_sequences = reset_sequences
            _serialized_rollback = serialized_rollback
            _databases = databases
            _available_apps = available_apps
    
            class PytestDjangoTestCase(test_case_class):  # type: ignore[misc,valid-type]
                reset_sequences = _reset_sequences
                serialized_rollback = _serialized_rollback
                if _databases is not None:
                    databases = _databases
                if _available_apps is not None:
                    available_apps = _available_apps
    
                # For non-transactional tests, skip executing `django.test.TestCase`'s
                # `setUpClass`/`tearDownClass`, only execute the super class ones.
                #
                # `TestCase`'s class setup manages the `setUpTestData`/class-level
                # transaction functionality. We don't use it; instead we (will) offer
                # our own alternatives. So it only adds overhead, and does some things
                # which conflict with our (planned) functionality, particularly, it
                # closes all database connections in `tearDownClass` which inhibits
                # wrapping tests in higher-scoped transactions.
                #
                # It's possible a new version of Django will add some unrelated
                # functionality to these methods, in which case skipping them completely
                # would not be desirable. Let's cross that bridge when we get there...
                if not transactional:
    
                    @classmethod
                    def setUpClass(cls) -> None:
                        super(django.test.TestCase, cls).setUpClass()
    
                    @classmethod
                    def tearDownClass(cls) -> None:
                        super(django.test.TestCase, cls).tearDownClass()
    
            PytestDjangoTestCase.setUpClass()
    
            test_case = PytestDjangoTestCase(methodName="__init__")
            if VERSION >= (6, 0):
                pre_setup_ran_eagerly = PytestDjangoTestCase._pre_setup_ran_eagerly
            else:
                pre_setup_ran_eagerly = getattr(PytestDjangoTestCase, "_pre_setup_ran_eagerly", False)
            if not pre_setup_ran_eagerly:
                # For a TransactionTestCase, setUpClass() has already run _pre_setup() and set
                # this flag to say so.
                test_case._pre_setup()
    
            yield
    
>           test_case._post_teardown()

.venv/lib/python3.14/site-packages/pytest_django/fixtures.py:305: 
_ _ _ _ _ _ _ _ _ _ _ _ _ _ _ _ _ _ _ _ _ _ _ _ _ _ _ _ _ _ _ _ _ _ _ _ _ _ _ _ 
.venv/lib/python3.14/site-packages/django/test/testcases.py:1231: in _post_teardown
    self._fixture_teardown()
.venv/lib/python3.14/site-packages/django/test/testcases.py:1266: in _fixture_teardown
    call_command(
.venv/lib/python3.14/site-packages/django/core/management/__init__.py:194: in call_command
    return command.execute(*args, **defaults)
           ^^^^^^^^^^^^^^^^^^^^^^^^^^^^^^^^^^
.venv/lib/python3.14/site-packages/django/core/management/base.py:464: in execute
    output = self.handle(*args, **options)
             ^^^^^^^^^^^^^^^^^^^^^^^^^^^^^
_ _ _ _ _ _ _ _ _ _ _ _ _ _ _ _ _ _ _ _ _ _ _ _ _ _ _ _ _ _ _ _ _ _ _ _ _ _ _ _ 

self = <django.core.management.commands.flush.Command object at 0x7e6f35b209d0>
options = {'verbosity': 0, 'settings': None, 'pythonpath': None, 'traceback': False, ...}

        def handle(self, **options):
            database = options["database"]
            connection = connections[database]
            verbosity = options["verbosity"]
            interactive = options["interactive"]
            # The following are stealth options used by Django's internals.
            reset_sequences = options.get("reset_sequences", True)
            allow_cascade = options.get("allow_cascade", False)
            inhibit_post_migrate = options.get("inhibit_post_migrate", False)
    
            self.style = no_style()
    
            # Import the 'management' module within each installed app, to register
            # dispatcher events.
            for app_config in apps.get_app_configs():
                try:
                    import_module(".management", app_config.name)
                except ImportError:
                    pass
    
            sql_list = sql_flush(
                self.style,
                connection,
                reset_sequences=reset_sequences,
                allow_cascade=allow_cascade,
            )
    
            if interactive:
                confirm = input("""You have requested a flush of the database.
    This will IRREVERSIBLY DESTROY all data currently in the "%s" database,
    and return each table to an empty state.
    Are you sure you want to do this?
    
        Type 'yes' to continue, or 'no' to cancel: """ % connection.settings_dict["NAME"])
            else:
                confirm = "yes"
    
            if confirm == "yes":
                try:
                    connection.ops.execute_sql_flush(sql_list)
                except Exception as exc:
>                   raise CommandError(
                        "Database %s couldn't be flushed. Possible reasons:\n"
                        "  * The database isn't running or isn't configured correctly.\n"
                        "  * At least one of the expected database tables doesn't exist.\n"
                        "  * The SQL was invalid.\n"
                        "Hint: Look at the output of 'django-admin sqlflush'. "
                        "That's the SQL this command wasn't able to run."
                        % (connection.settings_dict["NAME"],)
                    ) from exc
E                   django.core.management.base.CommandError: Database test_qualification couldn't be flushed. Possible reasons:
E                     * The database isn't running or isn't configured correctly.
E                     * At least one of the expected database tables doesn't exist.
E                     * The SQL was invalid.
E                   Hint: Look at the output of 'django-admin sqlflush'. That's the SQL this command wasn't able to run.

.venv/lib/python3.14/site-packages/django/core/management/commands/flush.py:73: CommandError
_ ERROR at setup of test_app_raw_admission_and_mutation_are_denied[review_reservation_events] _

self = <django.db.backends.utils.CursorWrapper object at 0x7e6f363d4e90>
sql = 'INSERT INTO "accounts_user" ("password", "last_login", "is_superuser", "id", "email", "first_name", "last_name", "is_staff", "is_active", "date_joined") VALUES (%s, %s, %s, %s, %s, %s, %s, %s, %s, %s)'
params = ('!PukIZTf2y8hbsPPecXPzQ5ZE3Se6racUvGNtR2qO', None, False, UUID('cd8e56c1-85a3-4df7-8165-eaceae035c1f'), 'reports@example.com', '', ...)
ignored_wrapper_args = (False, {'connection': <DatabaseWrapper vendor='postgresql' alias='default'>, 'cursor': <django.db.backends.utils.CursorWrapper object at 0x7e6f363d4e90>})

    def _execute(self, sql, params, *ignored_wrapper_args):
        # Raise a warning during app initialization (stored_app_configs is only
        # ever set during testing).
        if not apps.ready and not apps.stored_app_configs:
            warnings.warn(self.APPS_NOT_READY_WARNING_MSG, category=RuntimeWarning)
        self.db.validate_no_broken_transaction()
        with self.db.wrap_database_errors:
            if params is None:
                # params default might be backend specific.
                return self.cursor.execute(sql)
            else:
>               return self.cursor.execute(sql, params)
                       ^^^^^^^^^^^^^^^^^^^^^^^^^^^^^^^^

.venv/lib/python3.14/site-packages/django/db/backends/utils.py:105: 
_ _ _ _ _ _ _ _ _ _ _ _ _ _ _ _ _ _ _ _ _ _ _ _ _ _ _ _ _ _ _ _ _ _ _ _ _ _ _ _ 

self = <django.db.backends.postgresql.base.Cursor [closed] [IDLE] (host=qualification-db user=postgres database=test_qualification) at 0x7e6f3624e430>
query = 'INSERT INTO "accounts_user" ("password", "last_login", "is_superuser", "id", "email", "first_name", "last_name", "is_staff", "is_active", "date_joined") VALUES (%s, %s, %s, %s, %s, %s, %s, %s, %s, %s)'
params = ('!PukIZTf2y8hbsPPecXPzQ5ZE3Se6racUvGNtR2qO', None, False, UUID('cd8e56c1-85a3-4df7-8165-eaceae035c1f'), 'reports@example.com', '', ...)
prepare = None, binary = None

    def execute(
        self,
        query: Query,
        params: Params | None = None,
        *,
        prepare: bool | None = None,
        binary: bool | None = None,
    ) -> Self:
        """
        Execute a query or command to the database.
        """
        try:
            with self._conn.lock:
                self._conn.wait(
                    self._execute_gen(query, params, prepare=prepare, binary=binary)
                )
        except e._NO_TRACEBACK as ex:
>           raise ex.with_traceback(None)
E           psycopg.errors.UniqueViolation: duplicate key value violates unique constraint "accounts_user_email_key"
E           DETAIL:  Key (email)=(reports@example.com) already exists.

.venv/lib/python3.14/site-packages/psycopg/cursor.py:117: UniqueViolation

The above exception was the direct cause of the following exception:

client = <django.test.client.Client object at 0x7e6f35bd0c80>

    @pytest.fixture
    def report_context(client):
>       user = get_user_model().objects.create_user("reports@example.com")
               ^^^^^^^^^^^^^^^^^^^^^^^^^^^^^^^^^^^^^^^^^^^^^^^^^^^^^^^^^^^

tests/conftest.py:174: 
_ _ _ _ _ _ _ _ _ _ _ _ _ _ _ _ _ _ _ _ _ _ _ _ _ _ _ _ _ _ _ _ _ _ _ _ _ _ _ _ 
apps/accounts/managers.py:29: in create_user
    user.save(using=self._db)
.venv/lib/python3.14/site-packages/django/contrib/auth/base_user.py:65: in save
    super().save(*args, **kwargs)
.venv/lib/python3.14/site-packages/django/db/models/base.py:902: in save
    self.save_base(
.venv/lib/python3.14/site-packages/django/db/models/base.py:1008: in save_base
    updated = self._save_table(
.venv/lib/python3.14/site-packages/django/db/models/base.py:1169: in _save_table
    results = self._do_insert(
.venv/lib/python3.14/site-packages/django/db/models/base.py:1210: in _do_insert
    return manager._insert(
.venv/lib/python3.14/site-packages/django/db/models/manager.py:87: in manager_method
    return getattr(self.get_queryset(), name)(*args, **kwargs)
           ^^^^^^^^^^^^^^^^^^^^^^^^^^^^^^^^^^^^^^^^^^^^^^^^^^^
.venv/lib/python3.14/site-packages/django/db/models/query.py:1873: in _insert
    return query.get_compiler(using=using).execute_sql(returning_fields)
           ^^^^^^^^^^^^^^^^^^^^^^^^^^^^^^^^^^^^^^^^^^^^^^^^^^^^^^^^^^^^^
.venv/lib/python3.14/site-packages/django/db/models/sql/compiler.py:1882: in execute_sql
    cursor.execute(sql, params)
.venv/lib/python3.14/site-packages/django/db/backends/utils.py:79: in execute
    return self._execute_with_wrappers(
.venv/lib/python3.14/site-packages/django/db/backends/utils.py:92: in _execute_with_wrappers
    return executor(sql, params, many, context)
           ^^^^^^^^^^^^^^^^^^^^^^^^^^^^^^^^^^^^
.venv/lib/python3.14/site-packages/django/db/backends/utils.py:100: in _execute
    with self.db.wrap_database_errors:
         ^^^^^^^^^^^^^^^^^^^^^^^^^^^^
.venv/lib/python3.14/site-packages/django/db/utils.py:91: in __exit__
    raise dj_exc_value.with_traceback(traceback) from exc_value
.venv/lib/python3.14/site-packages/django/db/backends/utils.py:105: in _execute
    return self.cursor.execute(sql, params)
           ^^^^^^^^^^^^^^^^^^^^^^^^^^^^^^^^
_ _ _ _ _ _ _ _ _ _ _ _ _ _ _ _ _ _ _ _ _ _ _ _ _ _ _ _ _ _ _ _ _ _ _ _ _ _ _ _ 

self = <django.db.backends.postgresql.base.Cursor [closed] [IDLE] (host=qualification-db user=postgres database=test_qualification) at 0x7e6f3624e430>
query = 'INSERT INTO "accounts_user" ("password", "last_login", "is_superuser", "id", "email", "first_name", "last_name", "is_staff", "is_active", "date_joined") VALUES (%s, %s, %s, %s, %s, %s, %s, %s, %s, %s)'
params = ('!PukIZTf2y8hbsPPecXPzQ5ZE3Se6racUvGNtR2qO', None, False, UUID('cd8e56c1-85a3-4df7-8165-eaceae035c1f'), 'reports@example.com', '', ...)
prepare = None, binary = None

    def execute(
        self,
        query: Query,
        params: Params | None = None,
        *,
        prepare: bool | None = None,
        binary: bool | None = None,
    ) -> Self:
        """
        Execute a query or command to the database.
        """
        try:
            with self._conn.lock:
                self._conn.wait(
                    self._execute_gen(query, params, prepare=prepare, binary=binary)
                )
        except e._NO_TRACEBACK as ex:
>           raise ex.with_traceback(None)
E           django.db.utils.IntegrityError: duplicate key value violates unique constraint "accounts_user_email_key"
E           DETAIL:  Key (email)=(reports@example.com) already exists.

.venv/lib/python3.14/site-packages/psycopg/cursor.py:117: IntegrityError
_ ERROR at teardown of test_app_raw_admission_and_mutation_are_denied[review_reservation_events] _

self = <django.db.backends.utils.CursorWrapper object at 0x7e6f363dc230>
sql = 'TRUNCATE "core_action_card_revisions", "review_capacity_reservations", "billing_subscription", "core_known_entities",... "report_artifacts", "billing_paid_coverage_authority", "audit_chain_heads", "inventory_items", "review_cycle_events";'
params = None
ignored_wrapper_args = (False, {'connection': <DatabaseWrapper vendor='postgresql' alias='default'>, 'cursor': <django.db.backends.utils.CursorWrapper object at 0x7e6f363dc230>})

    def _execute(self, sql, params, *ignored_wrapper_args):
        # Raise a warning during app initialization (stored_app_configs is only
        # ever set during testing).
        if not apps.ready and not apps.stored_app_configs:
            warnings.warn(self.APPS_NOT_READY_WARNING_MSG, category=RuntimeWarning)
        self.db.validate_no_broken_transaction()
        with self.db.wrap_database_errors:
            if params is None:
                # params default might be backend specific.
>               return self.cursor.execute(sql)
                       ^^^^^^^^^^^^^^^^^^^^^^^^

.venv/lib/python3.14/site-packages/django/db/backends/utils.py:103: 
_ _ _ _ _ _ _ _ _ _ _ _ _ _ _ _ _ _ _ _ _ _ _ _ _ _ _ _ _ _ _ _ _ _ _ _ _ _ _ _ 

self = <django.db.backends.postgresql.base.Cursor [closed] [IDLE] (host=qualification-db user=postgres database=test_qualification) at 0x7e6f3624ecf0>
query = 'TRUNCATE "core_action_card_revisions", "review_capacity_reservations", "billing_subscription", "core_known_entities",... "report_artifacts", "billing_paid_coverage_authority", "audit_chain_heads", "inventory_items", "review_cycle_events";'
params = None, prepare = None, binary = None

    def execute(
        self,
        query: Query,
        params: Params | None = None,
        *,
        prepare: bool | None = None,
        binary: bool | None = None,
    ) -> Self:
        """
        Execute a query or command to the database.
        """
        try:
            with self._conn.lock:
                self._conn.wait(
                    self._execute_gen(query, params, prepare=prepare, binary=binary)
                )
        except e._NO_TRACEBACK as ex:
>           raise ex.with_traceback(None)
E           psycopg.errors.FeatureNotSupported: cannot truncate a table referenced in a foreign key constraint
E           DETAIL:  Table "billing_admission_receipt" references "billing_paid_coverage".
E           HINT:  Truncate table "billing_admission_receipt" at the same time, or use TRUNCATE ... CASCADE.

.venv/lib/python3.14/site-packages/psycopg/cursor.py:117: FeatureNotSupported

The above exception was the direct cause of the following exception:

self = <django.core.management.commands.flush.Command object at 0x7e6f362de7b0>
options = {'verbosity': 0, 'settings': None, 'pythonpath': None, 'traceback': False, ...}

        def handle(self, **options):
            database = options["database"]
            connection = connections[database]
            verbosity = options["verbosity"]
            interactive = options["interactive"]
            # The following are stealth options used by Django's internals.
            reset_sequences = options.get("reset_sequences", True)
            allow_cascade = options.get("allow_cascade", False)
            inhibit_post_migrate = options.get("inhibit_post_migrate", False)
    
            self.style = no_style()
    
            # Import the 'management' module within each installed app, to register
            # dispatcher events.
            for app_config in apps.get_app_configs():
                try:
                    import_module(".management", app_config.name)
                except ImportError:
                    pass
    
            sql_list = sql_flush(
                self.style,
                connection,
                reset_sequences=reset_sequences,
                allow_cascade=allow_cascade,
            )
    
            if interactive:
                confirm = input("""You have requested a flush of the database.
    This will IRREVERSIBLY DESTROY all data currently in the "%s" database,
    and return each table to an empty state.
    Are you sure you want to do this?
    
        Type 'yes' to continue, or 'no' to cancel: """ % connection.settings_dict["NAME"])
            else:
                confirm = "yes"
    
            if confirm == "yes":
                try:
>                   connection.ops.execute_sql_flush(sql_list)

.venv/lib/python3.14/site-packages/django/core/management/commands/flush.py:71: 
_ _ _ _ _ _ _ _ _ _ _ _ _ _ _ _ _ _ _ _ _ _ _ _ _ _ _ _ _ _ _ _ _ _ _ _ _ _ _ _ 
.venv/lib/python3.14/site-packages/django/db/backends/base/operations.py:473: in execute_sql_flush
    cursor.execute(sql)
.venv/lib/python3.14/site-packages/django/db/backends/utils.py:79: in execute
    return self._execute_with_wrappers(
.venv/lib/python3.14/site-packages/django/db/backends/utils.py:92: in _execute_with_wrappers
    return executor(sql, params, many, context)
           ^^^^^^^^^^^^^^^^^^^^^^^^^^^^^^^^^^^^
.venv/lib/python3.14/site-packages/django/db/backends/utils.py:100: in _execute
    with self.db.wrap_database_errors:
         ^^^^^^^^^^^^^^^^^^^^^^^^^^^^
.venv/lib/python3.14/site-packages/django/db/utils.py:91: in __exit__
    raise dj_exc_value.with_traceback(traceback) from exc_value
.venv/lib/python3.14/site-packages/django/db/backends/utils.py:103: in _execute
    return self.cursor.execute(sql)
           ^^^^^^^^^^^^^^^^^^^^^^^^
_ _ _ _ _ _ _ _ _ _ _ _ _ _ _ _ _ _ _ _ _ _ _ _ _ _ _ _ _ _ _ _ _ _ _ _ _ _ _ _ 

self = <django.db.backends.postgresql.base.Cursor [closed] [IDLE] (host=qualification-db user=postgres database=test_qualification) at 0x7e6f3624ecf0>
query = 'TRUNCATE "core_action_card_revisions", "review_capacity_reservations", "billing_subscription", "core_known_entities",... "report_artifacts", "billing_paid_coverage_authority", "audit_chain_heads", "inventory_items", "review_cycle_events";'
params = None, prepare = None, binary = None

    def execute(
        self,
        query: Query,
        params: Params | None = None,
        *,
        prepare: bool | None = None,
        binary: bool | None = None,
    ) -> Self:
        """
        Execute a query or command to the database.
        """
        try:
            with self._conn.lock:
                self._conn.wait(
                    self._execute_gen(query, params, prepare=prepare, binary=binary)
                )
        except e._NO_TRACEBACK as ex:
>           raise ex.with_traceback(None)
E           django.db.utils.NotSupportedError: cannot truncate a table referenced in a foreign key constraint
E           DETAIL:  Table "billing_admission_receipt" references "billing_paid_coverage".
E           HINT:  Truncate table "billing_admission_receipt" at the same time, or use TRUNCATE ... CASCADE.

.venv/lib/python3.14/site-packages/psycopg/cursor.py:117: NotSupportedError

The above exception was the direct cause of the following exception:

request = <SubRequest '_django_db_helper' for <Function test_app_raw_admission_and_mutation_are_denied[review_reservation_events]>>
django_db_setup = None
django_db_blocker = <pytest_django.plugin.DjangoDbBlocker object at 0x7e6f3b5c9010>

    @pytest.fixture
    def _django_db_helper(
        request: pytest.FixtureRequest,
        django_db_setup: None,  # noqa: ARG001
        django_db_blocker: DjangoDbBlocker,
    ) -> Generator[None]:
        if is_django_unittest(request):
            yield
            return
    
        from django import VERSION
    
        marker = request.node.get_closest_marker("django_db")
        if marker:
            (
                transactional,
                reset_sequences,
                databases,
                serialized_rollback,
                available_apps,
            ) = validate_django_db(marker)
        else:
            (
                transactional,
                reset_sequences,
                databases,
                serialized_rollback,
                available_apps,
            ) = False, False, None, False, None
    
        transactional = (
            transactional
            or reset_sequences
            or ("transactional_db" in request.fixturenames or "live_server" in request.fixturenames)
        )
        reset_sequences = reset_sequences or ("django_db_reset_sequences" in request.fixturenames)
        serialized_rollback = serialized_rollback or (
            "django_db_serialized_rollback" in request.fixturenames
        )
    
        with django_db_blocker.unblock():
            import django.db
            import django.test
    
            if transactional:
                test_case_class = django.test.TransactionTestCase
            else:
                test_case_class = django.test.TestCase
    
            _reset_sequences = reset_sequences
            _serialized_rollback = serialized_rollback
            _databases = databases
            _available_apps = available_apps
    
            class PytestDjangoTestCase(test_case_class):  # type: ignore[misc,valid-type]
                reset_sequences = _reset_sequences
                serialized_rollback = _serialized_rollback
                if _databases is not None:
                    databases = _databases
                if _available_apps is not None:
                    available_apps = _available_apps
    
                # For non-transactional tests, skip executing `django.test.TestCase`'s
                # `setUpClass`/`tearDownClass`, only execute the super class ones.
                #
                # `TestCase`'s class setup manages the `setUpTestData`/class-level
                # transaction functionality. We don't use it; instead we (will) offer
                # our own alternatives. So it only adds overhead, and does some things
                # which conflict with our (planned) functionality, particularly, it
                # closes all database connections in `tearDownClass` which inhibits
                # wrapping tests in higher-scoped transactions.
                #
                # It's possible a new version of Django will add some unrelated
                # functionality to these methods, in which case skipping them completely
                # would not be desirable. Let's cross that bridge when we get there...
                if not transactional:
    
                    @classmethod
                    def setUpClass(cls) -> None:
                        super(django.test.TestCase, cls).setUpClass()
    
                    @classmethod
                    def tearDownClass(cls) -> None:
                        super(django.test.TestCase, cls).tearDownClass()
    
            PytestDjangoTestCase.setUpClass()
    
            test_case = PytestDjangoTestCase(methodName="__init__")
            if VERSION >= (6, 0):
                pre_setup_ran_eagerly = PytestDjangoTestCase._pre_setup_ran_eagerly
            else:
                pre_setup_ran_eagerly = getattr(PytestDjangoTestCase, "_pre_setup_ran_eagerly", False)
            if not pre_setup_ran_eagerly:
                # For a TransactionTestCase, setUpClass() has already run _pre_setup() and set
                # this flag to say so.
                test_case._pre_setup()
    
            yield
    
>           test_case._post_teardown()

.venv/lib/python3.14/site-packages/pytest_django/fixtures.py:305: 
_ _ _ _ _ _ _ _ _ _ _ _ _ _ _ _ _ _ _ _ _ _ _ _ _ _ _ _ _ _ _ _ _ _ _ _ _ _ _ _ 
.venv/lib/python3.14/site-packages/django/test/testcases.py:1231: in _post_teardown
    self._fixture_teardown()
.venv/lib/python3.14/site-packages/django/test/testcases.py:1266: in _fixture_teardown
    call_command(
.venv/lib/python3.14/site-packages/django/core/management/__init__.py:194: in call_command
    return command.execute(*args, **defaults)
           ^^^^^^^^^^^^^^^^^^^^^^^^^^^^^^^^^^
.venv/lib/python3.14/site-packages/django/core/management/base.py:464: in execute
    output = self.handle(*args, **options)
             ^^^^^^^^^^^^^^^^^^^^^^^^^^^^^
_ _ _ _ _ _ _ _ _ _ _ _ _ _ _ _ _ _ _ _ _ _ _ _ _ _ _ _ _ _ _ _ _ _ _ _ _ _ _ _ 

self = <django.core.management.commands.flush.Command object at 0x7e6f362de7b0>
options = {'verbosity': 0, 'settings': None, 'pythonpath': None, 'traceback': False, ...}

        def handle(self, **options):
            database = options["database"]
            connection = connections[database]
            verbosity = options["verbosity"]
            interactive = options["interactive"]
            # The following are stealth options used by Django's internals.
            reset_sequences = options.get("reset_sequences", True)
            allow_cascade = options.get("allow_cascade", False)
            inhibit_post_migrate = options.get("inhibit_post_migrate", False)
    
            self.style = no_style()
    
            # Import the 'management' module within each installed app, to register
            # dispatcher events.
            for app_config in apps.get_app_configs():
                try:
                    import_module(".management", app_config.name)
                except ImportError:
                    pass
    
            sql_list = sql_flush(
                self.style,
                connection,
                reset_sequences=reset_sequences,
                allow_cascade=allow_cascade,
            )
    
            if interactive:
                confirm = input("""You have requested a flush of the database.
    This will IRREVERSIBLY DESTROY all data currently in the "%s" database,
    and return each table to an empty state.
    Are you sure you want to do this?
    
        Type 'yes' to continue, or 'no' to cancel: """ % connection.settings_dict["NAME"])
            else:
                confirm = "yes"
    
            if confirm == "yes":
                try:
                    connection.ops.execute_sql_flush(sql_list)
                except Exception as exc:
>                   raise CommandError(
                        "Database %s couldn't be flushed. Possible reasons:\n"
                        "  * The database isn't running or isn't configured correctly.\n"
                        "  * At least one of the expected database tables doesn't exist.\n"
                        "  * The SQL was invalid.\n"
                        "Hint: Look at the output of 'django-admin sqlflush'. "
                        "That's the SQL this command wasn't able to run."
                        % (connection.settings_dict["NAME"],)
                    ) from exc
E                   django.core.management.base.CommandError: Database test_qualification couldn't be flushed. Possible reasons:
E                     * The database isn't running or isn't configured correctly.
E                     * At least one of the expected database tables doesn't exist.
E                     * The SQL was invalid.
E                   Hint: Look at the output of 'django-admin sqlflush'. That's the SQL this command wasn't able to run.

.venv/lib/python3.14/site-packages/django/core/management/commands/flush.py:73: CommandError
__ ERROR at teardown of test_worker_has_no_review_table_access[review_cycles] __

self = <django.db.backends.utils.CursorWrapper object at 0x7e6f363d7b90>
sql = 'TRUNCATE "core_action_card_revisions", "review_capacity_reservations", "billing_subscription", "core_known_entities",... "report_artifacts", "billing_paid_coverage_authority", "audit_chain_heads", "inventory_items", "review_cycle_events";'
params = None
ignored_wrapper_args = (False, {'connection': <DatabaseWrapper vendor='postgresql' alias='default'>, 'cursor': <django.db.backends.utils.CursorWrapper object at 0x7e6f363d7b90>})

    def _execute(self, sql, params, *ignored_wrapper_args):
        # Raise a warning during app initialization (stored_app_configs is only
        # ever set during testing).
        if not apps.ready and not apps.stored_app_configs:
            warnings.warn(self.APPS_NOT_READY_WARNING_MSG, category=RuntimeWarning)
        self.db.validate_no_broken_transaction()
        with self.db.wrap_database_errors:
            if params is None:
                # params default might be backend specific.
>               return self.cursor.execute(sql)
                       ^^^^^^^^^^^^^^^^^^^^^^^^

.venv/lib/python3.14/site-packages/django/db/backends/utils.py:103: 
_ _ _ _ _ _ _ _ _ _ _ _ _ _ _ _ _ _ _ _ _ _ _ _ _ _ _ _ _ _ _ _ _ _ _ _ _ _ _ _ 

self = <django.db.backends.postgresql.base.Cursor [closed] [IDLE] (host=qualification-db user=postgres database=test_qualification) at 0x7e6f3624f770>
query = 'TRUNCATE "core_action_card_revisions", "review_capacity_reservations", "billing_subscription", "core_known_entities",... "report_artifacts", "billing_paid_coverage_authority", "audit_chain_heads", "inventory_items", "review_cycle_events";'
params = None, prepare = None, binary = None

    def execute(
        self,
        query: Query,
        params: Params | None = None,
        *,
        prepare: bool | None = None,
        binary: bool | None = None,
    ) -> Self:
        """
        Execute a query or command to the database.
        """
        try:
            with self._conn.lock:
                self._conn.wait(
                    self._execute_gen(query, params, prepare=prepare, binary=binary)
                )
        except e._NO_TRACEBACK as ex:
>           raise ex.with_traceback(None)
E           psycopg.errors.FeatureNotSupported: cannot truncate a table referenced in a foreign key constraint
E           DETAIL:  Table "billing_admission_receipt" references "billing_paid_coverage".
E           HINT:  Truncate table "billing_admission_receipt" at the same time, or use TRUNCATE ... CASCADE.

.venv/lib/python3.14/site-packages/psycopg/cursor.py:117: FeatureNotSupported

The above exception was the direct cause of the following exception:

self = <django.core.management.commands.flush.Command object at 0x7e6f35bc2be0>
options = {'verbosity': 0, 'settings': None, 'pythonpath': None, 'traceback': False, ...}

        def handle(self, **options):
            database = options["database"]
            connection = connections[database]
            verbosity = options["verbosity"]
            interactive = options["interactive"]
            # The following are stealth options used by Django's internals.
            reset_sequences = options.get("reset_sequences", True)
            allow_cascade = options.get("allow_cascade", False)
            inhibit_post_migrate = options.get("inhibit_post_migrate", False)
    
            self.style = no_style()
    
            # Import the 'management' module within each installed app, to register
            # dispatcher events.
            for app_config in apps.get_app_configs():
                try:
                    import_module(".management", app_config.name)
                except ImportError:
                    pass
    
            sql_list = sql_flush(
                self.style,
                connection,
                reset_sequences=reset_sequences,
                allow_cascade=allow_cascade,
            )
    
            if interactive:
                confirm = input("""You have requested a flush of the database.
    This will IRREVERSIBLY DESTROY all data currently in the "%s" database,
    and return each table to an empty state.
    Are you sure you want to do this?
    
        Type 'yes' to continue, or 'no' to cancel: """ % connection.settings_dict["NAME"])
            else:
                confirm = "yes"
    
            if confirm == "yes":
                try:
>                   connection.ops.execute_sql_flush(sql_list)

.venv/lib/python3.14/site-packages/django/core/management/commands/flush.py:71: 
_ _ _ _ _ _ _ _ _ _ _ _ _ _ _ _ _ _ _ _ _ _ _ _ _ _ _ _ _ _ _ _ _ _ _ _ _ _ _ _ 
.venv/lib/python3.14/site-packages/django/db/backends/base/operations.py:473: in execute_sql_flush
    cursor.execute(sql)
.venv/lib/python3.14/site-packages/django/db/backends/utils.py:79: in execute
    return self._execute_with_wrappers(
.venv/lib/python3.14/site-packages/django/db/backends/utils.py:92: in _execute_with_wrappers
    return executor(sql, params, many, context)
           ^^^^^^^^^^^^^^^^^^^^^^^^^^^^^^^^^^^^
.venv/lib/python3.14/site-packages/django/db/backends/utils.py:100: in _execute
    with self.db.wrap_database_errors:
         ^^^^^^^^^^^^^^^^^^^^^^^^^^^^
.venv/lib/python3.14/site-packages/django/db/utils.py:91: in __exit__
    raise dj_exc_value.with_traceback(traceback) from exc_value
.venv/lib/python3.14/site-packages/django/db/backends/utils.py:103: in _execute
    return self.cursor.execute(sql)
           ^^^^^^^^^^^^^^^^^^^^^^^^
_ _ _ _ _ _ _ _ _ _ _ _ _ _ _ _ _ _ _ _ _ _ _ _ _ _ _ _ _ _ _ _ _ _ _ _ _ _ _ _ 

self = <django.db.backends.postgresql.base.Cursor [closed] [IDLE] (host=qualification-db user=postgres database=test_qualification) at 0x7e6f3624f770>
query = 'TRUNCATE "core_action_card_revisions", "review_capacity_reservations", "billing_subscription", "core_known_entities",... "report_artifacts", "billing_paid_coverage_authority", "audit_chain_heads", "inventory_items", "review_cycle_events";'
params = None, prepare = None, binary = None

    def execute(
        self,
        query: Query,
        params: Params | None = None,
        *,
        prepare: bool | None = None,
        binary: bool | None = None,
    ) -> Self:
        """
        Execute a query or command to the database.
        """
        try:
            with self._conn.lock:
                self._conn.wait(
                    self._execute_gen(query, params, prepare=prepare, binary=binary)
                )
        except e._NO_TRACEBACK as ex:
>           raise ex.with_traceback(None)
E           django.db.utils.NotSupportedError: cannot truncate a table referenced in a foreign key constraint
E           DETAIL:  Table "billing_admission_receipt" references "billing_paid_coverage".
E           HINT:  Truncate table "billing_admission_receipt" at the same time, or use TRUNCATE ... CASCADE.

.venv/lib/python3.14/site-packages/psycopg/cursor.py:117: NotSupportedError

The above exception was the direct cause of the following exception:

request = <SubRequest '_django_db_helper' for <Function test_worker_has_no_review_table_access[review_cycles]>>
django_db_setup = None
django_db_blocker = <pytest_django.plugin.DjangoDbBlocker object at 0x7e6f3b5c9010>

    @pytest.fixture
    def _django_db_helper(
        request: pytest.FixtureRequest,
        django_db_setup: None,  # noqa: ARG001
        django_db_blocker: DjangoDbBlocker,
    ) -> Generator[None]:
        if is_django_unittest(request):
            yield
            return
    
        from django import VERSION
    
        marker = request.node.get_closest_marker("django_db")
        if marker:
            (
                transactional,
                reset_sequences,
                databases,
                serialized_rollback,
                available_apps,
            ) = validate_django_db(marker)
        else:
            (
                transactional,
                reset_sequences,
                databases,
                serialized_rollback,
                available_apps,
            ) = False, False, None, False, None
    
        transactional = (
            transactional
            or reset_sequences
            or ("transactional_db" in request.fixturenames or "live_server" in request.fixturenames)
        )
        reset_sequences = reset_sequences or ("django_db_reset_sequences" in request.fixturenames)
        serialized_rollback = serialized_rollback or (
            "django_db_serialized_rollback" in request.fixturenames
        )
    
        with django_db_blocker.unblock():
            import django.db
            import django.test
    
            if transactional:
                test_case_class = django.test.TransactionTestCase
            else:
                test_case_class = django.test.TestCase
    
            _reset_sequences = reset_sequences
            _serialized_rollback = serialized_rollback
            _databases = databases
            _available_apps = available_apps
    
            class PytestDjangoTestCase(test_case_class):  # type: ignore[misc,valid-type]
                reset_sequences = _reset_sequences
                serialized_rollback = _serialized_rollback
                if _databases is not None:
                    databases = _databases
                if _available_apps is not None:
                    available_apps = _available_apps
    
                # For non-transactional tests, skip executing `django.test.TestCase`'s
                # `setUpClass`/`tearDownClass`, only execute the super class ones.
                #
                # `TestCase`'s class setup manages the `setUpTestData`/class-level
                # transaction functionality. We don't use it; instead we (will) offer
                # our own alternatives. So it only adds overhead, and does some things
                # which conflict with our (planned) functionality, particularly, it
                # closes all database connections in `tearDownClass` which inhibits
                # wrapping tests in higher-scoped transactions.
                #
                # It's possible a new version of Django will add some unrelated
                # functionality to these methods, in which case skipping them completely
                # would not be desirable. Let's cross that bridge when we get there...
                if not transactional:
    
                    @classmethod
                    def setUpClass(cls) -> None:
                        super(django.test.TestCase, cls).setUpClass()
    
                    @classmethod
                    def tearDownClass(cls) -> None:
                        super(django.test.TestCase, cls).tearDownClass()
    
            PytestDjangoTestCase.setUpClass()
    
            test_case = PytestDjangoTestCase(methodName="__init__")
            if VERSION >= (6, 0):
                pre_setup_ran_eagerly = PytestDjangoTestCase._pre_setup_ran_eagerly
            else:
                pre_setup_ran_eagerly = getattr(PytestDjangoTestCase, "_pre_setup_ran_eagerly", False)
            if not pre_setup_ran_eagerly:
                # For a TransactionTestCase, setUpClass() has already run _pre_setup() and set
                # this flag to say so.
                test_case._pre_setup()
    
            yield
    
>           test_case._post_teardown()

.venv/lib/python3.14/site-packages/pytest_django/fixtures.py:305: 
_ _ _ _ _ _ _ _ _ _ _ _ _ _ _ _ _ _ _ _ _ _ _ _ _ _ _ _ _ _ _ _ _ _ _ _ _ _ _ _ 
.venv/lib/python3.14/site-packages/django/test/testcases.py:1231: in _post_teardown
    self._fixture_teardown()
.venv/lib/python3.14/site-packages/django/test/testcases.py:1266: in _fixture_teardown
    call_command(
.venv/lib/python3.14/site-packages/django/core/management/__init__.py:194: in call_command
    return command.execute(*args, **defaults)
           ^^^^^^^^^^^^^^^^^^^^^^^^^^^^^^^^^^
.venv/lib/python3.14/site-packages/django/core/management/base.py:464: in execute
    output = self.handle(*args, **options)
             ^^^^^^^^^^^^^^^^^^^^^^^^^^^^^
_ _ _ _ _ _ _ _ _ _ _ _ _ _ _ _ _ _ _ _ _ _ _ _ _ _ _ _ _ _ _ _ _ _ _ _ _ _ _ _ 

self = <django.core.management.commands.flush.Command object at 0x7e6f35bc2be0>
options = {'verbosity': 0, 'settings': None, 'pythonpath': None, 'traceback': False, ...}

        def handle(self, **options):
            database = options["database"]
            connection = connections[database]
            verbosity = options["verbosity"]
            interactive = options["interactive"]
            # The following are stealth options used by Django's internals.
            reset_sequences = options.get("reset_sequences", True)
            allow_cascade = options.get("allow_cascade", False)
            inhibit_post_migrate = options.get("inhibit_post_migrate", False)
    
            self.style = no_style()
    
            # Import the 'management' module within each installed app, to register
            # dispatcher events.
            for app_config in apps.get_app_configs():
                try:
                    import_module(".management", app_config.name)
                except ImportError:
                    pass
    
            sql_list = sql_flush(
                self.style,
                connection,
                reset_sequences=reset_sequences,
                allow_cascade=allow_cascade,
            )
    
            if interactive:
                confirm = input("""You have requested a flush of the database.
    This will IRREVERSIBLY DESTROY all data currently in the "%s" database,
    and return each table to an empty state.
    Are you sure you want to do this?
    
        Type 'yes' to continue, or 'no' to cancel: """ % connection.settings_dict["NAME"])
            else:
                confirm = "yes"
    
            if confirm == "yes":
                try:
                    connection.ops.execute_sql_flush(sql_list)
                except Exception as exc:
>                   raise CommandError(
                        "Database %s couldn't be flushed. Possible reasons:\n"
                        "  * The database isn't running or isn't configured correctly.\n"
                        "  * At least one of the expected database tables doesn't exist.\n"
                        "  * The SQL was invalid.\n"
                        "Hint: Look at the output of 'django-admin sqlflush'. "
                        "That's the SQL this command wasn't able to run."
                        % (connection.settings_dict["NAME"],)
                    ) from exc
E                   django.core.management.base.CommandError: Database test_qualification couldn't be flushed. Possible reasons:
E                     * The database isn't running or isn't configured correctly.
E                     * At least one of the expected database tables doesn't exist.
E                     * The SQL was invalid.
E                   Hint: Look at the output of 'django-admin sqlflush'. That's the SQL this command wasn't able to run.

.venv/lib/python3.14/site-packages/django/core/management/commands/flush.py:73: CommandError
_ ERROR at teardown of test_worker_has_no_review_table_access[review_cycle_events] _

self = <django.db.backends.utils.CursorWrapper object at 0x7e6f363fb830>
sql = 'TRUNCATE "core_action_card_revisions", "review_capacity_reservations", "billing_subscription", "core_known_entities",... "report_artifacts", "billing_paid_coverage_authority", "audit_chain_heads", "inventory_items", "review_cycle_events";'
params = None
ignored_wrapper_args = (False, {'connection': <DatabaseWrapper vendor='postgresql' alias='default'>, 'cursor': <django.db.backends.utils.CursorWrapper object at 0x7e6f363fb830>})

    def _execute(self, sql, params, *ignored_wrapper_args):
        # Raise a warning during app initialization (stored_app_configs is only
        # ever set during testing).
        if not apps.ready and not apps.stored_app_configs:
            warnings.warn(self.APPS_NOT_READY_WARNING_MSG, category=RuntimeWarning)
        self.db.validate_no_broken_transaction()
        with self.db.wrap_database_errors:
            if params is None:
                # params default might be backend specific.
>               return self.cursor.execute(sql)
                       ^^^^^^^^^^^^^^^^^^^^^^^^

.venv/lib/python3.14/site-packages/django/db/backends/utils.py:103: 
_ _ _ _ _ _ _ _ _ _ _ _ _ _ _ _ _ _ _ _ _ _ _ _ _ _ _ _ _ _ _ _ _ _ _ _ _ _ _ _ 

self = <django.db.backends.postgresql.base.Cursor [closed] [IDLE] (host=qualification-db user=postgres database=test_qualification) at 0x7e6f35be0130>
query = 'TRUNCATE "core_action_card_revisions", "review_capacity_reservations", "billing_subscription", "core_known_entities",... "report_artifacts", "billing_paid_coverage_authority", "audit_chain_heads", "inventory_items", "review_cycle_events";'
params = None, prepare = None, binary = None

    def execute(
        self,
        query: Query,
        params: Params | None = None,
        *,
        prepare: bool | None = None,
        binary: bool | None = None,
    ) -> Self:
        """
        Execute a query or command to the database.
        """
        try:
            with self._conn.lock:
                self._conn.wait(
                    self._execute_gen(query, params, prepare=prepare, binary=binary)
                )
        except e._NO_TRACEBACK as ex:
>           raise ex.with_traceback(None)
E           psycopg.errors.FeatureNotSupported: cannot truncate a table referenced in a foreign key constraint
E           DETAIL:  Table "billing_admission_receipt" references "billing_paid_coverage".
E           HINT:  Truncate table "billing_admission_receipt" at the same time, or use TRUNCATE ... CASCADE.

.venv/lib/python3.14/site-packages/psycopg/cursor.py:117: FeatureNotSupported

The above exception was the direct cause of the following exception:

self = <django.core.management.commands.flush.Command object at 0x7e6f35bc3680>
options = {'verbosity': 0, 'settings': None, 'pythonpath': None, 'traceback': False, ...}

        def handle(self, **options):
            database = options["database"]
            connection = connections[database]
            verbosity = options["verbosity"]
            interactive = options["interactive"]
            # The following are stealth options used by Django's internals.
            reset_sequences = options.get("reset_sequences", True)
            allow_cascade = options.get("allow_cascade", False)
            inhibit_post_migrate = options.get("inhibit_post_migrate", False)
    
            self.style = no_style()
    
            # Import the 'management' module within each installed app, to register
            # dispatcher events.
            for app_config in apps.get_app_configs():
                try:
                    import_module(".management", app_config.name)
                except ImportError:
                    pass
    
            sql_list = sql_flush(
                self.style,
                connection,
                reset_sequences=reset_sequences,
                allow_cascade=allow_cascade,
            )
    
            if interactive:
                confirm = input("""You have requested a flush of the database.
    This will IRREVERSIBLY DESTROY all data currently in the "%s" database,
    and return each table to an empty state.
    Are you sure you want to do this?
    
        Type 'yes' to continue, or 'no' to cancel: """ % connection.settings_dict["NAME"])
            else:
                confirm = "yes"
    
            if confirm == "yes":
                try:
>                   connection.ops.execute_sql_flush(sql_list)

.venv/lib/python3.14/site-packages/django/core/management/commands/flush.py:71: 
_ _ _ _ _ _ _ _ _ _ _ _ _ _ _ _ _ _ _ _ _ _ _ _ _ _ _ _ _ _ _ _ _ _ _ _ _ _ _ _ 
.venv/lib/python3.14/site-packages/django/db/backends/base/operations.py:473: in execute_sql_flush
    cursor.execute(sql)
.venv/lib/python3.14/site-packages/django/db/backends/utils.py:79: in execute
    return self._execute_with_wrappers(
.venv/lib/python3.14/site-packages/django/db/backends/utils.py:92: in _execute_with_wrappers
    return executor(sql, params, many, context)
           ^^^^^^^^^^^^^^^^^^^^^^^^^^^^^^^^^^^^
.venv/lib/python3.14/site-packages/django/db/backends/utils.py:100: in _execute
    with self.db.wrap_database_errors:
         ^^^^^^^^^^^^^^^^^^^^^^^^^^^^
.venv/lib/python3.14/site-packages/django/db/utils.py:91: in __exit__
    raise dj_exc_value.with_traceback(traceback) from exc_value
.venv/lib/python3.14/site-packages/django/db/backends/utils.py:103: in _execute
    return self.cursor.execute(sql)
           ^^^^^^^^^^^^^^^^^^^^^^^^
_ _ _ _ _ _ _ _ _ _ _ _ _ _ _ _ _ _ _ _ _ _ _ _ _ _ _ _ _ _ _ _ _ _ _ _ _ _ _ _ 

self = <django.db.backends.postgresql.base.Cursor [closed] [IDLE] (host=qualification-db user=postgres database=test_qualification) at 0x7e6f35be0130>
query = 'TRUNCATE "core_action_card_revisions", "review_capacity_reservations", "billing_subscription", "core_known_entities",... "report_artifacts", "billing_paid_coverage_authority", "audit_chain_heads", "inventory_items", "review_cycle_events";'
params = None, prepare = None, binary = None

    def execute(
        self,
        query: Query,
        params: Params | None = None,
        *,
        prepare: bool | None = None,
        binary: bool | None = None,
    ) -> Self:
        """
        Execute a query or command to the database.
        """
        try:
            with self._conn.lock:
                self._conn.wait(
                    self._execute_gen(query, params, prepare=prepare, binary=binary)
                )
        except e._NO_TRACEBACK as ex:
>           raise ex.with_traceback(None)
E           django.db.utils.NotSupportedError: cannot truncate a table referenced in a foreign key constraint
E           DETAIL:  Table "billing_admission_receipt" references "billing_paid_coverage".
E           HINT:  Truncate table "billing_admission_receipt" at the same time, or use TRUNCATE ... CASCADE.

.venv/lib/python3.14/site-packages/psycopg/cursor.py:117: NotSupportedError

The above exception was the direct cause of the following exception:

request = <SubRequest '_django_db_helper' for <Function test_worker_has_no_review_table_access[review_cycle_events]>>
django_db_setup = None
django_db_blocker = <pytest_django.plugin.DjangoDbBlocker object at 0x7e6f3b5c9010>

    @pytest.fixture
    def _django_db_helper(
        request: pytest.FixtureRequest,
        django_db_setup: None,  # noqa: ARG001
        django_db_blocker: DjangoDbBlocker,
    ) -> Generator[None]:
        if is_django_unittest(request):
            yield
            return
    
        from django import VERSION
    
        marker = request.node.get_closest_marker("django_db")
        if marker:
            (
                transactional,
                reset_sequences,
                databases,
                serialized_rollback,
                available_apps,
            ) = validate_django_db(marker)
        else:
            (
                transactional,
                reset_sequences,
                databases,
                serialized_rollback,
                available_apps,
            ) = False, False, None, False, None
    
        transactional = (
            transactional
            or reset_sequences
            or ("transactional_db" in request.fixturenames or "live_server" in request.fixturenames)
        )
        reset_sequences = reset_sequences or ("django_db_reset_sequences" in request.fixturenames)
        serialized_rollback = serialized_rollback or (
            "django_db_serialized_rollback" in request.fixturenames
        )
    
        with django_db_blocker.unblock():
            import django.db
            import django.test
    
            if transactional:
                test_case_class = django.test.TransactionTestCase
            else:
                test_case_class = django.test.TestCase
    
            _reset_sequences = reset_sequences
            _serialized_rollback = serialized_rollback
            _databases = databases
            _available_apps = available_apps
    
            class PytestDjangoTestCase(test_case_class):  # type: ignore[misc,valid-type]
                reset_sequences = _reset_sequences
                serialized_rollback = _serialized_rollback
                if _databases is not None:
                    databases = _databases
                if _available_apps is not None:
                    available_apps = _available_apps
    
                # For non-transactional tests, skip executing `django.test.TestCase`'s
                # `setUpClass`/`tearDownClass`, only execute the super class ones.
                #
                # `TestCase`'s class setup manages the `setUpTestData`/class-level
                # transaction functionality. We don't use it; instead we (will) offer
                # our own alternatives. So it only adds overhead, and does some things
                # which conflict with our (planned) functionality, particularly, it
                # closes all database connections in `tearDownClass` which inhibits
                # wrapping tests in higher-scoped transactions.
                #
                # It's possible a new version of Django will add some unrelated
                # functionality to these methods, in which case skipping them completely
                # would not be desirable. Let's cross that bridge when we get there...
                if not transactional:
    
                    @classmethod
                    def setUpClass(cls) -> None:
                        super(django.test.TestCase, cls).setUpClass()
    
                    @classmethod
                    def tearDownClass(cls) -> None:
                        super(django.test.TestCase, cls).tearDownClass()
    
            PytestDjangoTestCase.setUpClass()
    
            test_case = PytestDjangoTestCase(methodName="__init__")
            if VERSION >= (6, 0):
                pre_setup_ran_eagerly = PytestDjangoTestCase._pre_setup_ran_eagerly
            else:
                pre_setup_ran_eagerly = getattr(PytestDjangoTestCase, "_pre_setup_ran_eagerly", False)
            if not pre_setup_ran_eagerly:
                # For a TransactionTestCase, setUpClass() has already run _pre_setup() and set
                # this flag to say so.
                test_case._pre_setup()
    
            yield
    
>           test_case._post_teardown()

.venv/lib/python3.14/site-packages/pytest_django/fixtures.py:305: 
_ _ _ _ _ _ _ _ _ _ _ _ _ _ _ _ _ _ _ _ _ _ _ _ _ _ _ _ _ _ _ _ _ _ _ _ _ _ _ _ 
.venv/lib/python3.14/site-packages/django/test/testcases.py:1231: in _post_teardown
    self._fixture_teardown()
.venv/lib/python3.14/site-packages/django/test/testcases.py:1266: in _fixture_teardown
    call_command(
.venv/lib/python3.14/site-packages/django/core/management/__init__.py:194: in call_command
    return command.execute(*args, **defaults)
           ^^^^^^^^^^^^^^^^^^^^^^^^^^^^^^^^^^
.venv/lib/python3.14/site-packages/django/core/management/base.py:464: in execute
    output = self.handle(*args, **options)
             ^^^^^^^^^^^^^^^^^^^^^^^^^^^^^
_ _ _ _ _ _ _ _ _ _ _ _ _ _ _ _ _ _ _ _ _ _ _ _ _ _ _ _ _ _ _ _ _ _ _ _ _ _ _ _ 

self = <django.core.management.commands.flush.Command object at 0x7e6f35bc3680>
options = {'verbosity': 0, 'settings': None, 'pythonpath': None, 'traceback': False, ...}

        def handle(self, **options):
            database = options["database"]
            connection = connections[database]
            verbosity = options["verbosity"]
            interactive = options["interactive"]
            # The following are stealth options used by Django's internals.
            reset_sequences = options.get("reset_sequences", True)
            allow_cascade = options.get("allow_cascade", False)
            inhibit_post_migrate = options.get("inhibit_post_migrate", False)
    
            self.style = no_style()
    
            # Import the 'management' module within each installed app, to register
            # dispatcher events.
            for app_config in apps.get_app_configs():
                try:
                    import_module(".management", app_config.name)
                except ImportError:
                    pass
    
            sql_list = sql_flush(
                self.style,
                connection,
                reset_sequences=reset_sequences,
                allow_cascade=allow_cascade,
            )
    
            if interactive:
                confirm = input("""You have requested a flush of the database.
    This will IRREVERSIBLY DESTROY all data currently in the "%s" database,
    and return each table to an empty state.
    Are you sure you want to do this?
    
        Type 'yes' to continue, or 'no' to cancel: """ % connection.settings_dict["NAME"])
            else:
                confirm = "yes"
    
            if confirm == "yes":
                try:
                    connection.ops.execute_sql_flush(sql_list)
                except Exception as exc:
>                   raise CommandError(
                        "Database %s couldn't be flushed. Possible reasons:\n"
                        "  * The database isn't running or isn't configured correctly.\n"
                        "  * At least one of the expected database tables doesn't exist.\n"
                        "  * The SQL was invalid.\n"
                        "Hint: Look at the output of 'django-admin sqlflush'. "
                        "That's the SQL this command wasn't able to run."
                        % (connection.settings_dict["NAME"],)
                    ) from exc
E                   django.core.management.base.CommandError: Database test_qualification couldn't be flushed. Possible reasons:
E                     * The database isn't running or isn't configured correctly.
E                     * At least one of the expected database tables doesn't exist.
E                     * The SQL was invalid.
E                   Hint: Look at the output of 'django-admin sqlflush'. That's the SQL this command wasn't able to run.

.venv/lib/python3.14/site-packages/django/core/management/commands/flush.py:73: CommandError
_ ERROR at teardown of test_worker_has_no_review_table_access[review_pack_identities] _

self = <django.db.backends.utils.CursorWrapper object at 0x7e6f363f8230>
sql = 'TRUNCATE "core_action_card_revisions", "review_capacity_reservations", "billing_subscription", "core_known_entities",... "report_artifacts", "billing_paid_coverage_authority", "audit_chain_heads", "inventory_items", "review_cycle_events";'
params = None
ignored_wrapper_args = (False, {'connection': <DatabaseWrapper vendor='postgresql' alias='default'>, 'cursor': <django.db.backends.utils.CursorWrapper object at 0x7e6f363f8230>})

    def _execute(self, sql, params, *ignored_wrapper_args):
        # Raise a warning during app initialization (stored_app_configs is only
        # ever set during testing).
        if not apps.ready and not apps.stored_app_configs:
            warnings.warn(self.APPS_NOT_READY_WARNING_MSG, category=RuntimeWarning)
        self.db.validate_no_broken_transaction()
        with self.db.wrap_database_errors:
            if params is None:
                # params default might be backend specific.
>               return self.cursor.execute(sql)
                       ^^^^^^^^^^^^^^^^^^^^^^^^

.venv/lib/python3.14/site-packages/django/db/backends/utils.py:103: 
_ _ _ _ _ _ _ _ _ _ _ _ _ _ _ _ _ _ _ _ _ _ _ _ _ _ _ _ _ _ _ _ _ _ _ _ _ _ _ _ 

self = <django.db.backends.postgresql.base.Cursor [closed] [IDLE] (host=qualification-db user=postgres database=test_qualification) at 0x7e6f3624f770>
query = 'TRUNCATE "core_action_card_revisions", "review_capacity_reservations", "billing_subscription", "core_known_entities",... "report_artifacts", "billing_paid_coverage_authority", "audit_chain_heads", "inventory_items", "review_cycle_events";'
params = None, prepare = None, binary = None

    def execute(
        self,
        query: Query,
        params: Params | None = None,
        *,
        prepare: bool | None = None,
        binary: bool | None = None,
    ) -> Self:
        """
        Execute a query or command to the database.
        """
        try:
            with self._conn.lock:
                self._conn.wait(
                    self._execute_gen(query, params, prepare=prepare, binary=binary)
                )
        except e._NO_TRACEBACK as ex:
>           raise ex.with_traceback(None)
E           psycopg.errors.FeatureNotSupported: cannot truncate a table referenced in a foreign key constraint
E           DETAIL:  Table "billing_admission_receipt" references "billing_paid_coverage".
E           HINT:  Truncate table "billing_admission_receipt" at the same time, or use TRUNCATE ... CASCADE.

.venv/lib/python3.14/site-packages/psycopg/cursor.py:117: FeatureNotSupported

The above exception was the direct cause of the following exception:

self = <django.core.management.commands.flush.Command object at 0x7e6f36a15250>
options = {'verbosity': 0, 'settings': None, 'pythonpath': None, 'traceback': False, ...}

        def handle(self, **options):
            database = options["database"]
            connection = connections[database]
            verbosity = options["verbosity"]
            interactive = options["interactive"]
            # The following are stealth options used by Django's internals.
            reset_sequences = options.get("reset_sequences", True)
            allow_cascade = options.get("allow_cascade", False)
            inhibit_post_migrate = options.get("inhibit_post_migrate", False)
    
            self.style = no_style()
    
            # Import the 'management' module within each installed app, to register
            # dispatcher events.
            for app_config in apps.get_app_configs():
                try:
                    import_module(".management", app_config.name)
                except ImportError:
                    pass
    
            sql_list = sql_flush(
                self.style,
                connection,
                reset_sequences=reset_sequences,
                allow_cascade=allow_cascade,
            )
    
            if interactive:
                confirm = input("""You have requested a flush of the database.
    This will IRREVERSIBLY DESTROY all data currently in the "%s" database,
    and return each table to an empty state.
    Are you sure you want to do this?
    
        Type 'yes' to continue, or 'no' to cancel: """ % connection.settings_dict["NAME"])
            else:
                confirm = "yes"
    
            if confirm == "yes":
                try:
>                   connection.ops.execute_sql_flush(sql_list)

.venv/lib/python3.14/site-packages/django/core/management/commands/flush.py:71: 
_ _ _ _ _ _ _ _ _ _ _ _ _ _ _ _ _ _ _ _ _ _ _ _ _ _ _ _ _ _ _ _ _ _ _ _ _ _ _ _ 
.venv/lib/python3.14/site-packages/django/db/backends/base/operations.py:473: in execute_sql_flush
    cursor.execute(sql)
.venv/lib/python3.14/site-packages/django/db/backends/utils.py:79: in execute
    return self._execute_with_wrappers(
.venv/lib/python3.14/site-packages/django/db/backends/utils.py:92: in _execute_with_wrappers
    return executor(sql, params, many, context)
           ^^^^^^^^^^^^^^^^^^^^^^^^^^^^^^^^^^^^
.venv/lib/python3.14/site-packages/django/db/backends/utils.py:100: in _execute
    with self.db.wrap_database_errors:
         ^^^^^^^^^^^^^^^^^^^^^^^^^^^^
.venv/lib/python3.14/site-packages/django/db/utils.py:91: in __exit__
    raise dj_exc_value.with_traceback(traceback) from exc_value
.venv/lib/python3.14/site-packages/django/db/backends/utils.py:103: in _execute
    return self.cursor.execute(sql)
           ^^^^^^^^^^^^^^^^^^^^^^^^
_ _ _ _ _ _ _ _ _ _ _ _ _ _ _ _ _ _ _ _ _ _ _ _ _ _ _ _ _ _ _ _ _ _ _ _ _ _ _ _ 

self = <django.db.backends.postgresql.base.Cursor [closed] [IDLE] (host=qualification-db user=postgres database=test_qualification) at 0x7e6f3624f770>
query = 'TRUNCATE "core_action_card_revisions", "review_capacity_reservations", "billing_subscription", "core_known_entities",... "report_artifacts", "billing_paid_coverage_authority", "audit_chain_heads", "inventory_items", "review_cycle_events";'
params = None, prepare = None, binary = None

    def execute(
        self,
        query: Query,
        params: Params | None = None,
        *,
        prepare: bool | None = None,
        binary: bool | None = None,
    ) -> Self:
        """
        Execute a query or command to the database.
        """
        try:
            with self._conn.lock:
                self._conn.wait(
                    self._execute_gen(query, params, prepare=prepare, binary=binary)
                )
        except e._NO_TRACEBACK as ex:
>           raise ex.with_traceback(None)
E           django.db.utils.NotSupportedError: cannot truncate a table referenced in a foreign key constraint
E           DETAIL:  Table "billing_admission_receipt" references "billing_paid_coverage".
E           HINT:  Truncate table "billing_admission_receipt" at the same time, or use TRUNCATE ... CASCADE.

.venv/lib/python3.14/site-packages/psycopg/cursor.py:117: NotSupportedError

The above exception was the direct cause of the following exception:

request = <SubRequest '_django_db_helper' for <Function test_worker_has_no_review_table_access[review_pack_identities]>>
django_db_setup = None
django_db_blocker = <pytest_django.plugin.DjangoDbBlocker object at 0x7e6f3b5c9010>

    @pytest.fixture
    def _django_db_helper(
        request: pytest.FixtureRequest,
        django_db_setup: None,  # noqa: ARG001
        django_db_blocker: DjangoDbBlocker,
    ) -> Generator[None]:
        if is_django_unittest(request):
            yield
            return
    
        from django import VERSION
    
        marker = request.node.get_closest_marker("django_db")
        if marker:
            (
                transactional,
                reset_sequences,
                databases,
                serialized_rollback,
                available_apps,
            ) = validate_django_db(marker)
        else:
            (
                transactional,
                reset_sequences,
                databases,
                serialized_rollback,
                available_apps,
            ) = False, False, None, False, None
    
        transactional = (
            transactional
            or reset_sequences
            or ("transactional_db" in request.fixturenames or "live_server" in request.fixturenames)
        )
        reset_sequences = reset_sequences or ("django_db_reset_sequences" in request.fixturenames)
        serialized_rollback = serialized_rollback or (
            "django_db_serialized_rollback" in request.fixturenames
        )
    
        with django_db_blocker.unblock():
            import django.db
            import django.test
    
            if transactional:
                test_case_class = django.test.TransactionTestCase
            else:
                test_case_class = django.test.TestCase
    
            _reset_sequences = reset_sequences
            _serialized_rollback = serialized_rollback
            _databases = databases
            _available_apps = available_apps
    
            class PytestDjangoTestCase(test_case_class):  # type: ignore[misc,valid-type]
                reset_sequences = _reset_sequences
                serialized_rollback = _serialized_rollback
                if _databases is not None:
                    databases = _databases
                if _available_apps is not None:
                    available_apps = _available_apps
    
                # For non-transactional tests, skip executing `django.test.TestCase`'s
                # `setUpClass`/`tearDownClass`, only execute the super class ones.
                #
                # `TestCase`'s class setup manages the `setUpTestData`/class-level
                # transaction functionality. We don't use it; instead we (will) offer
                # our own alternatives. So it only adds overhead, and does some things
                # which conflict with our (planned) functionality, particularly, it
                # closes all database connections in `tearDownClass` which inhibits
                # wrapping tests in higher-scoped transactions.
                #
                # It's possible a new version of Django will add some unrelated
                # functionality to these methods, in which case skipping them completely
                # would not be desirable. Let's cross that bridge when we get there...
                if not transactional:
    
                    @classmethod
                    def setUpClass(cls) -> None:
                        super(django.test.TestCase, cls).setUpClass()
    
                    @classmethod
                    def tearDownClass(cls) -> None:
                        super(django.test.TestCase, cls).tearDownClass()
    
            PytestDjangoTestCase.setUpClass()
    
            test_case = PytestDjangoTestCase(methodName="__init__")
            if VERSION >= (6, 0):
                pre_setup_ran_eagerly = PytestDjangoTestCase._pre_setup_ran_eagerly
            else:
                pre_setup_ran_eagerly = getattr(PytestDjangoTestCase, "_pre_setup_ran_eagerly", False)
            if not pre_setup_ran_eagerly:
                # For a TransactionTestCase, setUpClass() has already run _pre_setup() and set
                # this flag to say so.
                test_case._pre_setup()
    
            yield
    
>           test_case._post_teardown()

.venv/lib/python3.14/site-packages/pytest_django/fixtures.py:305: 
_ _ _ _ _ _ _ _ _ _ _ _ _ _ _ _ _ _ _ _ _ _ _ _ _ _ _ _ _ _ _ _ _ _ _ _ _ _ _ _ 
.venv/lib/python3.14/site-packages/django/test/testcases.py:1231: in _post_teardown
    self._fixture_teardown()
.venv/lib/python3.14/site-packages/django/test/testcases.py:1266: in _fixture_teardown
    call_command(
.venv/lib/python3.14/site-packages/django/core/management/__init__.py:194: in call_command
    return command.execute(*args, **defaults)
           ^^^^^^^^^^^^^^^^^^^^^^^^^^^^^^^^^^
.venv/lib/python3.14/site-packages/django/core/management/base.py:464: in execute
    output = self.handle(*args, **options)
             ^^^^^^^^^^^^^^^^^^^^^^^^^^^^^
_ _ _ _ _ _ _ _ _ _ _ _ _ _ _ _ _ _ _ _ _ _ _ _ _ _ _ _ _ _ _ _ _ _ _ _ _ _ _ _ 

self = <django.core.management.commands.flush.Command object at 0x7e6f36a15250>
options = {'verbosity': 0, 'settings': None, 'pythonpath': None, 'traceback': False, ...}

        def handle(self, **options):
            database = options["database"]
            connection = connections[database]
            verbosity = options["verbosity"]
            interactive = options["interactive"]
            # The following are stealth options used by Django's internals.
            reset_sequences = options.get("reset_sequences", True)
            allow_cascade = options.get("allow_cascade", False)
            inhibit_post_migrate = options.get("inhibit_post_migrate", False)
    
            self.style = no_style()
    
            # Import the 'management' module within each installed app, to register
            # dispatcher events.
            for app_config in apps.get_app_configs():
                try:
                    import_module(".management", app_config.name)
                except ImportError:
                    pass
    
            sql_list = sql_flush(
                self.style,
                connection,
                reset_sequences=reset_sequences,
                allow_cascade=allow_cascade,
            )
    
            if interactive:
                confirm = input("""You have requested a flush of the database.
    This will IRREVERSIBLY DESTROY all data currently in the "%s" database,
    and return each table to an empty state.
    Are you sure you want to do this?
    
        Type 'yes' to continue, or 'no' to cancel: """ % connection.settings_dict["NAME"])
            else:
                confirm = "yes"
    
            if confirm == "yes":
                try:
                    connection.ops.execute_sql_flush(sql_list)
                except Exception as exc:
>                   raise CommandError(
                        "Database %s couldn't be flushed. Possible reasons:\n"
                        "  * The database isn't running or isn't configured correctly.\n"
                        "  * At least one of the expected database tables doesn't exist.\n"
                        "  * The SQL was invalid.\n"
                        "Hint: Look at the output of 'django-admin sqlflush'. "
                        "That's the SQL this command wasn't able to run."
                        % (connection.settings_dict["NAME"],)
                    ) from exc
E                   django.core.management.base.CommandError: Database test_qualification couldn't be flushed. Possible reasons:
E                     * The database isn't running or isn't configured correctly.
E                     * At least one of the expected database tables doesn't exist.
E                     * The SQL was invalid.
E                   Hint: Look at the output of 'django-admin sqlflush'. That's the SQL this command wasn't able to run.

.venv/lib/python3.14/site-packages/django/core/management/commands/flush.py:73: CommandError
_ ERROR at teardown of test_worker_has_no_review_table_access[review_capacity_reservations] _

self = <django.db.backends.utils.CursorWrapper object at 0x7e6f3636e450>
sql = 'TRUNCATE "core_action_card_revisions", "review_capacity_reservations", "billing_subscription", "core_known_entities",... "report_artifacts", "billing_paid_coverage_authority", "audit_chain_heads", "inventory_items", "review_cycle_events";'
params = None
ignored_wrapper_args = (False, {'connection': <DatabaseWrapper vendor='postgresql' alias='default'>, 'cursor': <django.db.backends.utils.CursorWrapper object at 0x7e6f3636e450>})

    def _execute(self, sql, params, *ignored_wrapper_args):
        # Raise a warning during app initialization (stored_app_configs is only
        # ever set during testing).
        if not apps.ready and not apps.stored_app_configs:
            warnings.warn(self.APPS_NOT_READY_WARNING_MSG, category=RuntimeWarning)
        self.db.validate_no_broken_transaction()
        with self.db.wrap_database_errors:
            if params is None:
                # params default might be backend specific.
>               return self.cursor.execute(sql)
                       ^^^^^^^^^^^^^^^^^^^^^^^^

.venv/lib/python3.14/site-packages/django/db/backends/utils.py:103: 
_ _ _ _ _ _ _ _ _ _ _ _ _ _ _ _ _ _ _ _ _ _ _ _ _ _ _ _ _ _ _ _ _ _ _ _ _ _ _ _ 

self = <django.db.backends.postgresql.base.Cursor [closed] [IDLE] (host=qualification-db user=postgres database=test_qualification) at 0x7e6f35be0e50>
query = 'TRUNCATE "core_action_card_revisions", "review_capacity_reservations", "billing_subscription", "core_known_entities",... "report_artifacts", "billing_paid_coverage_authority", "audit_chain_heads", "inventory_items", "review_cycle_events";'
params = None, prepare = None, binary = None

    def execute(
        self,
        query: Query,
        params: Params | None = None,
        *,
        prepare: bool | None = None,
        binary: bool | None = None,
    ) -> Self:
        """
        Execute a query or command to the database.
        """
        try:
            with self._conn.lock:
                self._conn.wait(
                    self._execute_gen(query, params, prepare=prepare, binary=binary)
                )
        except e._NO_TRACEBACK as ex:
>           raise ex.with_traceback(None)
E           psycopg.errors.FeatureNotSupported: cannot truncate a table referenced in a foreign key constraint
E           DETAIL:  Table "billing_admission_receipt" references "billing_paid_coverage".
E           HINT:  Truncate table "billing_admission_receipt" at the same time, or use TRUNCATE ... CASCADE.

.venv/lib/python3.14/site-packages/psycopg/cursor.py:117: FeatureNotSupported

The above exception was the direct cause of the following exception:

self = <django.core.management.commands.flush.Command object at 0x7e6f36a16550>
options = {'verbosity': 0, 'settings': None, 'pythonpath': None, 'traceback': False, ...}

        def handle(self, **options):
            database = options["database"]
            connection = connections[database]
            verbosity = options["verbosity"]
            interactive = options["interactive"]
            # The following are stealth options used by Django's internals.
            reset_sequences = options.get("reset_sequences", True)
            allow_cascade = options.get("allow_cascade", False)
            inhibit_post_migrate = options.get("inhibit_post_migrate", False)
    
            self.style = no_style()
    
            # Import the 'management' module within each installed app, to register
            # dispatcher events.
            for app_config in apps.get_app_configs():
                try:
                    import_module(".management", app_config.name)
                except ImportError:
                    pass
    
            sql_list = sql_flush(
                self.style,
                connection,
                reset_sequences=reset_sequences,
                allow_cascade=allow_cascade,
            )
    
            if interactive:
                confirm = input("""You have requested a flush of the database.
    This will IRREVERSIBLY DESTROY all data currently in the "%s" database,
    and return each table to an empty state.
    Are you sure you want to do this?
    
        Type 'yes' to continue, or 'no' to cancel: """ % connection.settings_dict["NAME"])
            else:
                confirm = "yes"
    
            if confirm == "yes":
                try:
>                   connection.ops.execute_sql_flush(sql_list)

.venv/lib/python3.14/site-packages/django/core/management/commands/flush.py:71: 
_ _ _ _ _ _ _ _ _ _ _ _ _ _ _ _ _ _ _ _ _ _ _ _ _ _ _ _ _ _ _ _ _ _ _ _ _ _ _ _ 
.venv/lib/python3.14/site-packages/django/db/backends/base/operations.py:473: in execute_sql_flush
    cursor.execute(sql)
.venv/lib/python3.14/site-packages/django/db/backends/utils.py:79: in execute
    return self._execute_with_wrappers(
.venv/lib/python3.14/site-packages/django/db/backends/utils.py:92: in _execute_with_wrappers
    return executor(sql, params, many, context)
           ^^^^^^^^^^^^^^^^^^^^^^^^^^^^^^^^^^^^
.venv/lib/python3.14/site-packages/django/db/backends/utils.py:100: in _execute
    with self.db.wrap_database_errors:
         ^^^^^^^^^^^^^^^^^^^^^^^^^^^^
.venv/lib/python3.14/site-packages/django/db/utils.py:91: in __exit__
    raise dj_exc_value.with_traceback(traceback) from exc_value
.venv/lib/python3.14/site-packages/django/db/backends/utils.py:103: in _execute
    return self.cursor.execute(sql)
           ^^^^^^^^^^^^^^^^^^^^^^^^
_ _ _ _ _ _ _ _ _ _ _ _ _ _ _ _ _ _ _ _ _ _ _ _ _ _ _ _ _ _ _ _ _ _ _ _ _ _ _ _ 

self = <django.db.backends.postgresql.base.Cursor [closed] [IDLE] (host=qualification-db user=postgres database=test_qualification) at 0x7e6f35be0e50>
query = 'TRUNCATE "core_action_card_revisions", "review_capacity_reservations", "billing_subscription", "core_known_entities",... "report_artifacts", "billing_paid_coverage_authority", "audit_chain_heads", "inventory_items", "review_cycle_events";'
params = None, prepare = None, binary = None

    def execute(
        self,
        query: Query,
        params: Params | None = None,
        *,
        prepare: bool | None = None,
        binary: bool | None = None,
    ) -> Self:
        """
        Execute a query or command to the database.
        """
        try:
            with self._conn.lock:
                self._conn.wait(
                    self._execute_gen(query, params, prepare=prepare, binary=binary)
                )
        except e._NO_TRACEBACK as ex:
>           raise ex.with_traceback(None)
E           django.db.utils.NotSupportedError: cannot truncate a table referenced in a foreign key constraint
E           DETAIL:  Table "billing_admission_receipt" references "billing_paid_coverage".
E           HINT:  Truncate table "billing_admission_receipt" at the same time, or use TRUNCATE ... CASCADE.

.venv/lib/python3.14/site-packages/psycopg/cursor.py:117: NotSupportedError

The above exception was the direct cause of the following exception:

request = <SubRequest '_django_db_helper' for <Function test_worker_has_no_review_table_access[review_capacity_reservations]>>
django_db_setup = None
django_db_blocker = <pytest_django.plugin.DjangoDbBlocker object at 0x7e6f3b5c9010>

    @pytest.fixture
    def _django_db_helper(
        request: pytest.FixtureRequest,
        django_db_setup: None,  # noqa: ARG001
        django_db_blocker: DjangoDbBlocker,
    ) -> Generator[None]:
        if is_django_unittest(request):
            yield
            return
    
        from django import VERSION
    
        marker = request.node.get_closest_marker("django_db")
        if marker:
            (
                transactional,
                reset_sequences,
                databases,
                serialized_rollback,
                available_apps,
            ) = validate_django_db(marker)
        else:
            (
                transactional,
                reset_sequences,
                databases,
                serialized_rollback,
                available_apps,
            ) = False, False, None, False, None
    
        transactional = (
            transactional
            or reset_sequences
            or ("transactional_db" in request.fixturenames or "live_server" in request.fixturenames)
        )
        reset_sequences = reset_sequences or ("django_db_reset_sequences" in request.fixturenames)
        serialized_rollback = serialized_rollback or (
            "django_db_serialized_rollback" in request.fixturenames
        )
    
        with django_db_blocker.unblock():
            import django.db
            import django.test
    
            if transactional:
                test_case_class = django.test.TransactionTestCase
            else:
                test_case_class = django.test.TestCase
    
            _reset_sequences = reset_sequences
            _serialized_rollback = serialized_rollback
            _databases = databases
            _available_apps = available_apps
    
            class PytestDjangoTestCase(test_case_class):  # type: ignore[misc,valid-type]
                reset_sequences = _reset_sequences
                serialized_rollback = _serialized_rollback
                if _databases is not None:
                    databases = _databases
                if _available_apps is not None:
                    available_apps = _available_apps
    
                # For non-transactional tests, skip executing `django.test.TestCase`'s
                # `setUpClass`/`tearDownClass`, only execute the super class ones.
                #
                # `TestCase`'s class setup manages the `setUpTestData`/class-level
                # transaction functionality. We don't use it; instead we (will) offer
                # our own alternatives. So it only adds overhead, and does some things
                # which conflict with our (planned) functionality, particularly, it
                # closes all database connections in `tearDownClass` which inhibits
                # wrapping tests in higher-scoped transactions.
                #
                # It's possible a new version of Django will add some unrelated
                # functionality to these methods, in which case skipping them completely
                # would not be desirable. Let's cross that bridge when we get there...
                if not transactional:
    
                    @classmethod
                    def setUpClass(cls) -> None:
                        super(django.test.TestCase, cls).setUpClass()
    
                    @classmethod
                    def tearDownClass(cls) -> None:
                        super(django.test.TestCase, cls).tearDownClass()
    
            PytestDjangoTestCase.setUpClass()
    
            test_case = PytestDjangoTestCase(methodName="__init__")
            if VERSION >= (6, 0):
                pre_setup_ran_eagerly = PytestDjangoTestCase._pre_setup_ran_eagerly
            else:
                pre_setup_ran_eagerly = getattr(PytestDjangoTestCase, "_pre_setup_ran_eagerly", False)
            if not pre_setup_ran_eagerly:
                # For a TransactionTestCase, setUpClass() has already run _pre_setup() and set
                # this flag to say so.
                test_case._pre_setup()
    
            yield
    
>           test_case._post_teardown()

.venv/lib/python3.14/site-packages/pytest_django/fixtures.py:305: 
_ _ _ _ _ _ _ _ _ _ _ _ _ _ _ _ _ _ _ _ _ _ _ _ _ _ _ _ _ _ _ _ _ _ _ _ _ _ _ _ 
.venv/lib/python3.14/site-packages/django/test/testcases.py:1231: in _post_teardown
    self._fixture_teardown()
.venv/lib/python3.14/site-packages/django/test/testcases.py:1266: in _fixture_teardown
    call_command(
.venv/lib/python3.14/site-packages/django/core/management/__init__.py:194: in call_command
    return command.execute(*args, **defaults)
           ^^^^^^^^^^^^^^^^^^^^^^^^^^^^^^^^^^
.venv/lib/python3.14/site-packages/django/core/management/base.py:464: in execute
    output = self.handle(*args, **options)
             ^^^^^^^^^^^^^^^^^^^^^^^^^^^^^
_ _ _ _ _ _ _ _ _ _ _ _ _ _ _ _ _ _ _ _ _ _ _ _ _ _ _ _ _ _ _ _ _ _ _ _ _ _ _ _ 

self = <django.core.management.commands.flush.Command object at 0x7e6f36a16550>
options = {'verbosity': 0, 'settings': None, 'pythonpath': None, 'traceback': False, ...}

        def handle(self, **options):
            database = options["database"]
            connection = connections[database]
            verbosity = options["verbosity"]
            interactive = options["interactive"]
            # The following are stealth options used by Django's internals.
            reset_sequences = options.get("reset_sequences", True)
            allow_cascade = options.get("allow_cascade", False)
            inhibit_post_migrate = options.get("inhibit_post_migrate", False)
    
            self.style = no_style()
    
            # Import the 'management' module within each installed app, to register
            # dispatcher events.
            for app_config in apps.get_app_configs():
                try:
                    import_module(".management", app_config.name)
                except ImportError:
                    pass
    
            sql_list = sql_flush(
                self.style,
                connection,
                reset_sequences=reset_sequences,
                allow_cascade=allow_cascade,
            )
    
            if interactive:
                confirm = input("""You have requested a flush of the database.
    This will IRREVERSIBLY DESTROY all data currently in the "%s" database,
    and return each table to an empty state.
    Are you sure you want to do this?
    
        Type 'yes' to continue, or 'no' to cancel: """ % connection.settings_dict["NAME"])
            else:
                confirm = "yes"
    
            if confirm == "yes":
                try:
                    connection.ops.execute_sql_flush(sql_list)
                except Exception as exc:
>                   raise CommandError(
                        "Database %s couldn't be flushed. Possible reasons:\n"
                        "  * The database isn't running or isn't configured correctly.\n"
                        "  * At least one of the expected database tables doesn't exist.\n"
                        "  * The SQL was invalid.\n"
                        "Hint: Look at the output of 'django-admin sqlflush'. "
                        "That's the SQL this command wasn't able to run."
                        % (connection.settings_dict["NAME"],)
                    ) from exc
E                   django.core.management.base.CommandError: Database test_qualification couldn't be flushed. Possible reasons:
E                     * The database isn't running or isn't configured correctly.
E                     * At least one of the expected database tables doesn't exist.
E                     * The SQL was invalid.
E                   Hint: Look at the output of 'django-admin sqlflush'. That's the SQL this command wasn't able to run.

.venv/lib/python3.14/site-packages/django/core/management/commands/flush.py:73: CommandError
_ ERROR at teardown of test_worker_has_no_review_table_access[review_reservation_events] _

self = <django.db.backends.utils.CursorWrapper object at 0x7e6f3636e2d0>
sql = 'TRUNCATE "core_action_card_revisions", "review_capacity_reservations", "billing_subscription", "core_known_entities",... "report_artifacts", "billing_paid_coverage_authority", "audit_chain_heads", "inventory_items", "review_cycle_events";'
params = None
ignored_wrapper_args = (False, {'connection': <DatabaseWrapper vendor='postgresql' alias='default'>, 'cursor': <django.db.backends.utils.CursorWrapper object at 0x7e6f3636e2d0>})

    def _execute(self, sql, params, *ignored_wrapper_args):
        # Raise a warning during app initialization (stored_app_configs is only
        # ever set during testing).
        if not apps.ready and not apps.stored_app_configs:
            warnings.warn(self.APPS_NOT_READY_WARNING_MSG, category=RuntimeWarning)
        self.db.validate_no_broken_transaction()
        with self.db.wrap_database_errors:
            if params is None:
                # params default might be backend specific.
>               return self.cursor.execute(sql)
                       ^^^^^^^^^^^^^^^^^^^^^^^^

.venv/lib/python3.14/site-packages/django/db/backends/utils.py:103: 
_ _ _ _ _ _ _ _ _ _ _ _ _ _ _ _ _ _ _ _ _ _ _ _ _ _ _ _ _ _ _ _ _ _ _ _ _ _ _ _ 

self = <django.db.backends.postgresql.base.Cursor [closed] [IDLE] (host=qualification-db user=postgres database=test_qualification) at 0x7e6f35be17f0>
query = 'TRUNCATE "core_action_card_revisions", "review_capacity_reservations", "billing_subscription", "core_known_entities",... "report_artifacts", "billing_paid_coverage_authority", "audit_chain_heads", "inventory_items", "review_cycle_events";'
params = None, prepare = None, binary = None

    def execute(
        self,
        query: Query,
        params: Params | None = None,
        *,
        prepare: bool | None = None,
        binary: bool | None = None,
    ) -> Self:
        """
        Execute a query or command to the database.
        """
        try:
            with self._conn.lock:
                self._conn.wait(
                    self._execute_gen(query, params, prepare=prepare, binary=binary)
                )
        except e._NO_TRACEBACK as ex:
>           raise ex.with_traceback(None)
E           psycopg.errors.FeatureNotSupported: cannot truncate a table referenced in a foreign key constraint
E           DETAIL:  Table "billing_admission_receipt" references "billing_paid_coverage".
E           HINT:  Truncate table "billing_admission_receipt" at the same time, or use TRUNCATE ... CASCADE.

.venv/lib/python3.14/site-packages/psycopg/cursor.py:117: FeatureNotSupported

The above exception was the direct cause of the following exception:

self = <django.core.management.commands.flush.Command object at 0x7e6f35bc59a0>
options = {'verbosity': 0, 'settings': None, 'pythonpath': None, 'traceback': False, ...}

        def handle(self, **options):
            database = options["database"]
            connection = connections[database]
            verbosity = options["verbosity"]
            interactive = options["interactive"]
            # The following are stealth options used by Django's internals.
            reset_sequences = options.get("reset_sequences", True)
            allow_cascade = options.get("allow_cascade", False)
            inhibit_post_migrate = options.get("inhibit_post_migrate", False)
    
            self.style = no_style()
    
            # Import the 'management' module within each installed app, to register
            # dispatcher events.
            for app_config in apps.get_app_configs():
                try:
                    import_module(".management", app_config.name)
                except ImportError:
                    pass
    
            sql_list = sql_flush(
                self.style,
                connection,
                reset_sequences=reset_sequences,
                allow_cascade=allow_cascade,
            )
    
            if interactive:
                confirm = input("""You have requested a flush of the database.
    This will IRREVERSIBLY DESTROY all data currently in the "%s" database,
    and return each table to an empty state.
    Are you sure you want to do this?
    
        Type 'yes' to continue, or 'no' to cancel: """ % connection.settings_dict["NAME"])
            else:
                confirm = "yes"
    
            if confirm == "yes":
                try:
>                   connection.ops.execute_sql_flush(sql_list)

.venv/lib/python3.14/site-packages/django/core/management/commands/flush.py:71: 
_ _ _ _ _ _ _ _ _ _ _ _ _ _ _ _ _ _ _ _ _ _ _ _ _ _ _ _ _ _ _ _ _ _ _ _ _ _ _ _ 
.venv/lib/python3.14/site-packages/django/db/backends/base/operations.py:473: in execute_sql_flush
    cursor.execute(sql)
.venv/lib/python3.14/site-packages/django/db/backends/utils.py:79: in execute
    return self._execute_with_wrappers(
.venv/lib/python3.14/site-packages/django/db/backends/utils.py:92: in _execute_with_wrappers
    return executor(sql, params, many, context)
           ^^^^^^^^^^^^^^^^^^^^^^^^^^^^^^^^^^^^
.venv/lib/python3.14/site-packages/django/db/backends/utils.py:100: in _execute
    with self.db.wrap_database_errors:
         ^^^^^^^^^^^^^^^^^^^^^^^^^^^^
.venv/lib/python3.14/site-packages/django/db/utils.py:91: in __exit__
    raise dj_exc_value.with_traceback(traceback) from exc_value
.venv/lib/python3.14/site-packages/django/db/backends/utils.py:103: in _execute
    return self.cursor.execute(sql)
           ^^^^^^^^^^^^^^^^^^^^^^^^
_ _ _ _ _ _ _ _ _ _ _ _ _ _ _ _ _ _ _ _ _ _ _ _ _ _ _ _ _ _ _ _ _ _ _ _ _ _ _ _ 

self = <django.db.backends.postgresql.base.Cursor [closed] [IDLE] (host=qualification-db user=postgres database=test_qualification) at 0x7e6f35be17f0>
query = 'TRUNCATE "core_action_card_revisions", "review_capacity_reservations", "billing_subscription", "core_known_entities",... "report_artifacts", "billing_paid_coverage_authority", "audit_chain_heads", "inventory_items", "review_cycle_events";'
params = None, prepare = None, binary = None

    def execute(
        self,
        query: Query,
        params: Params | None = None,
        *,
        prepare: bool | None = None,
        binary: bool | None = None,
    ) -> Self:
        """
        Execute a query or command to the database.
        """
        try:
            with self._conn.lock:
                self._conn.wait(
                    self._execute_gen(query, params, prepare=prepare, binary=binary)
                )
        except e._NO_TRACEBACK as ex:
>           raise ex.with_traceback(None)
E           django.db.utils.NotSupportedError: cannot truncate a table referenced in a foreign key constraint
E           DETAIL:  Table "billing_admission_receipt" references "billing_paid_coverage".
E           HINT:  Truncate table "billing_admission_receipt" at the same time, or use TRUNCATE ... CASCADE.

.venv/lib/python3.14/site-packages/psycopg/cursor.py:117: NotSupportedError

The above exception was the direct cause of the following exception:

request = <SubRequest '_django_db_helper' for <Function test_worker_has_no_review_table_access[review_reservation_events]>>
django_db_setup = None
django_db_blocker = <pytest_django.plugin.DjangoDbBlocker object at 0x7e6f3b5c9010>

    @pytest.fixture
    def _django_db_helper(
        request: pytest.FixtureRequest,
        django_db_setup: None,  # noqa: ARG001
        django_db_blocker: DjangoDbBlocker,
    ) -> Generator[None]:
        if is_django_unittest(request):
            yield
            return
    
        from django import VERSION
    
        marker = request.node.get_closest_marker("django_db")
        if marker:
            (
                transactional,
                reset_sequences,
                databases,
                serialized_rollback,
                available_apps,
            ) = validate_django_db(marker)
        else:
            (
                transactional,
                reset_sequences,
                databases,
                serialized_rollback,
                available_apps,
            ) = False, False, None, False, None
    
        transactional = (
            transactional
            or reset_sequences
            or ("transactional_db" in request.fixturenames or "live_server" in request.fixturenames)
        )
        reset_sequences = reset_sequences or ("django_db_reset_sequences" in request.fixturenames)
        serialized_rollback = serialized_rollback or (
            "django_db_serialized_rollback" in request.fixturenames
        )
    
        with django_db_blocker.unblock():
            import django.db
            import django.test
    
            if transactional:
                test_case_class = django.test.TransactionTestCase
            else:
                test_case_class = django.test.TestCase
    
            _reset_sequences = reset_sequences
            _serialized_rollback = serialized_rollback
            _databases = databases
            _available_apps = available_apps
    
            class PytestDjangoTestCase(test_case_class):  # type: ignore[misc,valid-type]
                reset_sequences = _reset_sequences
                serialized_rollback = _serialized_rollback
                if _databases is not None:
                    databases = _databases
                if _available_apps is not None:
                    available_apps = _available_apps
    
                # For non-transactional tests, skip executing `django.test.TestCase`'s
                # `setUpClass`/`tearDownClass`, only execute the super class ones.
                #
                # `TestCase`'s class setup manages the `setUpTestData`/class-level
                # transaction functionality. We don't use it; instead we (will) offer
                # our own alternatives. So it only adds overhead, and does some things
                # which conflict with our (planned) functionality, particularly, it
                # closes all database connections in `tearDownClass` which inhibits
                # wrapping tests in higher-scoped transactions.
                #
                # It's possible a new version of Django will add some unrelated
                # functionality to these methods, in which case skipping them completely
                # would not be desirable. Let's cross that bridge when we get there...
                if not transactional:
    
                    @classmethod
                    def setUpClass(cls) -> None:
                        super(django.test.TestCase, cls).setUpClass()
    
                    @classmethod
                    def tearDownClass(cls) -> None:
                        super(django.test.TestCase, cls).tearDownClass()
    
            PytestDjangoTestCase.setUpClass()
    
            test_case = PytestDjangoTestCase(methodName="__init__")
            if VERSION >= (6, 0):
                pre_setup_ran_eagerly = PytestDjangoTestCase._pre_setup_ran_eagerly
            else:
                pre_setup_ran_eagerly = getattr(PytestDjangoTestCase, "_pre_setup_ran_eagerly", False)
            if not pre_setup_ran_eagerly:
                # For a TransactionTestCase, setUpClass() has already run _pre_setup() and set
                # this flag to say so.
                test_case._pre_setup()
    
            yield
    
>           test_case._post_teardown()

.venv/lib/python3.14/site-packages/pytest_django/fixtures.py:305: 
_ _ _ _ _ _ _ _ _ _ _ _ _ _ _ _ _ _ _ _ _ _ _ _ _ _ _ _ _ _ _ _ _ _ _ _ _ _ _ _ 
.venv/lib/python3.14/site-packages/django/test/testcases.py:1231: in _post_teardown
    self._fixture_teardown()
.venv/lib/python3.14/site-packages/django/test/testcases.py:1266: in _fixture_teardown
    call_command(
.venv/lib/python3.14/site-packages/django/core/management/__init__.py:194: in call_command
    return command.execute(*args, **defaults)
           ^^^^^^^^^^^^^^^^^^^^^^^^^^^^^^^^^^
.venv/lib/python3.14/site-packages/django/core/management/base.py:464: in execute
    output = self.handle(*args, **options)
             ^^^^^^^^^^^^^^^^^^^^^^^^^^^^^
_ _ _ _ _ _ _ _ _ _ _ _ _ _ _ _ _ _ _ _ _ _ _ _ _ _ _ _ _ _ _ _ _ _ _ _ _ _ _ _ 

self = <django.core.management.commands.flush.Command object at 0x7e6f35bc59a0>
options = {'verbosity': 0, 'settings': None, 'pythonpath': None, 'traceback': False, ...}

        def handle(self, **options):
            database = options["database"]
            connection = connections[database]
            verbosity = options["verbosity"]
            interactive = options["interactive"]
            # The following are stealth options used by Django's internals.
            reset_sequences = options.get("reset_sequences", True)
            allow_cascade = options.get("allow_cascade", False)
            inhibit_post_migrate = options.get("inhibit_post_migrate", False)
    
            self.style = no_style()
    
            # Import the 'management' module within each installed app, to register
            # dispatcher events.
            for app_config in apps.get_app_configs():
                try:
                    import_module(".management", app_config.name)
                except ImportError:
                    pass
    
            sql_list = sql_flush(
                self.style,
                connection,
                reset_sequences=reset_sequences,
                allow_cascade=allow_cascade,
            )
    
            if interactive:
                confirm = input("""You have requested a flush of the database.
    This will IRREVERSIBLY DESTROY all data currently in the "%s" database,
    and return each table to an empty state.
    Are you sure you want to do this?
    
        Type 'yes' to continue, or 'no' to cancel: """ % connection.settings_dict["NAME"])
            else:
                confirm = "yes"
    
            if confirm == "yes":
                try:
                    connection.ops.execute_sql_flush(sql_list)
                except Exception as exc:
>                   raise CommandError(
                        "Database %s couldn't be flushed. Possible reasons:\n"
                        "  * The database isn't running or isn't configured correctly.\n"
                        "  * At least one of the expected database tables doesn't exist.\n"
                        "  * The SQL was invalid.\n"
                        "Hint: Look at the output of 'django-admin sqlflush'. "
                        "That's the SQL this command wasn't able to run."
                        % (connection.settings_dict["NAME"],)
                    ) from exc
E                   django.core.management.base.CommandError: Database test_qualification couldn't be flushed. Possible reasons:
E                     * The database isn't running or isn't configured correctly.
E                     * At least one of the expected database tables doesn't exist.
E                     * The SQL was invalid.
E                   Hint: Look at the output of 'django-admin sqlflush'. That's the SQL this command wasn't able to run.

.venv/lib/python3.14/site-packages/django/core/management/commands/flush.py:73: CommandError
_ ERROR at setup of test_owner_role_in_another_workspace_does_not_authorize_review_reads _

self = <django.db.backends.utils.CursorWrapper object at 0x7e6f3638c8f0>
sql = 'INSERT INTO "accounts_user" ("password", "last_login", "is_superuser", "id", "email", "first_name", "last_name", "is_staff", "is_active", "date_joined") VALUES (%s, %s, %s, %s, %s, %s, %s, %s, %s, %s)'
params = ('!aKp9zY7hBN457xVMdatccFAGXPDcISjfxFJ5F39I', None, False, UUID('d53a0a99-3388-4925-b476-de8ec15ca628'), 'reports@example.com', '', ...)
ignored_wrapper_args = (False, {'connection': <DatabaseWrapper vendor='postgresql' alias='default'>, 'cursor': <django.db.backends.utils.CursorWrapper object at 0x7e6f3638c8f0>})

    def _execute(self, sql, params, *ignored_wrapper_args):
        # Raise a warning during app initialization (stored_app_configs is only
        # ever set during testing).
        if not apps.ready and not apps.stored_app_configs:
            warnings.warn(self.APPS_NOT_READY_WARNING_MSG, category=RuntimeWarning)
        self.db.validate_no_broken_transaction()
        with self.db.wrap_database_errors:
            if params is None:
                # params default might be backend specific.
                return self.cursor.execute(sql)
            else:
>               return self.cursor.execute(sql, params)
                       ^^^^^^^^^^^^^^^^^^^^^^^^^^^^^^^^

.venv/lib/python3.14/site-packages/django/db/backends/utils.py:105: 
_ _ _ _ _ _ _ _ _ _ _ _ _ _ _ _ _ _ _ _ _ _ _ _ _ _ _ _ _ _ _ _ _ _ _ _ _ _ _ _ 

self = <django.db.backends.postgresql.base.Cursor [closed] [IDLE] (host=qualification-db user=postgres database=test_qualification) at 0x7e6f35be1b70>
query = 'INSERT INTO "accounts_user" ("password", "last_login", "is_superuser", "id", "email", "first_name", "last_name", "is_staff", "is_active", "date_joined") VALUES (%s, %s, %s, %s, %s, %s, %s, %s, %s, %s)'
params = ('!aKp9zY7hBN457xVMdatccFAGXPDcISjfxFJ5F39I', None, False, UUID('d53a0a99-3388-4925-b476-de8ec15ca628'), 'reports@example.com', '', ...)
prepare = None, binary = None

    def execute(
        self,
        query: Query,
        params: Params | None = None,
        *,
        prepare: bool | None = None,
        binary: bool | None = None,
    ) -> Self:
        """
        Execute a query or command to the database.
        """
        try:
            with self._conn.lock:
                self._conn.wait(
                    self._execute_gen(query, params, prepare=prepare, binary=binary)
                )
        except e._NO_TRACEBACK as ex:
>           raise ex.with_traceback(None)
E           psycopg.errors.UniqueViolation: duplicate key value violates unique constraint "accounts_user_email_key"
E           DETAIL:  Key (email)=(reports@example.com) already exists.

.venv/lib/python3.14/site-packages/psycopg/cursor.py:117: UniqueViolation

The above exception was the direct cause of the following exception:

client = <django.test.client.Client object at 0x7e6f35fa85d0>

    @pytest.fixture
    def report_context(client):
>       user = get_user_model().objects.create_user("reports@example.com")
               ^^^^^^^^^^^^^^^^^^^^^^^^^^^^^^^^^^^^^^^^^^^^^^^^^^^^^^^^^^^

tests/conftest.py:174: 
_ _ _ _ _ _ _ _ _ _ _ _ _ _ _ _ _ _ _ _ _ _ _ _ _ _ _ _ _ _ _ _ _ _ _ _ _ _ _ _ 
apps/accounts/managers.py:29: in create_user
    user.save(using=self._db)
.venv/lib/python3.14/site-packages/django/contrib/auth/base_user.py:65: in save
    super().save(*args, **kwargs)
.venv/lib/python3.14/site-packages/django/db/models/base.py:902: in save
    self.save_base(
.venv/lib/python3.14/site-packages/django/db/models/base.py:1008: in save_base
    updated = self._save_table(
.venv/lib/python3.14/site-packages/django/db/models/base.py:1169: in _save_table
    results = self._do_insert(
.venv/lib/python3.14/site-packages/django/db/models/base.py:1210: in _do_insert
    return manager._insert(
.venv/lib/python3.14/site-packages/django/db/models/manager.py:87: in manager_method
    return getattr(self.get_queryset(), name)(*args, **kwargs)
           ^^^^^^^^^^^^^^^^^^^^^^^^^^^^^^^^^^^^^^^^^^^^^^^^^^^
.venv/lib/python3.14/site-packages/django/db/models/query.py:1873: in _insert
    return query.get_compiler(using=using).execute_sql(returning_fields)
           ^^^^^^^^^^^^^^^^^^^^^^^^^^^^^^^^^^^^^^^^^^^^^^^^^^^^^^^^^^^^^
.venv/lib/python3.14/site-packages/django/db/models/sql/compiler.py:1882: in execute_sql
    cursor.execute(sql, params)
.venv/lib/python3.14/site-packages/django/db/backends/utils.py:79: in execute
    return self._execute_with_wrappers(
.venv/lib/python3.14/site-packages/django/db/backends/utils.py:92: in _execute_with_wrappers
    return executor(sql, params, many, context)
           ^^^^^^^^^^^^^^^^^^^^^^^^^^^^^^^^^^^^
.venv/lib/python3.14/site-packages/django/db/backends/utils.py:100: in _execute
    with self.db.wrap_database_errors:
         ^^^^^^^^^^^^^^^^^^^^^^^^^^^^
.venv/lib/python3.14/site-packages/django/db/utils.py:91: in __exit__
    raise dj_exc_value.with_traceback(traceback) from exc_value
.venv/lib/python3.14/site-packages/django/db/backends/utils.py:105: in _execute
    return self.cursor.execute(sql, params)
           ^^^^^^^^^^^^^^^^^^^^^^^^^^^^^^^^
_ _ _ _ _ _ _ _ _ _ _ _ _ _ _ _ _ _ _ _ _ _ _ _ _ _ _ _ _ _ _ _ _ _ _ _ _ _ _ _ 

self = <django.db.backends.postgresql.base.Cursor [closed] [IDLE] (host=qualification-db user=postgres database=test_qualification) at 0x7e6f35be1b70>
query = 'INSERT INTO "accounts_user" ("password", "last_login", "is_superuser", "id", "email", "first_name", "last_name", "is_staff", "is_active", "date_joined") VALUES (%s, %s, %s, %s, %s, %s, %s, %s, %s, %s)'
params = ('!aKp9zY7hBN457xVMdatccFAGXPDcISjfxFJ5F39I', None, False, UUID('d53a0a99-3388-4925-b476-de8ec15ca628'), 'reports@example.com', '', ...)
prepare = None, binary = None

    def execute(
        self,
        query: Query,
        params: Params | None = None,
        *,
        prepare: bool | None = None,
        binary: bool | None = None,
    ) -> Self:
        """
        Execute a query or command to the database.
        """
        try:
            with self._conn.lock:
                self._conn.wait(
                    self._execute_gen(query, params, prepare=prepare, binary=binary)
                )
        except e._NO_TRACEBACK as ex:
>           raise ex.with_traceback(None)
E           django.db.utils.IntegrityError: duplicate key value violates unique constraint "accounts_user_email_key"
E           DETAIL:  Key (email)=(reports@example.com) already exists.

.venv/lib/python3.14/site-packages/psycopg/cursor.py:117: IntegrityError
_ ERROR at teardown of test_owner_role_in_another_workspace_does_not_authorize_review_reads _

self = <django.db.backends.utils.CursorWrapper object at 0x7e6f3638f770>
sql = 'TRUNCATE "core_action_card_revisions", "review_capacity_reservations", "billing_subscription", "core_known_entities",... "report_artifacts", "billing_paid_coverage_authority", "audit_chain_heads", "inventory_items", "review_cycle_events";'
params = None
ignored_wrapper_args = (False, {'connection': <DatabaseWrapper vendor='postgresql' alias='default'>, 'cursor': <django.db.backends.utils.CursorWrapper object at 0x7e6f3638f770>})

    def _execute(self, sql, params, *ignored_wrapper_args):
        # Raise a warning during app initialization (stored_app_configs is only
        # ever set during testing).
        if not apps.ready and not apps.stored_app_configs:
            warnings.warn(self.APPS_NOT_READY_WARNING_MSG, category=RuntimeWarning)
        self.db.validate_no_broken_transaction()
        with self.db.wrap_database_errors:
            if params is None:
                # params default might be backend specific.
>               return self.cursor.execute(sql)
                       ^^^^^^^^^^^^^^^^^^^^^^^^

.venv/lib/python3.14/site-packages/django/db/backends/utils.py:103: 
_ _ _ _ _ _ _ _ _ _ _ _ _ _ _ _ _ _ _ _ _ _ _ _ _ _ _ _ _ _ _ _ _ _ _ _ _ _ _ _ 

self = <django.db.backends.postgresql.base.Cursor [closed] [IDLE] (host=qualification-db user=postgres database=test_qualification) at 0x7e6f35be1c50>
query = 'TRUNCATE "core_action_card_revisions", "review_capacity_reservations", "billing_subscription", "core_known_entities",... "report_artifacts", "billing_paid_coverage_authority", "audit_chain_heads", "inventory_items", "review_cycle_events";'
params = None, prepare = None, binary = None

    def execute(
        self,
        query: Query,
        params: Params | None = None,
        *,
        prepare: bool | None = None,
        binary: bool | None = None,
    ) -> Self:
        """
        Execute a query or command to the database.
        """
        try:
            with self._conn.lock:
                self._conn.wait(
                    self._execute_gen(query, params, prepare=prepare, binary=binary)
                )
        except e._NO_TRACEBACK as ex:
>           raise ex.with_traceback(None)
E           psycopg.errors.FeatureNotSupported: cannot truncate a table referenced in a foreign key constraint
E           DETAIL:  Table "billing_admission_receipt" references "billing_paid_coverage".
E           HINT:  Truncate table "billing_admission_receipt" at the same time, or use TRUNCATE ... CASCADE.

.venv/lib/python3.14/site-packages/psycopg/cursor.py:117: FeatureNotSupported

The above exception was the direct cause of the following exception:

self = <django.core.management.commands.flush.Command object at 0x7e6f35bc4c80>
options = {'verbosity': 0, 'settings': None, 'pythonpath': None, 'traceback': False, ...}

        def handle(self, **options):
            database = options["database"]
            connection = connections[database]
            verbosity = options["verbosity"]
            interactive = options["interactive"]
            # The following are stealth options used by Django's internals.
            reset_sequences = options.get("reset_sequences", True)
            allow_cascade = options.get("allow_cascade", False)
            inhibit_post_migrate = options.get("inhibit_post_migrate", False)
    
            self.style = no_style()
    
            # Import the 'management' module within each installed app, to register
            # dispatcher events.
            for app_config in apps.get_app_configs():
                try:
                    import_module(".management", app_config.name)
                except ImportError:
                    pass
    
            sql_list = sql_flush(
                self.style,
                connection,
                reset_sequences=reset_sequences,
                allow_cascade=allow_cascade,
            )
    
            if interactive:
                confirm = input("""You have requested a flush of the database.
    This will IRREVERSIBLY DESTROY all data currently in the "%s" database,
    and return each table to an empty state.
    Are you sure you want to do this?
    
        Type 'yes' to continue, or 'no' to cancel: """ % connection.settings_dict["NAME"])
            else:
                confirm = "yes"
    
            if confirm == "yes":
                try:
>                   connection.ops.execute_sql_flush(sql_list)

.venv/lib/python3.14/site-packages/django/core/management/commands/flush.py:71: 
_ _ _ _ _ _ _ _ _ _ _ _ _ _ _ _ _ _ _ _ _ _ _ _ _ _ _ _ _ _ _ _ _ _ _ _ _ _ _ _ 
.venv/lib/python3.14/site-packages/django/db/backends/base/operations.py:473: in execute_sql_flush
    cursor.execute(sql)
.venv/lib/python3.14/site-packages/django/db/backends/utils.py:79: in execute
    return self._execute_with_wrappers(
.venv/lib/python3.14/site-packages/django/db/backends/utils.py:92: in _execute_with_wrappers
    return executor(sql, params, many, context)
           ^^^^^^^^^^^^^^^^^^^^^^^^^^^^^^^^^^^^
.venv/lib/python3.14/site-packages/django/db/backends/utils.py:100: in _execute
    with self.db.wrap_database_errors:
         ^^^^^^^^^^^^^^^^^^^^^^^^^^^^
.venv/lib/python3.14/site-packages/django/db/utils.py:91: in __exit__
    raise dj_exc_value.with_traceback(traceback) from exc_value
.venv/lib/python3.14/site-packages/django/db/backends/utils.py:103: in _execute
    return self.cursor.execute(sql)
           ^^^^^^^^^^^^^^^^^^^^^^^^
_ _ _ _ _ _ _ _ _ _ _ _ _ _ _ _ _ _ _ _ _ _ _ _ _ _ _ _ _ _ _ _ _ _ _ _ _ _ _ _ 

self = <django.db.backends.postgresql.base.Cursor [closed] [IDLE] (host=qualification-db user=postgres database=test_qualification) at 0x7e6f35be1c50>
query = 'TRUNCATE "core_action_card_revisions", "review_capacity_reservations", "billing_subscription", "core_known_entities",... "report_artifacts", "billing_paid_coverage_authority", "audit_chain_heads", "inventory_items", "review_cycle_events";'
params = None, prepare = None, binary = None

    def execute(
        self,
        query: Query,
        params: Params | None = None,
        *,
        prepare: bool | None = None,
        binary: bool | None = None,
    ) -> Self:
        """
        Execute a query or command to the database.
        """
        try:
            with self._conn.lock:
                self._conn.wait(
                    self._execute_gen(query, params, prepare=prepare, binary=binary)
                )
        except e._NO_TRACEBACK as ex:
>           raise ex.with_traceback(None)
E           django.db.utils.NotSupportedError: cannot truncate a table referenced in a foreign key constraint
E           DETAIL:  Table "billing_admission_receipt" references "billing_paid_coverage".
E           HINT:  Truncate table "billing_admission_receipt" at the same time, or use TRUNCATE ... CASCADE.

.venv/lib/python3.14/site-packages/psycopg/cursor.py:117: NotSupportedError

The above exception was the direct cause of the following exception:

request = <SubRequest '_django_db_helper' for <Function test_owner_role_in_another_workspace_does_not_authorize_review_reads>>
django_db_setup = None
django_db_blocker = <pytest_django.plugin.DjangoDbBlocker object at 0x7e6f3b5c9010>

    @pytest.fixture
    def _django_db_helper(
        request: pytest.FixtureRequest,
        django_db_setup: None,  # noqa: ARG001
        django_db_blocker: DjangoDbBlocker,
    ) -> Generator[None]:
        if is_django_unittest(request):
            yield
            return
    
        from django import VERSION
    
        marker = request.node.get_closest_marker("django_db")
        if marker:
            (
                transactional,
                reset_sequences,
                databases,
                serialized_rollback,
                available_apps,
            ) = validate_django_db(marker)
        else:
            (
                transactional,
                reset_sequences,
                databases,
                serialized_rollback,
                available_apps,
            ) = False, False, None, False, None
    
        transactional = (
            transactional
            or reset_sequences
            or ("transactional_db" in request.fixturenames or "live_server" in request.fixturenames)
        )
        reset_sequences = reset_sequences or ("django_db_reset_sequences" in request.fixturenames)
        serialized_rollback = serialized_rollback or (
            "django_db_serialized_rollback" in request.fixturenames
        )
    
        with django_db_blocker.unblock():
            import django.db
            import django.test
    
            if transactional:
                test_case_class = django.test.TransactionTestCase
            else:
                test_case_class = django.test.TestCase
    
            _reset_sequences = reset_sequences
            _serialized_rollback = serialized_rollback
            _databases = databases
            _available_apps = available_apps
    
            class PytestDjangoTestCase(test_case_class):  # type: ignore[misc,valid-type]
                reset_sequences = _reset_sequences
                serialized_rollback = _serialized_rollback
                if _databases is not None:
                    databases = _databases
                if _available_apps is not None:
                    available_apps = _available_apps
    
                # For non-transactional tests, skip executing `django.test.TestCase`'s
                # `setUpClass`/`tearDownClass`, only execute the super class ones.
                #
                # `TestCase`'s class setup manages the `setUpTestData`/class-level
                # transaction functionality. We don't use it; instead we (will) offer
                # our own alternatives. So it only adds overhead, and does some things
                # which conflict with our (planned) functionality, particularly, it
                # closes all database connections in `tearDownClass` which inhibits
                # wrapping tests in higher-scoped transactions.
                #
                # It's possible a new version of Django will add some unrelated
                # functionality to these methods, in which case skipping them completely
                # would not be desirable. Let's cross that bridge when we get there...
                if not transactional:
    
                    @classmethod
                    def setUpClass(cls) -> None:
                        super(django.test.TestCase, cls).setUpClass()
    
                    @classmethod
                    def tearDownClass(cls) -> None:
                        super(django.test.TestCase, cls).tearDownClass()
    
            PytestDjangoTestCase.setUpClass()
    
            test_case = PytestDjangoTestCase(methodName="__init__")
            if VERSION >= (6, 0):
                pre_setup_ran_eagerly = PytestDjangoTestCase._pre_setup_ran_eagerly
            else:
                pre_setup_ran_eagerly = getattr(PytestDjangoTestCase, "_pre_setup_ran_eagerly", False)
            if not pre_setup_ran_eagerly:
                # For a TransactionTestCase, setUpClass() has already run _pre_setup() and set
                # this flag to say so.
                test_case._pre_setup()
    
            yield
    
>           test_case._post_teardown()

.venv/lib/python3.14/site-packages/pytest_django/fixtures.py:305: 
_ _ _ _ _ _ _ _ _ _ _ _ _ _ _ _ _ _ _ _ _ _ _ _ _ _ _ _ _ _ _ _ _ _ _ _ _ _ _ _ 
.venv/lib/python3.14/site-packages/django/test/testcases.py:1231: in _post_teardown
    self._fixture_teardown()
.venv/lib/python3.14/site-packages/django/test/testcases.py:1266: in _fixture_teardown
    call_command(
.venv/lib/python3.14/site-packages/django/core/management/__init__.py:194: in call_command
    return command.execute(*args, **defaults)
           ^^^^^^^^^^^^^^^^^^^^^^^^^^^^^^^^^^
.venv/lib/python3.14/site-packages/django/core/management/base.py:464: in execute
    output = self.handle(*args, **options)
             ^^^^^^^^^^^^^^^^^^^^^^^^^^^^^
_ _ _ _ _ _ _ _ _ _ _ _ _ _ _ _ _ _ _ _ _ _ _ _ _ _ _ _ _ _ _ _ _ _ _ _ _ _ _ _ 

self = <django.core.management.commands.flush.Command object at 0x7e6f35bc4c80>
options = {'verbosity': 0, 'settings': None, 'pythonpath': None, 'traceback': False, ...}

        def handle(self, **options):
            database = options["database"]
            connection = connections[database]
            verbosity = options["verbosity"]
            interactive = options["interactive"]
            # The following are stealth options used by Django's internals.
            reset_sequences = options.get("reset_sequences", True)
            allow_cascade = options.get("allow_cascade", False)
            inhibit_post_migrate = options.get("inhibit_post_migrate", False)
    
            self.style = no_style()
    
            # Import the 'management' module within each installed app, to register
            # dispatcher events.
            for app_config in apps.get_app_configs():
                try:
                    import_module(".management", app_config.name)
                except ImportError:
                    pass
    
            sql_list = sql_flush(
                self.style,
                connection,
                reset_sequences=reset_sequences,
                allow_cascade=allow_cascade,
            )
    
            if interactive:
                confirm = input("""You have requested a flush of the database.
    This will IRREVERSIBLY DESTROY all data currently in the "%s" database,
    and return each table to an empty state.
    Are you sure you want to do this?
    
        Type 'yes' to continue, or 'no' to cancel: """ % connection.settings_dict["NAME"])
            else:
                confirm = "yes"
    
            if confirm == "yes":
                try:
                    connection.ops.execute_sql_flush(sql_list)
                except Exception as exc:
>                   raise CommandError(
                        "Database %s couldn't be flushed. Possible reasons:\n"
                        "  * The database isn't running or isn't configured correctly.\n"
                        "  * At least one of the expected database tables doesn't exist.\n"
                        "  * The SQL was invalid.\n"
                        "Hint: Look at the output of 'django-admin sqlflush'. "
                        "That's the SQL this command wasn't able to run."
                        % (connection.settings_dict["NAME"],)
                    ) from exc
E                   django.core.management.base.CommandError: Database test_qualification couldn't be flushed. Possible reasons:
E                     * The database isn't running or isn't configured correctly.
E                     * At least one of the expected database tables doesn't exist.
E                     * The SQL was invalid.
E                   Hint: Look at the output of 'django-admin sqlflush'. That's the SQL this command wasn't able to run.

.venv/lib/python3.14/site-packages/django/core/management/commands/flush.py:73: CommandError
_ ERROR at setup of test_unadmitted_billing_authority_blocks_freeze_without_partial_events _

self = <django.db.backends.utils.CursorWrapper object at 0x7e6f363f0d70>
sql = 'INSERT INTO "accounts_user" ("password", "last_login", "is_superuser", "id", "email", "first_name", "last_name", "is_staff", "is_active", "date_joined") VALUES (%s, %s, %s, %s, %s, %s, %s, %s, %s, %s)'
params = ('!NEgdoBDGbpjODk2FbMpFKM94IBqjxyAlSex7UieP', None, False, UUID('6e705c9b-5c2a-4f02-a4c0-fd72f39ba9f2'), 'reports@example.com', '', ...)
ignored_wrapper_args = (False, {'connection': <DatabaseWrapper vendor='postgresql' alias='default'>, 'cursor': <django.db.backends.utils.CursorWrapper object at 0x7e6f363f0d70>})

    def _execute(self, sql, params, *ignored_wrapper_args):
        # Raise a warning during app initialization (stored_app_configs is only
        # ever set during testing).
        if not apps.ready and not apps.stored_app_configs:
            warnings.warn(self.APPS_NOT_READY_WARNING_MSG, category=RuntimeWarning)
        self.db.validate_no_broken_transaction()
        with self.db.wrap_database_errors:
            if params is None:
                # params default might be backend specific.
                return self.cursor.execute(sql)
            else:
>               return self.cursor.execute(sql, params)
                       ^^^^^^^^^^^^^^^^^^^^^^^^^^^^^^^^

.venv/lib/python3.14/site-packages/django/db/backends/utils.py:105: 
_ _ _ _ _ _ _ _ _ _ _ _ _ _ _ _ _ _ _ _ _ _ _ _ _ _ _ _ _ _ _ _ _ _ _ _ _ _ _ _ 

self = <django.db.backends.postgresql.base.Cursor [closed] [IDLE] (host=qualification-db user=postgres database=test_qualification) at 0x7e6f35be2190>
query = 'INSERT INTO "accounts_user" ("password", "last_login", "is_superuser", "id", "email", "first_name", "last_name", "is_staff", "is_active", "date_joined") VALUES (%s, %s, %s, %s, %s, %s, %s, %s, %s, %s)'
params = ('!NEgdoBDGbpjODk2FbMpFKM94IBqjxyAlSex7UieP', None, False, UUID('6e705c9b-5c2a-4f02-a4c0-fd72f39ba9f2'), 'reports@example.com', '', ...)
prepare = None, binary = None

    def execute(
        self,
        query: Query,
        params: Params | None = None,
        *,
        prepare: bool | None = None,
        binary: bool | None = None,
    ) -> Self:
        """
        Execute a query or command to the database.
        """
        try:
            with self._conn.lock:
                self._conn.wait(
                    self._execute_gen(query, params, prepare=prepare, binary=binary)
                )
        except e._NO_TRACEBACK as ex:
>           raise ex.with_traceback(None)
E           psycopg.errors.UniqueViolation: duplicate key value violates unique constraint "accounts_user_email_key"
E           DETAIL:  Key (email)=(reports@example.com) already exists.

.venv/lib/python3.14/site-packages/psycopg/cursor.py:117: UniqueViolation

The above exception was the direct cause of the following exception:

client = <django.test.client.Client object at 0x7e6f36b8f4d0>

    @pytest.fixture
    def report_context(client):
>       user = get_user_model().objects.create_user("reports@example.com")
               ^^^^^^^^^^^^^^^^^^^^^^^^^^^^^^^^^^^^^^^^^^^^^^^^^^^^^^^^^^^

tests/conftest.py:174: 
_ _ _ _ _ _ _ _ _ _ _ _ _ _ _ _ _ _ _ _ _ _ _ _ _ _ _ _ _ _ _ _ _ _ _ _ _ _ _ _ 
apps/accounts/managers.py:29: in create_user
    user.save(using=self._db)
.venv/lib/python3.14/site-packages/django/contrib/auth/base_user.py:65: in save
    super().save(*args, **kwargs)
.venv/lib/python3.14/site-packages/django/db/models/base.py:902: in save
    self.save_base(
.venv/lib/python3.14/site-packages/django/db/models/base.py:1008: in save_base
    updated = self._save_table(
.venv/lib/python3.14/site-packages/django/db/models/base.py:1169: in _save_table
    results = self._do_insert(
.venv/lib/python3.14/site-packages/django/db/models/base.py:1210: in _do_insert
    return manager._insert(
.venv/lib/python3.14/site-packages/django/db/models/manager.py:87: in manager_method
    return getattr(self.get_queryset(), name)(*args, **kwargs)
           ^^^^^^^^^^^^^^^^^^^^^^^^^^^^^^^^^^^^^^^^^^^^^^^^^^^
.venv/lib/python3.14/site-packages/django/db/models/query.py:1873: in _insert
    return query.get_compiler(using=using).execute_sql(returning_fields)
           ^^^^^^^^^^^^^^^^^^^^^^^^^^^^^^^^^^^^^^^^^^^^^^^^^^^^^^^^^^^^^
.venv/lib/python3.14/site-packages/django/db/models/sql/compiler.py:1882: in execute_sql
    cursor.execute(sql, params)
.venv/lib/python3.14/site-packages/django/db/backends/utils.py:79: in execute
    return self._execute_with_wrappers(
.venv/lib/python3.14/site-packages/django/db/backends/utils.py:92: in _execute_with_wrappers
    return executor(sql, params, many, context)
           ^^^^^^^^^^^^^^^^^^^^^^^^^^^^^^^^^^^^
.venv/lib/python3.14/site-packages/django/db/backends/utils.py:100: in _execute
    with self.db.wrap_database_errors:
         ^^^^^^^^^^^^^^^^^^^^^^^^^^^^
.venv/lib/python3.14/site-packages/django/db/utils.py:91: in __exit__
    raise dj_exc_value.with_traceback(traceback) from exc_value
.venv/lib/python3.14/site-packages/django/db/backends/utils.py:105: in _execute
    return self.cursor.execute(sql, params)
           ^^^^^^^^^^^^^^^^^^^^^^^^^^^^^^^^
_ _ _ _ _ _ _ _ _ _ _ _ _ _ _ _ _ _ _ _ _ _ _ _ _ _ _ _ _ _ _ _ _ _ _ _ _ _ _ _ 

self = <django.db.backends.postgresql.base.Cursor [closed] [IDLE] (host=qualification-db user=postgres database=test_qualification) at 0x7e6f35be2190>
query = 'INSERT INTO "accounts_user" ("password", "last_login", "is_superuser", "id", "email", "first_name", "last_name", "is_staff", "is_active", "date_joined") VALUES (%s, %s, %s, %s, %s, %s, %s, %s, %s, %s)'
params = ('!NEgdoBDGbpjODk2FbMpFKM94IBqjxyAlSex7UieP', None, False, UUID('6e705c9b-5c2a-4f02-a4c0-fd72f39ba9f2'), 'reports@example.com', '', ...)
prepare = None, binary = None

    def execute(
        self,
        query: Query,
        params: Params | None = None,
        *,
        prepare: bool | None = None,
        binary: bool | None = None,
    ) -> Self:
        """
        Execute a query or command to the database.
        """
        try:
            with self._conn.lock:
                self._conn.wait(
                    self._execute_gen(query, params, prepare=prepare, binary=binary)
                )
        except e._NO_TRACEBACK as ex:
>           raise ex.with_traceback(None)
E           django.db.utils.IntegrityError: duplicate key value violates unique constraint "accounts_user_email_key"
E           DETAIL:  Key (email)=(reports@example.com) already exists.

.venv/lib/python3.14/site-packages/psycopg/cursor.py:117: IntegrityError
_ ERROR at teardown of test_unadmitted_billing_authority_blocks_freeze_without_partial_events _

self = <django.db.backends.utils.CursorWrapper object at 0x7e6f363f10d0>
sql = 'TRUNCATE "core_action_card_revisions", "review_capacity_reservations", "billing_subscription", "core_known_entities",... "report_artifacts", "billing_paid_coverage_authority", "audit_chain_heads", "inventory_items", "review_cycle_events";'
params = None
ignored_wrapper_args = (False, {'connection': <DatabaseWrapper vendor='postgresql' alias='default'>, 'cursor': <django.db.backends.utils.CursorWrapper object at 0x7e6f363f10d0>})

    def _execute(self, sql, params, *ignored_wrapper_args):
        # Raise a warning during app initialization (stored_app_configs is only
        # ever set during testing).
        if not apps.ready and not apps.stored_app_configs:
            warnings.warn(self.APPS_NOT_READY_WARNING_MSG, category=RuntimeWarning)
        self.db.validate_no_broken_transaction()
        with self.db.wrap_database_errors:
            if params is None:
                # params default might be backend specific.
>               return self.cursor.execute(sql)
                       ^^^^^^^^^^^^^^^^^^^^^^^^

.venv/lib/python3.14/site-packages/django/db/backends/utils.py:103: 
_ _ _ _ _ _ _ _ _ _ _ _ _ _ _ _ _ _ _ _ _ _ _ _ _ _ _ _ _ _ _ _ _ _ _ _ _ _ _ _ 

self = <django.db.backends.postgresql.base.Cursor [closed] [IDLE] (host=qualification-db user=postgres database=test_qualification) at 0x7e6f35be2cf0>
query = 'TRUNCATE "core_action_card_revisions", "review_capacity_reservations", "billing_subscription", "core_known_entities",... "report_artifacts", "billing_paid_coverage_authority", "audit_chain_heads", "inventory_items", "review_cycle_events";'
params = None, prepare = None, binary = None

    def execute(
        self,
        query: Query,
        params: Params | None = None,
        *,
        prepare: bool | None = None,
        binary: bool | None = None,
    ) -> Self:
        """
        Execute a query or command to the database.
        """
        try:
            with self._conn.lock:
                self._conn.wait(
                    self._execute_gen(query, params, prepare=prepare, binary=binary)
                )
        except e._NO_TRACEBACK as ex:
>           raise ex.with_traceback(None)
E           psycopg.errors.FeatureNotSupported: cannot truncate a table referenced in a foreign key constraint
E           DETAIL:  Table "billing_admission_receipt" references "billing_paid_coverage".
E           HINT:  Truncate table "billing_admission_receipt" at the same time, or use TRUNCATE ... CASCADE.

.venv/lib/python3.14/site-packages/psycopg/cursor.py:117: FeatureNotSupported

The above exception was the direct cause of the following exception:

self = <django.core.management.commands.flush.Command object at 0x7e6f35be2a50>
options = {'verbosity': 0, 'settings': None, 'pythonpath': None, 'traceback': False, ...}

        def handle(self, **options):
            database = options["database"]
            connection = connections[database]
            verbosity = options["verbosity"]
            interactive = options["interactive"]
            # The following are stealth options used by Django's internals.
            reset_sequences = options.get("reset_sequences", True)
            allow_cascade = options.get("allow_cascade", False)
            inhibit_post_migrate = options.get("inhibit_post_migrate", False)
    
            self.style = no_style()
    
            # Import the 'management' module within each installed app, to register
            # dispatcher events.
            for app_config in apps.get_app_configs():
                try:
                    import_module(".management", app_config.name)
                except ImportError:
                    pass
    
            sql_list = sql_flush(
                self.style,
                connection,
                reset_sequences=reset_sequences,
                allow_cascade=allow_cascade,
            )
    
            if interactive:
                confirm = input("""You have requested a flush of the database.
    This will IRREVERSIBLY DESTROY all data currently in the "%s" database,
    and return each table to an empty state.
    Are you sure you want to do this?
    
        Type 'yes' to continue, or 'no' to cancel: """ % connection.settings_dict["NAME"])
            else:
                confirm = "yes"
    
            if confirm == "yes":
                try:
>                   connection.ops.execute_sql_flush(sql_list)

.venv/lib/python3.14/site-packages/django/core/management/commands/flush.py:71: 
_ _ _ _ _ _ _ _ _ _ _ _ _ _ _ _ _ _ _ _ _ _ _ _ _ _ _ _ _ _ _ _ _ _ _ _ _ _ _ _ 
.venv/lib/python3.14/site-packages/django/db/backends/base/operations.py:473: in execute_sql_flush
    cursor.execute(sql)
.venv/lib/python3.14/site-packages/django/db/backends/utils.py:79: in execute
    return self._execute_with_wrappers(
.venv/lib/python3.14/site-packages/django/db/backends/utils.py:92: in _execute_with_wrappers
    return executor(sql, params, many, context)
           ^^^^^^^^^^^^^^^^^^^^^^^^^^^^^^^^^^^^
.venv/lib/python3.14/site-packages/django/db/backends/utils.py:100: in _execute
    with self.db.wrap_database_errors:
         ^^^^^^^^^^^^^^^^^^^^^^^^^^^^
.venv/lib/python3.14/site-packages/django/db/utils.py:91: in __exit__
    raise dj_exc_value.with_traceback(traceback) from exc_value
.venv/lib/python3.14/site-packages/django/db/backends/utils.py:103: in _execute
    return self.cursor.execute(sql)
           ^^^^^^^^^^^^^^^^^^^^^^^^
_ _ _ _ _ _ _ _ _ _ _ _ _ _ _ _ _ _ _ _ _ _ _ _ _ _ _ _ _ _ _ _ _ _ _ _ _ _ _ _ 

self = <django.db.backends.postgresql.base.Cursor [closed] [IDLE] (host=qualification-db user=postgres database=test_qualification) at 0x7e6f35be2cf0>
query = 'TRUNCATE "core_action_card_revisions", "review_capacity_reservations", "billing_subscription", "core_known_entities",... "report_artifacts", "billing_paid_coverage_authority", "audit_chain_heads", "inventory_items", "review_cycle_events";'
params = None, prepare = None, binary = None

    def execute(
        self,
        query: Query,
        params: Params | None = None,
        *,
        prepare: bool | None = None,
        binary: bool | None = None,
    ) -> Self:
        """
        Execute a query or command to the database.
        """
        try:
            with self._conn.lock:
                self._conn.wait(
                    self._execute_gen(query, params, prepare=prepare, binary=binary)
                )
        except e._NO_TRACEBACK as ex:
>           raise ex.with_traceback(None)
E           django.db.utils.NotSupportedError: cannot truncate a table referenced in a foreign key constraint
E           DETAIL:  Table "billing_admission_receipt" references "billing_paid_coverage".
E           HINT:  Truncate table "billing_admission_receipt" at the same time, or use TRUNCATE ... CASCADE.

.venv/lib/python3.14/site-packages/psycopg/cursor.py:117: NotSupportedError

The above exception was the direct cause of the following exception:

request = <SubRequest '_django_db_helper' for <Function test_unadmitted_billing_authority_blocks_freeze_without_partial_events>>
django_db_setup = None
django_db_blocker = <pytest_django.plugin.DjangoDbBlocker object at 0x7e6f3b5c9010>

    @pytest.fixture
    def _django_db_helper(
        request: pytest.FixtureRequest,
        django_db_setup: None,  # noqa: ARG001
        django_db_blocker: DjangoDbBlocker,
    ) -> Generator[None]:
        if is_django_unittest(request):
            yield
            return
    
        from django import VERSION
    
        marker = request.node.get_closest_marker("django_db")
        if marker:
            (
                transactional,
                reset_sequences,
                databases,
                serialized_rollback,
                available_apps,
            ) = validate_django_db(marker)
        else:
            (
                transactional,
                reset_sequences,
                databases,
                serialized_rollback,
                available_apps,
            ) = False, False, None, False, None
    
        transactional = (
            transactional
            or reset_sequences
            or ("transactional_db" in request.fixturenames or "live_server" in request.fixturenames)
        )
        reset_sequences = reset_sequences or ("django_db_reset_sequences" in request.fixturenames)
        serialized_rollback = serialized_rollback or (
            "django_db_serialized_rollback" in request.fixturenames
        )
    
        with django_db_blocker.unblock():
            import django.db
            import django.test
    
            if transactional:
                test_case_class = django.test.TransactionTestCase
            else:
                test_case_class = django.test.TestCase
    
            _reset_sequences = reset_sequences
            _serialized_rollback = serialized_rollback
            _databases = databases
            _available_apps = available_apps
    
            class PytestDjangoTestCase(test_case_class):  # type: ignore[misc,valid-type]
                reset_sequences = _reset_sequences
                serialized_rollback = _serialized_rollback
                if _databases is not None:
                    databases = _databases
                if _available_apps is not None:
                    available_apps = _available_apps
    
                # For non-transactional tests, skip executing `django.test.TestCase`'s
                # `setUpClass`/`tearDownClass`, only execute the super class ones.
                #
                # `TestCase`'s class setup manages the `setUpTestData`/class-level
                # transaction functionality. We don't use it; instead we (will) offer
                # our own alternatives. So it only adds overhead, and does some things
                # which conflict with our (planned) functionality, particularly, it
                # closes all database connections in `tearDownClass` which inhibits
                # wrapping tests in higher-scoped transactions.
                #
                # It's possible a new version of Django will add some unrelated
                # functionality to these methods, in which case skipping them completely
                # would not be desirable. Let's cross that bridge when we get there...
                if not transactional:
    
                    @classmethod
                    def setUpClass(cls) -> None:
                        super(django.test.TestCase, cls).setUpClass()
    
                    @classmethod
                    def tearDownClass(cls) -> None:
                        super(django.test.TestCase, cls).tearDownClass()
    
            PytestDjangoTestCase.setUpClass()
    
            test_case = PytestDjangoTestCase(methodName="__init__")
            if VERSION >= (6, 0):
                pre_setup_ran_eagerly = PytestDjangoTestCase._pre_setup_ran_eagerly
            else:
                pre_setup_ran_eagerly = getattr(PytestDjangoTestCase, "_pre_setup_ran_eagerly", False)
            if not pre_setup_ran_eagerly:
                # For a TransactionTestCase, setUpClass() has already run _pre_setup() and set
                # this flag to say so.
                test_case._pre_setup()
    
            yield
    
>           test_case._post_teardown()

.venv/lib/python3.14/site-packages/pytest_django/fixtures.py:305: 
_ _ _ _ _ _ _ _ _ _ _ _ _ _ _ _ _ _ _ _ _ _ _ _ _ _ _ _ _ _ _ _ _ _ _ _ _ _ _ _ 
.venv/lib/python3.14/site-packages/django/test/testcases.py:1231: in _post_teardown
    self._fixture_teardown()
.venv/lib/python3.14/site-packages/django/test/testcases.py:1266: in _fixture_teardown
    call_command(
.venv/lib/python3.14/site-packages/django/core/management/__init__.py:194: in call_command
    return command.execute(*args, **defaults)
           ^^^^^^^^^^^^^^^^^^^^^^^^^^^^^^^^^^
.venv/lib/python3.14/site-packages/django/core/management/base.py:464: in execute
    output = self.handle(*args, **options)
             ^^^^^^^^^^^^^^^^^^^^^^^^^^^^^
_ _ _ _ _ _ _ _ _ _ _ _ _ _ _ _ _ _ _ _ _ _ _ _ _ _ _ _ _ _ _ _ _ _ _ _ _ _ _ _ 

self = <django.core.management.commands.flush.Command object at 0x7e6f35be2a50>
options = {'verbosity': 0, 'settings': None, 'pythonpath': None, 'traceback': False, ...}

        def handle(self, **options):
            database = options["database"]
            connection = connections[database]
            verbosity = options["verbosity"]
            interactive = options["interactive"]
            # The following are stealth options used by Django's internals.
            reset_sequences = options.get("reset_sequences", True)
            allow_cascade = options.get("allow_cascade", False)
            inhibit_post_migrate = options.get("inhibit_post_migrate", False)
    
            self.style = no_style()
    
            # Import the 'management' module within each installed app, to register
            # dispatcher events.
            for app_config in apps.get_app_configs():
                try:
                    import_module(".management", app_config.name)
                except ImportError:
                    pass
    
            sql_list = sql_flush(
                self.style,
                connection,
                reset_sequences=reset_sequences,
                allow_cascade=allow_cascade,
            )
    
            if interactive:
                confirm = input("""You have requested a flush of the database.
    This will IRREVERSIBLY DESTROY all data currently in the "%s" database,
    and return each table to an empty state.
    Are you sure you want to do this?
    
        Type 'yes' to continue, or 'no' to cancel: """ % connection.settings_dict["NAME"])
            else:
                confirm = "yes"
    
            if confirm == "yes":
                try:
                    connection.ops.execute_sql_flush(sql_list)
                except Exception as exc:
>                   raise CommandError(
                        "Database %s couldn't be flushed. Possible reasons:\n"
                        "  * The database isn't running or isn't configured correctly.\n"
                        "  * At least one of the expected database tables doesn't exist.\n"
                        "  * The SQL was invalid.\n"
                        "Hint: Look at the output of 'django-admin sqlflush'. "
                        "That's the SQL this command wasn't able to run."
                        % (connection.settings_dict["NAME"],)
                    ) from exc
E                   django.core.management.base.CommandError: Database test_qualification couldn't be flushed. Possible reasons:
E                     * The database isn't running or isn't configured correctly.
E                     * At least one of the expected database tables doesn't exist.
E                     * The SQL was invalid.
E                   Hint: Look at the output of 'django-admin sqlflush'. That's the SQL this command wasn't able to run.

.venv/lib/python3.14/site-packages/django/core/management/commands/flush.py:73: CommandError
______ ERROR at setup of test_pause_fences_freeze_and_keeps_open_identity ______

self = <django.db.backends.utils.CursorWrapper object at 0x7e6f3638d3d0>
sql = 'INSERT INTO "accounts_user" ("password", "last_login", "is_superuser", "id", "email", "first_name", "last_name", "is_staff", "is_active", "date_joined") VALUES (%s, %s, %s, %s, %s, %s, %s, %s, %s, %s)'
params = ('!1w74TgSxKmldzhhZmrFhvIjLk9bVQWcn887OMI6L', None, False, UUID('42b7d78a-8945-4c8f-8adc-33f2ca980acd'), 'reports@example.com', '', ...)
ignored_wrapper_args = (False, {'connection': <DatabaseWrapper vendor='postgresql' alias='default'>, 'cursor': <django.db.backends.utils.CursorWrapper object at 0x7e6f3638d3d0>})

    def _execute(self, sql, params, *ignored_wrapper_args):
        # Raise a warning during app initialization (stored_app_configs is only
        # ever set during testing).
        if not apps.ready and not apps.stored_app_configs:
            warnings.warn(self.APPS_NOT_READY_WARNING_MSG, category=RuntimeWarning)
        self.db.validate_no_broken_transaction()
        with self.db.wrap_database_errors:
            if params is None:
                # params default might be backend specific.
                return self.cursor.execute(sql)
            else:
>               return self.cursor.execute(sql, params)
                       ^^^^^^^^^^^^^^^^^^^^^^^^^^^^^^^^

.venv/lib/python3.14/site-packages/django/db/backends/utils.py:105: 
_ _ _ _ _ _ _ _ _ _ _ _ _ _ _ _ _ _ _ _ _ _ _ _ _ _ _ _ _ _ _ _ _ _ _ _ _ _ _ _ 

self = <django.db.backends.postgresql.base.Cursor [closed] [IDLE] (host=qualification-db user=postgres database=test_qualification) at 0x7e6f3624fa10>
query = 'INSERT INTO "accounts_user" ("password", "last_login", "is_superuser", "id", "email", "first_name", "last_name", "is_staff", "is_active", "date_joined") VALUES (%s, %s, %s, %s, %s, %s, %s, %s, %s, %s)'
params = ('!1w74TgSxKmldzhhZmrFhvIjLk9bVQWcn887OMI6L', None, False, UUID('42b7d78a-8945-4c8f-8adc-33f2ca980acd'), 'reports@example.com', '', ...)
prepare = None, binary = None

    def execute(
        self,
        query: Query,
        params: Params | None = None,
        *,
        prepare: bool | None = None,
        binary: bool | None = None,
    ) -> Self:
        """
        Execute a query or command to the database.
        """
        try:
            with self._conn.lock:
                self._conn.wait(
                    self._execute_gen(query, params, prepare=prepare, binary=binary)
                )
        except e._NO_TRACEBACK as ex:
>           raise ex.with_traceback(None)
E           psycopg.errors.UniqueViolation: duplicate key value violates unique constraint "accounts_user_email_key"
E           DETAIL:  Key (email)=(reports@example.com) already exists.

.venv/lib/python3.14/site-packages/psycopg/cursor.py:117: UniqueViolation

The above exception was the direct cause of the following exception:

client = <django.test.client.Client object at 0x7e6f363dab70>

    @pytest.fixture
    def report_context(client):
>       user = get_user_model().objects.create_user("reports@example.com")
               ^^^^^^^^^^^^^^^^^^^^^^^^^^^^^^^^^^^^^^^^^^^^^^^^^^^^^^^^^^^

tests/conftest.py:174: 
_ _ _ _ _ _ _ _ _ _ _ _ _ _ _ _ _ _ _ _ _ _ _ _ _ _ _ _ _ _ _ _ _ _ _ _ _ _ _ _ 
apps/accounts/managers.py:29: in create_user
    user.save(using=self._db)
.venv/lib/python3.14/site-packages/django/contrib/auth/base_user.py:65: in save
    super().save(*args, **kwargs)
.venv/lib/python3.14/site-packages/django/db/models/base.py:902: in save
    self.save_base(
.venv/lib/python3.14/site-packages/django/db/models/base.py:1008: in save_base
    updated = self._save_table(
.venv/lib/python3.14/site-packages/django/db/models/base.py:1169: in _save_table
    results = self._do_insert(
.venv/lib/python3.14/site-packages/django/db/models/base.py:1210: in _do_insert
    return manager._insert(
.venv/lib/python3.14/site-packages/django/db/models/manager.py:87: in manager_method
    return getattr(self.get_queryset(), name)(*args, **kwargs)
           ^^^^^^^^^^^^^^^^^^^^^^^^^^^^^^^^^^^^^^^^^^^^^^^^^^^
.venv/lib/python3.14/site-packages/django/db/models/query.py:1873: in _insert
    return query.get_compiler(using=using).execute_sql(returning_fields)
           ^^^^^^^^^^^^^^^^^^^^^^^^^^^^^^^^^^^^^^^^^^^^^^^^^^^^^^^^^^^^^
.venv/lib/python3.14/site-packages/django/db/models/sql/compiler.py:1882: in execute_sql
    cursor.execute(sql, params)
.venv/lib/python3.14/site-packages/django/db/backends/utils.py:79: in execute
    return self._execute_with_wrappers(
.venv/lib/python3.14/site-packages/django/db/backends/utils.py:92: in _execute_with_wrappers
    return executor(sql, params, many, context)
           ^^^^^^^^^^^^^^^^^^^^^^^^^^^^^^^^^^^^
.venv/lib/python3.14/site-packages/django/db/backends/utils.py:100: in _execute
    with self.db.wrap_database_errors:
         ^^^^^^^^^^^^^^^^^^^^^^^^^^^^
.venv/lib/python3.14/site-packages/django/db/utils.py:91: in __exit__
    raise dj_exc_value.with_traceback(traceback) from exc_value
.venv/lib/python3.14/site-packages/django/db/backends/utils.py:105: in _execute
    return self.cursor.execute(sql, params)
           ^^^^^^^^^^^^^^^^^^^^^^^^^^^^^^^^
_ _ _ _ _ _ _ _ _ _ _ _ _ _ _ _ _ _ _ _ _ _ _ _ _ _ _ _ _ _ _ _ _ _ _ _ _ _ _ _ 

self = <django.db.backends.postgresql.base.Cursor [closed] [IDLE] (host=qualification-db user=postgres database=test_qualification) at 0x7e6f3624fa10>
query = 'INSERT INTO "accounts_user" ("password", "last_login", "is_superuser", "id", "email", "first_name", "last_name", "is_staff", "is_active", "date_joined") VALUES (%s, %s, %s, %s, %s, %s, %s, %s, %s, %s)'
params = ('!1w74TgSxKmldzhhZmrFhvIjLk9bVQWcn887OMI6L', None, False, UUID('42b7d78a-8945-4c8f-8adc-33f2ca980acd'), 'reports@example.com', '', ...)
prepare = None, binary = None

    def execute(
        self,
        query: Query,
        params: Params | None = None,
        *,
        prepare: bool | None = None,
        binary: bool | None = None,
    ) -> Self:
        """
        Execute a query or command to the database.
        """
        try:
            with self._conn.lock:
                self._conn.wait(
                    self._execute_gen(query, params, prepare=prepare, binary=binary)
                )
        except e._NO_TRACEBACK as ex:
>           raise ex.with_traceback(None)
E           django.db.utils.IntegrityError: duplicate key value violates unique constraint "accounts_user_email_key"
E           DETAIL:  Key (email)=(reports@example.com) already exists.

.venv/lib/python3.14/site-packages/psycopg/cursor.py:117: IntegrityError
____ ERROR at teardown of test_pause_fences_freeze_and_keeps_open_identity _____

self = <django.db.backends.utils.CursorWrapper object at 0x7e6f363f2810>
sql = 'TRUNCATE "core_action_card_revisions", "review_capacity_reservations", "billing_subscription", "core_known_entities",... "report_artifacts", "billing_paid_coverage_authority", "audit_chain_heads", "inventory_items", "review_cycle_events";'
params = None
ignored_wrapper_args = (False, {'connection': <DatabaseWrapper vendor='postgresql' alias='default'>, 'cursor': <django.db.backends.utils.CursorWrapper object at 0x7e6f363f2810>})

    def _execute(self, sql, params, *ignored_wrapper_args):
        # Raise a warning during app initialization (stored_app_configs is only
        # ever set during testing).
        if not apps.ready and not apps.stored_app_configs:
            warnings.warn(self.APPS_NOT_READY_WARNING_MSG, category=RuntimeWarning)
        self.db.validate_no_broken_transaction()
        with self.db.wrap_database_errors:
            if params is None:
                # params default might be backend specific.
>               return self.cursor.execute(sql)
                       ^^^^^^^^^^^^^^^^^^^^^^^^

.venv/lib/python3.14/site-packages/django/db/backends/utils.py:103: 
_ _ _ _ _ _ _ _ _ _ _ _ _ _ _ _ _ _ _ _ _ _ _ _ _ _ _ _ _ _ _ _ _ _ _ _ _ _ _ _ 

self = <django.db.backends.postgresql.base.Cursor [closed] [IDLE] (host=qualification-db user=postgres database=test_qualification) at 0x7e6f3624e6d0>
query = 'TRUNCATE "core_action_card_revisions", "review_capacity_reservations", "billing_subscription", "core_known_entities",... "report_artifacts", "billing_paid_coverage_authority", "audit_chain_heads", "inventory_items", "review_cycle_events";'
params = None, prepare = None, binary = None

    def execute(
        self,
        query: Query,
        params: Params | None = None,
        *,
        prepare: bool | None = None,
        binary: bool | None = None,
    ) -> Self:
        """
        Execute a query or command to the database.
        """
        try:
            with self._conn.lock:
                self._conn.wait(
                    self._execute_gen(query, params, prepare=prepare, binary=binary)
                )
        except e._NO_TRACEBACK as ex:
>           raise ex.with_traceback(None)
E           psycopg.errors.FeatureNotSupported: cannot truncate a table referenced in a foreign key constraint
E           DETAIL:  Table "billing_admission_receipt" references "billing_paid_coverage".
E           HINT:  Truncate table "billing_admission_receipt" at the same time, or use TRUNCATE ... CASCADE.

.venv/lib/python3.14/site-packages/psycopg/cursor.py:117: FeatureNotSupported

The above exception was the direct cause of the following exception:

self = <django.core.management.commands.flush.Command object at 0x7e6f3624f150>
options = {'verbosity': 0, 'settings': None, 'pythonpath': None, 'traceback': False, ...}

        def handle(self, **options):
            database = options["database"]
            connection = connections[database]
            verbosity = options["verbosity"]
            interactive = options["interactive"]
            # The following are stealth options used by Django's internals.
            reset_sequences = options.get("reset_sequences", True)
            allow_cascade = options.get("allow_cascade", False)
            inhibit_post_migrate = options.get("inhibit_post_migrate", False)
    
            self.style = no_style()
    
            # Import the 'management' module within each installed app, to register
            # dispatcher events.
            for app_config in apps.get_app_configs():
                try:
                    import_module(".management", app_config.name)
                except ImportError:
                    pass
    
            sql_list = sql_flush(
                self.style,
                connection,
                reset_sequences=reset_sequences,
                allow_cascade=allow_cascade,
            )
    
            if interactive:
                confirm = input("""You have requested a flush of the database.
    This will IRREVERSIBLY DESTROY all data currently in the "%s" database,
    and return each table to an empty state.
    Are you sure you want to do this?
    
        Type 'yes' to continue, or 'no' to cancel: """ % connection.settings_dict["NAME"])
            else:
                confirm = "yes"
    
            if confirm == "yes":
                try:
>                   connection.ops.execute_sql_flush(sql_list)

.venv/lib/python3.14/site-packages/django/core/management/commands/flush.py:71: 
_ _ _ _ _ _ _ _ _ _ _ _ _ _ _ _ _ _ _ _ _ _ _ _ _ _ _ _ _ _ _ _ _ _ _ _ _ _ _ _ 
.venv/lib/python3.14/site-packages/django/db/backends/base/operations.py:473: in execute_sql_flush
    cursor.execute(sql)
.venv/lib/python3.14/site-packages/django/db/backends/utils.py:79: in execute
    return self._execute_with_wrappers(
.venv/lib/python3.14/site-packages/django/db/backends/utils.py:92: in _execute_with_wrappers
    return executor(sql, params, many, context)
           ^^^^^^^^^^^^^^^^^^^^^^^^^^^^^^^^^^^^
.venv/lib/python3.14/site-packages/django/db/backends/utils.py:100: in _execute
    with self.db.wrap_database_errors:
         ^^^^^^^^^^^^^^^^^^^^^^^^^^^^
.venv/lib/python3.14/site-packages/django/db/utils.py:91: in __exit__
    raise dj_exc_value.with_traceback(traceback) from exc_value
.venv/lib/python3.14/site-packages/django/db/backends/utils.py:103: in _execute
    return self.cursor.execute(sql)
           ^^^^^^^^^^^^^^^^^^^^^^^^
_ _ _ _ _ _ _ _ _ _ _ _ _ _ _ _ _ _ _ _ _ _ _ _ _ _ _ _ _ _ _ _ _ _ _ _ _ _ _ _ 

self = <django.db.backends.postgresql.base.Cursor [closed] [IDLE] (host=qualification-db user=postgres database=test_qualification) at 0x7e6f3624e6d0>
query = 'TRUNCATE "core_action_card_revisions", "review_capacity_reservations", "billing_subscription", "core_known_entities",... "report_artifacts", "billing_paid_coverage_authority", "audit_chain_heads", "inventory_items", "review_cycle_events";'
params = None, prepare = None, binary = None

    def execute(
        self,
        query: Query,
        params: Params | None = None,
        *,
        prepare: bool | None = None,
        binary: bool | None = None,
    ) -> Self:
        """
        Execute a query or command to the database.
        """
        try:
            with self._conn.lock:
                self._conn.wait(
                    self._execute_gen(query, params, prepare=prepare, binary=binary)
                )
        except e._NO_TRACEBACK as ex:
>           raise ex.with_traceback(None)
E           django.db.utils.NotSupportedError: cannot truncate a table referenced in a foreign key constraint
E           DETAIL:  Table "billing_admission_receipt" references "billing_paid_coverage".
E           HINT:  Truncate table "billing_admission_receipt" at the same time, or use TRUNCATE ... CASCADE.

.venv/lib/python3.14/site-packages/psycopg/cursor.py:117: NotSupportedError

The above exception was the direct cause of the following exception:

request = <SubRequest '_django_db_helper' for <Function test_pause_fences_freeze_and_keeps_open_identity>>
django_db_setup = None
django_db_blocker = <pytest_django.plugin.DjangoDbBlocker object at 0x7e6f3b5c9010>

    @pytest.fixture
    def _django_db_helper(
        request: pytest.FixtureRequest,
        django_db_setup: None,  # noqa: ARG001
        django_db_blocker: DjangoDbBlocker,
    ) -> Generator[None]:
        if is_django_unittest(request):
            yield
            return
    
        from django import VERSION
    
        marker = request.node.get_closest_marker("django_db")
        if marker:
            (
                transactional,
                reset_sequences,
                databases,
                serialized_rollback,
                available_apps,
            ) = validate_django_db(marker)
        else:
            (
                transactional,
                reset_sequences,
                databases,
                serialized_rollback,
                available_apps,
            ) = False, False, None, False, None
    
        transactional = (
            transactional
            or reset_sequences
            or ("transactional_db" in request.fixturenames or "live_server" in request.fixturenames)
        )
        reset_sequences = reset_sequences or ("django_db_reset_sequences" in request.fixturenames)
        serialized_rollback = serialized_rollback or (
            "django_db_serialized_rollback" in request.fixturenames
        )
    
        with django_db_blocker.unblock():
            import django.db
            import django.test
    
            if transactional:
                test_case_class = django.test.TransactionTestCase
            else:
                test_case_class = django.test.TestCase
    
            _reset_sequences = reset_sequences
            _serialized_rollback = serialized_rollback
            _databases = databases
            _available_apps = available_apps
    
            class PytestDjangoTestCase(test_case_class):  # type: ignore[misc,valid-type]
                reset_sequences = _reset_sequences
                serialized_rollback = _serialized_rollback
                if _databases is not None:
                    databases = _databases
                if _available_apps is not None:
                    available_apps = _available_apps
    
                # For non-transactional tests, skip executing `django.test.TestCase`'s
                # `setUpClass`/`tearDownClass`, only execute the super class ones.
                #
                # `TestCase`'s class setup manages the `setUpTestData`/class-level
                # transaction functionality. We don't use it; instead we (will) offer
                # our own alternatives. So it only adds overhead, and does some things
                # which conflict with our (planned) functionality, particularly, it
                # closes all database connections in `tearDownClass` which inhibits
                # wrapping tests in higher-scoped transactions.
                #
                # It's possible a new version of Django will add some unrelated
                # functionality to these methods, in which case skipping them completely
                # would not be desirable. Let's cross that bridge when we get there...
                if not transactional:
    
                    @classmethod
                    def setUpClass(cls) -> None:
                        super(django.test.TestCase, cls).setUpClass()
    
                    @classmethod
                    def tearDownClass(cls) -> None:
                        super(django.test.TestCase, cls).tearDownClass()
    
            PytestDjangoTestCase.setUpClass()
    
            test_case = PytestDjangoTestCase(methodName="__init__")
            if VERSION >= (6, 0):
                pre_setup_ran_eagerly = PytestDjangoTestCase._pre_setup_ran_eagerly
            else:
                pre_setup_ran_eagerly = getattr(PytestDjangoTestCase, "_pre_setup_ran_eagerly", False)
            if not pre_setup_ran_eagerly:
                # For a TransactionTestCase, setUpClass() has already run _pre_setup() and set
                # this flag to say so.
                test_case._pre_setup()
    
            yield
    
>           test_case._post_teardown()

.venv/lib/python3.14/site-packages/pytest_django/fixtures.py:305: 
_ _ _ _ _ _ _ _ _ _ _ _ _ _ _ _ _ _ _ _ _ _ _ _ _ _ _ _ _ _ _ _ _ _ _ _ _ _ _ _ 
.venv/lib/python3.14/site-packages/django/test/testcases.py:1231: in _post_teardown
    self._fixture_teardown()
.venv/lib/python3.14/site-packages/django/test/testcases.py:1266: in _fixture_teardown
    call_command(
.venv/lib/python3.14/site-packages/django/core/management/__init__.py:194: in call_command
    return command.execute(*args, **defaults)
           ^^^^^^^^^^^^^^^^^^^^^^^^^^^^^^^^^^
.venv/lib/python3.14/site-packages/django/core/management/base.py:464: in execute
    output = self.handle(*args, **options)
             ^^^^^^^^^^^^^^^^^^^^^^^^^^^^^
_ _ _ _ _ _ _ _ _ _ _ _ _ _ _ _ _ _ _ _ _ _ _ _ _ _ _ _ _ _ _ _ _ _ _ _ _ _ _ _ 

self = <django.core.management.commands.flush.Command object at 0x7e6f3624f150>
options = {'verbosity': 0, 'settings': None, 'pythonpath': None, 'traceback': False, ...}

        def handle(self, **options):
            database = options["database"]
            connection = connections[database]
            verbosity = options["verbosity"]
            interactive = options["interactive"]
            # The following are stealth options used by Django's internals.
            reset_sequences = options.get("reset_sequences", True)
            allow_cascade = options.get("allow_cascade", False)
            inhibit_post_migrate = options.get("inhibit_post_migrate", False)
    
            self.style = no_style()
    
            # Import the 'management' module within each installed app, to register
            # dispatcher events.
            for app_config in apps.get_app_configs():
                try:
                    import_module(".management", app_config.name)
                except ImportError:
                    pass
    
            sql_list = sql_flush(
                self.style,
                connection,
                reset_sequences=reset_sequences,
                allow_cascade=allow_cascade,
            )
    
            if interactive:
                confirm = input("""You have requested a flush of the database.
    This will IRREVERSIBLY DESTROY all data currently in the "%s" database,
    and return each table to an empty state.
    Are you sure you want to do this?
    
        Type 'yes' to continue, or 'no' to cancel: """ % connection.settings_dict["NAME"])
            else:
                confirm = "yes"
    
            if confirm == "yes":
                try:
                    connection.ops.execute_sql_flush(sql_list)
                except Exception as exc:
>                   raise CommandError(
                        "Database %s couldn't be flushed. Possible reasons:\n"
                        "  * The database isn't running or isn't configured correctly.\n"
                        "  * At least one of the expected database tables doesn't exist.\n"
                        "  * The SQL was invalid.\n"
                        "Hint: Look at the output of 'django-admin sqlflush'. "
                        "That's the SQL this command wasn't able to run."
                        % (connection.settings_dict["NAME"],)
                    ) from exc
E                   django.core.management.base.CommandError: Database test_qualification couldn't be flushed. Possible reasons:
E                     * The database isn't running or isn't configured correctly.
E                     * At least one of the expected database tables doesn't exist.
E                     * The SQL was invalid.
E                   Hint: Look at the output of 'django-admin sqlflush'. That's the SQL this command wasn't able to run.

.venv/lib/python3.14/site-packages/django/core/management/commands/flush.py:73: CommandError
_____ ERROR at setup of test_one_open_and_one_frozen_pending_are_enforced ______

self = <django.db.backends.utils.CursorWrapper object at 0x7e6f36bf1070>
sql = 'INSERT INTO "accounts_user" ("password", "last_login", "is_superuser", "id", "email", "first_name", "last_name", "is_staff", "is_active", "date_joined") VALUES (%s, %s, %s, %s, %s, %s, %s, %s, %s, %s)'
params = ('!Xd3R8LhvnYBioHqtoj11jdt5HWzDmg74xUFqQKu2', None, False, UUID('72ca011f-2d34-45dd-93e2-652657f2a0ee'), 'reports@example.com', '', ...)
ignored_wrapper_args = (False, {'connection': <DatabaseWrapper vendor='postgresql' alias='default'>, 'cursor': <django.db.backends.utils.CursorWrapper object at 0x7e6f36bf1070>})

    def _execute(self, sql, params, *ignored_wrapper_args):
        # Raise a warning during app initialization (stored_app_configs is only
        # ever set during testing).
        if not apps.ready and not apps.stored_app_configs:
            warnings.warn(self.APPS_NOT_READY_WARNING_MSG, category=RuntimeWarning)
        self.db.validate_no_broken_transaction()
        with self.db.wrap_database_errors:
            if params is None:
                # params default might be backend specific.
                return self.cursor.execute(sql)
            else:
>               return self.cursor.execute(sql, params)
                       ^^^^^^^^^^^^^^^^^^^^^^^^^^^^^^^^

.venv/lib/python3.14/site-packages/django/db/backends/utils.py:105: 
_ _ _ _ _ _ _ _ _ _ _ _ _ _ _ _ _ _ _ _ _ _ _ _ _ _ _ _ _ _ _ _ _ _ _ _ _ _ _ _ 

self = <django.db.backends.postgresql.base.Cursor [closed] [IDLE] (host=qualification-db user=postgres database=test_qualification) at 0x7e6f3624ec10>
query = 'INSERT INTO "accounts_user" ("password", "last_login", "is_superuser", "id", "email", "first_name", "last_name", "is_staff", "is_active", "date_joined") VALUES (%s, %s, %s, %s, %s, %s, %s, %s, %s, %s)'
params = ('!Xd3R8LhvnYBioHqtoj11jdt5HWzDmg74xUFqQKu2', None, False, UUID('72ca011f-2d34-45dd-93e2-652657f2a0ee'), 'reports@example.com', '', ...)
prepare = None, binary = None

    def execute(
        self,
        query: Query,
        params: Params | None = None,
        *,
        prepare: bool | None = None,
        binary: bool | None = None,
    ) -> Self:
        """
        Execute a query or command to the database.
        """
        try:
            with self._conn.lock:
                self._conn.wait(
                    self._execute_gen(query, params, prepare=prepare, binary=binary)
                )
        except e._NO_TRACEBACK as ex:
>           raise ex.with_traceback(None)
E           psycopg.errors.UniqueViolation: duplicate key value violates unique constraint "accounts_user_email_key"
E           DETAIL:  Key (email)=(reports@example.com) already exists.

.venv/lib/python3.14/site-packages/psycopg/cursor.py:117: UniqueViolation

The above exception was the direct cause of the following exception:

client = <django.test.client.Client object at 0x7e6f36127430>

    @pytest.fixture
    def report_context(client):
>       user = get_user_model().objects.create_user("reports@example.com")
               ^^^^^^^^^^^^^^^^^^^^^^^^^^^^^^^^^^^^^^^^^^^^^^^^^^^^^^^^^^^

tests/conftest.py:174: 
_ _ _ _ _ _ _ _ _ _ _ _ _ _ _ _ _ _ _ _ _ _ _ _ _ _ _ _ _ _ _ _ _ _ _ _ _ _ _ _ 
apps/accounts/managers.py:29: in create_user
    user.save(using=self._db)
.venv/lib/python3.14/site-packages/django/contrib/auth/base_user.py:65: in save
    super().save(*args, **kwargs)
.venv/lib/python3.14/site-packages/django/db/models/base.py:902: in save
    self.save_base(
.venv/lib/python3.14/site-packages/django/db/models/base.py:1008: in save_base
    updated = self._save_table(
.venv/lib/python3.14/site-packages/django/db/models/base.py:1169: in _save_table
    results = self._do_insert(
.venv/lib/python3.14/site-packages/django/db/models/base.py:1210: in _do_insert
    return manager._insert(
.venv/lib/python3.14/site-packages/django/db/models/manager.py:87: in manager_method
    return getattr(self.get_queryset(), name)(*args, **kwargs)
           ^^^^^^^^^^^^^^^^^^^^^^^^^^^^^^^^^^^^^^^^^^^^^^^^^^^
.venv/lib/python3.14/site-packages/django/db/models/query.py:1873: in _insert
    return query.get_compiler(using=using).execute_sql(returning_fields)
           ^^^^^^^^^^^^^^^^^^^^^^^^^^^^^^^^^^^^^^^^^^^^^^^^^^^^^^^^^^^^^
.venv/lib/python3.14/site-packages/django/db/models/sql/compiler.py:1882: in execute_sql
    cursor.execute(sql, params)
.venv/lib/python3.14/site-packages/django/db/backends/utils.py:79: in execute
    return self._execute_with_wrappers(
.venv/lib/python3.14/site-packages/django/db/backends/utils.py:92: in _execute_with_wrappers
    return executor(sql, params, many, context)
           ^^^^^^^^^^^^^^^^^^^^^^^^^^^^^^^^^^^^
.venv/lib/python3.14/site-packages/django/db/backends/utils.py:100: in _execute
    with self.db.wrap_database_errors:
         ^^^^^^^^^^^^^^^^^^^^^^^^^^^^
.venv/lib/python3.14/site-packages/django/db/utils.py:91: in __exit__
    raise dj_exc_value.with_traceback(traceback) from exc_value
.venv/lib/python3.14/site-packages/django/db/backends/utils.py:105: in _execute
    return self.cursor.execute(sql, params)
           ^^^^^^^^^^^^^^^^^^^^^^^^^^^^^^^^
_ _ _ _ _ _ _ _ _ _ _ _ _ _ _ _ _ _ _ _ _ _ _ _ _ _ _ _ _ _ _ _ _ _ _ _ _ _ _ _ 

self = <django.db.backends.postgresql.base.Cursor [closed] [IDLE] (host=qualification-db user=postgres database=test_qualification) at 0x7e6f3624ec10>
query = 'INSERT INTO "accounts_user" ("password", "last_login", "is_superuser", "id", "email", "first_name", "last_name", "is_staff", "is_active", "date_joined") VALUES (%s, %s, %s, %s, %s, %s, %s, %s, %s, %s)'
params = ('!Xd3R8LhvnYBioHqtoj11jdt5HWzDmg74xUFqQKu2', None, False, UUID('72ca011f-2d34-45dd-93e2-652657f2a0ee'), 'reports@example.com', '', ...)
prepare = None, binary = None

    def execute(
        self,
        query: Query,
        params: Params | None = None,
        *,
        prepare: bool | None = None,
        binary: bool | None = None,
    ) -> Self:
        """
        Execute a query or command to the database.
        """
        try:
            with self._conn.lock:
                self._conn.wait(
                    self._execute_gen(query, params, prepare=prepare, binary=binary)
                )
        except e._NO_TRACEBACK as ex:
>           raise ex.with_traceback(None)
E           django.db.utils.IntegrityError: duplicate key value violates unique constraint "accounts_user_email_key"
E           DETAIL:  Key (email)=(reports@example.com) already exists.

.venv/lib/python3.14/site-packages/psycopg/cursor.py:117: IntegrityError
____ ERROR at teardown of test_one_open_and_one_frozen_pending_are_enforced ____

self = <django.db.backends.utils.CursorWrapper object at 0x7e6f36b92ed0>
sql = 'TRUNCATE "core_action_card_revisions", "review_capacity_reservations", "billing_subscription", "core_known_entities",... "report_artifacts", "billing_paid_coverage_authority", "audit_chain_heads", "inventory_items", "review_cycle_events";'
params = None
ignored_wrapper_args = (False, {'connection': <DatabaseWrapper vendor='postgresql' alias='default'>, 'cursor': <django.db.backends.utils.CursorWrapper object at 0x7e6f36b92ed0>})

    def _execute(self, sql, params, *ignored_wrapper_args):
        # Raise a warning during app initialization (stored_app_configs is only
        # ever set during testing).
        if not apps.ready and not apps.stored_app_configs:
            warnings.warn(self.APPS_NOT_READY_WARNING_MSG, category=RuntimeWarning)
        self.db.validate_no_broken_transaction()
        with self.db.wrap_database_errors:
            if params is None:
                # params default might be backend specific.
>               return self.cursor.execute(sql)
                       ^^^^^^^^^^^^^^^^^^^^^^^^

.venv/lib/python3.14/site-packages/django/db/backends/utils.py:103: 
_ _ _ _ _ _ _ _ _ _ _ _ _ _ _ _ _ _ _ _ _ _ _ _ _ _ _ _ _ _ _ _ _ _ _ _ _ _ _ _ 

self = <django.db.backends.postgresql.base.Cursor [closed] [IDLE] (host=qualification-db user=postgres database=test_qualification) at 0x7e6f3624d470>
query = 'TRUNCATE "core_action_card_revisions", "review_capacity_reservations", "billing_subscription", "core_known_entities",... "report_artifacts", "billing_paid_coverage_authority", "audit_chain_heads", "inventory_items", "review_cycle_events";'
params = None, prepare = None, binary = None

    def execute(
        self,
        query: Query,
        params: Params | None = None,
        *,
        prepare: bool | None = None,
        binary: bool | None = None,
    ) -> Self:
        """
        Execute a query or command to the database.
        """
        try:
            with self._conn.lock:
                self._conn.wait(
                    self._execute_gen(query, params, prepare=prepare, binary=binary)
                )
        except e._NO_TRACEBACK as ex:
>           raise ex.with_traceback(None)
E           psycopg.errors.FeatureNotSupported: cannot truncate a table referenced in a foreign key constraint
E           DETAIL:  Table "billing_admission_receipt" references "billing_paid_coverage".
E           HINT:  Truncate table "billing_admission_receipt" at the same time, or use TRUNCATE ... CASCADE.

.venv/lib/python3.14/site-packages/psycopg/cursor.py:117: FeatureNotSupported

The above exception was the direct cause of the following exception:

self = <django.core.management.commands.flush.Command object at 0x7e6f3625f110>
options = {'verbosity': 0, 'settings': None, 'pythonpath': None, 'traceback': False, ...}

        def handle(self, **options):
            database = options["database"]
            connection = connections[database]
            verbosity = options["verbosity"]
            interactive = options["interactive"]
            # The following are stealth options used by Django's internals.
            reset_sequences = options.get("reset_sequences", True)
            allow_cascade = options.get("allow_cascade", False)
            inhibit_post_migrate = options.get("inhibit_post_migrate", False)
    
            self.style = no_style()
    
            # Import the 'management' module within each installed app, to register
            # dispatcher events.
            for app_config in apps.get_app_configs():
                try:
                    import_module(".management", app_config.name)
                except ImportError:
                    pass
    
            sql_list = sql_flush(
                self.style,
                connection,
                reset_sequences=reset_sequences,
                allow_cascade=allow_cascade,
            )
    
            if interactive:
                confirm = input("""You have requested a flush of the database.
    This will IRREVERSIBLY DESTROY all data currently in the "%s" database,
    and return each table to an empty state.
    Are you sure you want to do this?
    
        Type 'yes' to continue, or 'no' to cancel: """ % connection.settings_dict["NAME"])
            else:
                confirm = "yes"
    
            if confirm == "yes":
                try:
>                   connection.ops.execute_sql_flush(sql_list)

.venv/lib/python3.14/site-packages/django/core/management/commands/flush.py:71: 
_ _ _ _ _ _ _ _ _ _ _ _ _ _ _ _ _ _ _ _ _ _ _ _ _ _ _ _ _ _ _ _ _ _ _ _ _ _ _ _ 
.venv/lib/python3.14/site-packages/django/db/backends/base/operations.py:473: in execute_sql_flush
    cursor.execute(sql)
.venv/lib/python3.14/site-packages/django/db/backends/utils.py:79: in execute
    return self._execute_with_wrappers(
.venv/lib/python3.14/site-packages/django/db/backends/utils.py:92: in _execute_with_wrappers
    return executor(sql, params, many, context)
           ^^^^^^^^^^^^^^^^^^^^^^^^^^^^^^^^^^^^
.venv/lib/python3.14/site-packages/django/db/backends/utils.py:100: in _execute
    with self.db.wrap_database_errors:
         ^^^^^^^^^^^^^^^^^^^^^^^^^^^^
.venv/lib/python3.14/site-packages/django/db/utils.py:91: in __exit__
    raise dj_exc_value.with_traceback(traceback) from exc_value
.venv/lib/python3.14/site-packages/django/db/backends/utils.py:103: in _execute
    return self.cursor.execute(sql)
           ^^^^^^^^^^^^^^^^^^^^^^^^
_ _ _ _ _ _ _ _ _ _ _ _ _ _ _ _ _ _ _ _ _ _ _ _ _ _ _ _ _ _ _ _ _ _ _ _ _ _ _ _ 

self = <django.db.backends.postgresql.base.Cursor [closed] [IDLE] (host=qualification-db user=postgres database=test_qualification) at 0x7e6f3624d470>
query = 'TRUNCATE "core_action_card_revisions", "review_capacity_reservations", "billing_subscription", "core_known_entities",... "report_artifacts", "billing_paid_coverage_authority", "audit_chain_heads", "inventory_items", "review_cycle_events";'
params = None, prepare = None, binary = None

    def execute(
        self,
        query: Query,
        params: Params | None = None,
        *,
        prepare: bool | None = None,
        binary: bool | None = None,
    ) -> Self:
        """
        Execute a query or command to the database.
        """
        try:
            with self._conn.lock:
                self._conn.wait(
                    self._execute_gen(query, params, prepare=prepare, binary=binary)
                )
        except e._NO_TRACEBACK as ex:
>           raise ex.with_traceback(None)
E           django.db.utils.NotSupportedError: cannot truncate a table referenced in a foreign key constraint
E           DETAIL:  Table "billing_admission_receipt" references "billing_paid_coverage".
E           HINT:  Truncate table "billing_admission_receipt" at the same time, or use TRUNCATE ... CASCADE.

.venv/lib/python3.14/site-packages/psycopg/cursor.py:117: NotSupportedError

The above exception was the direct cause of the following exception:

request = <SubRequest '_django_db_helper' for <Function test_one_open_and_one_frozen_pending_are_enforced>>
django_db_setup = None
django_db_blocker = <pytest_django.plugin.DjangoDbBlocker object at 0x7e6f3b5c9010>

    @pytest.fixture
    def _django_db_helper(
        request: pytest.FixtureRequest,
        django_db_setup: None,  # noqa: ARG001
        django_db_blocker: DjangoDbBlocker,
    ) -> Generator[None]:
        if is_django_unittest(request):
            yield
            return
    
        from django import VERSION
    
        marker = request.node.get_closest_marker("django_db")
        if marker:
            (
                transactional,
                reset_sequences,
                databases,
                serialized_rollback,
                available_apps,
            ) = validate_django_db(marker)
        else:
            (
                transactional,
                reset_sequences,
                databases,
                serialized_rollback,
                available_apps,
            ) = False, False, None, False, None
    
        transactional = (
            transactional
            or reset_sequences
            or ("transactional_db" in request.fixturenames or "live_server" in request.fixturenames)
        )
        reset_sequences = reset_sequences or ("django_db_reset_sequences" in request.fixturenames)
        serialized_rollback = serialized_rollback or (
            "django_db_serialized_rollback" in request.fixturenames
        )
    
        with django_db_blocker.unblock():
            import django.db
            import django.test
    
            if transactional:
                test_case_class = django.test.TransactionTestCase
            else:
                test_case_class = django.test.TestCase
    
            _reset_sequences = reset_sequences
            _serialized_rollback = serialized_rollback
            _databases = databases
            _available_apps = available_apps
    
            class PytestDjangoTestCase(test_case_class):  # type: ignore[misc,valid-type]
                reset_sequences = _reset_sequences
                serialized_rollback = _serialized_rollback
                if _databases is not None:
                    databases = _databases
                if _available_apps is not None:
                    available_apps = _available_apps
    
                # For non-transactional tests, skip executing `django.test.TestCase`'s
                # `setUpClass`/`tearDownClass`, only execute the super class ones.
                #
                # `TestCase`'s class setup manages the `setUpTestData`/class-level
                # transaction functionality. We don't use it; instead we (will) offer
                # our own alternatives. So it only adds overhead, and does some things
                # which conflict with our (planned) functionality, particularly, it
                # closes all database connections in `tearDownClass` which inhibits
                # wrapping tests in higher-scoped transactions.
                #
                # It's possible a new version of Django will add some unrelated
                # functionality to these methods, in which case skipping them completely
                # would not be desirable. Let's cross that bridge when we get there...
                if not transactional:
    
                    @classmethod
                    def setUpClass(cls) -> None:
                        super(django.test.TestCase, cls).setUpClass()
    
                    @classmethod
                    def tearDownClass(cls) -> None:
                        super(django.test.TestCase, cls).tearDownClass()
    
            PytestDjangoTestCase.setUpClass()
    
            test_case = PytestDjangoTestCase(methodName="__init__")
            if VERSION >= (6, 0):
                pre_setup_ran_eagerly = PytestDjangoTestCase._pre_setup_ran_eagerly
            else:
                pre_setup_ran_eagerly = getattr(PytestDjangoTestCase, "_pre_setup_ran_eagerly", False)
            if not pre_setup_ran_eagerly:
                # For a TransactionTestCase, setUpClass() has already run _pre_setup() and set
                # this flag to say so.
                test_case._pre_setup()
    
            yield
    
>           test_case._post_teardown()

.venv/lib/python3.14/site-packages/pytest_django/fixtures.py:305: 
_ _ _ _ _ _ _ _ _ _ _ _ _ _ _ _ _ _ _ _ _ _ _ _ _ _ _ _ _ _ _ _ _ _ _ _ _ _ _ _ 
.venv/lib/python3.14/site-packages/django/test/testcases.py:1231: in _post_teardown
    self._fixture_teardown()
.venv/lib/python3.14/site-packages/django/test/testcases.py:1266: in _fixture_teardown
    call_command(
.venv/lib/python3.14/site-packages/django/core/management/__init__.py:194: in call_command
    return command.execute(*args, **defaults)
           ^^^^^^^^^^^^^^^^^^^^^^^^^^^^^^^^^^
.venv/lib/python3.14/site-packages/django/core/management/base.py:464: in execute
    output = self.handle(*args, **options)
             ^^^^^^^^^^^^^^^^^^^^^^^^^^^^^
_ _ _ _ _ _ _ _ _ _ _ _ _ _ _ _ _ _ _ _ _ _ _ _ _ _ _ _ _ _ _ _ _ _ _ _ _ _ _ _ 

self = <django.core.management.commands.flush.Command object at 0x7e6f3625f110>
options = {'verbosity': 0, 'settings': None, 'pythonpath': None, 'traceback': False, ...}

        def handle(self, **options):
            database = options["database"]
            connection = connections[database]
            verbosity = options["verbosity"]
            interactive = options["interactive"]
            # The following are stealth options used by Django's internals.
            reset_sequences = options.get("reset_sequences", True)
            allow_cascade = options.get("allow_cascade", False)
            inhibit_post_migrate = options.get("inhibit_post_migrate", False)
    
            self.style = no_style()
    
            # Import the 'management' module within each installed app, to register
            # dispatcher events.
            for app_config in apps.get_app_configs():
                try:
                    import_module(".management", app_config.name)
                except ImportError:
                    pass
    
            sql_list = sql_flush(
                self.style,
                connection,
                reset_sequences=reset_sequences,
                allow_cascade=allow_cascade,
            )
    
            if interactive:
                confirm = input("""You have requested a flush of the database.
    This will IRREVERSIBLY DESTROY all data currently in the "%s" database,
    and return each table to an empty state.
    Are you sure you want to do this?
    
        Type 'yes' to continue, or 'no' to cancel: """ % connection.settings_dict["NAME"])
            else:
                confirm = "yes"
    
            if confirm == "yes":
                try:
                    connection.ops.execute_sql_flush(sql_list)
                except Exception as exc:
>                   raise CommandError(
                        "Database %s couldn't be flushed. Possible reasons:\n"
                        "  * The database isn't running or isn't configured correctly.\n"
                        "  * At least one of the expected database tables doesn't exist.\n"
                        "  * The SQL was invalid.\n"
                        "Hint: Look at the output of 'django-admin sqlflush'. "
                        "That's the SQL this command wasn't able to run."
                        % (connection.settings_dict["NAME"],)
                    ) from exc
E                   django.core.management.base.CommandError: Database test_qualification couldn't be flushed. Possible reasons:
E                     * The database isn't running or isn't configured correctly.
E                     * At least one of the expected database tables doesn't exist.
E                     * The SQL was invalid.
E                   Hint: Look at the output of 'django-admin sqlflush'. That's the SQL this command wasn't able to run.

.venv/lib/python3.14/site-packages/django/core/management/commands/flush.py:73: CommandError
____ ERROR at setup of test_revision_cas_rejects_aliases_and_stale_state[0] ____

self = <django.db.backends.utils.CursorWrapper object at 0x7e6f363ab470>
sql = 'INSERT INTO "accounts_user" ("password", "last_login", "is_superuser", "id", "email", "first_name", "last_name", "is_staff", "is_active", "date_joined") VALUES (%s, %s, %s, %s, %s, %s, %s, %s, %s, %s)'
params = ('!hmxH3NX6LZd7kQYSwKBYwyzuDiwW79nhWWk7Vz6y', None, False, UUID('647008aa-988e-4550-a465-d8977cc9d3ff'), 'reports@example.com', '', ...)
ignored_wrapper_args = (False, {'connection': <DatabaseWrapper vendor='postgresql' alias='default'>, 'cursor': <django.db.backends.utils.CursorWrapper object at 0x7e6f363ab470>})

    def _execute(self, sql, params, *ignored_wrapper_args):
        # Raise a warning during app initialization (stored_app_configs is only
        # ever set during testing).
        if not apps.ready and not apps.stored_app_configs:
            warnings.warn(self.APPS_NOT_READY_WARNING_MSG, category=RuntimeWarning)
        self.db.validate_no_broken_transaction()
        with self.db.wrap_database_errors:
            if params is None:
                # params default might be backend specific.
                return self.cursor.execute(sql)
            else:
>               return self.cursor.execute(sql, params)
                       ^^^^^^^^^^^^^^^^^^^^^^^^^^^^^^^^

.venv/lib/python3.14/site-packages/django/db/backends/utils.py:105: 
_ _ _ _ _ _ _ _ _ _ _ _ _ _ _ _ _ _ _ _ _ _ _ _ _ _ _ _ _ _ _ _ _ _ _ _ _ _ _ _ 

self = <django.db.backends.postgresql.base.Cursor [closed] [IDLE] (host=qualification-db user=postgres database=test_qualification) at 0x7e6f3624db70>
query = 'INSERT INTO "accounts_user" ("password", "last_login", "is_superuser", "id", "email", "first_name", "last_name", "is_staff", "is_active", "date_joined") VALUES (%s, %s, %s, %s, %s, %s, %s, %s, %s, %s)'
params = ('!hmxH3NX6LZd7kQYSwKBYwyzuDiwW79nhWWk7Vz6y', None, False, UUID('647008aa-988e-4550-a465-d8977cc9d3ff'), 'reports@example.com', '', ...)
prepare = None, binary = None

    def execute(
        self,
        query: Query,
        params: Params | None = None,
        *,
        prepare: bool | None = None,
        binary: bool | None = None,
    ) -> Self:
        """
        Execute a query or command to the database.
        """
        try:
            with self._conn.lock:
                self._conn.wait(
                    self._execute_gen(query, params, prepare=prepare, binary=binary)
                )
        except e._NO_TRACEBACK as ex:
>           raise ex.with_traceback(None)
E           psycopg.errors.UniqueViolation: duplicate key value violates unique constraint "accounts_user_email_key"
E           DETAIL:  Key (email)=(reports@example.com) already exists.

.venv/lib/python3.14/site-packages/psycopg/cursor.py:117: UniqueViolation

The above exception was the direct cause of the following exception:

client = <django.test.client.Client object at 0x7e6f36cca710>

    @pytest.fixture
    def report_context(client):
>       user = get_user_model().objects.create_user("reports@example.com")
               ^^^^^^^^^^^^^^^^^^^^^^^^^^^^^^^^^^^^^^^^^^^^^^^^^^^^^^^^^^^

tests/conftest.py:174: 
_ _ _ _ _ _ _ _ _ _ _ _ _ _ _ _ _ _ _ _ _ _ _ _ _ _ _ _ _ _ _ _ _ _ _ _ _ _ _ _ 
apps/accounts/managers.py:29: in create_user
    user.save(using=self._db)
.venv/lib/python3.14/site-packages/django/contrib/auth/base_user.py:65: in save
    super().save(*args, **kwargs)
.venv/lib/python3.14/site-packages/django/db/models/base.py:902: in save
    self.save_base(
.venv/lib/python3.14/site-packages/django/db/models/base.py:1008: in save_base
    updated = self._save_table(
.venv/lib/python3.14/site-packages/django/db/models/base.py:1169: in _save_table
    results = self._do_insert(
.venv/lib/python3.14/site-packages/django/db/models/base.py:1210: in _do_insert
    return manager._insert(
.venv/lib/python3.14/site-packages/django/db/models/manager.py:87: in manager_method
    return getattr(self.get_queryset(), name)(*args, **kwargs)
           ^^^^^^^^^^^^^^^^^^^^^^^^^^^^^^^^^^^^^^^^^^^^^^^^^^^
.venv/lib/python3.14/site-packages/django/db/models/query.py:1873: in _insert
    return query.get_compiler(using=using).execute_sql(returning_fields)
           ^^^^^^^^^^^^^^^^^^^^^^^^^^^^^^^^^^^^^^^^^^^^^^^^^^^^^^^^^^^^^
.venv/lib/python3.14/site-packages/django/db/models/sql/compiler.py:1882: in execute_sql
    cursor.execute(sql, params)
.venv/lib/python3.14/site-packages/django/db/backends/utils.py:79: in execute
    return self._execute_with_wrappers(
.venv/lib/python3.14/site-packages/django/db/backends/utils.py:92: in _execute_with_wrappers
    return executor(sql, params, many, context)
           ^^^^^^^^^^^^^^^^^^^^^^^^^^^^^^^^^^^^
.venv/lib/python3.14/site-packages/django/db/backends/utils.py:100: in _execute
    with self.db.wrap_database_errors:
         ^^^^^^^^^^^^^^^^^^^^^^^^^^^^
.venv/lib/python3.14/site-packages/django/db/utils.py:91: in __exit__
    raise dj_exc_value.with_traceback(traceback) from exc_value
.venv/lib/python3.14/site-packages/django/db/backends/utils.py:105: in _execute
    return self.cursor.execute(sql, params)
           ^^^^^^^^^^^^^^^^^^^^^^^^^^^^^^^^
_ _ _ _ _ _ _ _ _ _ _ _ _ _ _ _ _ _ _ _ _ _ _ _ _ _ _ _ _ _ _ _ _ _ _ _ _ _ _ _ 

self = <django.db.backends.postgresql.base.Cursor [closed] [IDLE] (host=qualification-db user=postgres database=test_qualification) at 0x7e6f3624db70>
query = 'INSERT INTO "accounts_user" ("password", "last_login", "is_superuser", "id", "email", "first_name", "last_name", "is_staff", "is_active", "date_joined") VALUES (%s, %s, %s, %s, %s, %s, %s, %s, %s, %s)'
params = ('!hmxH3NX6LZd7kQYSwKBYwyzuDiwW79nhWWk7Vz6y', None, False, UUID('647008aa-988e-4550-a465-d8977cc9d3ff'), 'reports@example.com', '', ...)
prepare = None, binary = None

    def execute(
        self,
        query: Query,
        params: Params | None = None,
        *,
        prepare: bool | None = None,
        binary: bool | None = None,
    ) -> Self:
        """
        Execute a query or command to the database.
        """
        try:
            with self._conn.lock:
                self._conn.wait(
                    self._execute_gen(query, params, prepare=prepare, binary=binary)
                )
        except e._NO_TRACEBACK as ex:
>           raise ex.with_traceback(None)
E           django.db.utils.IntegrityError: duplicate key value violates unique constraint "accounts_user_email_key"
E           DETAIL:  Key (email)=(reports@example.com) already exists.

.venv/lib/python3.14/site-packages/psycopg/cursor.py:117: IntegrityError
__ ERROR at teardown of test_revision_cas_rejects_aliases_and_stale_state[0] ___

self = <django.db.backends.utils.CursorWrapper object at 0x7e6f363aa2d0>
sql = 'TRUNCATE "core_action_card_revisions", "review_capacity_reservations", "billing_subscription", "core_known_entities",... "report_artifacts", "billing_paid_coverage_authority", "audit_chain_heads", "inventory_items", "review_cycle_events";'
params = None
ignored_wrapper_args = (False, {'connection': <DatabaseWrapper vendor='postgresql' alias='default'>, 'cursor': <django.db.backends.utils.CursorWrapper object at 0x7e6f363aa2d0>})

    def _execute(self, sql, params, *ignored_wrapper_args):
        # Raise a warning during app initialization (stored_app_configs is only
        # ever set during testing).
        if not apps.ready and not apps.stored_app_configs:
            warnings.warn(self.APPS_NOT_READY_WARNING_MSG, category=RuntimeWarning)
        self.db.validate_no_broken_transaction()
        with self.db.wrap_database_errors:
            if params is None:
                # params default might be backend specific.
>               return self.cursor.execute(sql)
                       ^^^^^^^^^^^^^^^^^^^^^^^^

.venv/lib/python3.14/site-packages/django/db/backends/utils.py:103: 
_ _ _ _ _ _ _ _ _ _ _ _ _ _ _ _ _ _ _ _ _ _ _ _ _ _ _ _ _ _ _ _ _ _ _ _ _ _ _ _ 

self = <django.db.backends.postgresql.base.Cursor [closed] [IDLE] (host=qualification-db user=postgres database=test_qualification) at 0x7e6f3624c050>
query = 'TRUNCATE "core_action_card_revisions", "review_capacity_reservations", "billing_subscription", "core_known_entities",... "report_artifacts", "billing_paid_coverage_authority", "audit_chain_heads", "inventory_items", "review_cycle_events";'
params = None, prepare = None, binary = None

    def execute(
        self,
        query: Query,
        params: Params | None = None,
        *,
        prepare: bool | None = None,
        binary: bool | None = None,
    ) -> Self:
        """
        Execute a query or command to the database.
        """
        try:
            with self._conn.lock:
                self._conn.wait(
                    self._execute_gen(query, params, prepare=prepare, binary=binary)
                )
        except e._NO_TRACEBACK as ex:
>           raise ex.with_traceback(None)
E           psycopg.errors.FeatureNotSupported: cannot truncate a table referenced in a foreign key constraint
E           DETAIL:  Table "billing_admission_receipt" references "billing_paid_coverage".
E           HINT:  Truncate table "billing_admission_receipt" at the same time, or use TRUNCATE ... CASCADE.

.venv/lib/python3.14/site-packages/psycopg/cursor.py:117: FeatureNotSupported

The above exception was the direct cause of the following exception:

self = <django.core.management.commands.flush.Command object at 0x7e6f36141c10>
options = {'verbosity': 0, 'settings': None, 'pythonpath': None, 'traceback': False, ...}

        def handle(self, **options):
            database = options["database"]
            connection = connections[database]
            verbosity = options["verbosity"]
            interactive = options["interactive"]
            # The following are stealth options used by Django's internals.
            reset_sequences = options.get("reset_sequences", True)
            allow_cascade = options.get("allow_cascade", False)
            inhibit_post_migrate = options.get("inhibit_post_migrate", False)
    
            self.style = no_style()
    
            # Import the 'management' module within each installed app, to register
            # dispatcher events.
            for app_config in apps.get_app_configs():
                try:
                    import_module(".management", app_config.name)
                except ImportError:
                    pass
    
            sql_list = sql_flush(
                self.style,
                connection,
                reset_sequences=reset_sequences,
                allow_cascade=allow_cascade,
            )
    
            if interactive:
                confirm = input("""You have requested a flush of the database.
    This will IRREVERSIBLY DESTROY all data currently in the "%s" database,
    and return each table to an empty state.
    Are you sure you want to do this?
    
        Type 'yes' to continue, or 'no' to cancel: """ % connection.settings_dict["NAME"])
            else:
                confirm = "yes"
    
            if confirm == "yes":
                try:
>                   connection.ops.execute_sql_flush(sql_list)

.venv/lib/python3.14/site-packages/django/core/management/commands/flush.py:71: 
_ _ _ _ _ _ _ _ _ _ _ _ _ _ _ _ _ _ _ _ _ _ _ _ _ _ _ _ _ _ _ _ _ _ _ _ _ _ _ _ 
.venv/lib/python3.14/site-packages/django/db/backends/base/operations.py:473: in execute_sql_flush
    cursor.execute(sql)
.venv/lib/python3.14/site-packages/django/db/backends/utils.py:79: in execute
    return self._execute_with_wrappers(
.venv/lib/python3.14/site-packages/django/db/backends/utils.py:92: in _execute_with_wrappers
    return executor(sql, params, many, context)
           ^^^^^^^^^^^^^^^^^^^^^^^^^^^^^^^^^^^^
.venv/lib/python3.14/site-packages/django/db/backends/utils.py:100: in _execute
    with self.db.wrap_database_errors:
         ^^^^^^^^^^^^^^^^^^^^^^^^^^^^
.venv/lib/python3.14/site-packages/django/db/utils.py:91: in __exit__
    raise dj_exc_value.with_traceback(traceback) from exc_value
.venv/lib/python3.14/site-packages/django/db/backends/utils.py:103: in _execute
    return self.cursor.execute(sql)
           ^^^^^^^^^^^^^^^^^^^^^^^^
_ _ _ _ _ _ _ _ _ _ _ _ _ _ _ _ _ _ _ _ _ _ _ _ _ _ _ _ _ _ _ _ _ _ _ _ _ _ _ _ 

self = <django.db.backends.postgresql.base.Cursor [closed] [IDLE] (host=qualification-db user=postgres database=test_qualification) at 0x7e6f3624c050>
query = 'TRUNCATE "core_action_card_revisions", "review_capacity_reservations", "billing_subscription", "core_known_entities",... "report_artifacts", "billing_paid_coverage_authority", "audit_chain_heads", "inventory_items", "review_cycle_events";'
params = None, prepare = None, binary = None

    def execute(
        self,
        query: Query,
        params: Params | None = None,
        *,
        prepare: bool | None = None,
        binary: bool | None = None,
    ) -> Self:
        """
        Execute a query or command to the database.
        """
        try:
            with self._conn.lock:
                self._conn.wait(
                    self._execute_gen(query, params, prepare=prepare, binary=binary)
                )
        except e._NO_TRACEBACK as ex:
>           raise ex.with_traceback(None)
E           django.db.utils.NotSupportedError: cannot truncate a table referenced in a foreign key constraint
E           DETAIL:  Table "billing_admission_receipt" references "billing_paid_coverage".
E           HINT:  Truncate table "billing_admission_receipt" at the same time, or use TRUNCATE ... CASCADE.

.venv/lib/python3.14/site-packages/psycopg/cursor.py:117: NotSupportedError

The above exception was the direct cause of the following exception:

request = <SubRequest '_django_db_helper' for <Function test_revision_cas_rejects_aliases_and_stale_state[0]>>
django_db_setup = None
django_db_blocker = <pytest_django.plugin.DjangoDbBlocker object at 0x7e6f3b5c9010>

    @pytest.fixture
    def _django_db_helper(
        request: pytest.FixtureRequest,
        django_db_setup: None,  # noqa: ARG001
        django_db_blocker: DjangoDbBlocker,
    ) -> Generator[None]:
        if is_django_unittest(request):
            yield
            return
    
        from django import VERSION
    
        marker = request.node.get_closest_marker("django_db")
        if marker:
            (
                transactional,
                reset_sequences,
                databases,
                serialized_rollback,
                available_apps,
            ) = validate_django_db(marker)
        else:
            (
                transactional,
                reset_sequences,
                databases,
                serialized_rollback,
                available_apps,
            ) = False, False, None, False, None
    
        transactional = (
            transactional
            or reset_sequences
            or ("transactional_db" in request.fixturenames or "live_server" in request.fixturenames)
        )
        reset_sequences = reset_sequences or ("django_db_reset_sequences" in request.fixturenames)
        serialized_rollback = serialized_rollback or (
            "django_db_serialized_rollback" in request.fixturenames
        )
    
        with django_db_blocker.unblock():
            import django.db
            import django.test
    
            if transactional:
                test_case_class = django.test.TransactionTestCase
            else:
                test_case_class = django.test.TestCase
    
            _reset_sequences = reset_sequences
            _serialized_rollback = serialized_rollback
            _databases = databases
            _available_apps = available_apps
    
            class PytestDjangoTestCase(test_case_class):  # type: ignore[misc,valid-type]
                reset_sequences = _reset_sequences
                serialized_rollback = _serialized_rollback
                if _databases is not None:
                    databases = _databases
                if _available_apps is not None:
                    available_apps = _available_apps
    
                # For non-transactional tests, skip executing `django.test.TestCase`'s
                # `setUpClass`/`tearDownClass`, only execute the super class ones.
                #
                # `TestCase`'s class setup manages the `setUpTestData`/class-level
                # transaction functionality. We don't use it; instead we (will) offer
                # our own alternatives. So it only adds overhead, and does some things
                # which conflict with our (planned) functionality, particularly, it
                # closes all database connections in `tearDownClass` which inhibits
                # wrapping tests in higher-scoped transactions.
                #
                # It's possible a new version of Django will add some unrelated
                # functionality to these methods, in which case skipping them completely
                # would not be desirable. Let's cross that bridge when we get there...
                if not transactional:
    
                    @classmethod
                    def setUpClass(cls) -> None:
                        super(django.test.TestCase, cls).setUpClass()
    
                    @classmethod
                    def tearDownClass(cls) -> None:
                        super(django.test.TestCase, cls).tearDownClass()
    
            PytestDjangoTestCase.setUpClass()
    
            test_case = PytestDjangoTestCase(methodName="__init__")
            if VERSION >= (6, 0):
                pre_setup_ran_eagerly = PytestDjangoTestCase._pre_setup_ran_eagerly
            else:
                pre_setup_ran_eagerly = getattr(PytestDjangoTestCase, "_pre_setup_ran_eagerly", False)
            if not pre_setup_ran_eagerly:
                # For a TransactionTestCase, setUpClass() has already run _pre_setup() and set
                # this flag to say so.
                test_case._pre_setup()
    
            yield
    
>           test_case._post_teardown()

.venv/lib/python3.14/site-packages/pytest_django/fixtures.py:305: 
_ _ _ _ _ _ _ _ _ _ _ _ _ _ _ _ _ _ _ _ _ _ _ _ _ _ _ _ _ _ _ _ _ _ _ _ _ _ _ _ 
.venv/lib/python3.14/site-packages/django/test/testcases.py:1231: in _post_teardown
    self._fixture_teardown()
.venv/lib/python3.14/site-packages/django/test/testcases.py:1266: in _fixture_teardown
    call_command(
.venv/lib/python3.14/site-packages/django/core/management/__init__.py:194: in call_command
    return command.execute(*args, **defaults)
           ^^^^^^^^^^^^^^^^^^^^^^^^^^^^^^^^^^
.venv/lib/python3.14/site-packages/django/core/management/base.py:464: in execute
    output = self.handle(*args, **options)
             ^^^^^^^^^^^^^^^^^^^^^^^^^^^^^
_ _ _ _ _ _ _ _ _ _ _ _ _ _ _ _ _ _ _ _ _ _ _ _ _ _ _ _ _ _ _ _ _ _ _ _ _ _ _ _ 

self = <django.core.management.commands.flush.Command object at 0x7e6f36141c10>
options = {'verbosity': 0, 'settings': None, 'pythonpath': None, 'traceback': False, ...}

        def handle(self, **options):
            database = options["database"]
            connection = connections[database]
            verbosity = options["verbosity"]
            interactive = options["interactive"]
            # The following are stealth options used by Django's internals.
            reset_sequences = options.get("reset_sequences", True)
            allow_cascade = options.get("allow_cascade", False)
            inhibit_post_migrate = options.get("inhibit_post_migrate", False)
    
            self.style = no_style()
    
            # Import the 'management' module within each installed app, to register
            # dispatcher events.
            for app_config in apps.get_app_configs():
                try:
                    import_module(".management", app_config.name)
                except ImportError:
                    pass
    
            sql_list = sql_flush(
                self.style,
                connection,
                reset_sequences=reset_sequences,
                allow_cascade=allow_cascade,
            )
    
            if interactive:
                confirm = input("""You have requested a flush of the database.
    This will IRREVERSIBLY DESTROY all data currently in the "%s" database,
    and return each table to an empty state.
    Are you sure you want to do this?
    
        Type 'yes' to continue, or 'no' to cancel: """ % connection.settings_dict["NAME"])
            else:
                confirm = "yes"
    
            if confirm == "yes":
                try:
                    connection.ops.execute_sql_flush(sql_list)
                except Exception as exc:
>                   raise CommandError(
                        "Database %s couldn't be flushed. Possible reasons:\n"
                        "  * The database isn't running or isn't configured correctly.\n"
                        "  * At least one of the expected database tables doesn't exist.\n"
                        "  * The SQL was invalid.\n"
                        "Hint: Look at the output of 'django-admin sqlflush'. "
                        "That's the SQL this command wasn't able to run."
                        % (connection.settings_dict["NAME"],)
                    ) from exc
E                   django.core.management.base.CommandError: Database test_qualification couldn't be flushed. Possible reasons:
E                     * The database isn't running or isn't configured correctly.
E                     * At least one of the expected database tables doesn't exist.
E                     * The SQL was invalid.
E                   Hint: Look at the output of 'django-admin sqlflush'. That's the SQL this command wasn't able to run.

.venv/lib/python3.14/site-packages/django/core/management/commands/flush.py:73: CommandError
____ ERROR at setup of test_revision_cas_rejects_aliases_and_stale_state[2] ____

self = <django.db.backends.utils.CursorWrapper object at 0x7e6f3631a450>
sql = 'INSERT INTO "accounts_user" ("password", "last_login", "is_superuser", "id", "email", "first_name", "last_name", "is_staff", "is_active", "date_joined") VALUES (%s, %s, %s, %s, %s, %s, %s, %s, %s, %s)'
params = ('!4G71TLEdjzr3LGeKllGgXCVl3kvs1xSbWauI5Aas', None, False, UUID('246e7b0a-a793-46e1-b9c3-e3eaf9a614c9'), 'reports@example.com', '', ...)
ignored_wrapper_args = (False, {'connection': <DatabaseWrapper vendor='postgresql' alias='default'>, 'cursor': <django.db.backends.utils.CursorWrapper object at 0x7e6f3631a450>})

    def _execute(self, sql, params, *ignored_wrapper_args):
        # Raise a warning during app initialization (stored_app_configs is only
        # ever set during testing).
        if not apps.ready and not apps.stored_app_configs:
            warnings.warn(self.APPS_NOT_READY_WARNING_MSG, category=RuntimeWarning)
        self.db.validate_no_broken_transaction()
        with self.db.wrap_database_errors:
            if params is None:
                # params default might be backend specific.
                return self.cursor.execute(sql)
            else:
>               return self.cursor.execute(sql, params)
                       ^^^^^^^^^^^^^^^^^^^^^^^^^^^^^^^^

.venv/lib/python3.14/site-packages/django/db/backends/utils.py:105: 
_ _ _ _ _ _ _ _ _ _ _ _ _ _ _ _ _ _ _ _ _ _ _ _ _ _ _ _ _ _ _ _ _ _ _ _ _ _ _ _ 

self = <django.db.backends.postgresql.base.Cursor [closed] [IDLE] (host=qualification-db user=postgres database=test_qualification) at 0x7e6f3624c750>
query = 'INSERT INTO "accounts_user" ("password", "last_login", "is_superuser", "id", "email", "first_name", "last_name", "is_staff", "is_active", "date_joined") VALUES (%s, %s, %s, %s, %s, %s, %s, %s, %s, %s)'
params = ('!4G71TLEdjzr3LGeKllGgXCVl3kvs1xSbWauI5Aas', None, False, UUID('246e7b0a-a793-46e1-b9c3-e3eaf9a614c9'), 'reports@example.com', '', ...)
prepare = None, binary = None

    def execute(
        self,
        query: Query,
        params: Params | None = None,
        *,
        prepare: bool | None = None,
        binary: bool | None = None,
    ) -> Self:
        """
        Execute a query or command to the database.
        """
        try:
            with self._conn.lock:
                self._conn.wait(
                    self._execute_gen(query, params, prepare=prepare, binary=binary)
                )
        except e._NO_TRACEBACK as ex:
>           raise ex.with_traceback(None)
E           psycopg.errors.UniqueViolation: duplicate key value violates unique constraint "accounts_user_email_key"
E           DETAIL:  Key (email)=(reports@example.com) already exists.

.venv/lib/python3.14/site-packages/psycopg/cursor.py:117: UniqueViolation

The above exception was the direct cause of the following exception:

client = <django.test.client.Client object at 0x7e6f36b8ea30>

    @pytest.fixture
    def report_context(client):
>       user = get_user_model().objects.create_user("reports@example.com")
               ^^^^^^^^^^^^^^^^^^^^^^^^^^^^^^^^^^^^^^^^^^^^^^^^^^^^^^^^^^^

tests/conftest.py:174: 
_ _ _ _ _ _ _ _ _ _ _ _ _ _ _ _ _ _ _ _ _ _ _ _ _ _ _ _ _ _ _ _ _ _ _ _ _ _ _ _ 
apps/accounts/managers.py:29: in create_user
    user.save(using=self._db)
.venv/lib/python3.14/site-packages/django/contrib/auth/base_user.py:65: in save
    super().save(*args, **kwargs)
.venv/lib/python3.14/site-packages/django/db/models/base.py:902: in save
    self.save_base(
.venv/lib/python3.14/site-packages/django/db/models/base.py:1008: in save_base
    updated = self._save_table(
.venv/lib/python3.14/site-packages/django/db/models/base.py:1169: in _save_table
    results = self._do_insert(
.venv/lib/python3.14/site-packages/django/db/models/base.py:1210: in _do_insert
    return manager._insert(
.venv/lib/python3.14/site-packages/django/db/models/manager.py:87: in manager_method
    return getattr(self.get_queryset(), name)(*args, **kwargs)
           ^^^^^^^^^^^^^^^^^^^^^^^^^^^^^^^^^^^^^^^^^^^^^^^^^^^
.venv/lib/python3.14/site-packages/django/db/models/query.py:1873: in _insert
    return query.get_compiler(using=using).execute_sql(returning_fields)
           ^^^^^^^^^^^^^^^^^^^^^^^^^^^^^^^^^^^^^^^^^^^^^^^^^^^^^^^^^^^^^
.venv/lib/python3.14/site-packages/django/db/models/sql/compiler.py:1882: in execute_sql
    cursor.execute(sql, params)
.venv/lib/python3.14/site-packages/django/db/backends/utils.py:79: in execute
    return self._execute_with_wrappers(
.venv/lib/python3.14/site-packages/django/db/backends/utils.py:92: in _execute_with_wrappers
    return executor(sql, params, many, context)
           ^^^^^^^^^^^^^^^^^^^^^^^^^^^^^^^^^^^^
.venv/lib/python3.14/site-packages/django/db/backends/utils.py:100: in _execute
    with self.db.wrap_database_errors:
         ^^^^^^^^^^^^^^^^^^^^^^^^^^^^
.venv/lib/python3.14/site-packages/django/db/utils.py:91: in __exit__
    raise dj_exc_value.with_traceback(traceback) from exc_value
.venv/lib/python3.14/site-packages/django/db/backends/utils.py:105: in _execute
    return self.cursor.execute(sql, params)
           ^^^^^^^^^^^^^^^^^^^^^^^^^^^^^^^^
_ _ _ _ _ _ _ _ _ _ _ _ _ _ _ _ _ _ _ _ _ _ _ _ _ _ _ _ _ _ _ _ _ _ _ _ _ _ _ _ 

self = <django.db.backends.postgresql.base.Cursor [closed] [IDLE] (host=qualification-db user=postgres database=test_qualification) at 0x7e6f3624c750>
query = 'INSERT INTO "accounts_user" ("password", "last_login", "is_superuser", "id", "email", "first_name", "last_name", "is_staff", "is_active", "date_joined") VALUES (%s, %s, %s, %s, %s, %s, %s, %s, %s, %s)'
params = ('!4G71TLEdjzr3LGeKllGgXCVl3kvs1xSbWauI5Aas', None, False, UUID('246e7b0a-a793-46e1-b9c3-e3eaf9a614c9'), 'reports@example.com', '', ...)
prepare = None, binary = None

    def execute(
        self,
        query: Query,
        params: Params | None = None,
        *,
        prepare: bool | None = None,
        binary: bool | None = None,
    ) -> Self:
        """
        Execute a query or command to the database.
        """
        try:
            with self._conn.lock:
                self._conn.wait(
                    self._execute_gen(query, params, prepare=prepare, binary=binary)
                )
        except e._NO_TRACEBACK as ex:
>           raise ex.with_traceback(None)
E           django.db.utils.IntegrityError: duplicate key value violates unique constraint "accounts_user_email_key"
E           DETAIL:  Key (email)=(reports@example.com) already exists.

.venv/lib/python3.14/site-packages/psycopg/cursor.py:117: IntegrityError
__ ERROR at teardown of test_revision_cas_rejects_aliases_and_stale_state[2] ___

self = <django.db.backends.utils.CursorWrapper object at 0x7e6f36319250>
sql = 'TRUNCATE "core_action_card_revisions", "review_capacity_reservations", "billing_subscription", "core_known_entities",... "report_artifacts", "billing_paid_coverage_authority", "audit_chain_heads", "inventory_items", "review_cycle_events";'
params = None
ignored_wrapper_args = (False, {'connection': <DatabaseWrapper vendor='postgresql' alias='default'>, 'cursor': <django.db.backends.utils.CursorWrapper object at 0x7e6f36319250>})

    def _execute(self, sql, params, *ignored_wrapper_args):
        # Raise a warning during app initialization (stored_app_configs is only
        # ever set during testing).
        if not apps.ready and not apps.stored_app_configs:
            warnings.warn(self.APPS_NOT_READY_WARNING_MSG, category=RuntimeWarning)
        self.db.validate_no_broken_transaction()
        with self.db.wrap_database_errors:
            if params is None:
                # params default might be backend specific.
>               return self.cursor.execute(sql)
                       ^^^^^^^^^^^^^^^^^^^^^^^^

.venv/lib/python3.14/site-packages/django/db/backends/utils.py:103: 
_ _ _ _ _ _ _ _ _ _ _ _ _ _ _ _ _ _ _ _ _ _ _ _ _ _ _ _ _ _ _ _ _ _ _ _ _ _ _ _ 

self = <django.db.backends.postgresql.base.Cursor [closed] [IDLE] (host=qualification-db user=postgres database=test_qualification) at 0x7e6f3624dc50>
query = 'TRUNCATE "core_action_card_revisions", "review_capacity_reservations", "billing_subscription", "core_known_entities",... "report_artifacts", "billing_paid_coverage_authority", "audit_chain_heads", "inventory_items", "review_cycle_events";'
params = None, prepare = None, binary = None

    def execute(
        self,
        query: Query,
        params: Params | None = None,
        *,
        prepare: bool | None = None,
        binary: bool | None = None,
    ) -> Self:
        """
        Execute a query or command to the database.
        """
        try:
            with self._conn.lock:
                self._conn.wait(
                    self._execute_gen(query, params, prepare=prepare, binary=binary)
                )
        except e._NO_TRACEBACK as ex:
>           raise ex.with_traceback(None)
E           psycopg.errors.FeatureNotSupported: cannot truncate a table referenced in a foreign key constraint
E           DETAIL:  Table "billing_admission_receipt" references "billing_paid_coverage".
E           HINT:  Truncate table "billing_admission_receipt" at the same time, or use TRUNCATE ... CASCADE.

.venv/lib/python3.14/site-packages/psycopg/cursor.py:117: FeatureNotSupported

The above exception was the direct cause of the following exception:

self = <django.core.management.commands.flush.Command object at 0x7e6f36140c50>
options = {'verbosity': 0, 'settings': None, 'pythonpath': None, 'traceback': False, ...}

        def handle(self, **options):
            database = options["database"]
            connection = connections[database]
            verbosity = options["verbosity"]
            interactive = options["interactive"]
            # The following are stealth options used by Django's internals.
            reset_sequences = options.get("reset_sequences", True)
            allow_cascade = options.get("allow_cascade", False)
            inhibit_post_migrate = options.get("inhibit_post_migrate", False)
    
            self.style = no_style()
    
            # Import the 'management' module within each installed app, to register
            # dispatcher events.
            for app_config in apps.get_app_configs():
                try:
                    import_module(".management", app_config.name)
                except ImportError:
                    pass
    
            sql_list = sql_flush(
                self.style,
                connection,
                reset_sequences=reset_sequences,
                allow_cascade=allow_cascade,
            )
    
            if interactive:
                confirm = input("""You have requested a flush of the database.
    This will IRREVERSIBLY DESTROY all data currently in the "%s" database,
    and return each table to an empty state.
    Are you sure you want to do this?
    
        Type 'yes' to continue, or 'no' to cancel: """ % connection.settings_dict["NAME"])
            else:
                confirm = "yes"
    
            if confirm == "yes":
                try:
>                   connection.ops.execute_sql_flush(sql_list)

.venv/lib/python3.14/site-packages/django/core/management/commands/flush.py:71: 
_ _ _ _ _ _ _ _ _ _ _ _ _ _ _ _ _ _ _ _ _ _ _ _ _ _ _ _ _ _ _ _ _ _ _ _ _ _ _ _ 
.venv/lib/python3.14/site-packages/django/db/backends/base/operations.py:473: in execute_sql_flush
    cursor.execute(sql)
.venv/lib/python3.14/site-packages/django/db/backends/utils.py:79: in execute
    return self._execute_with_wrappers(
.venv/lib/python3.14/site-packages/django/db/backends/utils.py:92: in _execute_with_wrappers
    return executor(sql, params, many, context)
           ^^^^^^^^^^^^^^^^^^^^^^^^^^^^^^^^^^^^
.venv/lib/python3.14/site-packages/django/db/backends/utils.py:100: in _execute
    with self.db.wrap_database_errors:
         ^^^^^^^^^^^^^^^^^^^^^^^^^^^^
.venv/lib/python3.14/site-packages/django/db/utils.py:91: in __exit__
    raise dj_exc_value.with_traceback(traceback) from exc_value
.venv/lib/python3.14/site-packages/django/db/backends/utils.py:103: in _execute
    return self.cursor.execute(sql)
           ^^^^^^^^^^^^^^^^^^^^^^^^
_ _ _ _ _ _ _ _ _ _ _ _ _ _ _ _ _ _ _ _ _ _ _ _ _ _ _ _ _ _ _ _ _ _ _ _ _ _ _ _ 

self = <django.db.backends.postgresql.base.Cursor [closed] [IDLE] (host=qualification-db user=postgres database=test_qualification) at 0x7e6f3624dc50>
query = 'TRUNCATE "core_action_card_revisions", "review_capacity_reservations", "billing_subscription", "core_known_entities",... "report_artifacts", "billing_paid_coverage_authority", "audit_chain_heads", "inventory_items", "review_cycle_events";'
params = None, prepare = None, binary = None

    def execute(
        self,
        query: Query,
        params: Params | None = None,
        *,
        prepare: bool | None = None,
        binary: bool | None = None,
    ) -> Self:
        """
        Execute a query or command to the database.
        """
        try:
            with self._conn.lock:
                self._conn.wait(
                    self._execute_gen(query, params, prepare=prepare, binary=binary)
                )
        except e._NO_TRACEBACK as ex:
>           raise ex.with_traceback(None)
E           django.db.utils.NotSupportedError: cannot truncate a table referenced in a foreign key constraint
E           DETAIL:  Table "billing_admission_receipt" references "billing_paid_coverage".
E           HINT:  Truncate table "billing_admission_receipt" at the same time, or use TRUNCATE ... CASCADE.

.venv/lib/python3.14/site-packages/psycopg/cursor.py:117: NotSupportedError

The above exception was the direct cause of the following exception:

request = <SubRequest '_django_db_helper' for <Function test_revision_cas_rejects_aliases_and_stale_state[2]>>
django_db_setup = None
django_db_blocker = <pytest_django.plugin.DjangoDbBlocker object at 0x7e6f3b5c9010>

    @pytest.fixture
    def _django_db_helper(
        request: pytest.FixtureRequest,
        django_db_setup: None,  # noqa: ARG001
        django_db_blocker: DjangoDbBlocker,
    ) -> Generator[None]:
        if is_django_unittest(request):
            yield
            return
    
        from django import VERSION
    
        marker = request.node.get_closest_marker("django_db")
        if marker:
            (
                transactional,
                reset_sequences,
                databases,
                serialized_rollback,
                available_apps,
            ) = validate_django_db(marker)
        else:
            (
                transactional,
                reset_sequences,
                databases,
                serialized_rollback,
                available_apps,
            ) = False, False, None, False, None
    
        transactional = (
            transactional
            or reset_sequences
            or ("transactional_db" in request.fixturenames or "live_server" in request.fixturenames)
        )
        reset_sequences = reset_sequences or ("django_db_reset_sequences" in request.fixturenames)
        serialized_rollback = serialized_rollback or (
            "django_db_serialized_rollback" in request.fixturenames
        )
    
        with django_db_blocker.unblock():
            import django.db
            import django.test
    
            if transactional:
                test_case_class = django.test.TransactionTestCase
            else:
                test_case_class = django.test.TestCase
    
            _reset_sequences = reset_sequences
            _serialized_rollback = serialized_rollback
            _databases = databases
            _available_apps = available_apps
    
            class PytestDjangoTestCase(test_case_class):  # type: ignore[misc,valid-type]
                reset_sequences = _reset_sequences
                serialized_rollback = _serialized_rollback
                if _databases is not None:
                    databases = _databases
                if _available_apps is not None:
                    available_apps = _available_apps
    
                # For non-transactional tests, skip executing `django.test.TestCase`'s
                # `setUpClass`/`tearDownClass`, only execute the super class ones.
                #
                # `TestCase`'s class setup manages the `setUpTestData`/class-level
                # transaction functionality. We don't use it; instead we (will) offer
                # our own alternatives. So it only adds overhead, and does some things
                # which conflict with our (planned) functionality, particularly, it
                # closes all database connections in `tearDownClass` which inhibits
                # wrapping tests in higher-scoped transactions.
                #
                # It's possible a new version of Django will add some unrelated
                # functionality to these methods, in which case skipping them completely
                # would not be desirable. Let's cross that bridge when we get there...
                if not transactional:
    
                    @classmethod
                    def setUpClass(cls) -> None:
                        super(django.test.TestCase, cls).setUpClass()
    
                    @classmethod
                    def tearDownClass(cls) -> None:
                        super(django.test.TestCase, cls).tearDownClass()
    
            PytestDjangoTestCase.setUpClass()
    
            test_case = PytestDjangoTestCase(methodName="__init__")
            if VERSION >= (6, 0):
                pre_setup_ran_eagerly = PytestDjangoTestCase._pre_setup_ran_eagerly
            else:
                pre_setup_ran_eagerly = getattr(PytestDjangoTestCase, "_pre_setup_ran_eagerly", False)
            if not pre_setup_ran_eagerly:
                # For a TransactionTestCase, setUpClass() has already run _pre_setup() and set
                # this flag to say so.
                test_case._pre_setup()
    
            yield
    
>           test_case._post_teardown()

.venv/lib/python3.14/site-packages/pytest_django/fixtures.py:305: 
_ _ _ _ _ _ _ _ _ _ _ _ _ _ _ _ _ _ _ _ _ _ _ _ _ _ _ _ _ _ _ _ _ _ _ _ _ _ _ _ 
.venv/lib/python3.14/site-packages/django/test/testcases.py:1231: in _post_teardown
    self._fixture_teardown()
.venv/lib/python3.14/site-packages/django/test/testcases.py:1266: in _fixture_teardown
    call_command(
.venv/lib/python3.14/site-packages/django/core/management/__init__.py:194: in call_command
    return command.execute(*args, **defaults)
           ^^^^^^^^^^^^^^^^^^^^^^^^^^^^^^^^^^
.venv/lib/python3.14/site-packages/django/core/management/base.py:464: in execute
    output = self.handle(*args, **options)
             ^^^^^^^^^^^^^^^^^^^^^^^^^^^^^
_ _ _ _ _ _ _ _ _ _ _ _ _ _ _ _ _ _ _ _ _ _ _ _ _ _ _ _ _ _ _ _ _ _ _ _ _ _ _ _ 

self = <django.core.management.commands.flush.Command object at 0x7e6f36140c50>
options = {'verbosity': 0, 'settings': None, 'pythonpath': None, 'traceback': False, ...}

        def handle(self, **options):
            database = options["database"]
            connection = connections[database]
            verbosity = options["verbosity"]
            interactive = options["interactive"]
            # The following are stealth options used by Django's internals.
            reset_sequences = options.get("reset_sequences", True)
            allow_cascade = options.get("allow_cascade", False)
            inhibit_post_migrate = options.get("inhibit_post_migrate", False)
    
            self.style = no_style()
    
            # Import the 'management' module within each installed app, to register
            # dispatcher events.
            for app_config in apps.get_app_configs():
                try:
                    import_module(".management", app_config.name)
                except ImportError:
                    pass
    
            sql_list = sql_flush(
                self.style,
                connection,
                reset_sequences=reset_sequences,
                allow_cascade=allow_cascade,
            )
    
            if interactive:
                confirm = input("""You have requested a flush of the database.
    This will IRREVERSIBLY DESTROY all data currently in the "%s" database,
    and return each table to an empty state.
    Are you sure you want to do this?
    
        Type 'yes' to continue, or 'no' to cancel: """ % connection.settings_dict["NAME"])
            else:
                confirm = "yes"
    
            if confirm == "yes":
                try:
                    connection.ops.execute_sql_flush(sql_list)
                except Exception as exc:
>                   raise CommandError(
                        "Database %s couldn't be flushed. Possible reasons:\n"
                        "  * The database isn't running or isn't configured correctly.\n"
                        "  * At least one of the expected database tables doesn't exist.\n"
                        "  * The SQL was invalid.\n"
                        "Hint: Look at the output of 'django-admin sqlflush'. "
                        "That's the SQL this command wasn't able to run."
                        % (connection.settings_dict["NAME"],)
                    ) from exc
E                   django.core.management.base.CommandError: Database test_qualification couldn't be flushed. Possible reasons:
E                     * The database isn't running or isn't configured correctly.
E                     * At least one of the expected database tables doesn't exist.
E                     * The SQL was invalid.
E                   Hint: Look at the output of 'django-admin sqlflush'. That's the SQL this command wasn't able to run.

.venv/lib/python3.14/site-packages/django/core/management/commands/flush.py:73: CommandError
____ ERROR at setup of test_revision_cas_rejects_aliases_and_stale_state[3] ____

self = <django.db.backends.utils.CursorWrapper object at 0x7e6f36396570>
sql = 'INSERT INTO "accounts_user" ("password", "last_login", "is_superuser", "id", "email", "first_name", "last_name", "is_staff", "is_active", "date_joined") VALUES (%s, %s, %s, %s, %s, %s, %s, %s, %s, %s)'
params = ('!aPr0v3mPgMnLlG9JIHfukoCx899qrOMJehXV4agq', None, False, UUID('0f71deca-b2fd-4d88-9bf4-45e247b9687e'), 'reports@example.com', '', ...)
ignored_wrapper_args = (False, {'connection': <DatabaseWrapper vendor='postgresql' alias='default'>, 'cursor': <django.db.backends.utils.CursorWrapper object at 0x7e6f36396570>})

    def _execute(self, sql, params, *ignored_wrapper_args):
        # Raise a warning during app initialization (stored_app_configs is only
        # ever set during testing).
        if not apps.ready and not apps.stored_app_configs:
            warnings.warn(self.APPS_NOT_READY_WARNING_MSG, category=RuntimeWarning)
        self.db.validate_no_broken_transaction()
        with self.db.wrap_database_errors:
            if params is None:
                # params default might be backend specific.
                return self.cursor.execute(sql)
            else:
>               return self.cursor.execute(sql, params)
                       ^^^^^^^^^^^^^^^^^^^^^^^^^^^^^^^^

.venv/lib/python3.14/site-packages/django/db/backends/utils.py:105: 
_ _ _ _ _ _ _ _ _ _ _ _ _ _ _ _ _ _ _ _ _ _ _ _ _ _ _ _ _ _ _ _ _ _ _ _ _ _ _ _ 

self = <django.db.backends.postgresql.base.Cursor [closed] [IDLE] (host=qualification-db user=postgres database=test_qualification) at 0x7e6f36b05470>
query = 'INSERT INTO "accounts_user" ("password", "last_login", "is_superuser", "id", "email", "first_name", "last_name", "is_staff", "is_active", "date_joined") VALUES (%s, %s, %s, %s, %s, %s, %s, %s, %s, %s)'
params = ('!aPr0v3mPgMnLlG9JIHfukoCx899qrOMJehXV4agq', None, False, UUID('0f71deca-b2fd-4d88-9bf4-45e247b9687e'), 'reports@example.com', '', ...)
prepare = None, binary = None

    def execute(
        self,
        query: Query,
        params: Params | None = None,
        *,
        prepare: bool | None = None,
        binary: bool | None = None,
    ) -> Self:
        """
        Execute a query or command to the database.
        """
        try:
            with self._conn.lock:
                self._conn.wait(
                    self._execute_gen(query, params, prepare=prepare, binary=binary)
                )
        except e._NO_TRACEBACK as ex:
>           raise ex.with_traceback(None)
E           psycopg.errors.UniqueViolation: duplicate key value violates unique constraint "accounts_user_email_key"
E           DETAIL:  Key (email)=(reports@example.com) already exists.

.venv/lib/python3.14/site-packages/psycopg/cursor.py:117: UniqueViolation

The above exception was the direct cause of the following exception:

client = <django.test.client.Client object at 0x7e6f36ac8910>

    @pytest.fixture
    def report_context(client):
>       user = get_user_model().objects.create_user("reports@example.com")
               ^^^^^^^^^^^^^^^^^^^^^^^^^^^^^^^^^^^^^^^^^^^^^^^^^^^^^^^^^^^

tests/conftest.py:174: 
_ _ _ _ _ _ _ _ _ _ _ _ _ _ _ _ _ _ _ _ _ _ _ _ _ _ _ _ _ _ _ _ _ _ _ _ _ _ _ _ 
apps/accounts/managers.py:29: in create_user
    user.save(using=self._db)
.venv/lib/python3.14/site-packages/django/contrib/auth/base_user.py:65: in save
    super().save(*args, **kwargs)
.venv/lib/python3.14/site-packages/django/db/models/base.py:902: in save
    self.save_base(
.venv/lib/python3.14/site-packages/django/db/models/base.py:1008: in save_base
    updated = self._save_table(
.venv/lib/python3.14/site-packages/django/db/models/base.py:1169: in _save_table
    results = self._do_insert(
.venv/lib/python3.14/site-packages/django/db/models/base.py:1210: in _do_insert
    return manager._insert(
.venv/lib/python3.14/site-packages/django/db/models/manager.py:87: in manager_method
    return getattr(self.get_queryset(), name)(*args, **kwargs)
           ^^^^^^^^^^^^^^^^^^^^^^^^^^^^^^^^^^^^^^^^^^^^^^^^^^^
.venv/lib/python3.14/site-packages/django/db/models/query.py:1873: in _insert
    return query.get_compiler(using=using).execute_sql(returning_fields)
           ^^^^^^^^^^^^^^^^^^^^^^^^^^^^^^^^^^^^^^^^^^^^^^^^^^^^^^^^^^^^^
.venv/lib/python3.14/site-packages/django/db/models/sql/compiler.py:1882: in execute_sql
    cursor.execute(sql, params)
.venv/lib/python3.14/site-packages/django/db/backends/utils.py:79: in execute
    return self._execute_with_wrappers(
.venv/lib/python3.14/site-packages/django/db/backends/utils.py:92: in _execute_with_wrappers
    return executor(sql, params, many, context)
           ^^^^^^^^^^^^^^^^^^^^^^^^^^^^^^^^^^^^
.venv/lib/python3.14/site-packages/django/db/backends/utils.py:100: in _execute
    with self.db.wrap_database_errors:
         ^^^^^^^^^^^^^^^^^^^^^^^^^^^^
.venv/lib/python3.14/site-packages/django/db/utils.py:91: in __exit__
    raise dj_exc_value.with_traceback(traceback) from exc_value
.venv/lib/python3.14/site-packages/django/db/backends/utils.py:105: in _execute
    return self.cursor.execute(sql, params)
           ^^^^^^^^^^^^^^^^^^^^^^^^^^^^^^^^
_ _ _ _ _ _ _ _ _ _ _ _ _ _ _ _ _ _ _ _ _ _ _ _ _ _ _ _ _ _ _ _ _ _ _ _ _ _ _ _ 

self = <django.db.backends.postgresql.base.Cursor [closed] [IDLE] (host=qualification-db user=postgres database=test_qualification) at 0x7e6f36b05470>
query = 'INSERT INTO "accounts_user" ("password", "last_login", "is_superuser", "id", "email", "first_name", "last_name", "is_staff", "is_active", "date_joined") VALUES (%s, %s, %s, %s, %s, %s, %s, %s, %s, %s)'
params = ('!aPr0v3mPgMnLlG9JIHfukoCx899qrOMJehXV4agq', None, False, UUID('0f71deca-b2fd-4d88-9bf4-45e247b9687e'), 'reports@example.com', '', ...)
prepare = None, binary = None

    def execute(
        self,
        query: Query,
        params: Params | None = None,
        *,
        prepare: bool | None = None,
        binary: bool | None = None,
    ) -> Self:
        """
        Execute a query or command to the database.
        """
        try:
            with self._conn.lock:
                self._conn.wait(
                    self._execute_gen(query, params, prepare=prepare, binary=binary)
                )
        except e._NO_TRACEBACK as ex:
>           raise ex.with_traceback(None)
E           django.db.utils.IntegrityError: duplicate key value violates unique constraint "accounts_user_email_key"
E           DETAIL:  Key (email)=(reports@example.com) already exists.

.venv/lib/python3.14/site-packages/psycopg/cursor.py:117: IntegrityError
__ ERROR at teardown of test_revision_cas_rejects_aliases_and_stale_state[3] ___

self = <django.db.backends.utils.CursorWrapper object at 0x7e6f363940b0>
sql = 'TRUNCATE "core_action_card_revisions", "review_capacity_reservations", "billing_subscription", "core_known_entities",... "report_artifacts", "billing_paid_coverage_authority", "audit_chain_heads", "inventory_items", "review_cycle_events";'
params = None
ignored_wrapper_args = (False, {'connection': <DatabaseWrapper vendor='postgresql' alias='default'>, 'cursor': <django.db.backends.utils.CursorWrapper object at 0x7e6f363940b0>})

    def _execute(self, sql, params, *ignored_wrapper_args):
        # Raise a warning during app initialization (stored_app_configs is only
        # ever set during testing).
        if not apps.ready and not apps.stored_app_configs:
            warnings.warn(self.APPS_NOT_READY_WARNING_MSG, category=RuntimeWarning)
        self.db.validate_no_broken_transaction()
        with self.db.wrap_database_errors:
            if params is None:
                # params default might be backend specific.
>               return self.cursor.execute(sql)
                       ^^^^^^^^^^^^^^^^^^^^^^^^

.venv/lib/python3.14/site-packages/django/db/backends/utils.py:103: 
_ _ _ _ _ _ _ _ _ _ _ _ _ _ _ _ _ _ _ _ _ _ _ _ _ _ _ _ _ _ _ _ _ _ _ _ _ _ _ _ 

self = <django.db.backends.postgresql.base.Cursor [closed] [IDLE] (host=qualification-db user=postgres database=test_qualification) at 0x7e6f3624dd30>
query = 'TRUNCATE "core_action_card_revisions", "review_capacity_reservations", "billing_subscription", "core_known_entities",... "report_artifacts", "billing_paid_coverage_authority", "audit_chain_heads", "inventory_items", "review_cycle_events";'
params = None, prepare = None, binary = None

    def execute(
        self,
        query: Query,
        params: Params | None = None,
        *,
        prepare: bool | None = None,
        binary: bool | None = None,
    ) -> Self:
        """
        Execute a query or command to the database.
        """
        try:
            with self._conn.lock:
                self._conn.wait(
                    self._execute_gen(query, params, prepare=prepare, binary=binary)
                )
        except e._NO_TRACEBACK as ex:
>           raise ex.with_traceback(None)
E           psycopg.errors.FeatureNotSupported: cannot truncate a table referenced in a foreign key constraint
E           DETAIL:  Table "billing_admission_receipt" references "billing_paid_coverage".
E           HINT:  Truncate table "billing_admission_receipt" at the same time, or use TRUNCATE ... CASCADE.

.venv/lib/python3.14/site-packages/psycopg/cursor.py:117: FeatureNotSupported

The above exception was the direct cause of the following exception:

self = <django.core.management.commands.flush.Command object at 0x7e6f36b7e410>
options = {'verbosity': 0, 'settings': None, 'pythonpath': None, 'traceback': False, ...}

        def handle(self, **options):
            database = options["database"]
            connection = connections[database]
            verbosity = options["verbosity"]
            interactive = options["interactive"]
            # The following are stealth options used by Django's internals.
            reset_sequences = options.get("reset_sequences", True)
            allow_cascade = options.get("allow_cascade", False)
            inhibit_post_migrate = options.get("inhibit_post_migrate", False)
    
            self.style = no_style()
    
            # Import the 'management' module within each installed app, to register
            # dispatcher events.
            for app_config in apps.get_app_configs():
                try:
                    import_module(".management", app_config.name)
                except ImportError:
                    pass
    
            sql_list = sql_flush(
                self.style,
                connection,
                reset_sequences=reset_sequences,
                allow_cascade=allow_cascade,
            )
    
            if interactive:
                confirm = input("""You have requested a flush of the database.
    This will IRREVERSIBLY DESTROY all data currently in the "%s" database,
    and return each table to an empty state.
    Are you sure you want to do this?
    
        Type 'yes' to continue, or 'no' to cancel: """ % connection.settings_dict["NAME"])
            else:
                confirm = "yes"
    
            if confirm == "yes":
                try:
>                   connection.ops.execute_sql_flush(sql_list)

.venv/lib/python3.14/site-packages/django/core/management/commands/flush.py:71: 
_ _ _ _ _ _ _ _ _ _ _ _ _ _ _ _ _ _ _ _ _ _ _ _ _ _ _ _ _ _ _ _ _ _ _ _ _ _ _ _ 
.venv/lib/python3.14/site-packages/django/db/backends/base/operations.py:473: in execute_sql_flush
    cursor.execute(sql)
.venv/lib/python3.14/site-packages/django/db/backends/utils.py:79: in execute
    return self._execute_with_wrappers(
.venv/lib/python3.14/site-packages/django/db/backends/utils.py:92: in _execute_with_wrappers
    return executor(sql, params, many, context)
           ^^^^^^^^^^^^^^^^^^^^^^^^^^^^^^^^^^^^
.venv/lib/python3.14/site-packages/django/db/backends/utils.py:100: in _execute
    with self.db.wrap_database_errors:
         ^^^^^^^^^^^^^^^^^^^^^^^^^^^^
.venv/lib/python3.14/site-packages/django/db/utils.py:91: in __exit__
    raise dj_exc_value.with_traceback(traceback) from exc_value
.venv/lib/python3.14/site-packages/django/db/backends/utils.py:103: in _execute
    return self.cursor.execute(sql)
           ^^^^^^^^^^^^^^^^^^^^^^^^
_ _ _ _ _ _ _ _ _ _ _ _ _ _ _ _ _ _ _ _ _ _ _ _ _ _ _ _ _ _ _ _ _ _ _ _ _ _ _ _ 

self = <django.db.backends.postgresql.base.Cursor [closed] [IDLE] (host=qualification-db user=postgres database=test_qualification) at 0x7e6f3624dd30>
query = 'TRUNCATE "core_action_card_revisions", "review_capacity_reservations", "billing_subscription", "core_known_entities",... "report_artifacts", "billing_paid_coverage_authority", "audit_chain_heads", "inventory_items", "review_cycle_events";'
params = None, prepare = None, binary = None

    def execute(
        self,
        query: Query,
        params: Params | None = None,
        *,
        prepare: bool | None = None,
        binary: bool | None = None,
    ) -> Self:
        """
        Execute a query or command to the database.
        """
        try:
            with self._conn.lock:
                self._conn.wait(
                    self._execute_gen(query, params, prepare=prepare, binary=binary)
                )
        except e._NO_TRACEBACK as ex:
>           raise ex.with_traceback(None)
E           django.db.utils.NotSupportedError: cannot truncate a table referenced in a foreign key constraint
E           DETAIL:  Table "billing_admission_receipt" references "billing_paid_coverage".
E           HINT:  Truncate table "billing_admission_receipt" at the same time, or use TRUNCATE ... CASCADE.

.venv/lib/python3.14/site-packages/psycopg/cursor.py:117: NotSupportedError

The above exception was the direct cause of the following exception:

request = <SubRequest '_django_db_helper' for <Function test_revision_cas_rejects_aliases_and_stale_state[3]>>
django_db_setup = None
django_db_blocker = <pytest_django.plugin.DjangoDbBlocker object at 0x7e6f3b5c9010>

    @pytest.fixture
    def _django_db_helper(
        request: pytest.FixtureRequest,
        django_db_setup: None,  # noqa: ARG001
        django_db_blocker: DjangoDbBlocker,
    ) -> Generator[None]:
        if is_django_unittest(request):
            yield
            return
    
        from django import VERSION
    
        marker = request.node.get_closest_marker("django_db")
        if marker:
            (
                transactional,
                reset_sequences,
                databases,
                serialized_rollback,
                available_apps,
            ) = validate_django_db(marker)
        else:
            (
                transactional,
                reset_sequences,
                databases,
                serialized_rollback,
                available_apps,
            ) = False, False, None, False, None
    
        transactional = (
            transactional
            or reset_sequences
            or ("transactional_db" in request.fixturenames or "live_server" in request.fixturenames)
        )
        reset_sequences = reset_sequences or ("django_db_reset_sequences" in request.fixturenames)
        serialized_rollback = serialized_rollback or (
            "django_db_serialized_rollback" in request.fixturenames
        )
    
        with django_db_blocker.unblock():
            import django.db
            import django.test
    
            if transactional:
                test_case_class = django.test.TransactionTestCase
            else:
                test_case_class = django.test.TestCase
    
            _reset_sequences = reset_sequences
            _serialized_rollback = serialized_rollback
            _databases = databases
            _available_apps = available_apps
    
            class PytestDjangoTestCase(test_case_class):  # type: ignore[misc,valid-type]
                reset_sequences = _reset_sequences
                serialized_rollback = _serialized_rollback
                if _databases is not None:
                    databases = _databases
                if _available_apps is not None:
                    available_apps = _available_apps
    
                # For non-transactional tests, skip executing `django.test.TestCase`'s
                # `setUpClass`/`tearDownClass`, only execute the super class ones.
                #
                # `TestCase`'s class setup manages the `setUpTestData`/class-level
                # transaction functionality. We don't use it; instead we (will) offer
                # our own alternatives. So it only adds overhead, and does some things
                # which conflict with our (planned) functionality, particularly, it
                # closes all database connections in `tearDownClass` which inhibits
                # wrapping tests in higher-scoped transactions.
                #
                # It's possible a new version of Django will add some unrelated
                # functionality to these methods, in which case skipping them completely
                # would not be desirable. Let's cross that bridge when we get there...
                if not transactional:
    
                    @classmethod
                    def setUpClass(cls) -> None:
                        super(django.test.TestCase, cls).setUpClass()
    
                    @classmethod
                    def tearDownClass(cls) -> None:
                        super(django.test.TestCase, cls).tearDownClass()
    
            PytestDjangoTestCase.setUpClass()
    
            test_case = PytestDjangoTestCase(methodName="__init__")
            if VERSION >= (6, 0):
                pre_setup_ran_eagerly = PytestDjangoTestCase._pre_setup_ran_eagerly
            else:
                pre_setup_ran_eagerly = getattr(PytestDjangoTestCase, "_pre_setup_ran_eagerly", False)
            if not pre_setup_ran_eagerly:
                # For a TransactionTestCase, setUpClass() has already run _pre_setup() and set
                # this flag to say so.
                test_case._pre_setup()
    
            yield
    
>           test_case._post_teardown()

.venv/lib/python3.14/site-packages/pytest_django/fixtures.py:305: 
_ _ _ _ _ _ _ _ _ _ _ _ _ _ _ _ _ _ _ _ _ _ _ _ _ _ _ _ _ _ _ _ _ _ _ _ _ _ _ _ 
.venv/lib/python3.14/site-packages/django/test/testcases.py:1231: in _post_teardown
    self._fixture_teardown()
.venv/lib/python3.14/site-packages/django/test/testcases.py:1266: in _fixture_teardown
    call_command(
.venv/lib/python3.14/site-packages/django/core/management/__init__.py:194: in call_command
    return command.execute(*args, **defaults)
           ^^^^^^^^^^^^^^^^^^^^^^^^^^^^^^^^^^
.venv/lib/python3.14/site-packages/django/core/management/base.py:464: in execute
    output = self.handle(*args, **options)
             ^^^^^^^^^^^^^^^^^^^^^^^^^^^^^
_ _ _ _ _ _ _ _ _ _ _ _ _ _ _ _ _ _ _ _ _ _ _ _ _ _ _ _ _ _ _ _ _ _ _ _ _ _ _ _ 

self = <django.core.management.commands.flush.Command object at 0x7e6f36b7e410>
options = {'verbosity': 0, 'settings': None, 'pythonpath': None, 'traceback': False, ...}

        def handle(self, **options):
            database = options["database"]
            connection = connections[database]
            verbosity = options["verbosity"]
            interactive = options["interactive"]
            # The following are stealth options used by Django's internals.
            reset_sequences = options.get("reset_sequences", True)
            allow_cascade = options.get("allow_cascade", False)
            inhibit_post_migrate = options.get("inhibit_post_migrate", False)
    
            self.style = no_style()
    
            # Import the 'management' module within each installed app, to register
            # dispatcher events.
            for app_config in apps.get_app_configs():
                try:
                    import_module(".management", app_config.name)
                except ImportError:
                    pass
    
            sql_list = sql_flush(
                self.style,
                connection,
                reset_sequences=reset_sequences,
                allow_cascade=allow_cascade,
            )
    
            if interactive:
                confirm = input("""You have requested a flush of the database.
    This will IRREVERSIBLY DESTROY all data currently in the "%s" database,
    and return each table to an empty state.
    Are you sure you want to do this?
    
        Type 'yes' to continue, or 'no' to cancel: """ % connection.settings_dict["NAME"])
            else:
                confirm = "yes"
    
            if confirm == "yes":
                try:
                    connection.ops.execute_sql_flush(sql_list)
                except Exception as exc:
>                   raise CommandError(
                        "Database %s couldn't be flushed. Possible reasons:\n"
                        "  * The database isn't running or isn't configured correctly.\n"
                        "  * At least one of the expected database tables doesn't exist.\n"
                        "  * The SQL was invalid.\n"
                        "Hint: Look at the output of 'django-admin sqlflush'. "
                        "That's the SQL this command wasn't able to run."
                        % (connection.settings_dict["NAME"],)
                    ) from exc
E                   django.core.management.base.CommandError: Database test_qualification couldn't be flushed. Possible reasons:
E                     * The database isn't running or isn't configured correctly.
E                     * At least one of the expected database tables doesn't exist.
E                     * The SQL was invalid.
E                   Hint: Look at the output of 'django-admin sqlflush'. That's the SQL this command wasn't able to run.

.venv/lib/python3.14/site-packages/django/core/management/commands/flush.py:73: CommandError
__ ERROR at setup of test_revision_cas_rejects_aliases_and_stale_state[True] ___

self = <django.db.backends.utils.CursorWrapper object at 0x7e6f3630d490>
sql = 'INSERT INTO "accounts_user" ("password", "last_login", "is_superuser", "id", "email", "first_name", "last_name", "is_staff", "is_active", "date_joined") VALUES (%s, %s, %s, %s, %s, %s, %s, %s, %s, %s)'
params = ('!FHf9cHjppkc1URPLWr8iv105BXsVjGCTUIGArara', None, False, UUID('394a0ba0-4a22-4b64-a486-5d68220c0b8c'), 'reports@example.com', '', ...)
ignored_wrapper_args = (False, {'connection': <DatabaseWrapper vendor='postgresql' alias='default'>, 'cursor': <django.db.backends.utils.CursorWrapper object at 0x7e6f3630d490>})

    def _execute(self, sql, params, *ignored_wrapper_args):
        # Raise a warning during app initialization (stored_app_configs is only
        # ever set during testing).
        if not apps.ready and not apps.stored_app_configs:
            warnings.warn(self.APPS_NOT_READY_WARNING_MSG, category=RuntimeWarning)
        self.db.validate_no_broken_transaction()
        with self.db.wrap_database_errors:
            if params is None:
                # params default might be backend specific.
                return self.cursor.execute(sql)
            else:
>               return self.cursor.execute(sql, params)
                       ^^^^^^^^^^^^^^^^^^^^^^^^^^^^^^^^

.venv/lib/python3.14/site-packages/django/db/backends/utils.py:105: 
_ _ _ _ _ _ _ _ _ _ _ _ _ _ _ _ _ _ _ _ _ _ _ _ _ _ _ _ _ _ _ _ _ _ _ _ _ _ _ _ 

self = <django.db.backends.postgresql.base.Cursor [closed] [IDLE] (host=qualification-db user=postgres database=test_qualification) at 0x7e6f36b04210>
query = 'INSERT INTO "accounts_user" ("password", "last_login", "is_superuser", "id", "email", "first_name", "last_name", "is_staff", "is_active", "date_joined") VALUES (%s, %s, %s, %s, %s, %s, %s, %s, %s, %s)'
params = ('!FHf9cHjppkc1URPLWr8iv105BXsVjGCTUIGArara', None, False, UUID('394a0ba0-4a22-4b64-a486-5d68220c0b8c'), 'reports@example.com', '', ...)
prepare = None, binary = None

    def execute(
        self,
        query: Query,
        params: Params | None = None,
        *,
        prepare: bool | None = None,
        binary: bool | None = None,
    ) -> Self:
        """
        Execute a query or command to the database.
        """
        try:
            with self._conn.lock:
                self._conn.wait(
                    self._execute_gen(query, params, prepare=prepare, binary=binary)
                )
        except e._NO_TRACEBACK as ex:
>           raise ex.with_traceback(None)
E           psycopg.errors.UniqueViolation: duplicate key value violates unique constraint "accounts_user_email_key"
E           DETAIL:  Key (email)=(reports@example.com) already exists.

.venv/lib/python3.14/site-packages/psycopg/cursor.py:117: UniqueViolation

The above exception was the direct cause of the following exception:

client = <django.test.client.Client object at 0x7e6f36aca2b0>

    @pytest.fixture
    def report_context(client):
>       user = get_user_model().objects.create_user("reports@example.com")
               ^^^^^^^^^^^^^^^^^^^^^^^^^^^^^^^^^^^^^^^^^^^^^^^^^^^^^^^^^^^

tests/conftest.py:174: 
_ _ _ _ _ _ _ _ _ _ _ _ _ _ _ _ _ _ _ _ _ _ _ _ _ _ _ _ _ _ _ _ _ _ _ _ _ _ _ _ 
apps/accounts/managers.py:29: in create_user
    user.save(using=self._db)
.venv/lib/python3.14/site-packages/django/contrib/auth/base_user.py:65: in save
    super().save(*args, **kwargs)
.venv/lib/python3.14/site-packages/django/db/models/base.py:902: in save
    self.save_base(
.venv/lib/python3.14/site-packages/django/db/models/base.py:1008: in save_base
    updated = self._save_table(
.venv/lib/python3.14/site-packages/django/db/models/base.py:1169: in _save_table
    results = self._do_insert(
.venv/lib/python3.14/site-packages/django/db/models/base.py:1210: in _do_insert
    return manager._insert(
.venv/lib/python3.14/site-packages/django/db/models/manager.py:87: in manager_method
    return getattr(self.get_queryset(), name)(*args, **kwargs)
           ^^^^^^^^^^^^^^^^^^^^^^^^^^^^^^^^^^^^^^^^^^^^^^^^^^^
.venv/lib/python3.14/site-packages/django/db/models/query.py:1873: in _insert
    return query.get_compiler(using=using).execute_sql(returning_fields)
           ^^^^^^^^^^^^^^^^^^^^^^^^^^^^^^^^^^^^^^^^^^^^^^^^^^^^^^^^^^^^^
.venv/lib/python3.14/site-packages/django/db/models/sql/compiler.py:1882: in execute_sql
    cursor.execute(sql, params)
.venv/lib/python3.14/site-packages/django/db/backends/utils.py:79: in execute
    return self._execute_with_wrappers(
.venv/lib/python3.14/site-packages/django/db/backends/utils.py:92: in _execute_with_wrappers
    return executor(sql, params, many, context)
           ^^^^^^^^^^^^^^^^^^^^^^^^^^^^^^^^^^^^
.venv/lib/python3.14/site-packages/django/db/backends/utils.py:100: in _execute
    with self.db.wrap_database_errors:
         ^^^^^^^^^^^^^^^^^^^^^^^^^^^^
.venv/lib/python3.14/site-packages/django/db/utils.py:91: in __exit__
    raise dj_exc_value.with_traceback(traceback) from exc_value
.venv/lib/python3.14/site-packages/django/db/backends/utils.py:105: in _execute
    return self.cursor.execute(sql, params)
           ^^^^^^^^^^^^^^^^^^^^^^^^^^^^^^^^
_ _ _ _ _ _ _ _ _ _ _ _ _ _ _ _ _ _ _ _ _ _ _ _ _ _ _ _ _ _ _ _ _ _ _ _ _ _ _ _ 

self = <django.db.backends.postgresql.base.Cursor [closed] [IDLE] (host=qualification-db user=postgres database=test_qualification) at 0x7e6f36b04210>
query = 'INSERT INTO "accounts_user" ("password", "last_login", "is_superuser", "id", "email", "first_name", "last_name", "is_staff", "is_active", "date_joined") VALUES (%s, %s, %s, %s, %s, %s, %s, %s, %s, %s)'
params = ('!FHf9cHjppkc1URPLWr8iv105BXsVjGCTUIGArara', None, False, UUID('394a0ba0-4a22-4b64-a486-5d68220c0b8c'), 'reports@example.com', '', ...)
prepare = None, binary = None

    def execute(
        self,
        query: Query,
        params: Params | None = None,
        *,
        prepare: bool | None = None,
        binary: bool | None = None,
    ) -> Self:
        """
        Execute a query or command to the database.
        """
        try:
            with self._conn.lock:
                self._conn.wait(
                    self._execute_gen(query, params, prepare=prepare, binary=binary)
                )
        except e._NO_TRACEBACK as ex:
>           raise ex.with_traceback(None)
E           django.db.utils.IntegrityError: duplicate key value violates unique constraint "accounts_user_email_key"
E           DETAIL:  Key (email)=(reports@example.com) already exists.

.venv/lib/python3.14/site-packages/psycopg/cursor.py:117: IntegrityError
_ ERROR at teardown of test_revision_cas_rejects_aliases_and_stale_state[True] _

self = <django.db.backends.utils.CursorWrapper object at 0x7e6f3630cb90>
sql = 'TRUNCATE "core_action_card_revisions", "review_capacity_reservations", "billing_subscription", "core_known_entities",... "report_artifacts", "billing_paid_coverage_authority", "audit_chain_heads", "inventory_items", "review_cycle_events";'
params = None
ignored_wrapper_args = (False, {'connection': <DatabaseWrapper vendor='postgresql' alias='default'>, 'cursor': <django.db.backends.utils.CursorWrapper object at 0x7e6f3630cb90>})

    def _execute(self, sql, params, *ignored_wrapper_args):
        # Raise a warning during app initialization (stored_app_configs is only
        # ever set during testing).
        if not apps.ready and not apps.stored_app_configs:
            warnings.warn(self.APPS_NOT_READY_WARNING_MSG, category=RuntimeWarning)
        self.db.validate_no_broken_transaction()
        with self.db.wrap_database_errors:
            if params is None:
                # params default might be backend specific.
>               return self.cursor.execute(sql)
                       ^^^^^^^^^^^^^^^^^^^^^^^^

.venv/lib/python3.14/site-packages/django/db/backends/utils.py:103: 
_ _ _ _ _ _ _ _ _ _ _ _ _ _ _ _ _ _ _ _ _ _ _ _ _ _ _ _ _ _ _ _ _ _ _ _ _ _ _ _ 

self = <django.db.backends.postgresql.base.Cursor [closed] [IDLE] (host=qualification-db user=postgres database=test_qualification) at 0x7e6f3624de10>
query = 'TRUNCATE "core_action_card_revisions", "review_capacity_reservations", "billing_subscription", "core_known_entities",... "report_artifacts", "billing_paid_coverage_authority", "audit_chain_heads", "inventory_items", "review_cycle_events";'
params = None, prepare = None, binary = None

    def execute(
        self,
        query: Query,
        params: Params | None = None,
        *,
        prepare: bool | None = None,
        binary: bool | None = None,
    ) -> Self:
        """
        Execute a query or command to the database.
        """
        try:
            with self._conn.lock:
                self._conn.wait(
                    self._execute_gen(query, params, prepare=prepare, binary=binary)
                )
        except e._NO_TRACEBACK as ex:
>           raise ex.with_traceback(None)
E           psycopg.errors.FeatureNotSupported: cannot truncate a table referenced in a foreign key constraint
E           DETAIL:  Table "billing_admission_receipt" references "billing_paid_coverage".
E           HINT:  Truncate table "billing_admission_receipt" at the same time, or use TRUNCATE ... CASCADE.

.venv/lib/python3.14/site-packages/psycopg/cursor.py:117: FeatureNotSupported

The above exception was the direct cause of the following exception:

self = <django.core.management.commands.flush.Command object at 0x7e6f36cd0100>
options = {'verbosity': 0, 'settings': None, 'pythonpath': None, 'traceback': False, ...}

        def handle(self, **options):
            database = options["database"]
            connection = connections[database]
            verbosity = options["verbosity"]
            interactive = options["interactive"]
            # The following are stealth options used by Django's internals.
            reset_sequences = options.get("reset_sequences", True)
            allow_cascade = options.get("allow_cascade", False)
            inhibit_post_migrate = options.get("inhibit_post_migrate", False)
    
            self.style = no_style()
    
            # Import the 'management' module within each installed app, to register
            # dispatcher events.
            for app_config in apps.get_app_configs():
                try:
                    import_module(".management", app_config.name)
                except ImportError:
                    pass
    
            sql_list = sql_flush(
                self.style,
                connection,
                reset_sequences=reset_sequences,
                allow_cascade=allow_cascade,
            )
    
            if interactive:
                confirm = input("""You have requested a flush of the database.
    This will IRREVERSIBLY DESTROY all data currently in the "%s" database,
    and return each table to an empty state.
    Are you sure you want to do this?
    
        Type 'yes' to continue, or 'no' to cancel: """ % connection.settings_dict["NAME"])
            else:
                confirm = "yes"
    
            if confirm == "yes":
                try:
>                   connection.ops.execute_sql_flush(sql_list)

.venv/lib/python3.14/site-packages/django/core/management/commands/flush.py:71: 
_ _ _ _ _ _ _ _ _ _ _ _ _ _ _ _ _ _ _ _ _ _ _ _ _ _ _ _ _ _ _ _ _ _ _ _ _ _ _ _ 
.venv/lib/python3.14/site-packages/django/db/backends/base/operations.py:473: in execute_sql_flush
    cursor.execute(sql)
.venv/lib/python3.14/site-packages/django/db/backends/utils.py:79: in execute
    return self._execute_with_wrappers(
.venv/lib/python3.14/site-packages/django/db/backends/utils.py:92: in _execute_with_wrappers
    return executor(sql, params, many, context)
           ^^^^^^^^^^^^^^^^^^^^^^^^^^^^^^^^^^^^
.venv/lib/python3.14/site-packages/django/db/backends/utils.py:100: in _execute
    with self.db.wrap_database_errors:
         ^^^^^^^^^^^^^^^^^^^^^^^^^^^^
.venv/lib/python3.14/site-packages/django/db/utils.py:91: in __exit__
    raise dj_exc_value.with_traceback(traceback) from exc_value
.venv/lib/python3.14/site-packages/django/db/backends/utils.py:103: in _execute
    return self.cursor.execute(sql)
           ^^^^^^^^^^^^^^^^^^^^^^^^
_ _ _ _ _ _ _ _ _ _ _ _ _ _ _ _ _ _ _ _ _ _ _ _ _ _ _ _ _ _ _ _ _ _ _ _ _ _ _ _ 

self = <django.db.backends.postgresql.base.Cursor [closed] [IDLE] (host=qualification-db user=postgres database=test_qualification) at 0x7e6f3624de10>
query = 'TRUNCATE "core_action_card_revisions", "review_capacity_reservations", "billing_subscription", "core_known_entities",... "report_artifacts", "billing_paid_coverage_authority", "audit_chain_heads", "inventory_items", "review_cycle_events";'
params = None, prepare = None, binary = None

    def execute(
        self,
        query: Query,
        params: Params | None = None,
        *,
        prepare: bool | None = None,
        binary: bool | None = None,
    ) -> Self:
        """
        Execute a query or command to the database.
        """
        try:
            with self._conn.lock:
                self._conn.wait(
                    self._execute_gen(query, params, prepare=prepare, binary=binary)
                )
        except e._NO_TRACEBACK as ex:
>           raise ex.with_traceback(None)
E           django.db.utils.NotSupportedError: cannot truncate a table referenced in a foreign key constraint
E           DETAIL:  Table "billing_admission_receipt" references "billing_paid_coverage".
E           HINT:  Truncate table "billing_admission_receipt" at the same time, or use TRUNCATE ... CASCADE.

.venv/lib/python3.14/site-packages/psycopg/cursor.py:117: NotSupportedError

The above exception was the direct cause of the following exception:

request = <SubRequest '_django_db_helper' for <Function test_revision_cas_rejects_aliases_and_stale_state[True]>>
django_db_setup = None
django_db_blocker = <pytest_django.plugin.DjangoDbBlocker object at 0x7e6f3b5c9010>

    @pytest.fixture
    def _django_db_helper(
        request: pytest.FixtureRequest,
        django_db_setup: None,  # noqa: ARG001
        django_db_blocker: DjangoDbBlocker,
    ) -> Generator[None]:
        if is_django_unittest(request):
            yield
            return
    
        from django import VERSION
    
        marker = request.node.get_closest_marker("django_db")
        if marker:
            (
                transactional,
                reset_sequences,
                databases,
                serialized_rollback,
                available_apps,
            ) = validate_django_db(marker)
        else:
            (
                transactional,
                reset_sequences,
                databases,
                serialized_rollback,
                available_apps,
            ) = False, False, None, False, None
    
        transactional = (
            transactional
            or reset_sequences
            or ("transactional_db" in request.fixturenames or "live_server" in request.fixturenames)
        )
        reset_sequences = reset_sequences or ("django_db_reset_sequences" in request.fixturenames)
        serialized_rollback = serialized_rollback or (
            "django_db_serialized_rollback" in request.fixturenames
        )
    
        with django_db_blocker.unblock():
            import django.db
            import django.test
    
            if transactional:
                test_case_class = django.test.TransactionTestCase
            else:
                test_case_class = django.test.TestCase
    
            _reset_sequences = reset_sequences
            _serialized_rollback = serialized_rollback
            _databases = databases
            _available_apps = available_apps
    
            class PytestDjangoTestCase(test_case_class):  # type: ignore[misc,valid-type]
                reset_sequences = _reset_sequences
                serialized_rollback = _serialized_rollback
                if _databases is not None:
                    databases = _databases
                if _available_apps is not None:
                    available_apps = _available_apps
    
                # For non-transactional tests, skip executing `django.test.TestCase`'s
                # `setUpClass`/`tearDownClass`, only execute the super class ones.
                #
                # `TestCase`'s class setup manages the `setUpTestData`/class-level
                # transaction functionality. We don't use it; instead we (will) offer
                # our own alternatives. So it only adds overhead, and does some things
                # which conflict with our (planned) functionality, particularly, it
                # closes all database connections in `tearDownClass` which inhibits
                # wrapping tests in higher-scoped transactions.
                #
                # It's possible a new version of Django will add some unrelated
                # functionality to these methods, in which case skipping them completely
                # would not be desirable. Let's cross that bridge when we get there...
                if not transactional:
    
                    @classmethod
                    def setUpClass(cls) -> None:
                        super(django.test.TestCase, cls).setUpClass()
    
                    @classmethod
                    def tearDownClass(cls) -> None:
                        super(django.test.TestCase, cls).tearDownClass()
    
            PytestDjangoTestCase.setUpClass()
    
            test_case = PytestDjangoTestCase(methodName="__init__")
            if VERSION >= (6, 0):
                pre_setup_ran_eagerly = PytestDjangoTestCase._pre_setup_ran_eagerly
            else:
                pre_setup_ran_eagerly = getattr(PytestDjangoTestCase, "_pre_setup_ran_eagerly", False)
            if not pre_setup_ran_eagerly:
                # For a TransactionTestCase, setUpClass() has already run _pre_setup() and set
                # this flag to say so.
                test_case._pre_setup()
    
            yield
    
>           test_case._post_teardown()

.venv/lib/python3.14/site-packages/pytest_django/fixtures.py:305: 
_ _ _ _ _ _ _ _ _ _ _ _ _ _ _ _ _ _ _ _ _ _ _ _ _ _ _ _ _ _ _ _ _ _ _ _ _ _ _ _ 
.venv/lib/python3.14/site-packages/django/test/testcases.py:1231: in _post_teardown
    self._fixture_teardown()
.venv/lib/python3.14/site-packages/django/test/testcases.py:1266: in _fixture_teardown
    call_command(
.venv/lib/python3.14/site-packages/django/core/management/__init__.py:194: in call_command
    return command.execute(*args, **defaults)
           ^^^^^^^^^^^^^^^^^^^^^^^^^^^^^^^^^^
.venv/lib/python3.14/site-packages/django/core/management/base.py:464: in execute
    output = self.handle(*args, **options)
             ^^^^^^^^^^^^^^^^^^^^^^^^^^^^^
_ _ _ _ _ _ _ _ _ _ _ _ _ _ _ _ _ _ _ _ _ _ _ _ _ _ _ _ _ _ _ _ _ _ _ _ _ _ _ _ 

self = <django.core.management.commands.flush.Command object at 0x7e6f36cd0100>
options = {'verbosity': 0, 'settings': None, 'pythonpath': None, 'traceback': False, ...}

        def handle(self, **options):
            database = options["database"]
            connection = connections[database]
            verbosity = options["verbosity"]
            interactive = options["interactive"]
            # The following are stealth options used by Django's internals.
            reset_sequences = options.get("reset_sequences", True)
            allow_cascade = options.get("allow_cascade", False)
            inhibit_post_migrate = options.get("inhibit_post_migrate", False)
    
            self.style = no_style()
    
            # Import the 'management' module within each installed app, to register
            # dispatcher events.
            for app_config in apps.get_app_configs():
                try:
                    import_module(".management", app_config.name)
                except ImportError:
                    pass
    
            sql_list = sql_flush(
                self.style,
                connection,
                reset_sequences=reset_sequences,
                allow_cascade=allow_cascade,
            )
    
            if interactive:
                confirm = input("""You have requested a flush of the database.
    This will IRREVERSIBLY DESTROY all data currently in the "%s" database,
    and return each table to an empty state.
    Are you sure you want to do this?
    
        Type 'yes' to continue, or 'no' to cancel: """ % connection.settings_dict["NAME"])
            else:
                confirm = "yes"
    
            if confirm == "yes":
                try:
                    connection.ops.execute_sql_flush(sql_list)
                except Exception as exc:
>                   raise CommandError(
                        "Database %s couldn't be flushed. Possible reasons:\n"
                        "  * The database isn't running or isn't configured correctly.\n"
                        "  * At least one of the expected database tables doesn't exist.\n"
                        "  * The SQL was invalid.\n"
                        "Hint: Look at the output of 'django-admin sqlflush'. "
                        "That's the SQL this command wasn't able to run."
                        % (connection.settings_dict["NAME"],)
                    ) from exc
E                   django.core.management.base.CommandError: Database test_qualification couldn't be flushed. Possible reasons:
E                     * The database isn't running or isn't configured correctly.
E                     * At least one of the expected database tables doesn't exist.
E                     * The SQL was invalid.
E                   Hint: Look at the output of 'django-admin sqlflush'. That's the SQL this command wasn't able to run.

.venv/lib/python3.14/site-packages/django/core/management/commands/flush.py:73: CommandError
____ ERROR at setup of test_revision_cas_rejects_aliases_and_stale_state[1] ____

self = <django.db.backends.utils.CursorWrapper object at 0x7e6f36374fb0>
sql = 'INSERT INTO "accounts_user" ("password", "last_login", "is_superuser", "id", "email", "first_name", "last_name", "is_staff", "is_active", "date_joined") VALUES (%s, %s, %s, %s, %s, %s, %s, %s, %s, %s)'
params = ('!Xhbpy89gHhQRWwxzR44m94VYXMhUD4GHjlEhahPE', None, False, UUID('35363693-5e5f-4064-9fd3-dcdf4b6d831c'), 'reports@example.com', '', ...)
ignored_wrapper_args = (False, {'connection': <DatabaseWrapper vendor='postgresql' alias='default'>, 'cursor': <django.db.backends.utils.CursorWrapper object at 0x7e6f36374fb0>})

    def _execute(self, sql, params, *ignored_wrapper_args):
        # Raise a warning during app initialization (stored_app_configs is only
        # ever set during testing).
        if not apps.ready and not apps.stored_app_configs:
            warnings.warn(self.APPS_NOT_READY_WARNING_MSG, category=RuntimeWarning)
        self.db.validate_no_broken_transaction()
        with self.db.wrap_database_errors:
            if params is None:
                # params default might be backend specific.
                return self.cursor.execute(sql)
            else:
>               return self.cursor.execute(sql, params)
                       ^^^^^^^^^^^^^^^^^^^^^^^^^^^^^^^^

.venv/lib/python3.14/site-packages/django/db/backends/utils.py:105: 
_ _ _ _ _ _ _ _ _ _ _ _ _ _ _ _ _ _ _ _ _ _ _ _ _ _ _ _ _ _ _ _ _ _ _ _ _ _ _ _ 

self = <django.db.backends.postgresql.base.Cursor [closed] [IDLE] (host=qualification-db user=postgres database=test_qualification) at 0x7e6f36b04e50>
query = 'INSERT INTO "accounts_user" ("password", "last_login", "is_superuser", "id", "email", "first_name", "last_name", "is_staff", "is_active", "date_joined") VALUES (%s, %s, %s, %s, %s, %s, %s, %s, %s, %s)'
params = ('!Xhbpy89gHhQRWwxzR44m94VYXMhUD4GHjlEhahPE', None, False, UUID('35363693-5e5f-4064-9fd3-dcdf4b6d831c'), 'reports@example.com', '', ...)
prepare = None, binary = None

    def execute(
        self,
        query: Query,
        params: Params | None = None,
        *,
        prepare: bool | None = None,
        binary: bool | None = None,
    ) -> Self:
        """
        Execute a query or command to the database.
        """
        try:
            with self._conn.lock:
                self._conn.wait(
                    self._execute_gen(query, params, prepare=prepare, binary=binary)
                )
        except e._NO_TRACEBACK as ex:
>           raise ex.with_traceback(None)
E           psycopg.errors.UniqueViolation: duplicate key value violates unique constraint "accounts_user_email_key"
E           DETAIL:  Key (email)=(reports@example.com) already exists.

.venv/lib/python3.14/site-packages/psycopg/cursor.py:117: UniqueViolation

The above exception was the direct cause of the following exception:

client = <django.test.client.Client object at 0x7e6f36acbf70>

    @pytest.fixture
    def report_context(client):
>       user = get_user_model().objects.create_user("reports@example.com")
               ^^^^^^^^^^^^^^^^^^^^^^^^^^^^^^^^^^^^^^^^^^^^^^^^^^^^^^^^^^^

tests/conftest.py:174: 
_ _ _ _ _ _ _ _ _ _ _ _ _ _ _ _ _ _ _ _ _ _ _ _ _ _ _ _ _ _ _ _ _ _ _ _ _ _ _ _ 
apps/accounts/managers.py:29: in create_user
    user.save(using=self._db)
.venv/lib/python3.14/site-packages/django/contrib/auth/base_user.py:65: in save
    super().save(*args, **kwargs)
.venv/lib/python3.14/site-packages/django/db/models/base.py:902: in save
    self.save_base(
.venv/lib/python3.14/site-packages/django/db/models/base.py:1008: in save_base
    updated = self._save_table(
.venv/lib/python3.14/site-packages/django/db/models/base.py:1169: in _save_table
    results = self._do_insert(
.venv/lib/python3.14/site-packages/django/db/models/base.py:1210: in _do_insert
    return manager._insert(
.venv/lib/python3.14/site-packages/django/db/models/manager.py:87: in manager_method
    return getattr(self.get_queryset(), name)(*args, **kwargs)
           ^^^^^^^^^^^^^^^^^^^^^^^^^^^^^^^^^^^^^^^^^^^^^^^^^^^
.venv/lib/python3.14/site-packages/django/db/models/query.py:1873: in _insert
    return query.get_compiler(using=using).execute_sql(returning_fields)
           ^^^^^^^^^^^^^^^^^^^^^^^^^^^^^^^^^^^^^^^^^^^^^^^^^^^^^^^^^^^^^
.venv/lib/python3.14/site-packages/django/db/models/sql/compiler.py:1882: in execute_sql
    cursor.execute(sql, params)
.venv/lib/python3.14/site-packages/django/db/backends/utils.py:79: in execute
    return self._execute_with_wrappers(
.venv/lib/python3.14/site-packages/django/db/backends/utils.py:92: in _execute_with_wrappers
    return executor(sql, params, many, context)
           ^^^^^^^^^^^^^^^^^^^^^^^^^^^^^^^^^^^^
.venv/lib/python3.14/site-packages/django/db/backends/utils.py:100: in _execute
    with self.db.wrap_database_errors:
         ^^^^^^^^^^^^^^^^^^^^^^^^^^^^
.venv/lib/python3.14/site-packages/django/db/utils.py:91: in __exit__
    raise dj_exc_value.with_traceback(traceback) from exc_value
.venv/lib/python3.14/site-packages/django/db/backends/utils.py:105: in _execute
    return self.cursor.execute(sql, params)
           ^^^^^^^^^^^^^^^^^^^^^^^^^^^^^^^^
_ _ _ _ _ _ _ _ _ _ _ _ _ _ _ _ _ _ _ _ _ _ _ _ _ _ _ _ _ _ _ _ _ _ _ _ _ _ _ _ 

self = <django.db.backends.postgresql.base.Cursor [closed] [IDLE] (host=qualification-db user=postgres database=test_qualification) at 0x7e6f36b04e50>
query = 'INSERT INTO "accounts_user" ("password", "last_login", "is_superuser", "id", "email", "first_name", "last_name", "is_staff", "is_active", "date_joined") VALUES (%s, %s, %s, %s, %s, %s, %s, %s, %s, %s)'
params = ('!Xhbpy89gHhQRWwxzR44m94VYXMhUD4GHjlEhahPE', None, False, UUID('35363693-5e5f-4064-9fd3-dcdf4b6d831c'), 'reports@example.com', '', ...)
prepare = None, binary = None

    def execute(
        self,
        query: Query,
        params: Params | None = None,
        *,
        prepare: bool | None = None,
        binary: bool | None = None,
    ) -> Self:
        """
        Execute a query or command to the database.
        """
        try:
            with self._conn.lock:
                self._conn.wait(
                    self._execute_gen(query, params, prepare=prepare, binary=binary)
                )
        except e._NO_TRACEBACK as ex:
>           raise ex.with_traceback(None)
E           django.db.utils.IntegrityError: duplicate key value violates unique constraint "accounts_user_email_key"
E           DETAIL:  Key (email)=(reports@example.com) already exists.

.venv/lib/python3.14/site-packages/psycopg/cursor.py:117: IntegrityError
__ ERROR at teardown of test_revision_cas_rejects_aliases_and_stale_state[1] ___

self = <django.db.backends.utils.CursorWrapper object at 0x7e6f36376030>
sql = 'TRUNCATE "core_action_card_revisions", "review_capacity_reservations", "billing_subscription", "core_known_entities",... "report_artifacts", "billing_paid_coverage_authority", "audit_chain_heads", "inventory_items", "review_cycle_events";'
params = None
ignored_wrapper_args = (False, {'connection': <DatabaseWrapper vendor='postgresql' alias='default'>, 'cursor': <django.db.backends.utils.CursorWrapper object at 0x7e6f36376030>})

    def _execute(self, sql, params, *ignored_wrapper_args):
        # Raise a warning during app initialization (stored_app_configs is only
        # ever set during testing).
        if not apps.ready and not apps.stored_app_configs:
            warnings.warn(self.APPS_NOT_READY_WARNING_MSG, category=RuntimeWarning)
        self.db.validate_no_broken_transaction()
        with self.db.wrap_database_errors:
            if params is None:
                # params default might be backend specific.
>               return self.cursor.execute(sql)
                       ^^^^^^^^^^^^^^^^^^^^^^^^

.venv/lib/python3.14/site-packages/django/db/backends/utils.py:103: 
_ _ _ _ _ _ _ _ _ _ _ _ _ _ _ _ _ _ _ _ _ _ _ _ _ _ _ _ _ _ _ _ _ _ _ _ _ _ _ _ 

self = <django.db.backends.postgresql.base.Cursor [closed] [IDLE] (host=qualification-db user=postgres database=test_qualification) at 0x7e6f3624d9b0>
query = 'TRUNCATE "core_action_card_revisions", "review_capacity_reservations", "billing_subscription", "core_known_entities",... "report_artifacts", "billing_paid_coverage_authority", "audit_chain_heads", "inventory_items", "review_cycle_events";'
params = None, prepare = None, binary = None

    def execute(
        self,
        query: Query,
        params: Params | None = None,
        *,
        prepare: bool | None = None,
        binary: bool | None = None,
    ) -> Self:
        """
        Execute a query or command to the database.
        """
        try:
            with self._conn.lock:
                self._conn.wait(
                    self._execute_gen(query, params, prepare=prepare, binary=binary)
                )
        except e._NO_TRACEBACK as ex:
>           raise ex.with_traceback(None)
E           psycopg.errors.FeatureNotSupported: cannot truncate a table referenced in a foreign key constraint
E           DETAIL:  Table "billing_admission_receipt" references "billing_paid_coverage".
E           HINT:  Truncate table "billing_admission_receipt" at the same time, or use TRUNCATE ... CASCADE.

.venv/lib/python3.14/site-packages/psycopg/cursor.py:117: FeatureNotSupported

The above exception was the direct cause of the following exception:

self = <django.core.management.commands.flush.Command object at 0x7e6f36ac9ef0>
options = {'verbosity': 0, 'settings': None, 'pythonpath': None, 'traceback': False, ...}

        def handle(self, **options):
            database = options["database"]
            connection = connections[database]
            verbosity = options["verbosity"]
            interactive = options["interactive"]
            # The following are stealth options used by Django's internals.
            reset_sequences = options.get("reset_sequences", True)
            allow_cascade = options.get("allow_cascade", False)
            inhibit_post_migrate = options.get("inhibit_post_migrate", False)
    
            self.style = no_style()
    
            # Import the 'management' module within each installed app, to register
            # dispatcher events.
            for app_config in apps.get_app_configs():
                try:
                    import_module(".management", app_config.name)
                except ImportError:
                    pass
    
            sql_list = sql_flush(
                self.style,
                connection,
                reset_sequences=reset_sequences,
                allow_cascade=allow_cascade,
            )
    
            if interactive:
                confirm = input("""You have requested a flush of the database.
    This will IRREVERSIBLY DESTROY all data currently in the "%s" database,
    and return each table to an empty state.
    Are you sure you want to do this?
    
        Type 'yes' to continue, or 'no' to cancel: """ % connection.settings_dict["NAME"])
            else:
                confirm = "yes"
    
            if confirm == "yes":
                try:
>                   connection.ops.execute_sql_flush(sql_list)

.venv/lib/python3.14/site-packages/django/core/management/commands/flush.py:71: 
_ _ _ _ _ _ _ _ _ _ _ _ _ _ _ _ _ _ _ _ _ _ _ _ _ _ _ _ _ _ _ _ _ _ _ _ _ _ _ _ 
.venv/lib/python3.14/site-packages/django/db/backends/base/operations.py:473: in execute_sql_flush
    cursor.execute(sql)
.venv/lib/python3.14/site-packages/django/db/backends/utils.py:79: in execute
    return self._execute_with_wrappers(
.venv/lib/python3.14/site-packages/django/db/backends/utils.py:92: in _execute_with_wrappers
    return executor(sql, params, many, context)
           ^^^^^^^^^^^^^^^^^^^^^^^^^^^^^^^^^^^^
.venv/lib/python3.14/site-packages/django/db/backends/utils.py:100: in _execute
    with self.db.wrap_database_errors:
         ^^^^^^^^^^^^^^^^^^^^^^^^^^^^
.venv/lib/python3.14/site-packages/django/db/utils.py:91: in __exit__
    raise dj_exc_value.with_traceback(traceback) from exc_value
.venv/lib/python3.14/site-packages/django/db/backends/utils.py:103: in _execute
    return self.cursor.execute(sql)
           ^^^^^^^^^^^^^^^^^^^^^^^^
_ _ _ _ _ _ _ _ _ _ _ _ _ _ _ _ _ _ _ _ _ _ _ _ _ _ _ _ _ _ _ _ _ _ _ _ _ _ _ _ 

self = <django.db.backends.postgresql.base.Cursor [closed] [IDLE] (host=qualification-db user=postgres database=test_qualification) at 0x7e6f3624d9b0>
query = 'TRUNCATE "core_action_card_revisions", "review_capacity_reservations", "billing_subscription", "core_known_entities",... "report_artifacts", "billing_paid_coverage_authority", "audit_chain_heads", "inventory_items", "review_cycle_events";'
params = None, prepare = None, binary = None

    def execute(
        self,
        query: Query,
        params: Params | None = None,
        *,
        prepare: bool | None = None,
        binary: bool | None = None,
    ) -> Self:
        """
        Execute a query or command to the database.
        """
        try:
            with self._conn.lock:
                self._conn.wait(
                    self._execute_gen(query, params, prepare=prepare, binary=binary)
                )
        except e._NO_TRACEBACK as ex:
>           raise ex.with_traceback(None)
E           django.db.utils.NotSupportedError: cannot truncate a table referenced in a foreign key constraint
E           DETAIL:  Table "billing_admission_receipt" references "billing_paid_coverage".
E           HINT:  Truncate table "billing_admission_receipt" at the same time, or use TRUNCATE ... CASCADE.

.venv/lib/python3.14/site-packages/psycopg/cursor.py:117: NotSupportedError

The above exception was the direct cause of the following exception:

request = <SubRequest '_django_db_helper' for <Function test_revision_cas_rejects_aliases_and_stale_state[1]>>
django_db_setup = None
django_db_blocker = <pytest_django.plugin.DjangoDbBlocker object at 0x7e6f3b5c9010>

    @pytest.fixture
    def _django_db_helper(
        request: pytest.FixtureRequest,
        django_db_setup: None,  # noqa: ARG001
        django_db_blocker: DjangoDbBlocker,
    ) -> Generator[None]:
        if is_django_unittest(request):
            yield
            return
    
        from django import VERSION
    
        marker = request.node.get_closest_marker("django_db")
        if marker:
            (
                transactional,
                reset_sequences,
                databases,
                serialized_rollback,
                available_apps,
            ) = validate_django_db(marker)
        else:
            (
                transactional,
                reset_sequences,
                databases,
                serialized_rollback,
                available_apps,
            ) = False, False, None, False, None
    
        transactional = (
            transactional
            or reset_sequences
            or ("transactional_db" in request.fixturenames or "live_server" in request.fixturenames)
        )
        reset_sequences = reset_sequences or ("django_db_reset_sequences" in request.fixturenames)
        serialized_rollback = serialized_rollback or (
            "django_db_serialized_rollback" in request.fixturenames
        )
    
        with django_db_blocker.unblock():
            import django.db
            import django.test
    
            if transactional:
                test_case_class = django.test.TransactionTestCase
            else:
                test_case_class = django.test.TestCase
    
            _reset_sequences = reset_sequences
            _serialized_rollback = serialized_rollback
            _databases = databases
            _available_apps = available_apps
    
            class PytestDjangoTestCase(test_case_class):  # type: ignore[misc,valid-type]
                reset_sequences = _reset_sequences
                serialized_rollback = _serialized_rollback
                if _databases is not None:
                    databases = _databases
                if _available_apps is not None:
                    available_apps = _available_apps
    
                # For non-transactional tests, skip executing `django.test.TestCase`'s
                # `setUpClass`/`tearDownClass`, only execute the super class ones.
                #
                # `TestCase`'s class setup manages the `setUpTestData`/class-level
                # transaction functionality. We don't use it; instead we (will) offer
                # our own alternatives. So it only adds overhead, and does some things
                # which conflict with our (planned) functionality, particularly, it
                # closes all database connections in `tearDownClass` which inhibits
                # wrapping tests in higher-scoped transactions.
                #
                # It's possible a new version of Django will add some unrelated
                # functionality to these methods, in which case skipping them completely
                # would not be desirable. Let's cross that bridge when we get there...
                if not transactional:
    
                    @classmethod
                    def setUpClass(cls) -> None:
                        super(django.test.TestCase, cls).setUpClass()
    
                    @classmethod
                    def tearDownClass(cls) -> None:
                        super(django.test.TestCase, cls).tearDownClass()
    
            PytestDjangoTestCase.setUpClass()
    
            test_case = PytestDjangoTestCase(methodName="__init__")
            if VERSION >= (6, 0):
                pre_setup_ran_eagerly = PytestDjangoTestCase._pre_setup_ran_eagerly
            else:
                pre_setup_ran_eagerly = getattr(PytestDjangoTestCase, "_pre_setup_ran_eagerly", False)
            if not pre_setup_ran_eagerly:
                # For a TransactionTestCase, setUpClass() has already run _pre_setup() and set
                # this flag to say so.
                test_case._pre_setup()
    
            yield
    
>           test_case._post_teardown()

.venv/lib/python3.14/site-packages/pytest_django/fixtures.py:305: 
_ _ _ _ _ _ _ _ _ _ _ _ _ _ _ _ _ _ _ _ _ _ _ _ _ _ _ _ _ _ _ _ _ _ _ _ _ _ _ _ 
.venv/lib/python3.14/site-packages/django/test/testcases.py:1231: in _post_teardown
    self._fixture_teardown()
.venv/lib/python3.14/site-packages/django/test/testcases.py:1266: in _fixture_teardown
    call_command(
.venv/lib/python3.14/site-packages/django/core/management/__init__.py:194: in call_command
    return command.execute(*args, **defaults)
           ^^^^^^^^^^^^^^^^^^^^^^^^^^^^^^^^^^
.venv/lib/python3.14/site-packages/django/core/management/base.py:464: in execute
    output = self.handle(*args, **options)
             ^^^^^^^^^^^^^^^^^^^^^^^^^^^^^
_ _ _ _ _ _ _ _ _ _ _ _ _ _ _ _ _ _ _ _ _ _ _ _ _ _ _ _ _ _ _ _ _ _ _ _ _ _ _ _ 

self = <django.core.management.commands.flush.Command object at 0x7e6f36ac9ef0>
options = {'verbosity': 0, 'settings': None, 'pythonpath': None, 'traceback': False, ...}

        def handle(self, **options):
            database = options["database"]
            connection = connections[database]
            verbosity = options["verbosity"]
            interactive = options["interactive"]
            # The following are stealth options used by Django's internals.
            reset_sequences = options.get("reset_sequences", True)
            allow_cascade = options.get("allow_cascade", False)
            inhibit_post_migrate = options.get("inhibit_post_migrate", False)
    
            self.style = no_style()
    
            # Import the 'management' module within each installed app, to register
            # dispatcher events.
            for app_config in apps.get_app_configs():
                try:
                    import_module(".management", app_config.name)
                except ImportError:
                    pass
    
            sql_list = sql_flush(
                self.style,
                connection,
                reset_sequences=reset_sequences,
                allow_cascade=allow_cascade,
            )
    
            if interactive:
                confirm = input("""You have requested a flush of the database.
    This will IRREVERSIBLY DESTROY all data currently in the "%s" database,
    and return each table to an empty state.
    Are you sure you want to do this?
    
        Type 'yes' to continue, or 'no' to cancel: """ % connection.settings_dict["NAME"])
            else:
                confirm = "yes"
    
            if confirm == "yes":
                try:
                    connection.ops.execute_sql_flush(sql_list)
                except Exception as exc:
>                   raise CommandError(
                        "Database %s couldn't be flushed. Possible reasons:\n"
                        "  * The database isn't running or isn't configured correctly.\n"
                        "  * At least one of the expected database tables doesn't exist.\n"
                        "  * The SQL was invalid.\n"
                        "Hint: Look at the output of 'django-admin sqlflush'. "
                        "That's the SQL this command wasn't able to run."
                        % (connection.settings_dict["NAME"],)
                    ) from exc
E                   django.core.management.base.CommandError: Database test_qualification couldn't be flushed. Possible reasons:
E                     * The database isn't running or isn't configured correctly.
E                     * At least one of the expected database tables doesn't exist.
E                     * The SQL was invalid.
E                   Hint: Look at the output of 'django-admin sqlflush'. That's the SQL this command wasn't able to run.

.venv/lib/python3.14/site-packages/django/core/management/commands/flush.py:73: CommandError
__ ERROR at setup of test_revision_cas_rejects_aliases_and_stale_state[None] ___

self = <django.db.backends.utils.CursorWrapper object at 0x7e6f363771d0>
sql = 'INSERT INTO "accounts_user" ("password", "last_login", "is_superuser", "id", "email", "first_name", "last_name", "is_staff", "is_active", "date_joined") VALUES (%s, %s, %s, %s, %s, %s, %s, %s, %s, %s)'
params = ('!GIr9x4K27Q7LpPsJt30utjZgB7HtcqorFGW2xDiG', None, False, UUID('ec2d1982-bb79-4f0d-8261-9f027288631a'), 'reports@example.com', '', ...)
ignored_wrapper_args = (False, {'connection': <DatabaseWrapper vendor='postgresql' alias='default'>, 'cursor': <django.db.backends.utils.CursorWrapper object at 0x7e6f363771d0>})

    def _execute(self, sql, params, *ignored_wrapper_args):
        # Raise a warning during app initialization (stored_app_configs is only
        # ever set during testing).
        if not apps.ready and not apps.stored_app_configs:
            warnings.warn(self.APPS_NOT_READY_WARNING_MSG, category=RuntimeWarning)
        self.db.validate_no_broken_transaction()
        with self.db.wrap_database_errors:
            if params is None:
                # params default might be backend specific.
                return self.cursor.execute(sql)
            else:
>               return self.cursor.execute(sql, params)
                       ^^^^^^^^^^^^^^^^^^^^^^^^^^^^^^^^

.venv/lib/python3.14/site-packages/django/db/backends/utils.py:105: 
_ _ _ _ _ _ _ _ _ _ _ _ _ _ _ _ _ _ _ _ _ _ _ _ _ _ _ _ _ _ _ _ _ _ _ _ _ _ _ _ 

self = <django.db.backends.postgresql.base.Cursor [closed] [IDLE] (host=qualification-db user=postgres database=test_qualification) at 0x7e6f36b9ef90>
query = 'INSERT INTO "accounts_user" ("password", "last_login", "is_superuser", "id", "email", "first_name", "last_name", "is_staff", "is_active", "date_joined") VALUES (%s, %s, %s, %s, %s, %s, %s, %s, %s, %s)'
params = ('!GIr9x4K27Q7LpPsJt30utjZgB7HtcqorFGW2xDiG', None, False, UUID('ec2d1982-bb79-4f0d-8261-9f027288631a'), 'reports@example.com', '', ...)
prepare = None, binary = None

    def execute(
        self,
        query: Query,
        params: Params | None = None,
        *,
        prepare: bool | None = None,
        binary: bool | None = None,
    ) -> Self:
        """
        Execute a query or command to the database.
        """
        try:
            with self._conn.lock:
                self._conn.wait(
                    self._execute_gen(query, params, prepare=prepare, binary=binary)
                )
        except e._NO_TRACEBACK as ex:
>           raise ex.with_traceback(None)
E           psycopg.errors.UniqueViolation: duplicate key value violates unique constraint "accounts_user_email_key"
E           DETAIL:  Key (email)=(reports@example.com) already exists.

.venv/lib/python3.14/site-packages/psycopg/cursor.py:117: UniqueViolation

The above exception was the direct cause of the following exception:

client = <django.test.client.Client object at 0x7e6f36aca350>

    @pytest.fixture
    def report_context(client):
>       user = get_user_model().objects.create_user("reports@example.com")
               ^^^^^^^^^^^^^^^^^^^^^^^^^^^^^^^^^^^^^^^^^^^^^^^^^^^^^^^^^^^

tests/conftest.py:174: 
_ _ _ _ _ _ _ _ _ _ _ _ _ _ _ _ _ _ _ _ _ _ _ _ _ _ _ _ _ _ _ _ _ _ _ _ _ _ _ _ 
apps/accounts/managers.py:29: in create_user
    user.save(using=self._db)
.venv/lib/python3.14/site-packages/django/contrib/auth/base_user.py:65: in save
    super().save(*args, **kwargs)
.venv/lib/python3.14/site-packages/django/db/models/base.py:902: in save
    self.save_base(
.venv/lib/python3.14/site-packages/django/db/models/base.py:1008: in save_base
    updated = self._save_table(
.venv/lib/python3.14/site-packages/django/db/models/base.py:1169: in _save_table
    results = self._do_insert(
.venv/lib/python3.14/site-packages/django/db/models/base.py:1210: in _do_insert
    return manager._insert(
.venv/lib/python3.14/site-packages/django/db/models/manager.py:87: in manager_method
    return getattr(self.get_queryset(), name)(*args, **kwargs)
           ^^^^^^^^^^^^^^^^^^^^^^^^^^^^^^^^^^^^^^^^^^^^^^^^^^^
.venv/lib/python3.14/site-packages/django/db/models/query.py:1873: in _insert
    return query.get_compiler(using=using).execute_sql(returning_fields)
           ^^^^^^^^^^^^^^^^^^^^^^^^^^^^^^^^^^^^^^^^^^^^^^^^^^^^^^^^^^^^^
.venv/lib/python3.14/site-packages/django/db/models/sql/compiler.py:1882: in execute_sql
    cursor.execute(sql, params)
.venv/lib/python3.14/site-packages/django/db/backends/utils.py:79: in execute
    return self._execute_with_wrappers(
.venv/lib/python3.14/site-packages/django/db/backends/utils.py:92: in _execute_with_wrappers
    return executor(sql, params, many, context)
           ^^^^^^^^^^^^^^^^^^^^^^^^^^^^^^^^^^^^
.venv/lib/python3.14/site-packages/django/db/backends/utils.py:100: in _execute
    with self.db.wrap_database_errors:
         ^^^^^^^^^^^^^^^^^^^^^^^^^^^^
.venv/lib/python3.14/site-packages/django/db/utils.py:91: in __exit__
    raise dj_exc_value.with_traceback(traceback) from exc_value
.venv/lib/python3.14/site-packages/django/db/backends/utils.py:105: in _execute
    return self.cursor.execute(sql, params)
           ^^^^^^^^^^^^^^^^^^^^^^^^^^^^^^^^
_ _ _ _ _ _ _ _ _ _ _ _ _ _ _ _ _ _ _ _ _ _ _ _ _ _ _ _ _ _ _ _ _ _ _ _ _ _ _ _ 

self = <django.db.backends.postgresql.base.Cursor [closed] [IDLE] (host=qualification-db user=postgres database=test_qualification) at 0x7e6f36b9ef90>
query = 'INSERT INTO "accounts_user" ("password", "last_login", "is_superuser", "id", "email", "first_name", "last_name", "is_staff", "is_active", "date_joined") VALUES (%s, %s, %s, %s, %s, %s, %s, %s, %s, %s)'
params = ('!GIr9x4K27Q7LpPsJt30utjZgB7HtcqorFGW2xDiG', None, False, UUID('ec2d1982-bb79-4f0d-8261-9f027288631a'), 'reports@example.com', '', ...)
prepare = None, binary = None

    def execute(
        self,
        query: Query,
        params: Params | None = None,
        *,
        prepare: bool | None = None,
        binary: bool | None = None,
    ) -> Self:
        """
        Execute a query or command to the database.
        """
        try:
            with self._conn.lock:
                self._conn.wait(
                    self._execute_gen(query, params, prepare=prepare, binary=binary)
                )
        except e._NO_TRACEBACK as ex:
>           raise ex.with_traceback(None)
E           django.db.utils.IntegrityError: duplicate key value violates unique constraint "accounts_user_email_key"
E           DETAIL:  Key (email)=(reports@example.com) already exists.

.venv/lib/python3.14/site-packages/psycopg/cursor.py:117: IntegrityError
_ ERROR at teardown of test_revision_cas_rejects_aliases_and_stale_state[None] _

self = <django.db.backends.utils.CursorWrapper object at 0x7e6f36374890>
sql = 'TRUNCATE "core_action_card_revisions", "review_capacity_reservations", "billing_subscription", "core_known_entities",... "report_artifacts", "billing_paid_coverage_authority", "audit_chain_heads", "inventory_items", "review_cycle_events";'
params = None
ignored_wrapper_args = (False, {'connection': <DatabaseWrapper vendor='postgresql' alias='default'>, 'cursor': <django.db.backends.utils.CursorWrapper object at 0x7e6f36374890>})

    def _execute(self, sql, params, *ignored_wrapper_args):
        # Raise a warning during app initialization (stored_app_configs is only
        # ever set during testing).
        if not apps.ready and not apps.stored_app_configs:
            warnings.warn(self.APPS_NOT_READY_WARNING_MSG, category=RuntimeWarning)
        self.db.validate_no_broken_transaction()
        with self.db.wrap_database_errors:
            if params is None:
                # params default might be backend specific.
>               return self.cursor.execute(sql)
                       ^^^^^^^^^^^^^^^^^^^^^^^^

.venv/lib/python3.14/site-packages/django/db/backends/utils.py:103: 
_ _ _ _ _ _ _ _ _ _ _ _ _ _ _ _ _ _ _ _ _ _ _ _ _ _ _ _ _ _ _ _ _ _ _ _ _ _ _ _ 

self = <django.db.backends.postgresql.base.Cursor [closed] [IDLE] (host=qualification-db user=postgres database=test_qualification) at 0x7e6f3624dd30>
query = 'TRUNCATE "core_action_card_revisions", "review_capacity_reservations", "billing_subscription", "core_known_entities",... "report_artifacts", "billing_paid_coverage_authority", "audit_chain_heads", "inventory_items", "review_cycle_events";'
params = None, prepare = None, binary = None

    def execute(
        self,
        query: Query,
        params: Params | None = None,
        *,
        prepare: bool | None = None,
        binary: bool | None = None,
    ) -> Self:
        """
        Execute a query or command to the database.
        """
        try:
            with self._conn.lock:
                self._conn.wait(
                    self._execute_gen(query, params, prepare=prepare, binary=binary)
                )
        except e._NO_TRACEBACK as ex:
>           raise ex.with_traceback(None)
E           psycopg.errors.FeatureNotSupported: cannot truncate a table referenced in a foreign key constraint
E           DETAIL:  Table "billing_admission_receipt" references "billing_paid_coverage".
E           HINT:  Truncate table "billing_admission_receipt" at the same time, or use TRUNCATE ... CASCADE.

.venv/lib/python3.14/site-packages/psycopg/cursor.py:117: FeatureNotSupported

The above exception was the direct cause of the following exception:

self = <django.core.management.commands.flush.Command object at 0x7e6f36b8f390>
options = {'verbosity': 0, 'settings': None, 'pythonpath': None, 'traceback': False, ...}

        def handle(self, **options):
            database = options["database"]
            connection = connections[database]
            verbosity = options["verbosity"]
            interactive = options["interactive"]
            # The following are stealth options used by Django's internals.
            reset_sequences = options.get("reset_sequences", True)
            allow_cascade = options.get("allow_cascade", False)
            inhibit_post_migrate = options.get("inhibit_post_migrate", False)
    
            self.style = no_style()
    
            # Import the 'management' module within each installed app, to register
            # dispatcher events.
            for app_config in apps.get_app_configs():
                try:
                    import_module(".management", app_config.name)
                except ImportError:
                    pass
    
            sql_list = sql_flush(
                self.style,
                connection,
                reset_sequences=reset_sequences,
                allow_cascade=allow_cascade,
            )
    
            if interactive:
                confirm = input("""You have requested a flush of the database.
    This will IRREVERSIBLY DESTROY all data currently in the "%s" database,
    and return each table to an empty state.
    Are you sure you want to do this?
    
        Type 'yes' to continue, or 'no' to cancel: """ % connection.settings_dict["NAME"])
            else:
                confirm = "yes"
    
            if confirm == "yes":
                try:
>                   connection.ops.execute_sql_flush(sql_list)

.venv/lib/python3.14/site-packages/django/core/management/commands/flush.py:71: 
_ _ _ _ _ _ _ _ _ _ _ _ _ _ _ _ _ _ _ _ _ _ _ _ _ _ _ _ _ _ _ _ _ _ _ _ _ _ _ _ 
.venv/lib/python3.14/site-packages/django/db/backends/base/operations.py:473: in execute_sql_flush
    cursor.execute(sql)
.venv/lib/python3.14/site-packages/django/db/backends/utils.py:79: in execute
    return self._execute_with_wrappers(
.venv/lib/python3.14/site-packages/django/db/backends/utils.py:92: in _execute_with_wrappers
    return executor(sql, params, many, context)
           ^^^^^^^^^^^^^^^^^^^^^^^^^^^^^^^^^^^^
.venv/lib/python3.14/site-packages/django/db/backends/utils.py:100: in _execute
    with self.db.wrap_database_errors:
         ^^^^^^^^^^^^^^^^^^^^^^^^^^^^
.venv/lib/python3.14/site-packages/django/db/utils.py:91: in __exit__
    raise dj_exc_value.with_traceback(traceback) from exc_value
.venv/lib/python3.14/site-packages/django/db/backends/utils.py:103: in _execute
    return self.cursor.execute(sql)
           ^^^^^^^^^^^^^^^^^^^^^^^^
_ _ _ _ _ _ _ _ _ _ _ _ _ _ _ _ _ _ _ _ _ _ _ _ _ _ _ _ _ _ _ _ _ _ _ _ _ _ _ _ 

self = <django.db.backends.postgresql.base.Cursor [closed] [IDLE] (host=qualification-db user=postgres database=test_qualification) at 0x7e6f3624dd30>
query = 'TRUNCATE "core_action_card_revisions", "review_capacity_reservations", "billing_subscription", "core_known_entities",... "report_artifacts", "billing_paid_coverage_authority", "audit_chain_heads", "inventory_items", "review_cycle_events";'
params = None, prepare = None, binary = None

    def execute(
        self,
        query: Query,
        params: Params | None = None,
        *,
        prepare: bool | None = None,
        binary: bool | None = None,
    ) -> Self:
        """
        Execute a query or command to the database.
        """
        try:
            with self._conn.lock:
                self._conn.wait(
                    self._execute_gen(query, params, prepare=prepare, binary=binary)
                )
        except e._NO_TRACEBACK as ex:
>           raise ex.with_traceback(None)
E           django.db.utils.NotSupportedError: cannot truncate a table referenced in a foreign key constraint
E           DETAIL:  Table "billing_admission_receipt" references "billing_paid_coverage".
E           HINT:  Truncate table "billing_admission_receipt" at the same time, or use TRUNCATE ... CASCADE.

.venv/lib/python3.14/site-packages/psycopg/cursor.py:117: NotSupportedError

The above exception was the direct cause of the following exception:

request = <SubRequest '_django_db_helper' for <Function test_revision_cas_rejects_aliases_and_stale_state[None]>>
django_db_setup = None
django_db_blocker = <pytest_django.plugin.DjangoDbBlocker object at 0x7e6f3b5c9010>

    @pytest.fixture
    def _django_db_helper(
        request: pytest.FixtureRequest,
        django_db_setup: None,  # noqa: ARG001
        django_db_blocker: DjangoDbBlocker,
    ) -> Generator[None]:
        if is_django_unittest(request):
            yield
            return
    
        from django import VERSION
    
        marker = request.node.get_closest_marker("django_db")
        if marker:
            (
                transactional,
                reset_sequences,
                databases,
                serialized_rollback,
                available_apps,
            ) = validate_django_db(marker)
        else:
            (
                transactional,
                reset_sequences,
                databases,
                serialized_rollback,
                available_apps,
            ) = False, False, None, False, None
    
        transactional = (
            transactional
            or reset_sequences
            or ("transactional_db" in request.fixturenames or "live_server" in request.fixturenames)
        )
        reset_sequences = reset_sequences or ("django_db_reset_sequences" in request.fixturenames)
        serialized_rollback = serialized_rollback or (
            "django_db_serialized_rollback" in request.fixturenames
        )
    
        with django_db_blocker.unblock():
            import django.db
            import django.test
    
            if transactional:
                test_case_class = django.test.TransactionTestCase
            else:
                test_case_class = django.test.TestCase
    
            _reset_sequences = reset_sequences
            _serialized_rollback = serialized_rollback
            _databases = databases
            _available_apps = available_apps
    
            class PytestDjangoTestCase(test_case_class):  # type: ignore[misc,valid-type]
                reset_sequences = _reset_sequences
                serialized_rollback = _serialized_rollback
                if _databases is not None:
                    databases = _databases
                if _available_apps is not None:
                    available_apps = _available_apps
    
                # For non-transactional tests, skip executing `django.test.TestCase`'s
                # `setUpClass`/`tearDownClass`, only execute the super class ones.
                #
                # `TestCase`'s class setup manages the `setUpTestData`/class-level
                # transaction functionality. We don't use it; instead we (will) offer
                # our own alternatives. So it only adds overhead, and does some things
                # which conflict with our (planned) functionality, particularly, it
                # closes all database connections in `tearDownClass` which inhibits
                # wrapping tests in higher-scoped transactions.
                #
                # It's possible a new version of Django will add some unrelated
                # functionality to these methods, in which case skipping them completely
                # would not be desirable. Let's cross that bridge when we get there...
                if not transactional:
    
                    @classmethod
                    def setUpClass(cls) -> None:
                        super(django.test.TestCase, cls).setUpClass()
    
                    @classmethod
                    def tearDownClass(cls) -> None:
                        super(django.test.TestCase, cls).tearDownClass()
    
            PytestDjangoTestCase.setUpClass()
    
            test_case = PytestDjangoTestCase(methodName="__init__")
            if VERSION >= (6, 0):
                pre_setup_ran_eagerly = PytestDjangoTestCase._pre_setup_ran_eagerly
            else:
                pre_setup_ran_eagerly = getattr(PytestDjangoTestCase, "_pre_setup_ran_eagerly", False)
            if not pre_setup_ran_eagerly:
                # For a TransactionTestCase, setUpClass() has already run _pre_setup() and set
                # this flag to say so.
                test_case._pre_setup()
    
            yield
    
>           test_case._post_teardown()

.venv/lib/python3.14/site-packages/pytest_django/fixtures.py:305: 
_ _ _ _ _ _ _ _ _ _ _ _ _ _ _ _ _ _ _ _ _ _ _ _ _ _ _ _ _ _ _ _ _ _ _ _ _ _ _ _ 
.venv/lib/python3.14/site-packages/django/test/testcases.py:1231: in _post_teardown
    self._fixture_teardown()
.venv/lib/python3.14/site-packages/django/test/testcases.py:1266: in _fixture_teardown
    call_command(
.venv/lib/python3.14/site-packages/django/core/management/__init__.py:194: in call_command
    return command.execute(*args, **defaults)
           ^^^^^^^^^^^^^^^^^^^^^^^^^^^^^^^^^^
.venv/lib/python3.14/site-packages/django/core/management/base.py:464: in execute
    output = self.handle(*args, **options)
             ^^^^^^^^^^^^^^^^^^^^^^^^^^^^^
_ _ _ _ _ _ _ _ _ _ _ _ _ _ _ _ _ _ _ _ _ _ _ _ _ _ _ _ _ _ _ _ _ _ _ _ _ _ _ _ 

self = <django.core.management.commands.flush.Command object at 0x7e6f36b8f390>
options = {'verbosity': 0, 'settings': None, 'pythonpath': None, 'traceback': False, ...}

        def handle(self, **options):
            database = options["database"]
            connection = connections[database]
            verbosity = options["verbosity"]
            interactive = options["interactive"]
            # The following are stealth options used by Django's internals.
            reset_sequences = options.get("reset_sequences", True)
            allow_cascade = options.get("allow_cascade", False)
            inhibit_post_migrate = options.get("inhibit_post_migrate", False)
    
            self.style = no_style()
    
            # Import the 'management' module within each installed app, to register
            # dispatcher events.
            for app_config in apps.get_app_configs():
                try:
                    import_module(".management", app_config.name)
                except ImportError:
                    pass
    
            sql_list = sql_flush(
                self.style,
                connection,
                reset_sequences=reset_sequences,
                allow_cascade=allow_cascade,
            )
    
            if interactive:
                confirm = input("""You have requested a flush of the database.
    This will IRREVERSIBLY DESTROY all data currently in the "%s" database,
    and return each table to an empty state.
    Are you sure you want to do this?
    
        Type 'yes' to continue, or 'no' to cancel: """ % connection.settings_dict["NAME"])
            else:
                confirm = "yes"
    
            if confirm == "yes":
                try:
                    connection.ops.execute_sql_flush(sql_list)
                except Exception as exc:
>                   raise CommandError(
                        "Database %s couldn't be flushed. Possible reasons:\n"
                        "  * The database isn't running or isn't configured correctly.\n"
                        "  * At least one of the expected database tables doesn't exist.\n"
                        "  * The SQL was invalid.\n"
                        "Hint: Look at the output of 'django-admin sqlflush'. "
                        "That's the SQL this command wasn't able to run."
                        % (connection.settings_dict["NAME"],)
                    ) from exc
E                   django.core.management.base.CommandError: Database test_qualification couldn't be flushed. Possible reasons:
E                     * The database isn't running or isn't configured correctly.
E                     * At least one of the expected database tables doesn't exist.
E                     * The SQL was invalid.
E                   Hint: Look at the output of 'django-admin sqlflush'. That's the SQL this command wasn't able to run.

.venv/lib/python3.14/site-packages/django/core/management/commands/flush.py:73: CommandError
_____ ERROR at setup of test_baseline_promotion_is_explicitly_not_admitted _____

self = <django.db.backends.utils.CursorWrapper object at 0x7e6f363eb5f0>
sql = 'INSERT INTO "accounts_user" ("password", "last_login", "is_superuser", "id", "email", "first_name", "last_name", "is_staff", "is_active", "date_joined") VALUES (%s, %s, %s, %s, %s, %s, %s, %s, %s, %s)'
params = ('!B94HcArk04FmGdinprbZjZdnMEnD7XaTbAbsNruJ', None, False, UUID('f64b5d8c-b4a1-4de5-8812-3acb1c02f091'), 'reports@example.com', '', ...)
ignored_wrapper_args = (False, {'connection': <DatabaseWrapper vendor='postgresql' alias='default'>, 'cursor': <django.db.backends.utils.CursorWrapper object at 0x7e6f363eb5f0>})

    def _execute(self, sql, params, *ignored_wrapper_args):
        # Raise a warning during app initialization (stored_app_configs is only
        # ever set during testing).
        if not apps.ready and not apps.stored_app_configs:
            warnings.warn(self.APPS_NOT_READY_WARNING_MSG, category=RuntimeWarning)
        self.db.validate_no_broken_transaction()
        with self.db.wrap_database_errors:
            if params is None:
                # params default might be backend specific.
                return self.cursor.execute(sql)
            else:
>               return self.cursor.execute(sql, params)
                       ^^^^^^^^^^^^^^^^^^^^^^^^^^^^^^^^

.venv/lib/python3.14/site-packages/django/db/backends/utils.py:105: 
_ _ _ _ _ _ _ _ _ _ _ _ _ _ _ _ _ _ _ _ _ _ _ _ _ _ _ _ _ _ _ _ _ _ _ _ _ _ _ _ 

self = <django.db.backends.postgresql.base.Cursor [closed] [IDLE] (host=qualification-db user=postgres database=test_qualification) at 0x7e6f36b9e5f0>
query = 'INSERT INTO "accounts_user" ("password", "last_login", "is_superuser", "id", "email", "first_name", "last_name", "is_staff", "is_active", "date_joined") VALUES (%s, %s, %s, %s, %s, %s, %s, %s, %s, %s)'
params = ('!B94HcArk04FmGdinprbZjZdnMEnD7XaTbAbsNruJ', None, False, UUID('f64b5d8c-b4a1-4de5-8812-3acb1c02f091'), 'reports@example.com', '', ...)
prepare = None, binary = None

    def execute(
        self,
        query: Query,
        params: Params | None = None,
        *,
        prepare: bool | None = None,
        binary: bool | None = None,
    ) -> Self:
        """
        Execute a query or command to the database.
        """
        try:
            with self._conn.lock:
                self._conn.wait(
                    self._execute_gen(query, params, prepare=prepare, binary=binary)
                )
        except e._NO_TRACEBACK as ex:
>           raise ex.with_traceback(None)
E           psycopg.errors.UniqueViolation: duplicate key value violates unique constraint "accounts_user_email_key"
E           DETAIL:  Key (email)=(reports@example.com) already exists.

.venv/lib/python3.14/site-packages/psycopg/cursor.py:117: UniqueViolation

The above exception was the direct cause of the following exception:

client = <django.test.client.Client object at 0x7e6f35b11f90>

    @pytest.fixture
    def report_context(client):
>       user = get_user_model().objects.create_user("reports@example.com")
               ^^^^^^^^^^^^^^^^^^^^^^^^^^^^^^^^^^^^^^^^^^^^^^^^^^^^^^^^^^^

tests/conftest.py:174: 
_ _ _ _ _ _ _ _ _ _ _ _ _ _ _ _ _ _ _ _ _ _ _ _ _ _ _ _ _ _ _ _ _ _ _ _ _ _ _ _ 
apps/accounts/managers.py:29: in create_user
    user.save(using=self._db)
.venv/lib/python3.14/site-packages/django/contrib/auth/base_user.py:65: in save
    super().save(*args, **kwargs)
.venv/lib/python3.14/site-packages/django/db/models/base.py:902: in save
    self.save_base(
.venv/lib/python3.14/site-packages/django/db/models/base.py:1008: in save_base
    updated = self._save_table(
.venv/lib/python3.14/site-packages/django/db/models/base.py:1169: in _save_table
    results = self._do_insert(
.venv/lib/python3.14/site-packages/django/db/models/base.py:1210: in _do_insert
    return manager._insert(
.venv/lib/python3.14/site-packages/django/db/models/manager.py:87: in manager_method
    return getattr(self.get_queryset(), name)(*args, **kwargs)
           ^^^^^^^^^^^^^^^^^^^^^^^^^^^^^^^^^^^^^^^^^^^^^^^^^^^
.venv/lib/python3.14/site-packages/django/db/models/query.py:1873: in _insert
    return query.get_compiler(using=using).execute_sql(returning_fields)
           ^^^^^^^^^^^^^^^^^^^^^^^^^^^^^^^^^^^^^^^^^^^^^^^^^^^^^^^^^^^^^
.venv/lib/python3.14/site-packages/django/db/models/sql/compiler.py:1882: in execute_sql
    cursor.execute(sql, params)
.venv/lib/python3.14/site-packages/django/db/backends/utils.py:79: in execute
    return self._execute_with_wrappers(
.venv/lib/python3.14/site-packages/django/db/backends/utils.py:92: in _execute_with_wrappers
    return executor(sql, params, many, context)
           ^^^^^^^^^^^^^^^^^^^^^^^^^^^^^^^^^^^^
.venv/lib/python3.14/site-packages/django/db/backends/utils.py:100: in _execute
    with self.db.wrap_database_errors:
         ^^^^^^^^^^^^^^^^^^^^^^^^^^^^
.venv/lib/python3.14/site-packages/django/db/utils.py:91: in __exit__
    raise dj_exc_value.with_traceback(traceback) from exc_value
.venv/lib/python3.14/site-packages/django/db/backends/utils.py:105: in _execute
    return self.cursor.execute(sql, params)
           ^^^^^^^^^^^^^^^^^^^^^^^^^^^^^^^^
_ _ _ _ _ _ _ _ _ _ _ _ _ _ _ _ _ _ _ _ _ _ _ _ _ _ _ _ _ _ _ _ _ _ _ _ _ _ _ _ 

self = <django.db.backends.postgresql.base.Cursor [closed] [IDLE] (host=qualification-db user=postgres database=test_qualification) at 0x7e6f36b9e5f0>
query = 'INSERT INTO "accounts_user" ("password", "last_login", "is_superuser", "id", "email", "first_name", "last_name", "is_staff", "is_active", "date_joined") VALUES (%s, %s, %s, %s, %s, %s, %s, %s, %s, %s)'
params = ('!B94HcArk04FmGdinprbZjZdnMEnD7XaTbAbsNruJ', None, False, UUID('f64b5d8c-b4a1-4de5-8812-3acb1c02f091'), 'reports@example.com', '', ...)
prepare = None, binary = None

    def execute(
        self,
        query: Query,
        params: Params | None = None,
        *,
        prepare: bool | None = None,
        binary: bool | None = None,
    ) -> Self:
        """
        Execute a query or command to the database.
        """
        try:
            with self._conn.lock:
                self._conn.wait(
                    self._execute_gen(query, params, prepare=prepare, binary=binary)
                )
        except e._NO_TRACEBACK as ex:
>           raise ex.with_traceback(None)
E           django.db.utils.IntegrityError: duplicate key value violates unique constraint "accounts_user_email_key"
E           DETAIL:  Key (email)=(reports@example.com) already exists.

.venv/lib/python3.14/site-packages/psycopg/cursor.py:117: IntegrityError
___ ERROR at teardown of test_baseline_promotion_is_explicitly_not_admitted ____

self = <django.db.backends.utils.CursorWrapper object at 0x7e6f363ea630>
sql = 'TRUNCATE "core_action_card_revisions", "review_capacity_reservations", "billing_subscription", "core_known_entities",... "report_artifacts", "billing_paid_coverage_authority", "audit_chain_heads", "inventory_items", "review_cycle_events";'
params = None
ignored_wrapper_args = (False, {'connection': <DatabaseWrapper vendor='postgresql' alias='default'>, 'cursor': <django.db.backends.utils.CursorWrapper object at 0x7e6f363ea630>})

    def _execute(self, sql, params, *ignored_wrapper_args):
        # Raise a warning during app initialization (stored_app_configs is only
        # ever set during testing).
        if not apps.ready and not apps.stored_app_configs:
            warnings.warn(self.APPS_NOT_READY_WARNING_MSG, category=RuntimeWarning)
        self.db.validate_no_broken_transaction()
        with self.db.wrap_database_errors:
            if params is None:
                # params default might be backend specific.
>               return self.cursor.execute(sql)
                       ^^^^^^^^^^^^^^^^^^^^^^^^

.venv/lib/python3.14/site-packages/django/db/backends/utils.py:103: 
_ _ _ _ _ _ _ _ _ _ _ _ _ _ _ _ _ _ _ _ _ _ _ _ _ _ _ _ _ _ _ _ _ _ _ _ _ _ _ _ 

self = <django.db.backends.postgresql.base.Cursor [closed] [IDLE] (host=qualification-db user=postgres database=test_qualification) at 0x7e6f36b9de10>
query = 'TRUNCATE "core_action_card_revisions", "review_capacity_reservations", "billing_subscription", "core_known_entities",... "report_artifacts", "billing_paid_coverage_authority", "audit_chain_heads", "inventory_items", "review_cycle_events";'
params = None, prepare = None, binary = None

    def execute(
        self,
        query: Query,
        params: Params | None = None,
        *,
        prepare: bool | None = None,
        binary: bool | None = None,
    ) -> Self:
        """
        Execute a query or command to the database.
        """
        try:
            with self._conn.lock:
                self._conn.wait(
                    self._execute_gen(query, params, prepare=prepare, binary=binary)
                )
        except e._NO_TRACEBACK as ex:
>           raise ex.with_traceback(None)
E           psycopg.errors.FeatureNotSupported: cannot truncate a table referenced in a foreign key constraint
E           DETAIL:  Table "billing_admission_receipt" references "billing_paid_coverage".
E           HINT:  Truncate table "billing_admission_receipt" at the same time, or use TRUNCATE ... CASCADE.

.venv/lib/python3.14/site-packages/psycopg/cursor.py:117: FeatureNotSupported

The above exception was the direct cause of the following exception:

self = <django.core.management.commands.flush.Command object at 0x7e6f3612ff50>
options = {'verbosity': 0, 'settings': None, 'pythonpath': None, 'traceback': False, ...}

        def handle(self, **options):
            database = options["database"]
            connection = connections[database]
            verbosity = options["verbosity"]
            interactive = options["interactive"]
            # The following are stealth options used by Django's internals.
            reset_sequences = options.get("reset_sequences", True)
            allow_cascade = options.get("allow_cascade", False)
            inhibit_post_migrate = options.get("inhibit_post_migrate", False)
    
            self.style = no_style()
    
            # Import the 'management' module within each installed app, to register
            # dispatcher events.
            for app_config in apps.get_app_configs():
                try:
                    import_module(".management", app_config.name)
                except ImportError:
                    pass
    
            sql_list = sql_flush(
                self.style,
                connection,
                reset_sequences=reset_sequences,
                allow_cascade=allow_cascade,
            )
    
            if interactive:
                confirm = input("""You have requested a flush of the database.
    This will IRREVERSIBLY DESTROY all data currently in the "%s" database,
    and return each table to an empty state.
    Are you sure you want to do this?
    
        Type 'yes' to continue, or 'no' to cancel: """ % connection.settings_dict["NAME"])
            else:
                confirm = "yes"
    
            if confirm == "yes":
                try:
>                   connection.ops.execute_sql_flush(sql_list)

.venv/lib/python3.14/site-packages/django/core/management/commands/flush.py:71: 
_ _ _ _ _ _ _ _ _ _ _ _ _ _ _ _ _ _ _ _ _ _ _ _ _ _ _ _ _ _ _ _ _ _ _ _ _ _ _ _ 
.venv/lib/python3.14/site-packages/django/db/backends/base/operations.py:473: in execute_sql_flush
    cursor.execute(sql)
.venv/lib/python3.14/site-packages/django/db/backends/utils.py:79: in execute
    return self._execute_with_wrappers(
.venv/lib/python3.14/site-packages/django/db/backends/utils.py:92: in _execute_with_wrappers
    return executor(sql, params, many, context)
           ^^^^^^^^^^^^^^^^^^^^^^^^^^^^^^^^^^^^
.venv/lib/python3.14/site-packages/django/db/backends/utils.py:100: in _execute
    with self.db.wrap_database_errors:
         ^^^^^^^^^^^^^^^^^^^^^^^^^^^^
.venv/lib/python3.14/site-packages/django/db/utils.py:91: in __exit__
    raise dj_exc_value.with_traceback(traceback) from exc_value
.venv/lib/python3.14/site-packages/django/db/backends/utils.py:103: in _execute
    return self.cursor.execute(sql)
           ^^^^^^^^^^^^^^^^^^^^^^^^
_ _ _ _ _ _ _ _ _ _ _ _ _ _ _ _ _ _ _ _ _ _ _ _ _ _ _ _ _ _ _ _ _ _ _ _ _ _ _ _ 

self = <django.db.backends.postgresql.base.Cursor [closed] [IDLE] (host=qualification-db user=postgres database=test_qualification) at 0x7e6f36b9de10>
query = 'TRUNCATE "core_action_card_revisions", "review_capacity_reservations", "billing_subscription", "core_known_entities",... "report_artifacts", "billing_paid_coverage_authority", "audit_chain_heads", "inventory_items", "review_cycle_events";'
params = None, prepare = None, binary = None

    def execute(
        self,
        query: Query,
        params: Params | None = None,
        *,
        prepare: bool | None = None,
        binary: bool | None = None,
    ) -> Self:
        """
        Execute a query or command to the database.
        """
        try:
            with self._conn.lock:
                self._conn.wait(
                    self._execute_gen(query, params, prepare=prepare, binary=binary)
                )
        except e._NO_TRACEBACK as ex:
>           raise ex.with_traceback(None)
E           django.db.utils.NotSupportedError: cannot truncate a table referenced in a foreign key constraint
E           DETAIL:  Table "billing_admission_receipt" references "billing_paid_coverage".
E           HINT:  Truncate table "billing_admission_receipt" at the same time, or use TRUNCATE ... CASCADE.

.venv/lib/python3.14/site-packages/psycopg/cursor.py:117: NotSupportedError

The above exception was the direct cause of the following exception:

request = <SubRequest '_django_db_helper' for <Function test_baseline_promotion_is_explicitly_not_admitted>>
django_db_setup = None
django_db_blocker = <pytest_django.plugin.DjangoDbBlocker object at 0x7e6f3b5c9010>

    @pytest.fixture
    def _django_db_helper(
        request: pytest.FixtureRequest,
        django_db_setup: None,  # noqa: ARG001
        django_db_blocker: DjangoDbBlocker,
    ) -> Generator[None]:
        if is_django_unittest(request):
            yield
            return
    
        from django import VERSION
    
        marker = request.node.get_closest_marker("django_db")
        if marker:
            (
                transactional,
                reset_sequences,
                databases,
                serialized_rollback,
                available_apps,
            ) = validate_django_db(marker)
        else:
            (
                transactional,
                reset_sequences,
                databases,
                serialized_rollback,
                available_apps,
            ) = False, False, None, False, None
    
        transactional = (
            transactional
            or reset_sequences
            or ("transactional_db" in request.fixturenames or "live_server" in request.fixturenames)
        )
        reset_sequences = reset_sequences or ("django_db_reset_sequences" in request.fixturenames)
        serialized_rollback = serialized_rollback or (
            "django_db_serialized_rollback" in request.fixturenames
        )
    
        with django_db_blocker.unblock():
            import django.db
            import django.test
    
            if transactional:
                test_case_class = django.test.TransactionTestCase
            else:
                test_case_class = django.test.TestCase
    
            _reset_sequences = reset_sequences
            _serialized_rollback = serialized_rollback
            _databases = databases
            _available_apps = available_apps
    
            class PytestDjangoTestCase(test_case_class):  # type: ignore[misc,valid-type]
                reset_sequences = _reset_sequences
                serialized_rollback = _serialized_rollback
                if _databases is not None:
                    databases = _databases
                if _available_apps is not None:
                    available_apps = _available_apps
    
                # For non-transactional tests, skip executing `django.test.TestCase`'s
                # `setUpClass`/`tearDownClass`, only execute the super class ones.
                #
                # `TestCase`'s class setup manages the `setUpTestData`/class-level
                # transaction functionality. We don't use it; instead we (will) offer
                # our own alternatives. So it only adds overhead, and does some things
                # which conflict with our (planned) functionality, particularly, it
                # closes all database connections in `tearDownClass` which inhibits
                # wrapping tests in higher-scoped transactions.
                #
                # It's possible a new version of Django will add some unrelated
                # functionality to these methods, in which case skipping them completely
                # would not be desirable. Let's cross that bridge when we get there...
                if not transactional:
    
                    @classmethod
                    def setUpClass(cls) -> None:
                        super(django.test.TestCase, cls).setUpClass()
    
                    @classmethod
                    def tearDownClass(cls) -> None:
                        super(django.test.TestCase, cls).tearDownClass()
    
            PytestDjangoTestCase.setUpClass()
    
            test_case = PytestDjangoTestCase(methodName="__init__")
            if VERSION >= (6, 0):
                pre_setup_ran_eagerly = PytestDjangoTestCase._pre_setup_ran_eagerly
            else:
                pre_setup_ran_eagerly = getattr(PytestDjangoTestCase, "_pre_setup_ran_eagerly", False)
            if not pre_setup_ran_eagerly:
                # For a TransactionTestCase, setUpClass() has already run _pre_setup() and set
                # this flag to say so.
                test_case._pre_setup()
    
            yield
    
>           test_case._post_teardown()

.venv/lib/python3.14/site-packages/pytest_django/fixtures.py:305: 
_ _ _ _ _ _ _ _ _ _ _ _ _ _ _ _ _ _ _ _ _ _ _ _ _ _ _ _ _ _ _ _ _ _ _ _ _ _ _ _ 
.venv/lib/python3.14/site-packages/django/test/testcases.py:1231: in _post_teardown
    self._fixture_teardown()
.venv/lib/python3.14/site-packages/django/test/testcases.py:1266: in _fixture_teardown
    call_command(
.venv/lib/python3.14/site-packages/django/core/management/__init__.py:194: in call_command
    return command.execute(*args, **defaults)
           ^^^^^^^^^^^^^^^^^^^^^^^^^^^^^^^^^^
.venv/lib/python3.14/site-packages/django/core/management/base.py:464: in execute
    output = self.handle(*args, **options)
             ^^^^^^^^^^^^^^^^^^^^^^^^^^^^^
_ _ _ _ _ _ _ _ _ _ _ _ _ _ _ _ _ _ _ _ _ _ _ _ _ _ _ _ _ _ _ _ _ _ _ _ _ _ _ _ 

self = <django.core.management.commands.flush.Command object at 0x7e6f3612ff50>
options = {'verbosity': 0, 'settings': None, 'pythonpath': None, 'traceback': False, ...}

        def handle(self, **options):
            database = options["database"]
            connection = connections[database]
            verbosity = options["verbosity"]
            interactive = options["interactive"]
            # The following are stealth options used by Django's internals.
            reset_sequences = options.get("reset_sequences", True)
            allow_cascade = options.get("allow_cascade", False)
            inhibit_post_migrate = options.get("inhibit_post_migrate", False)
    
            self.style = no_style()
    
            # Import the 'management' module within each installed app, to register
            # dispatcher events.
            for app_config in apps.get_app_configs():
                try:
                    import_module(".management", app_config.name)
                except ImportError:
                    pass
    
            sql_list = sql_flush(
                self.style,
                connection,
                reset_sequences=reset_sequences,
                allow_cascade=allow_cascade,
            )
    
            if interactive:
                confirm = input("""You have requested a flush of the database.
    This will IRREVERSIBLY DESTROY all data currently in the "%s" database,
    and return each table to an empty state.
    Are you sure you want to do this?
    
        Type 'yes' to continue, or 'no' to cancel: """ % connection.settings_dict["NAME"])
            else:
                confirm = "yes"
    
            if confirm == "yes":
                try:
                    connection.ops.execute_sql_flush(sql_list)
                except Exception as exc:
>                   raise CommandError(
                        "Database %s couldn't be flushed. Possible reasons:\n"
                        "  * The database isn't running or isn't configured correctly.\n"
                        "  * At least one of the expected database tables doesn't exist.\n"
                        "  * The SQL was invalid.\n"
                        "Hint: Look at the output of 'django-admin sqlflush'. "
                        "That's the SQL this command wasn't able to run."
                        % (connection.settings_dict["NAME"],)
                    ) from exc
E                   django.core.management.base.CommandError: Database test_qualification couldn't be flushed. Possible reasons:
E                     * The database isn't running or isn't configured correctly.
E                     * At least one of the expected database tables doesn't exist.
E                     * The SQL was invalid.
E                   Hint: Look at the output of 'django-admin sqlflush'. That's the SQL this command wasn't able to run.

.venv/lib/python3.14/site-packages/django/core/management/commands/flush.py:73: CommandError
_____ ERROR at setup of test_server_manifest_cannot_be_supplied_by_caller ______

self = <django.db.backends.utils.CursorWrapper object at 0x7e6f35edba10>
sql = 'INSERT INTO "accounts_user" ("password", "last_login", "is_superuser", "id", "email", "first_name", "last_name", "is_staff", "is_active", "date_joined") VALUES (%s, %s, %s, %s, %s, %s, %s, %s, %s, %s)'
params = ('!Or6dAuyavM0phGmBGp7fTvYWvT5brNVrzVI8ZDnn', None, False, UUID('8f9639c0-5360-44f9-8c6e-ce1f92f7266d'), 'reports@example.com', '', ...)
ignored_wrapper_args = (False, {'connection': <DatabaseWrapper vendor='postgresql' alias='default'>, 'cursor': <django.db.backends.utils.CursorWrapper object at 0x7e6f35edba10>})

    def _execute(self, sql, params, *ignored_wrapper_args):
        # Raise a warning during app initialization (stored_app_configs is only
        # ever set during testing).
        if not apps.ready and not apps.stored_app_configs:
            warnings.warn(self.APPS_NOT_READY_WARNING_MSG, category=RuntimeWarning)
        self.db.validate_no_broken_transaction()
        with self.db.wrap_database_errors:
            if params is None:
                # params default might be backend specific.
                return self.cursor.execute(sql)
            else:
>               return self.cursor.execute(sql, params)
                       ^^^^^^^^^^^^^^^^^^^^^^^^^^^^^^^^

.venv/lib/python3.14/site-packages/django/db/backends/utils.py:105: 
_ _ _ _ _ _ _ _ _ _ _ _ _ _ _ _ _ _ _ _ _ _ _ _ _ _ _ _ _ _ _ _ _ _ _ _ _ _ _ _ 

self = <django.db.backends.postgresql.base.Cursor [closed] [IDLE] (host=qualification-db user=postgres database=test_qualification) at 0x7e6f36b9d470>
query = 'INSERT INTO "accounts_user" ("password", "last_login", "is_superuser", "id", "email", "first_name", "last_name", "is_staff", "is_active", "date_joined") VALUES (%s, %s, %s, %s, %s, %s, %s, %s, %s, %s)'
params = ('!Or6dAuyavM0phGmBGp7fTvYWvT5brNVrzVI8ZDnn', None, False, UUID('8f9639c0-5360-44f9-8c6e-ce1f92f7266d'), 'reports@example.com', '', ...)
prepare = None, binary = None

    def execute(
        self,
        query: Query,
        params: Params | None = None,
        *,
        prepare: bool | None = None,
        binary: bool | None = None,
    ) -> Self:
        """
        Execute a query or command to the database.
        """
        try:
            with self._conn.lock:
                self._conn.wait(
                    self._execute_gen(query, params, prepare=prepare, binary=binary)
                )
        except e._NO_TRACEBACK as ex:
>           raise ex.with_traceback(None)
E           psycopg.errors.UniqueViolation: duplicate key value violates unique constraint "accounts_user_email_key"
E           DETAIL:  Key (email)=(reports@example.com) already exists.

.venv/lib/python3.14/site-packages/psycopg/cursor.py:117: UniqueViolation

The above exception was the direct cause of the following exception:

client = <django.test.client.Client object at 0x7e6f35b136b0>

    @pytest.fixture
    def report_context(client):
>       user = get_user_model().objects.create_user("reports@example.com")
               ^^^^^^^^^^^^^^^^^^^^^^^^^^^^^^^^^^^^^^^^^^^^^^^^^^^^^^^^^^^

tests/conftest.py:174: 
_ _ _ _ _ _ _ _ _ _ _ _ _ _ _ _ _ _ _ _ _ _ _ _ _ _ _ _ _ _ _ _ _ _ _ _ _ _ _ _ 
apps/accounts/managers.py:29: in create_user
    user.save(using=self._db)
.venv/lib/python3.14/site-packages/django/contrib/auth/base_user.py:65: in save
    super().save(*args, **kwargs)
.venv/lib/python3.14/site-packages/django/db/models/base.py:902: in save
    self.save_base(
.venv/lib/python3.14/site-packages/django/db/models/base.py:1008: in save_base
    updated = self._save_table(
.venv/lib/python3.14/site-packages/django/db/models/base.py:1169: in _save_table
    results = self._do_insert(
.venv/lib/python3.14/site-packages/django/db/models/base.py:1210: in _do_insert
    return manager._insert(
.venv/lib/python3.14/site-packages/django/db/models/manager.py:87: in manager_method
    return getattr(self.get_queryset(), name)(*args, **kwargs)
           ^^^^^^^^^^^^^^^^^^^^^^^^^^^^^^^^^^^^^^^^^^^^^^^^^^^
.venv/lib/python3.14/site-packages/django/db/models/query.py:1873: in _insert
    return query.get_compiler(using=using).execute_sql(returning_fields)
           ^^^^^^^^^^^^^^^^^^^^^^^^^^^^^^^^^^^^^^^^^^^^^^^^^^^^^^^^^^^^^
.venv/lib/python3.14/site-packages/django/db/models/sql/compiler.py:1882: in execute_sql
    cursor.execute(sql, params)
.venv/lib/python3.14/site-packages/django/db/backends/utils.py:79: in execute
    return self._execute_with_wrappers(
.venv/lib/python3.14/site-packages/django/db/backends/utils.py:92: in _execute_with_wrappers
    return executor(sql, params, many, context)
           ^^^^^^^^^^^^^^^^^^^^^^^^^^^^^^^^^^^^
.venv/lib/python3.14/site-packages/django/db/backends/utils.py:100: in _execute
    with self.db.wrap_database_errors:
         ^^^^^^^^^^^^^^^^^^^^^^^^^^^^
.venv/lib/python3.14/site-packages/django/db/utils.py:91: in __exit__
    raise dj_exc_value.with_traceback(traceback) from exc_value
.venv/lib/python3.14/site-packages/django/db/backends/utils.py:105: in _execute
    return self.cursor.execute(sql, params)
           ^^^^^^^^^^^^^^^^^^^^^^^^^^^^^^^^
_ _ _ _ _ _ _ _ _ _ _ _ _ _ _ _ _ _ _ _ _ _ _ _ _ _ _ _ _ _ _ _ _ _ _ _ _ _ _ _ 

self = <django.db.backends.postgresql.base.Cursor [closed] [IDLE] (host=qualification-db user=postgres database=test_qualification) at 0x7e6f36b9d470>
query = 'INSERT INTO "accounts_user" ("password", "last_login", "is_superuser", "id", "email", "first_name", "last_name", "is_staff", "is_active", "date_joined") VALUES (%s, %s, %s, %s, %s, %s, %s, %s, %s, %s)'
params = ('!Or6dAuyavM0phGmBGp7fTvYWvT5brNVrzVI8ZDnn', None, False, UUID('8f9639c0-5360-44f9-8c6e-ce1f92f7266d'), 'reports@example.com', '', ...)
prepare = None, binary = None

    def execute(
        self,
        query: Query,
        params: Params | None = None,
        *,
        prepare: bool | None = None,
        binary: bool | None = None,
    ) -> Self:
        """
        Execute a query or command to the database.
        """
        try:
            with self._conn.lock:
                self._conn.wait(
                    self._execute_gen(query, params, prepare=prepare, binary=binary)
                )
        except e._NO_TRACEBACK as ex:
>           raise ex.with_traceback(None)
E           django.db.utils.IntegrityError: duplicate key value violates unique constraint "accounts_user_email_key"
E           DETAIL:  Key (email)=(reports@example.com) already exists.

.venv/lib/python3.14/site-packages/psycopg/cursor.py:117: IntegrityError
____ ERROR at teardown of test_server_manifest_cannot_be_supplied_by_caller ____

self = <django.db.backends.utils.CursorWrapper object at 0x7e6f35edb170>
sql = 'TRUNCATE "core_action_card_revisions", "review_capacity_reservations", "billing_subscription", "core_known_entities",... "report_artifacts", "billing_paid_coverage_authority", "audit_chain_heads", "inventory_items", "review_cycle_events";'
params = None
ignored_wrapper_args = (False, {'connection': <DatabaseWrapper vendor='postgresql' alias='default'>, 'cursor': <django.db.backends.utils.CursorWrapper object at 0x7e6f35edb170>})

    def _execute(self, sql, params, *ignored_wrapper_args):
        # Raise a warning during app initialization (stored_app_configs is only
        # ever set during testing).
        if not apps.ready and not apps.stored_app_configs:
            warnings.warn(self.APPS_NOT_READY_WARNING_MSG, category=RuntimeWarning)
        self.db.validate_no_broken_transaction()
        with self.db.wrap_database_errors:
            if params is None:
                # params default might be backend specific.
>               return self.cursor.execute(sql)
                       ^^^^^^^^^^^^^^^^^^^^^^^^

.venv/lib/python3.14/site-packages/django/db/backends/utils.py:103: 
_ _ _ _ _ _ _ _ _ _ _ _ _ _ _ _ _ _ _ _ _ _ _ _ _ _ _ _ _ _ _ _ _ _ _ _ _ _ _ _ 

self = <django.db.backends.postgresql.base.Cursor [closed] [IDLE] (host=qualification-db user=postgres database=test_qualification) at 0x7e6f36b9d2b0>
query = 'TRUNCATE "core_action_card_revisions", "review_capacity_reservations", "billing_subscription", "core_known_entities",... "report_artifacts", "billing_paid_coverage_authority", "audit_chain_heads", "inventory_items", "review_cycle_events";'
params = None, prepare = None, binary = None

    def execute(
        self,
        query: Query,
        params: Params | None = None,
        *,
        prepare: bool | None = None,
        binary: bool | None = None,
    ) -> Self:
        """
        Execute a query or command to the database.
        """
        try:
            with self._conn.lock:
                self._conn.wait(
                    self._execute_gen(query, params, prepare=prepare, binary=binary)
                )
        except e._NO_TRACEBACK as ex:
>           raise ex.with_traceback(None)
E           psycopg.errors.FeatureNotSupported: cannot truncate a table referenced in a foreign key constraint
E           DETAIL:  Table "billing_admission_receipt" references "billing_paid_coverage".
E           HINT:  Truncate table "billing_admission_receipt" at the same time, or use TRUNCATE ... CASCADE.

.venv/lib/python3.14/site-packages/psycopg/cursor.py:117: FeatureNotSupported

The above exception was the direct cause of the following exception:

self = <django.core.management.commands.flush.Command object at 0x7e6f35e53750>
options = {'verbosity': 0, 'settings': None, 'pythonpath': None, 'traceback': False, ...}

        def handle(self, **options):
            database = options["database"]
            connection = connections[database]
            verbosity = options["verbosity"]
            interactive = options["interactive"]
            # The following are stealth options used by Django's internals.
            reset_sequences = options.get("reset_sequences", True)
            allow_cascade = options.get("allow_cascade", False)
            inhibit_post_migrate = options.get("inhibit_post_migrate", False)
    
            self.style = no_style()
    
            # Import the 'management' module within each installed app, to register
            # dispatcher events.
            for app_config in apps.get_app_configs():
                try:
                    import_module(".management", app_config.name)
                except ImportError:
                    pass
    
            sql_list = sql_flush(
                self.style,
                connection,
                reset_sequences=reset_sequences,
                allow_cascade=allow_cascade,
            )
    
            if interactive:
                confirm = input("""You have requested a flush of the database.
    This will IRREVERSIBLY DESTROY all data currently in the "%s" database,
    and return each table to an empty state.
    Are you sure you want to do this?
    
        Type 'yes' to continue, or 'no' to cancel: """ % connection.settings_dict["NAME"])
            else:
                confirm = "yes"
    
            if confirm == "yes":
                try:
>                   connection.ops.execute_sql_flush(sql_list)

.venv/lib/python3.14/site-packages/django/core/management/commands/flush.py:71: 
_ _ _ _ _ _ _ _ _ _ _ _ _ _ _ _ _ _ _ _ _ _ _ _ _ _ _ _ _ _ _ _ _ _ _ _ _ _ _ _ 
.venv/lib/python3.14/site-packages/django/db/backends/base/operations.py:473: in execute_sql_flush
    cursor.execute(sql)
.venv/lib/python3.14/site-packages/django/db/backends/utils.py:79: in execute
    return self._execute_with_wrappers(
.venv/lib/python3.14/site-packages/django/db/backends/utils.py:92: in _execute_with_wrappers
    return executor(sql, params, many, context)
           ^^^^^^^^^^^^^^^^^^^^^^^^^^^^^^^^^^^^
.venv/lib/python3.14/site-packages/django/db/backends/utils.py:100: in _execute
    with self.db.wrap_database_errors:
         ^^^^^^^^^^^^^^^^^^^^^^^^^^^^
.venv/lib/python3.14/site-packages/django/db/utils.py:91: in __exit__
    raise dj_exc_value.with_traceback(traceback) from exc_value
.venv/lib/python3.14/site-packages/django/db/backends/utils.py:103: in _execute
    return self.cursor.execute(sql)
           ^^^^^^^^^^^^^^^^^^^^^^^^
_ _ _ _ _ _ _ _ _ _ _ _ _ _ _ _ _ _ _ _ _ _ _ _ _ _ _ _ _ _ _ _ _ _ _ _ _ _ _ _ 

self = <django.db.backends.postgresql.base.Cursor [closed] [IDLE] (host=qualification-db user=postgres database=test_qualification) at 0x7e6f36b9d2b0>
query = 'TRUNCATE "core_action_card_revisions", "review_capacity_reservations", "billing_subscription", "core_known_entities",... "report_artifacts", "billing_paid_coverage_authority", "audit_chain_heads", "inventory_items", "review_cycle_events";'
params = None, prepare = None, binary = None

    def execute(
        self,
        query: Query,
        params: Params | None = None,
        *,
        prepare: bool | None = None,
        binary: bool | None = None,
    ) -> Self:
        """
        Execute a query or command to the database.
        """
        try:
            with self._conn.lock:
                self._conn.wait(
                    self._execute_gen(query, params, prepare=prepare, binary=binary)
                )
        except e._NO_TRACEBACK as ex:
>           raise ex.with_traceback(None)
E           django.db.utils.NotSupportedError: cannot truncate a table referenced in a foreign key constraint
E           DETAIL:  Table "billing_admission_receipt" references "billing_paid_coverage".
E           HINT:  Truncate table "billing_admission_receipt" at the same time, or use TRUNCATE ... CASCADE.

.venv/lib/python3.14/site-packages/psycopg/cursor.py:117: NotSupportedError

The above exception was the direct cause of the following exception:

request = <SubRequest '_django_db_helper' for <Function test_server_manifest_cannot_be_supplied_by_caller>>
django_db_setup = None
django_db_blocker = <pytest_django.plugin.DjangoDbBlocker object at 0x7e6f3b5c9010>

    @pytest.fixture
    def _django_db_helper(
        request: pytest.FixtureRequest,
        django_db_setup: None,  # noqa: ARG001
        django_db_blocker: DjangoDbBlocker,
    ) -> Generator[None]:
        if is_django_unittest(request):
            yield
            return
    
        from django import VERSION
    
        marker = request.node.get_closest_marker("django_db")
        if marker:
            (
                transactional,
                reset_sequences,
                databases,
                serialized_rollback,
                available_apps,
            ) = validate_django_db(marker)
        else:
            (
                transactional,
                reset_sequences,
                databases,
                serialized_rollback,
                available_apps,
            ) = False, False, None, False, None
    
        transactional = (
            transactional
            or reset_sequences
            or ("transactional_db" in request.fixturenames or "live_server" in request.fixturenames)
        )
        reset_sequences = reset_sequences or ("django_db_reset_sequences" in request.fixturenames)
        serialized_rollback = serialized_rollback or (
            "django_db_serialized_rollback" in request.fixturenames
        )
    
        with django_db_blocker.unblock():
            import django.db
            import django.test
    
            if transactional:
                test_case_class = django.test.TransactionTestCase
            else:
                test_case_class = django.test.TestCase
    
            _reset_sequences = reset_sequences
            _serialized_rollback = serialized_rollback
            _databases = databases
            _available_apps = available_apps
    
            class PytestDjangoTestCase(test_case_class):  # type: ignore[misc,valid-type]
                reset_sequences = _reset_sequences
                serialized_rollback = _serialized_rollback
                if _databases is not None:
                    databases = _databases
                if _available_apps is not None:
                    available_apps = _available_apps
    
                # For non-transactional tests, skip executing `django.test.TestCase`'s
                # `setUpClass`/`tearDownClass`, only execute the super class ones.
                #
                # `TestCase`'s class setup manages the `setUpTestData`/class-level
                # transaction functionality. We don't use it; instead we (will) offer
                # our own alternatives. So it only adds overhead, and does some things
                # which conflict with our (planned) functionality, particularly, it
                # closes all database connections in `tearDownClass` which inhibits
                # wrapping tests in higher-scoped transactions.
                #
                # It's possible a new version of Django will add some unrelated
                # functionality to these methods, in which case skipping them completely
                # would not be desirable. Let's cross that bridge when we get there...
                if not transactional:
    
                    @classmethod
                    def setUpClass(cls) -> None:
                        super(django.test.TestCase, cls).setUpClass()
    
                    @classmethod
                    def tearDownClass(cls) -> None:
                        super(django.test.TestCase, cls).tearDownClass()
    
            PytestDjangoTestCase.setUpClass()
    
            test_case = PytestDjangoTestCase(methodName="__init__")
            if VERSION >= (6, 0):
                pre_setup_ran_eagerly = PytestDjangoTestCase._pre_setup_ran_eagerly
            else:
                pre_setup_ran_eagerly = getattr(PytestDjangoTestCase, "_pre_setup_ran_eagerly", False)
            if not pre_setup_ran_eagerly:
                # For a TransactionTestCase, setUpClass() has already run _pre_setup() and set
                # this flag to say so.
                test_case._pre_setup()
    
            yield
    
>           test_case._post_teardown()

.venv/lib/python3.14/site-packages/pytest_django/fixtures.py:305: 
_ _ _ _ _ _ _ _ _ _ _ _ _ _ _ _ _ _ _ _ _ _ _ _ _ _ _ _ _ _ _ _ _ _ _ _ _ _ _ _ 
.venv/lib/python3.14/site-packages/django/test/testcases.py:1231: in _post_teardown
    self._fixture_teardown()
.venv/lib/python3.14/site-packages/django/test/testcases.py:1266: in _fixture_teardown
    call_command(
.venv/lib/python3.14/site-packages/django/core/management/__init__.py:194: in call_command
    return command.execute(*args, **defaults)
           ^^^^^^^^^^^^^^^^^^^^^^^^^^^^^^^^^^
.venv/lib/python3.14/site-packages/django/core/management/base.py:464: in execute
    output = self.handle(*args, **options)
             ^^^^^^^^^^^^^^^^^^^^^^^^^^^^^
_ _ _ _ _ _ _ _ _ _ _ _ _ _ _ _ _ _ _ _ _ _ _ _ _ _ _ _ _ _ _ _ _ _ _ _ _ _ _ _ 

self = <django.core.management.commands.flush.Command object at 0x7e6f35e53750>
options = {'verbosity': 0, 'settings': None, 'pythonpath': None, 'traceback': False, ...}

        def handle(self, **options):
            database = options["database"]
            connection = connections[database]
            verbosity = options["verbosity"]
            interactive = options["interactive"]
            # The following are stealth options used by Django's internals.
            reset_sequences = options.get("reset_sequences", True)
            allow_cascade = options.get("allow_cascade", False)
            inhibit_post_migrate = options.get("inhibit_post_migrate", False)
    
            self.style = no_style()
    
            # Import the 'management' module within each installed app, to register
            # dispatcher events.
            for app_config in apps.get_app_configs():
                try:
                    import_module(".management", app_config.name)
                except ImportError:
                    pass
    
            sql_list = sql_flush(
                self.style,
                connection,
                reset_sequences=reset_sequences,
                allow_cascade=allow_cascade,
            )
    
            if interactive:
                confirm = input("""You have requested a flush of the database.
    This will IRREVERSIBLY DESTROY all data currently in the "%s" database,
    and return each table to an empty state.
    Are you sure you want to do this?
    
        Type 'yes' to continue, or 'no' to cancel: """ % connection.settings_dict["NAME"])
            else:
                confirm = "yes"
    
            if confirm == "yes":
                try:
                    connection.ops.execute_sql_flush(sql_list)
                except Exception as exc:
>                   raise CommandError(
                        "Database %s couldn't be flushed. Possible reasons:\n"
                        "  * The database isn't running or isn't configured correctly.\n"
                        "  * At least one of the expected database tables doesn't exist.\n"
                        "  * The SQL was invalid.\n"
                        "Hint: Look at the output of 'django-admin sqlflush'. "
                        "That's the SQL this command wasn't able to run."
                        % (connection.settings_dict["NAME"],)
                    ) from exc
E                   django.core.management.base.CommandError: Database test_qualification couldn't be flushed. Possible reasons:
E                     * The database isn't running or isn't configured correctly.
E                     * At least one of the expected database tables doesn't exist.
E                     * The SQL was invalid.
E                   Hint: Look at the output of 'django-admin sqlflush'. That's the SQL this command wasn't able to run.

.venv/lib/python3.14/site-packages/django/core/management/commands/flush.py:73: CommandError
_ ERROR at setup of test_reservation_has_no_timeout_or_arbitrary_release_interface _

self = <django.db.backends.utils.CursorWrapper object at 0x7e6f36377dd0>
sql = 'INSERT INTO "accounts_user" ("password", "last_login", "is_superuser", "id", "email", "first_name", "last_name", "is_staff", "is_active", "date_joined") VALUES (%s, %s, %s, %s, %s, %s, %s, %s, %s, %s)'
params = ('!Ngj82mCptzBvFuDQ0fKK1eH3N7dQuVJYa8bHfszb', None, False, UUID('638c7744-af60-400e-89f1-e450ac965f4f'), 'reports@example.com', '', ...)
ignored_wrapper_args = (False, {'connection': <DatabaseWrapper vendor='postgresql' alias='default'>, 'cursor': <django.db.backends.utils.CursorWrapper object at 0x7e6f36377dd0>})

    def _execute(self, sql, params, *ignored_wrapper_args):
        # Raise a warning during app initialization (stored_app_configs is only
        # ever set during testing).
        if not apps.ready and not apps.stored_app_configs:
            warnings.warn(self.APPS_NOT_READY_WARNING_MSG, category=RuntimeWarning)
        self.db.validate_no_broken_transaction()
        with self.db.wrap_database_errors:
            if params is None:
                # params default might be backend specific.
                return self.cursor.execute(sql)
            else:
>               return self.cursor.execute(sql, params)
                       ^^^^^^^^^^^^^^^^^^^^^^^^^^^^^^^^

.venv/lib/python3.14/site-packages/django/db/backends/utils.py:105: 
_ _ _ _ _ _ _ _ _ _ _ _ _ _ _ _ _ _ _ _ _ _ _ _ _ _ _ _ _ _ _ _ _ _ _ _ _ _ _ _ 

self = <django.db.backends.postgresql.base.Cursor [closed] [IDLE] (host=qualification-db user=postgres database=test_qualification) at 0x7e6f36b058d0>
query = 'INSERT INTO "accounts_user" ("password", "last_login", "is_superuser", "id", "email", "first_name", "last_name", "is_staff", "is_active", "date_joined") VALUES (%s, %s, %s, %s, %s, %s, %s, %s, %s, %s)'
params = ('!Ngj82mCptzBvFuDQ0fKK1eH3N7dQuVJYa8bHfszb', None, False, UUID('638c7744-af60-400e-89f1-e450ac965f4f'), 'reports@example.com', '', ...)
prepare = None, binary = None

    def execute(
        self,
        query: Query,
        params: Params | None = None,
        *,
        prepare: bool | None = None,
        binary: bool | None = None,
    ) -> Self:
        """
        Execute a query or command to the database.
        """
        try:
            with self._conn.lock:
                self._conn.wait(
                    self._execute_gen(query, params, prepare=prepare, binary=binary)
                )
        except e._NO_TRACEBACK as ex:
>           raise ex.with_traceback(None)
E           psycopg.errors.UniqueViolation: duplicate key value violates unique constraint "accounts_user_email_key"
E           DETAIL:  Key (email)=(reports@example.com) already exists.

.venv/lib/python3.14/site-packages/psycopg/cursor.py:117: UniqueViolation

The above exception was the direct cause of the following exception:

client = <django.test.client.Client object at 0x7e6f36ac8230>

    @pytest.fixture
    def report_context(client):
>       user = get_user_model().objects.create_user("reports@example.com")
               ^^^^^^^^^^^^^^^^^^^^^^^^^^^^^^^^^^^^^^^^^^^^^^^^^^^^^^^^^^^

tests/conftest.py:174: 
_ _ _ _ _ _ _ _ _ _ _ _ _ _ _ _ _ _ _ _ _ _ _ _ _ _ _ _ _ _ _ _ _ _ _ _ _ _ _ _ 
apps/accounts/managers.py:29: in create_user
    user.save(using=self._db)
.venv/lib/python3.14/site-packages/django/contrib/auth/base_user.py:65: in save
    super().save(*args, **kwargs)
.venv/lib/python3.14/site-packages/django/db/models/base.py:902: in save
    self.save_base(
.venv/lib/python3.14/site-packages/django/db/models/base.py:1008: in save_base
    updated = self._save_table(
.venv/lib/python3.14/site-packages/django/db/models/base.py:1169: in _save_table
    results = self._do_insert(
.venv/lib/python3.14/site-packages/django/db/models/base.py:1210: in _do_insert
    return manager._insert(
.venv/lib/python3.14/site-packages/django/db/models/manager.py:87: in manager_method
    return getattr(self.get_queryset(), name)(*args, **kwargs)
           ^^^^^^^^^^^^^^^^^^^^^^^^^^^^^^^^^^^^^^^^^^^^^^^^^^^
.venv/lib/python3.14/site-packages/django/db/models/query.py:1873: in _insert
    return query.get_compiler(using=using).execute_sql(returning_fields)
           ^^^^^^^^^^^^^^^^^^^^^^^^^^^^^^^^^^^^^^^^^^^^^^^^^^^^^^^^^^^^^
.venv/lib/python3.14/site-packages/django/db/models/sql/compiler.py:1882: in execute_sql
    cursor.execute(sql, params)
.venv/lib/python3.14/site-packages/django/db/backends/utils.py:79: in execute
    return self._execute_with_wrappers(
.venv/lib/python3.14/site-packages/django/db/backends/utils.py:92: in _execute_with_wrappers
    return executor(sql, params, many, context)
           ^^^^^^^^^^^^^^^^^^^^^^^^^^^^^^^^^^^^
.venv/lib/python3.14/site-packages/django/db/backends/utils.py:100: in _execute
    with self.db.wrap_database_errors:
         ^^^^^^^^^^^^^^^^^^^^^^^^^^^^
.venv/lib/python3.14/site-packages/django/db/utils.py:91: in __exit__
    raise dj_exc_value.with_traceback(traceback) from exc_value
.venv/lib/python3.14/site-packages/django/db/backends/utils.py:105: in _execute
    return self.cursor.execute(sql, params)
           ^^^^^^^^^^^^^^^^^^^^^^^^^^^^^^^^
_ _ _ _ _ _ _ _ _ _ _ _ _ _ _ _ _ _ _ _ _ _ _ _ _ _ _ _ _ _ _ _ _ _ _ _ _ _ _ _ 

self = <django.db.backends.postgresql.base.Cursor [closed] [IDLE] (host=qualification-db user=postgres database=test_qualification) at 0x7e6f36b058d0>
query = 'INSERT INTO "accounts_user" ("password", "last_login", "is_superuser", "id", "email", "first_name", "last_name", "is_staff", "is_active", "date_joined") VALUES (%s, %s, %s, %s, %s, %s, %s, %s, %s, %s)'
params = ('!Ngj82mCptzBvFuDQ0fKK1eH3N7dQuVJYa8bHfszb', None, False, UUID('638c7744-af60-400e-89f1-e450ac965f4f'), 'reports@example.com', '', ...)
prepare = None, binary = None

    def execute(
        self,
        query: Query,
        params: Params | None = None,
        *,
        prepare: bool | None = None,
        binary: bool | None = None,
    ) -> Self:
        """
        Execute a query or command to the database.
        """
        try:
            with self._conn.lock:
                self._conn.wait(
                    self._execute_gen(query, params, prepare=prepare, binary=binary)
                )
        except e._NO_TRACEBACK as ex:
>           raise ex.with_traceback(None)
E           django.db.utils.IntegrityError: duplicate key value violates unique constraint "accounts_user_email_key"
E           DETAIL:  Key (email)=(reports@example.com) already exists.

.venv/lib/python3.14/site-packages/psycopg/cursor.py:117: IntegrityError
_ ERROR at teardown of test_reservation_has_no_timeout_or_arbitrary_release_interface _

self = <django.db.backends.utils.CursorWrapper object at 0x7e6f363e9b50>
sql = 'TRUNCATE "core_action_card_revisions", "review_capacity_reservations", "billing_subscription", "core_known_entities",... "report_artifacts", "billing_paid_coverage_authority", "audit_chain_heads", "inventory_items", "review_cycle_events";'
params = None
ignored_wrapper_args = (False, {'connection': <DatabaseWrapper vendor='postgresql' alias='default'>, 'cursor': <django.db.backends.utils.CursorWrapper object at 0x7e6f363e9b50>})

    def _execute(self, sql, params, *ignored_wrapper_args):
        # Raise a warning during app initialization (stored_app_configs is only
        # ever set during testing).
        if not apps.ready and not apps.stored_app_configs:
            warnings.warn(self.APPS_NOT_READY_WARNING_MSG, category=RuntimeWarning)
        self.db.validate_no_broken_transaction()
        with self.db.wrap_database_errors:
            if params is None:
                # params default might be backend specific.
>               return self.cursor.execute(sql)
                       ^^^^^^^^^^^^^^^^^^^^^^^^

.venv/lib/python3.14/site-packages/django/db/backends/utils.py:103: 
_ _ _ _ _ _ _ _ _ _ _ _ _ _ _ _ _ _ _ _ _ _ _ _ _ _ _ _ _ _ _ _ _ _ _ _ _ _ _ _ 

self = <django.db.backends.postgresql.base.Cursor [closed] [BAD] at 0x7e6f36b043d0>
query = 'TRUNCATE "core_action_card_revisions", "review_capacity_reservations", "billing_subscription", "core_known_entities",... "report_artifacts", "billing_paid_coverage_authority", "audit_chain_heads", "inventory_items", "review_cycle_events";'
params = None, prepare = None, binary = None

    def execute(
        self,
        query: Query,
        params: Params | None = None,
        *,
        prepare: bool | None = None,
        binary: bool | None = None,
    ) -> Self:
        """
        Execute a query or command to the database.
        """
        try:
            with self._conn.lock:
                self._conn.wait(
                    self._execute_gen(query, params, prepare=prepare, binary=binary)
                )
        except e._NO_TRACEBACK as ex:
>           raise ex.with_traceback(None)
E           psycopg.errors.FeatureNotSupported: cannot truncate a table referenced in a foreign key constraint
E           DETAIL:  Table "billing_admission_receipt" references "billing_paid_coverage".
E           HINT:  Truncate table "billing_admission_receipt" at the same time, or use TRUNCATE ... CASCADE.

.venv/lib/python3.14/site-packages/psycopg/cursor.py:117: FeatureNotSupported

The above exception was the direct cause of the following exception:

self = <django.core.management.commands.flush.Command object at 0x7e6f363f4550>
options = {'verbosity': 0, 'settings': None, 'pythonpath': None, 'traceback': False, ...}

        def handle(self, **options):
            database = options["database"]
            connection = connections[database]
            verbosity = options["verbosity"]
            interactive = options["interactive"]
            # The following are stealth options used by Django's internals.
            reset_sequences = options.get("reset_sequences", True)
            allow_cascade = options.get("allow_cascade", False)
            inhibit_post_migrate = options.get("inhibit_post_migrate", False)
    
            self.style = no_style()
    
            # Import the 'management' module within each installed app, to register
            # dispatcher events.
            for app_config in apps.get_app_configs():
                try:
                    import_module(".management", app_config.name)
                except ImportError:
                    pass
    
            sql_list = sql_flush(
                self.style,
                connection,
                reset_sequences=reset_sequences,
                allow_cascade=allow_cascade,
            )
    
            if interactive:
                confirm = input("""You have requested a flush of the database.
    This will IRREVERSIBLY DESTROY all data currently in the "%s" database,
    and return each table to an empty state.
    Are you sure you want to do this?
    
        Type 'yes' to continue, or 'no' to cancel: """ % connection.settings_dict["NAME"])
            else:
                confirm = "yes"
    
            if confirm == "yes":
                try:
>                   connection.ops.execute_sql_flush(sql_list)

.venv/lib/python3.14/site-packages/django/core/management/commands/flush.py:71: 
_ _ _ _ _ _ _ _ _ _ _ _ _ _ _ _ _ _ _ _ _ _ _ _ _ _ _ _ _ _ _ _ _ _ _ _ _ _ _ _ 
.venv/lib/python3.14/site-packages/django/db/backends/base/operations.py:473: in execute_sql_flush
    cursor.execute(sql)
.venv/lib/python3.14/site-packages/django/db/backends/utils.py:79: in execute
    return self._execute_with_wrappers(
.venv/lib/python3.14/site-packages/django/db/backends/utils.py:92: in _execute_with_wrappers
    return executor(sql, params, many, context)
           ^^^^^^^^^^^^^^^^^^^^^^^^^^^^^^^^^^^^
.venv/lib/python3.14/site-packages/django/db/backends/utils.py:100: in _execute
    with self.db.wrap_database_errors:
         ^^^^^^^^^^^^^^^^^^^^^^^^^^^^
.venv/lib/python3.14/site-packages/django/db/utils.py:91: in __exit__
    raise dj_exc_value.with_traceback(traceback) from exc_value
.venv/lib/python3.14/site-packages/django/db/backends/utils.py:103: in _execute
    return self.cursor.execute(sql)
           ^^^^^^^^^^^^^^^^^^^^^^^^
_ _ _ _ _ _ _ _ _ _ _ _ _ _ _ _ _ _ _ _ _ _ _ _ _ _ _ _ _ _ _ _ _ _ _ _ _ _ _ _ 

self = <django.db.backends.postgresql.base.Cursor [closed] [BAD] at 0x7e6f36b043d0>
query = 'TRUNCATE "core_action_card_revisions", "review_capacity_reservations", "billing_subscription", "core_known_entities",... "report_artifacts", "billing_paid_coverage_authority", "audit_chain_heads", "inventory_items", "review_cycle_events";'
params = None, prepare = None, binary = None

    def execute(
        self,
        query: Query,
        params: Params | None = None,
        *,
        prepare: bool | None = None,
        binary: bool | None = None,
    ) -> Self:
        """
        Execute a query or command to the database.
        """
        try:
            with self._conn.lock:
                self._conn.wait(
                    self._execute_gen(query, params, prepare=prepare, binary=binary)
                )
        except e._NO_TRACEBACK as ex:
>           raise ex.with_traceback(None)
E           django.db.utils.NotSupportedError: cannot truncate a table referenced in a foreign key constraint
E           DETAIL:  Table "billing_admission_receipt" references "billing_paid_coverage".
E           HINT:  Truncate table "billing_admission_receipt" at the same time, or use TRUNCATE ... CASCADE.

.venv/lib/python3.14/site-packages/psycopg/cursor.py:117: NotSupportedError

The above exception was the direct cause of the following exception:

request = <SubRequest '_django_db_helper' for <Function test_reservation_has_no_timeout_or_arbitrary_release_interface>>
django_db_setup = None
django_db_blocker = <pytest_django.plugin.DjangoDbBlocker object at 0x7e6f3b5c9010>

    @pytest.fixture
    def _django_db_helper(
        request: pytest.FixtureRequest,
        django_db_setup: None,  # noqa: ARG001
        django_db_blocker: DjangoDbBlocker,
    ) -> Generator[None]:
        if is_django_unittest(request):
            yield
            return
    
        from django import VERSION
    
        marker = request.node.get_closest_marker("django_db")
        if marker:
            (
                transactional,
                reset_sequences,
                databases,
                serialized_rollback,
                available_apps,
            ) = validate_django_db(marker)
        else:
            (
                transactional,
                reset_sequences,
                databases,
                serialized_rollback,
                available_apps,
            ) = False, False, None, False, None
    
        transactional = (
            transactional
            or reset_sequences
            or ("transactional_db" in request.fixturenames or "live_server" in request.fixturenames)
        )
        reset_sequences = reset_sequences or ("django_db_reset_sequences" in request.fixturenames)
        serialized_rollback = serialized_rollback or (
            "django_db_serialized_rollback" in request.fixturenames
        )
    
        with django_db_blocker.unblock():
            import django.db
            import django.test
    
            if transactional:
                test_case_class = django.test.TransactionTestCase
            else:
                test_case_class = django.test.TestCase
    
            _reset_sequences = reset_sequences
            _serialized_rollback = serialized_rollback
            _databases = databases
            _available_apps = available_apps
    
            class PytestDjangoTestCase(test_case_class):  # type: ignore[misc,valid-type]
                reset_sequences = _reset_sequences
                serialized_rollback = _serialized_rollback
                if _databases is not None:
                    databases = _databases
                if _available_apps is not None:
                    available_apps = _available_apps
    
                # For non-transactional tests, skip executing `django.test.TestCase`'s
                # `setUpClass`/`tearDownClass`, only execute the super class ones.
                #
                # `TestCase`'s class setup manages the `setUpTestData`/class-level
                # transaction functionality. We don't use it; instead we (will) offer
                # our own alternatives. So it only adds overhead, and does some things
                # which conflict with our (planned) functionality, particularly, it
                # closes all database connections in `tearDownClass` which inhibits
                # wrapping tests in higher-scoped transactions.
                #
                # It's possible a new version of Django will add some unrelated
                # functionality to these methods, in which case skipping them completely
                # would not be desirable. Let's cross that bridge when we get there...
                if not transactional:
    
                    @classmethod
                    def setUpClass(cls) -> None:
                        super(django.test.TestCase, cls).setUpClass()
    
                    @classmethod
                    def tearDownClass(cls) -> None:
                        super(django.test.TestCase, cls).tearDownClass()
    
            PytestDjangoTestCase.setUpClass()
    
            test_case = PytestDjangoTestCase(methodName="__init__")
            if VERSION >= (6, 0):
                pre_setup_ran_eagerly = PytestDjangoTestCase._pre_setup_ran_eagerly
            else:
                pre_setup_ran_eagerly = getattr(PytestDjangoTestCase, "_pre_setup_ran_eagerly", False)
            if not pre_setup_ran_eagerly:
                # For a TransactionTestCase, setUpClass() has already run _pre_setup() and set
                # this flag to say so.
                test_case._pre_setup()
    
            yield
    
>           test_case._post_teardown()

.venv/lib/python3.14/site-packages/pytest_django/fixtures.py:305: 
_ _ _ _ _ _ _ _ _ _ _ _ _ _ _ _ _ _ _ _ _ _ _ _ _ _ _ _ _ _ _ _ _ _ _ _ _ _ _ _ 
.venv/lib/python3.14/site-packages/django/test/testcases.py:1231: in _post_teardown
    self._fixture_teardown()
.venv/lib/python3.14/site-packages/django/test/testcases.py:1266: in _fixture_teardown
    call_command(
.venv/lib/python3.14/site-packages/django/core/management/__init__.py:194: in call_command
    return command.execute(*args, **defaults)
           ^^^^^^^^^^^^^^^^^^^^^^^^^^^^^^^^^^
.venv/lib/python3.14/site-packages/django/core/management/base.py:464: in execute
    output = self.handle(*args, **options)
             ^^^^^^^^^^^^^^^^^^^^^^^^^^^^^
_ _ _ _ _ _ _ _ _ _ _ _ _ _ _ _ _ _ _ _ _ _ _ _ _ _ _ _ _ _ _ _ _ _ _ _ _ _ _ _ 

self = <django.core.management.commands.flush.Command object at 0x7e6f363f4550>
options = {'verbosity': 0, 'settings': None, 'pythonpath': None, 'traceback': False, ...}

        def handle(self, **options):
            database = options["database"]
            connection = connections[database]
            verbosity = options["verbosity"]
            interactive = options["interactive"]
            # The following are stealth options used by Django's internals.
            reset_sequences = options.get("reset_sequences", True)
            allow_cascade = options.get("allow_cascade", False)
            inhibit_post_migrate = options.get("inhibit_post_migrate", False)
    
            self.style = no_style()
    
            # Import the 'management' module within each installed app, to register
            # dispatcher events.
            for app_config in apps.get_app_configs():
                try:
                    import_module(".management", app_config.name)
                except ImportError:
                    pass
    
            sql_list = sql_flush(
                self.style,
                connection,
                reset_sequences=reset_sequences,
                allow_cascade=allow_cascade,
            )
    
            if interactive:
                confirm = input("""You have requested a flush of the database.
    This will IRREVERSIBLY DESTROY all data currently in the "%s" database,
    and return each table to an empty state.
    Are you sure you want to do this?
    
        Type 'yes' to continue, or 'no' to cancel: """ % connection.settings_dict["NAME"])
            else:
                confirm = "yes"
    
            if confirm == "yes":
                try:
                    connection.ops.execute_sql_flush(sql_list)
                except Exception as exc:
>                   raise CommandError(
                        "Database %s couldn't be flushed. Possible reasons:\n"
                        "  * The database isn't running or isn't configured correctly.\n"
                        "  * At least one of the expected database tables doesn't exist.\n"
                        "  * The SQL was invalid.\n"
                        "Hint: Look at the output of 'django-admin sqlflush'. "
                        "That's the SQL this command wasn't able to run."
                        % (connection.settings_dict["NAME"],)
                    ) from exc
E                   django.core.management.base.CommandError: Database test_qualification couldn't be flushed. Possible reasons:
E                     * The database isn't running or isn't configured correctly.
E                     * At least one of the expected database tables doesn't exist.
E                     * The SQL was invalid.
E                   Hint: Look at the output of 'django-admin sqlflush'. That's the SQL this command wasn't able to run.

.venv/lib/python3.14/site-packages/django/core/management/commands/flush.py:73: CommandError
=============================== warnings summary ===============================
tests/test_review_cycle_authority.py::test_reservation_has_no_timeout_or_arbitrary_release_interface
  /app:0: PytestWarning: Error when trying to teardown test databases: OperationalError('database "test_qualification" is being accessed by other users\nDETAIL:  There are 2 other sessions using the database.')

-- Docs: https://docs.pytest.org/en/stable/how-to/capture-warnings.html
=========================== short test summary info ============================
ERROR tests/test_review_cycle_authority.py::test_initial_freeze_is_atomic_immutable_and_honest_about_empty_decisions
ERROR tests/test_review_cycle_authority.py::test_app_raw_admission_and_mutation_are_denied[review_cycles]
ERROR tests/test_review_cycle_authority.py::test_app_raw_admission_and_mutation_are_denied[review_cycles]
ERROR tests/test_review_cycle_authority.py::test_app_raw_admission_and_mutation_are_denied[review_cycle_events]
ERROR tests/test_review_cycle_authority.py::test_app_raw_admission_and_mutation_are_denied[review_cycle_events]
ERROR tests/test_review_cycle_authority.py::test_app_raw_admission_and_mutation_are_denied[review_pack_identities]
ERROR tests/test_review_cycle_authority.py::test_app_raw_admission_and_mutation_are_denied[review_pack_identities]
ERROR tests/test_review_cycle_authority.py::test_app_raw_admission_and_mutation_are_denied[review_capacity_reservations]
ERROR tests/test_review_cycle_authority.py::test_app_raw_admission_and_mutation_are_denied[review_capacity_reservations]
ERROR tests/test_review_cycle_authority.py::test_app_raw_admission_and_mutation_are_denied[review_reservation_events]
ERROR tests/test_review_cycle_authority.py::test_app_raw_admission_and_mutation_are_denied[review_reservation_events]
ERROR tests/test_review_cycle_authority.py::test_worker_has_no_review_table_access[review_cycles]
ERROR tests/test_review_cycle_authority.py::test_worker_has_no_review_table_access[review_cycle_events]
ERROR tests/test_review_cycle_authority.py::test_worker_has_no_review_table_access[review_pack_identities]
ERROR tests/test_review_cycle_authority.py::test_worker_has_no_review_table_access[review_capacity_reservations]
ERROR tests/test_review_cycle_authority.py::test_worker_has_no_review_table_access[review_reservation_events]
ERROR tests/test_review_cycle_authority.py::test_owner_role_in_another_workspace_does_not_authorize_review_reads
ERROR tests/test_review_cycle_authority.py::test_owner_role_in_another_workspace_does_not_authorize_review_reads
ERROR tests/test_review_cycle_authority.py::test_unadmitted_billing_authority_blocks_freeze_without_partial_events
ERROR tests/test_review_cycle_authority.py::test_unadmitted_billing_authority_blocks_freeze_without_partial_events
ERROR tests/test_review_cycle_authority.py::test_pause_fences_freeze_and_keeps_open_identity
ERROR tests/test_review_cycle_authority.py::test_pause_fences_freeze_and_keeps_open_identity
ERROR tests/test_review_cycle_authority.py::test_one_open_and_one_frozen_pending_are_enforced
ERROR tests/test_review_cycle_authority.py::test_one_open_and_one_frozen_pending_are_enforced
ERROR tests/test_review_cycle_authority.py::test_revision_cas_rejects_aliases_and_stale_state[0]
ERROR tests/test_review_cycle_authority.py::test_revision_cas_rejects_aliases_and_stale_state[0]
ERROR tests/test_review_cycle_authority.py::test_revision_cas_rejects_aliases_and_stale_state[2]
ERROR tests/test_review_cycle_authority.py::test_revision_cas_rejects_aliases_and_stale_state[2]
ERROR tests/test_review_cycle_authority.py::test_revision_cas_rejects_aliases_and_stale_state[3]
ERROR tests/test_review_cycle_authority.py::test_revision_cas_rejects_aliases_and_stale_state[3]
ERROR tests/test_review_cycle_authority.py::test_revision_cas_rejects_aliases_and_stale_state[True]
ERROR tests/test_review_cycle_authority.py::test_revision_cas_rejects_aliases_and_stale_state[True]
ERROR tests/test_review_cycle_authority.py::test_revision_cas_rejects_aliases_and_stale_state[1]
ERROR tests/test_review_cycle_authority.py::test_revision_cas_rejects_aliases_and_stale_state[1]
ERROR tests/test_review_cycle_authority.py::test_revision_cas_rejects_aliases_and_stale_state[None]
ERROR tests/test_review_cycle_authority.py::test_revision_cas_rejects_aliases_and_stale_state[None]
ERROR tests/test_review_cycle_authority.py::test_baseline_promotion_is_explicitly_not_admitted
ERROR tests/test_review_cycle_authority.py::test_baseline_promotion_is_explicitly_not_admitted
ERROR tests/test_review_cycle_authority.py::test_server_manifest_cannot_be_supplied_by_caller
ERROR tests/test_review_cycle_authority.py::test_server_manifest_cannot_be_supplied_by_caller
ERROR tests/test_review_cycle_authority.py::test_reservation_has_no_timeout_or_arbitrary_release_interface
ERROR tests/test_review_cycle_authority.py::test_reservation_has_no_timeout_or_arbitrary_release_interface
6 passed, 1 warning, 42 errors in 25.89s
