Operations to perform:
  Apply all migrations: accounts, assessments, audit, auth, billing, catalog, contenttypes, imports, integrations, inventory, jobs, organizations, policies, reports, reviews, sessions
Running migrations:
  Applying contenttypes.0001_initial... OK
  Applying contenttypes.0002_remove_content_type_name... OK
  Applying auth.0001_initial... OK
  Applying auth.0002_alter_permission_name_max_length... OK
  Applying auth.0003_alter_user_email_max_length... OK
  Applying auth.0004_alter_user_username_opts... OK
  Applying auth.0005_alter_user_last_login_null... OK
  Applying auth.0006_require_contenttypes_0002... OK
  Applying auth.0007_alter_validators_add_error_messages... OK
  Applying auth.0008_alter_user_username_max_length... OK
  Applying auth.0009_alter_user_last_name_max_length... OK
  Applying auth.0010_alter_group_name_max_length... OK
  Applying auth.0011_update_proxy_permissions... OK
  Applying auth.0012_alter_user_first_name_max_length... OK
  Applying accounts.0001_initial... OK
  Applying sessions.0001_initial... OK
  Applying organizations.0001_initial... OK
  Applying inventory.0001_initial... OK
  Applying inventory.0002_database_security... OK
  Applying catalog.0001_initial... OK
  Applying inventory.0003_remove_inventoryitem_product_id_and_more... OK
  Applying assessments.0001_initial... OK
  Applying assessments.0002_snapshot_security... OK
  Applying audit.0001_initial... OK
  Applying audit.0002_audit_security... OK
  Applying reports.0001_initial... OK
  Applying reports.0002_report_security... OK
  Applying reports.0003_reportartifact... OK
  Applying reports.0004_reportartifact_security... OK
  Applying organizations.0002_public_onboarding... OK
  Applying organizations.0003_workflow_profile... OK
  Applying jobs.0001_initial... OK
  Applying jobs.0002_job_security... OK
  Applying jobs.0003_recovery_receipts... OK
  Applying jobs.0004_receipt_admission... OK
  Applying jobs.0005_atomic_recovery_admission... OK
  Applying jobs.0006_corecontrol_workflowschedule_actioncardrevision_and_more... OK
  Applying jobs.0007_core_workflow_security... OK
  Applying jobs.0008_worker_transition_authority... OK
  Applying billing.0001_initial... OK
  Applying billing.0002_stripewebhookevent... OK
  Applying billing.0003_founderslot... OK
  Applying billing.0004_founderslot_reservation_token... OK
  Applying billing.0005_billing_security... OK
  Applying jobs.0009_core_issuance_authority... OK
  Applying jobs.0010_job_input_admission... OK
  Applying jobs.0011_action_card_issuance... OK
  Applying jobs.0012_core_authority_successor... OK
  Applying billing.0006_paid_coverage... OK
  Applying billing.0007_ingester_effects... OK
  Applying catalog.0002_catalog_security... OK
  Applying imports.0001_initial... OK
  Applying imports.0002_import_staging_security... OK
  Applying integrations.0001_initial... OK
  Applying integrations.0002_providerconnection_providerattempt_providerevent_and_more... OK
  Applying inventory.0004_discovery_evidence... OK
  Applying inventory.0005_discovery_security... OK
  Applying inventory.0006_detectionevidence_inventory_item_and_more... OK
  Applying inventory.0007_inventoryitem_declared_fields... OK
  Applying jobs.0013_paid_entitlement... OK
  Applying policies.0001_initial... OK
  Applying policies.0002_organization_rule_security... OK
  Applying policies.0003_remove_organizationrule_unique_organization_rule_name_and_more... OK
  Applying reviews.0001_initial... OK
.EEEEEEEEEEE.E.E.E.E.EEEEEEEEEEEEEEEEEEEEEEEEEEEEEEEEEEEEE               [100%]
==================================== ERRORS ====================================
_ ERROR at teardown of test_initial_freeze_is_atomic_immutable_and_honest_about_empty_decisions _

self = <django.db.backends.utils.CursorWrapper object at 0x7d8c52982330>
sql = 'TRUNCATE "auth_group_permissions", "core_known_entities", "core_health_controls", "billing_stripewebhookevent", "acco...zationmember", "report_artifacts", "integrations_providerconnection", "integrations_providerevent", "catalog_product";'
params = None
ignored_wrapper_args = (False, {'connection': <DatabaseWrapper vendor='postgresql' alias='default'>, 'cursor': <django.db.backends.utils.CursorWrapper object at 0x7d8c52982330>})

    def _execute(self, sql, params, *ignored_wrapper_args):
        # Raise a warning during app initialization (stored_app_configs is only
        # ever set during testing).
        if not apps.ready and not apps.stored_app_configs:
            warnings.warn(self.APPS_NOT_READY_WARNING_MSG, category=RuntimeWarning)
        self.db.validate_no_broken_transaction()
        with self.db.wrap_database_errors:
            if params is None:
                # params default might be backend specific.
>               return self.cursor.execute(sql)
                       ^^^^^^^^^^^^^^^^^^^^^^^^

.venv/lib/python3.14/site-packages/django/db/backends/utils.py:103: 
_ _ _ _ _ _ _ _ _ _ _ _ _ _ _ _ _ _ _ _ _ _ _ _ _ _ _ _ _ _ _ _ _ _ _ _ _ _ _ _ 

self = <django.db.backends.postgresql.base.Cursor [closed] [IDLE] (host=qualification-db user=postgres database=test_qualification) at 0x7d8c538a1ef0>
query = 'TRUNCATE "auth_group_permissions", "core_known_entities", "core_health_controls", "billing_stripewebhookevent", "acco...zationmember", "report_artifacts", "integrations_providerconnection", "integrations_providerevent", "catalog_product";'
params = None, prepare = None, binary = None

    def execute(
        self,
        query: Query,
        params: Params | None = None,
        *,
        prepare: bool | None = None,
        binary: bool | None = None,
    ) -> Self:
        """
        Execute a query or command to the database.
        """
        try:
            with self._conn.lock:
                self._conn.wait(
                    self._execute_gen(query, params, prepare=prepare, binary=binary)
                )
        except e._NO_TRACEBACK as ex:
>           raise ex.with_traceback(None)
E           psycopg.errors.FeatureNotSupported: cannot truncate a table referenced in a foreign key constraint
E           DETAIL:  Table "billing_admission_receipt" references "billing_paid_coverage".
E           HINT:  Truncate table "billing_admission_receipt" at the same time, or use TRUNCATE ... CASCADE.

.venv/lib/python3.14/site-packages/psycopg/cursor.py:117: FeatureNotSupported

The above exception was the direct cause of the following exception:

self = <django.core.management.commands.flush.Command object at 0x7d8c53591160>
options = {'verbosity': 0, 'settings': None, 'pythonpath': None, 'traceback': False, ...}

        def handle(self, **options):
            database = options["database"]
            connection = connections[database]
            verbosity = options["verbosity"]
            interactive = options["interactive"]
            # The following are stealth options used by Django's internals.
            reset_sequences = options.get("reset_sequences", True)
            allow_cascade = options.get("allow_cascade", False)
            inhibit_post_migrate = options.get("inhibit_post_migrate", False)
    
            self.style = no_style()
    
            # Import the 'management' module within each installed app, to register
            # dispatcher events.
            for app_config in apps.get_app_configs():
                try:
                    import_module(".management", app_config.name)
                except ImportError:
                    pass
    
            sql_list = sql_flush(
                self.style,
                connection,
                reset_sequences=reset_sequences,
                allow_cascade=allow_cascade,
            )
    
            if interactive:
                confirm = input("""You have requested a flush of the database.
    This will IRREVERSIBLY DESTROY all data currently in the "%s" database,
    and return each table to an empty state.
    Are you sure you want to do this?
    
        Type 'yes' to continue, or 'no' to cancel: """ % connection.settings_dict["NAME"])
            else:
                confirm = "yes"
    
            if confirm == "yes":
                try:
>                   connection.ops.execute_sql_flush(sql_list)

.venv/lib/python3.14/site-packages/django/core/management/commands/flush.py:71: 
_ _ _ _ _ _ _ _ _ _ _ _ _ _ _ _ _ _ _ _ _ _ _ _ _ _ _ _ _ _ _ _ _ _ _ _ _ _ _ _ 
.venv/lib/python3.14/site-packages/django/db/backends/base/operations.py:473: in execute_sql_flush
    cursor.execute(sql)
.venv/lib/python3.14/site-packages/django/db/backends/utils.py:79: in execute
    return self._execute_with_wrappers(
.venv/lib/python3.14/site-packages/django/db/backends/utils.py:92: in _execute_with_wrappers
    return executor(sql, params, many, context)
           ^^^^^^^^^^^^^^^^^^^^^^^^^^^^^^^^^^^^
.venv/lib/python3.14/site-packages/django/db/backends/utils.py:100: in _execute
    with self.db.wrap_database_errors:
         ^^^^^^^^^^^^^^^^^^^^^^^^^^^^
.venv/lib/python3.14/site-packages/django/db/utils.py:91: in __exit__
    raise dj_exc_value.with_traceback(traceback) from exc_value
.venv/lib/python3.14/site-packages/django/db/backends/utils.py:103: in _execute
    return self.cursor.execute(sql)
           ^^^^^^^^^^^^^^^^^^^^^^^^
_ _ _ _ _ _ _ _ _ _ _ _ _ _ _ _ _ _ _ _ _ _ _ _ _ _ _ _ _ _ _ _ _ _ _ _ _ _ _ _ 

self = <django.db.backends.postgresql.base.Cursor [closed] [IDLE] (host=qualification-db user=postgres database=test_qualification) at 0x7d8c538a1ef0>
query = 'TRUNCATE "auth_group_permissions", "core_known_entities", "core_health_controls", "billing_stripewebhookevent", "acco...zationmember", "report_artifacts", "integrations_providerconnection", "integrations_providerevent", "catalog_product";'
params = None, prepare = None, binary = None

    def execute(
        self,
        query: Query,
        params: Params | None = None,
        *,
        prepare: bool | None = None,
        binary: bool | None = None,
    ) -> Self:
        """
        Execute a query or command to the database.
        """
        try:
            with self._conn.lock:
                self._conn.wait(
                    self._execute_gen(query, params, prepare=prepare, binary=binary)
                )
        except e._NO_TRACEBACK as ex:
>           raise ex.with_traceback(None)
E           django.db.utils.NotSupportedError: cannot truncate a table referenced in a foreign key constraint
E           DETAIL:  Table "billing_admission_receipt" references "billing_paid_coverage".
E           HINT:  Truncate table "billing_admission_receipt" at the same time, or use TRUNCATE ... CASCADE.

.venv/lib/python3.14/site-packages/psycopg/cursor.py:117: NotSupportedError

The above exception was the direct cause of the following exception:

request = <SubRequest '_django_db_helper' for <Function test_initial_freeze_is_atomic_immutable_and_honest_about_empty_decisions>>
django_db_setup = None
django_db_blocker = <pytest_django.plugin.DjangoDbBlocker object at 0x7d8c58045010>

    @pytest.fixture
    def _django_db_helper(
        request: pytest.FixtureRequest,
        django_db_setup: None,  # noqa: ARG001
        django_db_blocker: DjangoDbBlocker,
    ) -> Generator[None]:
        if is_django_unittest(request):
            yield
            return
    
        from django import VERSION
    
        marker = request.node.get_closest_marker("django_db")
        if marker:
            (
                transactional,
                reset_sequences,
                databases,
                serialized_rollback,
                available_apps,
            ) = validate_django_db(marker)
        else:
            (
                transactional,
                reset_sequences,
                databases,
                serialized_rollback,
                available_apps,
            ) = False, False, None, False, None
    
        transactional = (
            transactional
            or reset_sequences
            or ("transactional_db" in request.fixturenames or "live_server" in request.fixturenames)
        )
        reset_sequences = reset_sequences or ("django_db_reset_sequences" in request.fixturenames)
        serialized_rollback = serialized_rollback or (
            "django_db_serialized_rollback" in request.fixturenames
        )
    
        with django_db_blocker.unblock():
            import django.db
            import django.test
    
            if transactional:
                test_case_class = django.test.TransactionTestCase
            else:
                test_case_class = django.test.TestCase
    
            _reset_sequences = reset_sequences
            _serialized_rollback = serialized_rollback
            _databases = databases
            _available_apps = available_apps
    
            class PytestDjangoTestCase(test_case_class):  # type: ignore[misc,valid-type]
                reset_sequences = _reset_sequences
                serialized_rollback = _serialized_rollback
                if _databases is not None:
                    databases = _databases
                if _available_apps is not None:
                    available_apps = _available_apps
    
                # For non-transactional tests, skip executing `django.test.TestCase`'s
                # `setUpClass`/`tearDownClass`, only execute the super class ones.
                #
                # `TestCase`'s class setup manages the `setUpTestData`/class-level
                # transaction functionality. We don't use it; instead we (will) offer
                # our own alternatives. So it only adds overhead, and does some things
                # which conflict with our (planned) functionality, particularly, it
                # closes all database connections in `tearDownClass` which inhibits
                # wrapping tests in higher-scoped transactions.
                #
                # It's possible a new version of Django will add some unrelated
                # functionality to these methods, in which case skipping them completely
                # would not be desirable. Let's cross that bridge when we get there...
                if not transactional:
    
                    @classmethod
                    def setUpClass(cls) -> None:
                        super(django.test.TestCase, cls).setUpClass()
    
                    @classmethod
                    def tearDownClass(cls) -> None:
                        super(django.test.TestCase, cls).tearDownClass()
    
            PytestDjangoTestCase.setUpClass()
    
            test_case = PytestDjangoTestCase(methodName="__init__")
            if VERSION >= (6, 0):
                pre_setup_ran_eagerly = PytestDjangoTestCase._pre_setup_ran_eagerly
            else:
                pre_setup_ran_eagerly = getattr(PytestDjangoTestCase, "_pre_setup_ran_eagerly", False)
            if not pre_setup_ran_eagerly:
                # For a TransactionTestCase, setUpClass() has already run _pre_setup() and set
                # this flag to say so.
                test_case._pre_setup()
    
            yield
    
>           test_case._post_teardown()

.venv/lib/python3.14/site-packages/pytest_django/fixtures.py:305: 
_ _ _ _ _ _ _ _ _ _ _ _ _ _ _ _ _ _ _ _ _ _ _ _ _ _ _ _ _ _ _ _ _ _ _ _ _ _ _ _ 
.venv/lib/python3.14/site-packages/django/test/testcases.py:1231: in _post_teardown
    self._fixture_teardown()
.venv/lib/python3.14/site-packages/django/test/testcases.py:1266: in _fixture_teardown
    call_command(
.venv/lib/python3.14/site-packages/django/core/management/__init__.py:194: in call_command
    return command.execute(*args, **defaults)
           ^^^^^^^^^^^^^^^^^^^^^^^^^^^^^^^^^^
.venv/lib/python3.14/site-packages/django/core/management/base.py:464: in execute
    output = self.handle(*args, **options)
             ^^^^^^^^^^^^^^^^^^^^^^^^^^^^^
_ _ _ _ _ _ _ _ _ _ _ _ _ _ _ _ _ _ _ _ _ _ _ _ _ _ _ _ _ _ _ _ _ _ _ _ _ _ _ _ 

self = <django.core.management.commands.flush.Command object at 0x7d8c53591160>
options = {'verbosity': 0, 'settings': None, 'pythonpath': None, 'traceback': False, ...}

        def handle(self, **options):
            database = options["database"]
            connection = connections[database]
            verbosity = options["verbosity"]
            interactive = options["interactive"]
            # The following are stealth options used by Django's internals.
            reset_sequences = options.get("reset_sequences", True)
            allow_cascade = options.get("allow_cascade", False)
            inhibit_post_migrate = options.get("inhibit_post_migrate", False)
    
            self.style = no_style()
    
            # Import the 'management' module within each installed app, to register
            # dispatcher events.
            for app_config in apps.get_app_configs():
                try:
                    import_module(".management", app_config.name)
                except ImportError:
                    pass
    
            sql_list = sql_flush(
                self.style,
                connection,
                reset_sequences=reset_sequences,
                allow_cascade=allow_cascade,
            )
    
            if interactive:
                confirm = input("""You have requested a flush of the database.
    This will IRREVERSIBLY DESTROY all data currently in the "%s" database,
    and return each table to an empty state.
    Are you sure you want to do this?
    
        Type 'yes' to continue, or 'no' to cancel: """ % connection.settings_dict["NAME"])
            else:
                confirm = "yes"
    
            if confirm == "yes":
                try:
                    connection.ops.execute_sql_flush(sql_list)
                except Exception as exc:
>                   raise CommandError(
                        "Database %s couldn't be flushed. Possible reasons:\n"
                        "  * The database isn't running or isn't configured correctly.\n"
                        "  * At least one of the expected database tables doesn't exist.\n"
                        "  * The SQL was invalid.\n"
                        "Hint: Look at the output of 'django-admin sqlflush'. "
                        "That's the SQL this command wasn't able to run."
                        % (connection.settings_dict["NAME"],)
                    ) from exc
E                   django.core.management.base.CommandError: Database test_qualification couldn't be flushed. Possible reasons:
E                     * The database isn't running or isn't configured correctly.
E                     * At least one of the expected database tables doesn't exist.
E                     * The SQL was invalid.
E                   Hint: Look at the output of 'django-admin sqlflush'. That's the SQL this command wasn't able to run.

.venv/lib/python3.14/site-packages/django/core/management/commands/flush.py:73: CommandError
_ ERROR at setup of test_app_raw_admission_and_mutation_are_denied[review_cycles] _

self = <django.db.backends.utils.CursorWrapper object at 0x7d8c534171d0>
sql = 'INSERT INTO "accounts_user" ("password", "last_login", "is_superuser", "id", "email", "first_name", "last_name", "is_staff", "is_active", "date_joined") VALUES (%s, %s, %s, %s, %s, %s, %s, %s, %s, %s)'
params = ('!pTeyLJduMckXlMSm9QQNSfbNRn1mWVSMCdAUfctB', None, False, UUID('3c0960cd-ca28-43dd-872f-fbef5fa569c6'), 'reports@example.com', '', ...)
ignored_wrapper_args = (False, {'connection': <DatabaseWrapper vendor='postgresql' alias='default'>, 'cursor': <django.db.backends.utils.CursorWrapper object at 0x7d8c534171d0>})

    def _execute(self, sql, params, *ignored_wrapper_args):
        # Raise a warning during app initialization (stored_app_configs is only
        # ever set during testing).
        if not apps.ready and not apps.stored_app_configs:
            warnings.warn(self.APPS_NOT_READY_WARNING_MSG, category=RuntimeWarning)
        self.db.validate_no_broken_transaction()
        with self.db.wrap_database_errors:
            if params is None:
                # params default might be backend specific.
                return self.cursor.execute(sql)
            else:
>               return self.cursor.execute(sql, params)
                       ^^^^^^^^^^^^^^^^^^^^^^^^^^^^^^^^

.venv/lib/python3.14/site-packages/django/db/backends/utils.py:105: 
_ _ _ _ _ _ _ _ _ _ _ _ _ _ _ _ _ _ _ _ _ _ _ _ _ _ _ _ _ _ _ _ _ _ _ _ _ _ _ _ 

self = <django.db.backends.postgresql.base.Cursor [closed] [IDLE] (host=qualification-db user=postgres database=test_qualification) at 0x7d8c538a1fd0>
query = 'INSERT INTO "accounts_user" ("password", "last_login", "is_superuser", "id", "email", "first_name", "last_name", "is_staff", "is_active", "date_joined") VALUES (%s, %s, %s, %s, %s, %s, %s, %s, %s, %s)'
params = ('!pTeyLJduMckXlMSm9QQNSfbNRn1mWVSMCdAUfctB', None, False, UUID('3c0960cd-ca28-43dd-872f-fbef5fa569c6'), 'reports@example.com', '', ...)
prepare = None, binary = None

    def execute(
        self,
        query: Query,
        params: Params | None = None,
        *,
        prepare: bool | None = None,
        binary: bool | None = None,
    ) -> Self:
        """
        Execute a query or command to the database.
        """
        try:
            with self._conn.lock:
                self._conn.wait(
                    self._execute_gen(query, params, prepare=prepare, binary=binary)
                )
        except e._NO_TRACEBACK as ex:
>           raise ex.with_traceback(None)
E           psycopg.errors.UniqueViolation: duplicate key value violates unique constraint "accounts_user_email_key"
E           DETAIL:  Key (email)=(reports@example.com) already exists.

.venv/lib/python3.14/site-packages/psycopg/cursor.py:117: UniqueViolation

The above exception was the direct cause of the following exception:

client = <django.test.client.Client object at 0x7d8c527590f0>

    @pytest.fixture
    def report_context(client):
>       user = get_user_model().objects.create_user("reports@example.com")
               ^^^^^^^^^^^^^^^^^^^^^^^^^^^^^^^^^^^^^^^^^^^^^^^^^^^^^^^^^^^

tests/conftest.py:174: 
_ _ _ _ _ _ _ _ _ _ _ _ _ _ _ _ _ _ _ _ _ _ _ _ _ _ _ _ _ _ _ _ _ _ _ _ _ _ _ _ 
apps/accounts/managers.py:29: in create_user
    user.save(using=self._db)
.venv/lib/python3.14/site-packages/django/contrib/auth/base_user.py:65: in save
    super().save(*args, **kwargs)
.venv/lib/python3.14/site-packages/django/db/models/base.py:902: in save
    self.save_base(
.venv/lib/python3.14/site-packages/django/db/models/base.py:1008: in save_base
    updated = self._save_table(
.venv/lib/python3.14/site-packages/django/db/models/base.py:1169: in _save_table
    results = self._do_insert(
.venv/lib/python3.14/site-packages/django/db/models/base.py:1210: in _do_insert
    return manager._insert(
.venv/lib/python3.14/site-packages/django/db/models/manager.py:87: in manager_method
    return getattr(self.get_queryset(), name)(*args, **kwargs)
           ^^^^^^^^^^^^^^^^^^^^^^^^^^^^^^^^^^^^^^^^^^^^^^^^^^^
.venv/lib/python3.14/site-packages/django/db/models/query.py:1873: in _insert
    return query.get_compiler(using=using).execute_sql(returning_fields)
           ^^^^^^^^^^^^^^^^^^^^^^^^^^^^^^^^^^^^^^^^^^^^^^^^^^^^^^^^^^^^^
.venv/lib/python3.14/site-packages/django/db/models/sql/compiler.py:1882: in execute_sql
    cursor.execute(sql, params)
.venv/lib/python3.14/site-packages/django/db/backends/utils.py:79: in execute
    return self._execute_with_wrappers(
.venv/lib/python3.14/site-packages/django/db/backends/utils.py:92: in _execute_with_wrappers
    return executor(sql, params, many, context)
           ^^^^^^^^^^^^^^^^^^^^^^^^^^^^^^^^^^^^
.venv/lib/python3.14/site-packages/django/db/backends/utils.py:100: in _execute
    with self.db.wrap_database_errors:
         ^^^^^^^^^^^^^^^^^^^^^^^^^^^^
.venv/lib/python3.14/site-packages/django/db/utils.py:91: in __exit__
    raise dj_exc_value.with_traceback(traceback) from exc_value
.venv/lib/python3.14/site-packages/django/db/backends/utils.py:105: in _execute
    return self.cursor.execute(sql, params)
           ^^^^^^^^^^^^^^^^^^^^^^^^^^^^^^^^
_ _ _ _ _ _ _ _ _ _ _ _ _ _ _ _ _ _ _ _ _ _ _ _ _ _ _ _ _ _ _ _ _ _ _ _ _ _ _ _ 

self = <django.db.backends.postgresql.base.Cursor [closed] [IDLE] (host=qualification-db user=postgres database=test_qualification) at 0x7d8c538a1fd0>
query = 'INSERT INTO "accounts_user" ("password", "last_login", "is_superuser", "id", "email", "first_name", "last_name", "is_staff", "is_active", "date_joined") VALUES (%s, %s, %s, %s, %s, %s, %s, %s, %s, %s)'
params = ('!pTeyLJduMckXlMSm9QQNSfbNRn1mWVSMCdAUfctB', None, False, UUID('3c0960cd-ca28-43dd-872f-fbef5fa569c6'), 'reports@example.com', '', ...)
prepare = None, binary = None

    def execute(
        self,
        query: Query,
        params: Params | None = None,
        *,
        prepare: bool | None = None,
        binary: bool | None = None,
    ) -> Self:
        """
        Execute a query or command to the database.
        """
        try:
            with self._conn.lock:
                self._conn.wait(
                    self._execute_gen(query, params, prepare=prepare, binary=binary)
                )
        except e._NO_TRACEBACK as ex:
>           raise ex.with_traceback(None)
E           django.db.utils.IntegrityError: duplicate key value violates unique constraint "accounts_user_email_key"
E           DETAIL:  Key (email)=(reports@example.com) already exists.

.venv/lib/python3.14/site-packages/psycopg/cursor.py:117: IntegrityError
_ ERROR at teardown of test_app_raw_admission_and_mutation_are_denied[review_cycles] _

self = <django.db.backends.utils.CursorWrapper object at 0x7d8c53403e90>
sql = 'TRUNCATE "auth_group_permissions", "core_known_entities", "core_health_controls", "billing_stripewebhookevent", "acco...zationmember", "report_artifacts", "integrations_providerconnection", "integrations_providerevent", "catalog_product";'
params = None
ignored_wrapper_args = (False, {'connection': <DatabaseWrapper vendor='postgresql' alias='default'>, 'cursor': <django.db.backends.utils.CursorWrapper object at 0x7d8c53403e90>})

    def _execute(self, sql, params, *ignored_wrapper_args):
        # Raise a warning during app initialization (stored_app_configs is only
        # ever set during testing).
        if not apps.ready and not apps.stored_app_configs:
            warnings.warn(self.APPS_NOT_READY_WARNING_MSG, category=RuntimeWarning)
        self.db.validate_no_broken_transaction()
        with self.db.wrap_database_errors:
            if params is None:
                # params default might be backend specific.
>               return self.cursor.execute(sql)
                       ^^^^^^^^^^^^^^^^^^^^^^^^

.venv/lib/python3.14/site-packages/django/db/backends/utils.py:103: 
_ _ _ _ _ _ _ _ _ _ _ _ _ _ _ _ _ _ _ _ _ _ _ _ _ _ _ _ _ _ _ _ _ _ _ _ _ _ _ _ 

self = <django.db.backends.postgresql.base.Cursor [closed] [IDLE] (host=qualification-db user=postgres database=test_qualification) at 0x7d8c538a1390>
query = 'TRUNCATE "auth_group_permissions", "core_known_entities", "core_health_controls", "billing_stripewebhookevent", "acco...zationmember", "report_artifacts", "integrations_providerconnection", "integrations_providerevent", "catalog_product";'
params = None, prepare = None, binary = None

    def execute(
        self,
        query: Query,
        params: Params | None = None,
        *,
        prepare: bool | None = None,
        binary: bool | None = None,
    ) -> Self:
        """
        Execute a query or command to the database.
        """
        try:
            with self._conn.lock:
                self._conn.wait(
                    self._execute_gen(query, params, prepare=prepare, binary=binary)
                )
        except e._NO_TRACEBACK as ex:
>           raise ex.with_traceback(None)
E           psycopg.errors.FeatureNotSupported: cannot truncate a table referenced in a foreign key constraint
E           DETAIL:  Table "billing_admission_receipt" references "billing_paid_coverage".
E           HINT:  Truncate table "billing_admission_receipt" at the same time, or use TRUNCATE ... CASCADE.

.venv/lib/python3.14/site-packages/psycopg/cursor.py:117: FeatureNotSupported

The above exception was the direct cause of the following exception:

self = <django.core.management.commands.flush.Command object at 0x7d8c527f2210>
options = {'verbosity': 0, 'settings': None, 'pythonpath': None, 'traceback': False, ...}

        def handle(self, **options):
            database = options["database"]
            connection = connections[database]
            verbosity = options["verbosity"]
            interactive = options["interactive"]
            # The following are stealth options used by Django's internals.
            reset_sequences = options.get("reset_sequences", True)
            allow_cascade = options.get("allow_cascade", False)
            inhibit_post_migrate = options.get("inhibit_post_migrate", False)
    
            self.style = no_style()
    
            # Import the 'management' module within each installed app, to register
            # dispatcher events.
            for app_config in apps.get_app_configs():
                try:
                    import_module(".management", app_config.name)
                except ImportError:
                    pass
    
            sql_list = sql_flush(
                self.style,
                connection,
                reset_sequences=reset_sequences,
                allow_cascade=allow_cascade,
            )
    
            if interactive:
                confirm = input("""You have requested a flush of the database.
    This will IRREVERSIBLY DESTROY all data currently in the "%s" database,
    and return each table to an empty state.
    Are you sure you want to do this?
    
        Type 'yes' to continue, or 'no' to cancel: """ % connection.settings_dict["NAME"])
            else:
                confirm = "yes"
    
            if confirm == "yes":
                try:
>                   connection.ops.execute_sql_flush(sql_list)

.venv/lib/python3.14/site-packages/django/core/management/commands/flush.py:71: 
_ _ _ _ _ _ _ _ _ _ _ _ _ _ _ _ _ _ _ _ _ _ _ _ _ _ _ _ _ _ _ _ _ _ _ _ _ _ _ _ 
.venv/lib/python3.14/site-packages/django/db/backends/base/operations.py:473: in execute_sql_flush
    cursor.execute(sql)
.venv/lib/python3.14/site-packages/django/db/backends/utils.py:79: in execute
    return self._execute_with_wrappers(
.venv/lib/python3.14/site-packages/django/db/backends/utils.py:92: in _execute_with_wrappers
    return executor(sql, params, many, context)
           ^^^^^^^^^^^^^^^^^^^^^^^^^^^^^^^^^^^^
.venv/lib/python3.14/site-packages/django/db/backends/utils.py:100: in _execute
    with self.db.wrap_database_errors:
         ^^^^^^^^^^^^^^^^^^^^^^^^^^^^
.venv/lib/python3.14/site-packages/django/db/utils.py:91: in __exit__
    raise dj_exc_value.with_traceback(traceback) from exc_value
.venv/lib/python3.14/site-packages/django/db/backends/utils.py:103: in _execute
    return self.cursor.execute(sql)
           ^^^^^^^^^^^^^^^^^^^^^^^^
_ _ _ _ _ _ _ _ _ _ _ _ _ _ _ _ _ _ _ _ _ _ _ _ _ _ _ _ _ _ _ _ _ _ _ _ _ _ _ _ 

self = <django.db.backends.postgresql.base.Cursor [closed] [IDLE] (host=qualification-db user=postgres database=test_qualification) at 0x7d8c538a1390>
query = 'TRUNCATE "auth_group_permissions", "core_known_entities", "core_health_controls", "billing_stripewebhookevent", "acco...zationmember", "report_artifacts", "integrations_providerconnection", "integrations_providerevent", "catalog_product";'
params = None, prepare = None, binary = None

    def execute(
        self,
        query: Query,
        params: Params | None = None,
        *,
        prepare: bool | None = None,
        binary: bool | None = None,
    ) -> Self:
        """
        Execute a query or command to the database.
        """
        try:
            with self._conn.lock:
                self._conn.wait(
                    self._execute_gen(query, params, prepare=prepare, binary=binary)
                )
        except e._NO_TRACEBACK as ex:
>           raise ex.with_traceback(None)
E           django.db.utils.NotSupportedError: cannot truncate a table referenced in a foreign key constraint
E           DETAIL:  Table "billing_admission_receipt" references "billing_paid_coverage".
E           HINT:  Truncate table "billing_admission_receipt" at the same time, or use TRUNCATE ... CASCADE.

.venv/lib/python3.14/site-packages/psycopg/cursor.py:117: NotSupportedError

The above exception was the direct cause of the following exception:

request = <SubRequest '_django_db_helper' for <Function test_app_raw_admission_and_mutation_are_denied[review_cycles]>>
django_db_setup = None
django_db_blocker = <pytest_django.plugin.DjangoDbBlocker object at 0x7d8c58045010>

    @pytest.fixture
    def _django_db_helper(
        request: pytest.FixtureRequest,
        django_db_setup: None,  # noqa: ARG001
        django_db_blocker: DjangoDbBlocker,
    ) -> Generator[None]:
        if is_django_unittest(request):
            yield
            return
    
        from django import VERSION
    
        marker = request.node.get_closest_marker("django_db")
        if marker:
            (
                transactional,
                reset_sequences,
                databases,
                serialized_rollback,
                available_apps,
            ) = validate_django_db(marker)
        else:
            (
                transactional,
                reset_sequences,
                databases,
                serialized_rollback,
                available_apps,
            ) = False, False, None, False, None
    
        transactional = (
            transactional
            or reset_sequences
            or ("transactional_db" in request.fixturenames or "live_server" in request.fixturenames)
        )
        reset_sequences = reset_sequences or ("django_db_reset_sequences" in request.fixturenames)
        serialized_rollback = serialized_rollback or (
            "django_db_serialized_rollback" in request.fixturenames
        )
    
        with django_db_blocker.unblock():
            import django.db
            import django.test
    
            if transactional:
                test_case_class = django.test.TransactionTestCase
            else:
                test_case_class = django.test.TestCase
    
            _reset_sequences = reset_sequences
            _serialized_rollback = serialized_rollback
            _databases = databases
            _available_apps = available_apps
    
            class PytestDjangoTestCase(test_case_class):  # type: ignore[misc,valid-type]
                reset_sequences = _reset_sequences
                serialized_rollback = _serialized_rollback
                if _databases is not None:
                    databases = _databases
                if _available_apps is not None:
                    available_apps = _available_apps
    
                # For non-transactional tests, skip executing `django.test.TestCase`'s
                # `setUpClass`/`tearDownClass`, only execute the super class ones.
                #
                # `TestCase`'s class setup manages the `setUpTestData`/class-level
                # transaction functionality. We don't use it; instead we (will) offer
                # our own alternatives. So it only adds overhead, and does some things
                # which conflict with our (planned) functionality, particularly, it
                # closes all database connections in `tearDownClass` which inhibits
                # wrapping tests in higher-scoped transactions.
                #
                # It's possible a new version of Django will add some unrelated
                # functionality to these methods, in which case skipping them completely
                # would not be desirable. Let's cross that bridge when we get there...
                if not transactional:
    
                    @classmethod
                    def setUpClass(cls) -> None:
                        super(django.test.TestCase, cls).setUpClass()
    
                    @classmethod
                    def tearDownClass(cls) -> None:
                        super(django.test.TestCase, cls).tearDownClass()
    
            PytestDjangoTestCase.setUpClass()
    
            test_case = PytestDjangoTestCase(methodName="__init__")
            if VERSION >= (6, 0):
                pre_setup_ran_eagerly = PytestDjangoTestCase._pre_setup_ran_eagerly
            else:
                pre_setup_ran_eagerly = getattr(PytestDjangoTestCase, "_pre_setup_ran_eagerly", False)
            if not pre_setup_ran_eagerly:
                # For a TransactionTestCase, setUpClass() has already run _pre_setup() and set
                # this flag to say so.
                test_case._pre_setup()
    
            yield
    
>           test_case._post_teardown()

.venv/lib/python3.14/site-packages/pytest_django/fixtures.py:305: 
_ _ _ _ _ _ _ _ _ _ _ _ _ _ _ _ _ _ _ _ _ _ _ _ _ _ _ _ _ _ _ _ _ _ _ _ _ _ _ _ 
.venv/lib/python3.14/site-packages/django/test/testcases.py:1231: in _post_teardown
    self._fixture_teardown()
.venv/lib/python3.14/site-packages/django/test/testcases.py:1266: in _fixture_teardown
    call_command(
.venv/lib/python3.14/site-packages/django/core/management/__init__.py:194: in call_command
    return command.execute(*args, **defaults)
           ^^^^^^^^^^^^^^^^^^^^^^^^^^^^^^^^^^
.venv/lib/python3.14/site-packages/django/core/management/base.py:464: in execute
    output = self.handle(*args, **options)
             ^^^^^^^^^^^^^^^^^^^^^^^^^^^^^
_ _ _ _ _ _ _ _ _ _ _ _ _ _ _ _ _ _ _ _ _ _ _ _ _ _ _ _ _ _ _ _ _ _ _ _ _ _ _ _ 

self = <django.core.management.commands.flush.Command object at 0x7d8c527f2210>
options = {'verbosity': 0, 'settings': None, 'pythonpath': None, 'traceback': False, ...}

        def handle(self, **options):
            database = options["database"]
            connection = connections[database]
            verbosity = options["verbosity"]
            interactive = options["interactive"]
            # The following are stealth options used by Django's internals.
            reset_sequences = options.get("reset_sequences", True)
            allow_cascade = options.get("allow_cascade", False)
            inhibit_post_migrate = options.get("inhibit_post_migrate", False)
    
            self.style = no_style()
    
            # Import the 'management' module within each installed app, to register
            # dispatcher events.
            for app_config in apps.get_app_configs():
                try:
                    import_module(".management", app_config.name)
                except ImportError:
                    pass
    
            sql_list = sql_flush(
                self.style,
                connection,
                reset_sequences=reset_sequences,
                allow_cascade=allow_cascade,
            )
    
            if interactive:
                confirm = input("""You have requested a flush of the database.
    This will IRREVERSIBLY DESTROY all data currently in the "%s" database,
    and return each table to an empty state.
    Are you sure you want to do this?
    
        Type 'yes' to continue, or 'no' to cancel: """ % connection.settings_dict["NAME"])
            else:
                confirm = "yes"
    
            if confirm == "yes":
                try:
                    connection.ops.execute_sql_flush(sql_list)
                except Exception as exc:
>                   raise CommandError(
                        "Database %s couldn't be flushed. Possible reasons:\n"
                        "  * The database isn't running or isn't configured correctly.\n"
                        "  * At least one of the expected database tables doesn't exist.\n"
                        "  * The SQL was invalid.\n"
                        "Hint: Look at the output of 'django-admin sqlflush'. "
                        "That's the SQL this command wasn't able to run."
                        % (connection.settings_dict["NAME"],)
                    ) from exc
E                   django.core.management.base.CommandError: Database test_qualification couldn't be flushed. Possible reasons:
E                     * The database isn't running or isn't configured correctly.
E                     * At least one of the expected database tables doesn't exist.
E                     * The SQL was invalid.
E                   Hint: Look at the output of 'django-admin sqlflush'. That's the SQL this command wasn't able to run.

.venv/lib/python3.14/site-packages/django/core/management/commands/flush.py:73: CommandError
_ ERROR at setup of test_app_raw_admission_and_mutation_are_denied[review_cycle_events] _

self = <django.db.backends.utils.CursorWrapper object at 0x7d8c52779430>
sql = 'INSERT INTO "accounts_user" ("password", "last_login", "is_superuser", "id", "email", "first_name", "last_name", "is_staff", "is_active", "date_joined") VALUES (%s, %s, %s, %s, %s, %s, %s, %s, %s, %s)'
params = ('!IB5kJVWMaYXDUFFdMckcwkNcvl8BDL85rgb1c9DQ', None, False, UUID('64a373a4-1d04-402a-9a6c-d8a55905f93e'), 'reports@example.com', '', ...)
ignored_wrapper_args = (False, {'connection': <DatabaseWrapper vendor='postgresql' alias='default'>, 'cursor': <django.db.backends.utils.CursorWrapper object at 0x7d8c52779430>})

    def _execute(self, sql, params, *ignored_wrapper_args):
        # Raise a warning during app initialization (stored_app_configs is only
        # ever set during testing).
        if not apps.ready and not apps.stored_app_configs:
            warnings.warn(self.APPS_NOT_READY_WARNING_MSG, category=RuntimeWarning)
        self.db.validate_no_broken_transaction()
        with self.db.wrap_database_errors:
            if params is None:
                # params default might be backend specific.
                return self.cursor.execute(sql)
            else:
>               return self.cursor.execute(sql, params)
                       ^^^^^^^^^^^^^^^^^^^^^^^^^^^^^^^^

.venv/lib/python3.14/site-packages/django/db/backends/utils.py:105: 
_ _ _ _ _ _ _ _ _ _ _ _ _ _ _ _ _ _ _ _ _ _ _ _ _ _ _ _ _ _ _ _ _ _ _ _ _ _ _ _ 

self = <django.db.backends.postgresql.base.Cursor [closed] [IDLE] (host=qualification-db user=postgres database=test_qualification) at 0x7d8c538bb690>
query = 'INSERT INTO "accounts_user" ("password", "last_login", "is_superuser", "id", "email", "first_name", "last_name", "is_staff", "is_active", "date_joined") VALUES (%s, %s, %s, %s, %s, %s, %s, %s, %s, %s)'
params = ('!IB5kJVWMaYXDUFFdMckcwkNcvl8BDL85rgb1c9DQ', None, False, UUID('64a373a4-1d04-402a-9a6c-d8a55905f93e'), 'reports@example.com', '', ...)
prepare = None, binary = None

    def execute(
        self,
        query: Query,
        params: Params | None = None,
        *,
        prepare: bool | None = None,
        binary: bool | None = None,
    ) -> Self:
        """
        Execute a query or command to the database.
        """
        try:
            with self._conn.lock:
                self._conn.wait(
                    self._execute_gen(query, params, prepare=prepare, binary=binary)
                )
        except e._NO_TRACEBACK as ex:
>           raise ex.with_traceback(None)
E           psycopg.errors.UniqueViolation: duplicate key value violates unique constraint "accounts_user_email_key"
E           DETAIL:  Key (email)=(reports@example.com) already exists.

.venv/lib/python3.14/site-packages/psycopg/cursor.py:117: UniqueViolation

The above exception was the direct cause of the following exception:

client = <django.test.client.Client object at 0x7d8c526f6c30>

    @pytest.fixture
    def report_context(client):
>       user = get_user_model().objects.create_user("reports@example.com")
               ^^^^^^^^^^^^^^^^^^^^^^^^^^^^^^^^^^^^^^^^^^^^^^^^^^^^^^^^^^^

tests/conftest.py:174: 
_ _ _ _ _ _ _ _ _ _ _ _ _ _ _ _ _ _ _ _ _ _ _ _ _ _ _ _ _ _ _ _ _ _ _ _ _ _ _ _ 
apps/accounts/managers.py:29: in create_user
    user.save(using=self._db)
.venv/lib/python3.14/site-packages/django/contrib/auth/base_user.py:65: in save
    super().save(*args, **kwargs)
.venv/lib/python3.14/site-packages/django/db/models/base.py:902: in save
    self.save_base(
.venv/lib/python3.14/site-packages/django/db/models/base.py:1008: in save_base
    updated = self._save_table(
.venv/lib/python3.14/site-packages/django/db/models/base.py:1169: in _save_table
    results = self._do_insert(
.venv/lib/python3.14/site-packages/django/db/models/base.py:1210: in _do_insert
    return manager._insert(
.venv/lib/python3.14/site-packages/django/db/models/manager.py:87: in manager_method
    return getattr(self.get_queryset(), name)(*args, **kwargs)
           ^^^^^^^^^^^^^^^^^^^^^^^^^^^^^^^^^^^^^^^^^^^^^^^^^^^
.venv/lib/python3.14/site-packages/django/db/models/query.py:1873: in _insert
    return query.get_compiler(using=using).execute_sql(returning_fields)
           ^^^^^^^^^^^^^^^^^^^^^^^^^^^^^^^^^^^^^^^^^^^^^^^^^^^^^^^^^^^^^
.venv/lib/python3.14/site-packages/django/db/models/sql/compiler.py:1882: in execute_sql
    cursor.execute(sql, params)
.venv/lib/python3.14/site-packages/django/db/backends/utils.py:79: in execute
    return self._execute_with_wrappers(
.venv/lib/python3.14/site-packages/django/db/backends/utils.py:92: in _execute_with_wrappers
    return executor(sql, params, many, context)
           ^^^^^^^^^^^^^^^^^^^^^^^^^^^^^^^^^^^^
.venv/lib/python3.14/site-packages/django/db/backends/utils.py:100: in _execute
    with self.db.wrap_database_errors:
         ^^^^^^^^^^^^^^^^^^^^^^^^^^^^
.venv/lib/python3.14/site-packages/django/db/utils.py:91: in __exit__
    raise dj_exc_value.with_traceback(traceback) from exc_value
.venv/lib/python3.14/site-packages/django/db/backends/utils.py:105: in _execute
    return self.cursor.execute(sql, params)
           ^^^^^^^^^^^^^^^^^^^^^^^^^^^^^^^^
_ _ _ _ _ _ _ _ _ _ _ _ _ _ _ _ _ _ _ _ _ _ _ _ _ _ _ _ _ _ _ _ _ _ _ _ _ _ _ _ 

self = <django.db.backends.postgresql.base.Cursor [closed] [IDLE] (host=qualification-db user=postgres database=test_qualification) at 0x7d8c538bb690>
query = 'INSERT INTO "accounts_user" ("password", "last_login", "is_superuser", "id", "email", "first_name", "last_name", "is_staff", "is_active", "date_joined") VALUES (%s, %s, %s, %s, %s, %s, %s, %s, %s, %s)'
params = ('!IB5kJVWMaYXDUFFdMckcwkNcvl8BDL85rgb1c9DQ', None, False, UUID('64a373a4-1d04-402a-9a6c-d8a55905f93e'), 'reports@example.com', '', ...)
prepare = None, binary = None

    def execute(
        self,
        query: Query,
        params: Params | None = None,
        *,
        prepare: bool | None = None,
        binary: bool | None = None,
    ) -> Self:
        """
        Execute a query or command to the database.
        """
        try:
            with self._conn.lock:
                self._conn.wait(
                    self._execute_gen(query, params, prepare=prepare, binary=binary)
                )
        except e._NO_TRACEBACK as ex:
>           raise ex.with_traceback(None)
E           django.db.utils.IntegrityError: duplicate key value violates unique constraint "accounts_user_email_key"
E           DETAIL:  Key (email)=(reports@example.com) already exists.

.venv/lib/python3.14/site-packages/psycopg/cursor.py:117: IntegrityError
_ ERROR at teardown of test_app_raw_admission_and_mutation_are_denied[review_cycle_events] _

self = <django.db.backends.utils.CursorWrapper object at 0x7d8c5277aff0>
sql = 'TRUNCATE "auth_group_permissions", "core_known_entities", "core_health_controls", "billing_stripewebhookevent", "acco...zationmember", "report_artifacts", "integrations_providerconnection", "integrations_providerevent", "catalog_product";'
params = None
ignored_wrapper_args = (False, {'connection': <DatabaseWrapper vendor='postgresql' alias='default'>, 'cursor': <django.db.backends.utils.CursorWrapper object at 0x7d8c5277aff0>})

    def _execute(self, sql, params, *ignored_wrapper_args):
        # Raise a warning during app initialization (stored_app_configs is only
        # ever set during testing).
        if not apps.ready and not apps.stored_app_configs:
            warnings.warn(self.APPS_NOT_READY_WARNING_MSG, category=RuntimeWarning)
        self.db.validate_no_broken_transaction()
        with self.db.wrap_database_errors:
            if params is None:
                # params default might be backend specific.
>               return self.cursor.execute(sql)
                       ^^^^^^^^^^^^^^^^^^^^^^^^

.venv/lib/python3.14/site-packages/django/db/backends/utils.py:103: 
_ _ _ _ _ _ _ _ _ _ _ _ _ _ _ _ _ _ _ _ _ _ _ _ _ _ _ _ _ _ _ _ _ _ _ _ _ _ _ _ 

self = <django.db.backends.postgresql.base.Cursor [closed] [IDLE] (host=qualification-db user=postgres database=test_qualification) at 0x7d8c538badd0>
query = 'TRUNCATE "auth_group_permissions", "core_known_entities", "core_health_controls", "billing_stripewebhookevent", "acco...zationmember", "report_artifacts", "integrations_providerconnection", "integrations_providerevent", "catalog_product";'
params = None, prepare = None, binary = None

    def execute(
        self,
        query: Query,
        params: Params | None = None,
        *,
        prepare: bool | None = None,
        binary: bool | None = None,
    ) -> Self:
        """
        Execute a query or command to the database.
        """
        try:
            with self._conn.lock:
                self._conn.wait(
                    self._execute_gen(query, params, prepare=prepare, binary=binary)
                )
        except e._NO_TRACEBACK as ex:
>           raise ex.with_traceback(None)
E           psycopg.errors.FeatureNotSupported: cannot truncate a table referenced in a foreign key constraint
E           DETAIL:  Table "billing_admission_receipt" references "billing_paid_coverage".
E           HINT:  Truncate table "billing_admission_receipt" at the same time, or use TRUNCATE ... CASCADE.

.venv/lib/python3.14/site-packages/psycopg/cursor.py:117: FeatureNotSupported

The above exception was the direct cause of the following exception:

self = <django.core.management.commands.flush.Command object at 0x7d8c527f2850>
options = {'verbosity': 0, 'settings': None, 'pythonpath': None, 'traceback': False, ...}

        def handle(self, **options):
            database = options["database"]
            connection = connections[database]
            verbosity = options["verbosity"]
            interactive = options["interactive"]
            # The following are stealth options used by Django's internals.
            reset_sequences = options.get("reset_sequences", True)
            allow_cascade = options.get("allow_cascade", False)
            inhibit_post_migrate = options.get("inhibit_post_migrate", False)
    
            self.style = no_style()
    
            # Import the 'management' module within each installed app, to register
            # dispatcher events.
            for app_config in apps.get_app_configs():
                try:
                    import_module(".management", app_config.name)
                except ImportError:
                    pass
    
            sql_list = sql_flush(
                self.style,
                connection,
                reset_sequences=reset_sequences,
                allow_cascade=allow_cascade,
            )
    
            if interactive:
                confirm = input("""You have requested a flush of the database.
    This will IRREVERSIBLY DESTROY all data currently in the "%s" database,
    and return each table to an empty state.
    Are you sure you want to do this?
    
        Type 'yes' to continue, or 'no' to cancel: """ % connection.settings_dict["NAME"])
            else:
                confirm = "yes"
    
            if confirm == "yes":
                try:
>                   connection.ops.execute_sql_flush(sql_list)

.venv/lib/python3.14/site-packages/django/core/management/commands/flush.py:71: 
_ _ _ _ _ _ _ _ _ _ _ _ _ _ _ _ _ _ _ _ _ _ _ _ _ _ _ _ _ _ _ _ _ _ _ _ _ _ _ _ 
.venv/lib/python3.14/site-packages/django/db/backends/base/operations.py:473: in execute_sql_flush
    cursor.execute(sql)
.venv/lib/python3.14/site-packages/django/db/backends/utils.py:79: in execute
    return self._execute_with_wrappers(
.venv/lib/python3.14/site-packages/django/db/backends/utils.py:92: in _execute_with_wrappers
    return executor(sql, params, many, context)
           ^^^^^^^^^^^^^^^^^^^^^^^^^^^^^^^^^^^^
.venv/lib/python3.14/site-packages/django/db/backends/utils.py:100: in _execute
    with self.db.wrap_database_errors:
         ^^^^^^^^^^^^^^^^^^^^^^^^^^^^
.venv/lib/python3.14/site-packages/django/db/utils.py:91: in __exit__
    raise dj_exc_value.with_traceback(traceback) from exc_value
.venv/lib/python3.14/site-packages/django/db/backends/utils.py:103: in _execute
    return self.cursor.execute(sql)
           ^^^^^^^^^^^^^^^^^^^^^^^^
_ _ _ _ _ _ _ _ _ _ _ _ _ _ _ _ _ _ _ _ _ _ _ _ _ _ _ _ _ _ _ _ _ _ _ _ _ _ _ _ 

self = <django.db.backends.postgresql.base.Cursor [closed] [IDLE] (host=qualification-db user=postgres database=test_qualification) at 0x7d8c538badd0>
query = 'TRUNCATE "auth_group_permissions", "core_known_entities", "core_health_controls", "billing_stripewebhookevent", "acco...zationmember", "report_artifacts", "integrations_providerconnection", "integrations_providerevent", "catalog_product";'
params = None, prepare = None, binary = None

    def execute(
        self,
        query: Query,
        params: Params | None = None,
        *,
        prepare: bool | None = None,
        binary: bool | None = None,
    ) -> Self:
        """
        Execute a query or command to the database.
        """
        try:
            with self._conn.lock:
                self._conn.wait(
                    self._execute_gen(query, params, prepare=prepare, binary=binary)
                )
        except e._NO_TRACEBACK as ex:
>           raise ex.with_traceback(None)
E           django.db.utils.NotSupportedError: cannot truncate a table referenced in a foreign key constraint
E           DETAIL:  Table "billing_admission_receipt" references "billing_paid_coverage".
E           HINT:  Truncate table "billing_admission_receipt" at the same time, or use TRUNCATE ... CASCADE.

.venv/lib/python3.14/site-packages/psycopg/cursor.py:117: NotSupportedError

The above exception was the direct cause of the following exception:

request = <SubRequest '_django_db_helper' for <Function test_app_raw_admission_and_mutation_are_denied[review_cycle_events]>>
django_db_setup = None
django_db_blocker = <pytest_django.plugin.DjangoDbBlocker object at 0x7d8c58045010>

    @pytest.fixture
    def _django_db_helper(
        request: pytest.FixtureRequest,
        django_db_setup: None,  # noqa: ARG001
        django_db_blocker: DjangoDbBlocker,
    ) -> Generator[None]:
        if is_django_unittest(request):
            yield
            return
    
        from django import VERSION
    
        marker = request.node.get_closest_marker("django_db")
        if marker:
            (
                transactional,
                reset_sequences,
                databases,
                serialized_rollback,
                available_apps,
            ) = validate_django_db(marker)
        else:
            (
                transactional,
                reset_sequences,
                databases,
                serialized_rollback,
                available_apps,
            ) = False, False, None, False, None
    
        transactional = (
            transactional
            or reset_sequences
            or ("transactional_db" in request.fixturenames or "live_server" in request.fixturenames)
        )
        reset_sequences = reset_sequences or ("django_db_reset_sequences" in request.fixturenames)
        serialized_rollback = serialized_rollback or (
            "django_db_serialized_rollback" in request.fixturenames
        )
    
        with django_db_blocker.unblock():
            import django.db
            import django.test
    
            if transactional:
                test_case_class = django.test.TransactionTestCase
            else:
                test_case_class = django.test.TestCase
    
            _reset_sequences = reset_sequences
            _serialized_rollback = serialized_rollback
            _databases = databases
            _available_apps = available_apps
    
            class PytestDjangoTestCase(test_case_class):  # type: ignore[misc,valid-type]
                reset_sequences = _reset_sequences
                serialized_rollback = _serialized_rollback
                if _databases is not None:
                    databases = _databases
                if _available_apps is not None:
                    available_apps = _available_apps
    
                # For non-transactional tests, skip executing `django.test.TestCase`'s
                # `setUpClass`/`tearDownClass`, only execute the super class ones.
                #
                # `TestCase`'s class setup manages the `setUpTestData`/class-level
                # transaction functionality. We don't use it; instead we (will) offer
                # our own alternatives. So it only adds overhead, and does some things
                # which conflict with our (planned) functionality, particularly, it
                # closes all database connections in `tearDownClass` which inhibits
                # wrapping tests in higher-scoped transactions.
                #
                # It's possible a new version of Django will add some unrelated
                # functionality to these methods, in which case skipping them completely
                # would not be desirable. Let's cross that bridge when we get there...
                if not transactional:
    
                    @classmethod
                    def setUpClass(cls) -> None:
                        super(django.test.TestCase, cls).setUpClass()
    
                    @classmethod
                    def tearDownClass(cls) -> None:
                        super(django.test.TestCase, cls).tearDownClass()
    
            PytestDjangoTestCase.setUpClass()
    
            test_case = PytestDjangoTestCase(methodName="__init__")
            if VERSION >= (6, 0):
                pre_setup_ran_eagerly = PytestDjangoTestCase._pre_setup_ran_eagerly
            else:
                pre_setup_ran_eagerly = getattr(PytestDjangoTestCase, "_pre_setup_ran_eagerly", False)
            if not pre_setup_ran_eagerly:
                # For a TransactionTestCase, setUpClass() has already run _pre_setup() and set
                # this flag to say so.
                test_case._pre_setup()
    
            yield
    
>           test_case._post_teardown()

.venv/lib/python3.14/site-packages/pytest_django/fixtures.py:305: 
_ _ _ _ _ _ _ _ _ _ _ _ _ _ _ _ _ _ _ _ _ _ _ _ _ _ _ _ _ _ _ _ _ _ _ _ _ _ _ _ 
.venv/lib/python3.14/site-packages/django/test/testcases.py:1231: in _post_teardown
    self._fixture_teardown()
.venv/lib/python3.14/site-packages/django/test/testcases.py:1266: in _fixture_teardown
    call_command(
.venv/lib/python3.14/site-packages/django/core/management/__init__.py:194: in call_command
    return command.execute(*args, **defaults)
           ^^^^^^^^^^^^^^^^^^^^^^^^^^^^^^^^^^
.venv/lib/python3.14/site-packages/django/core/management/base.py:464: in execute
    output = self.handle(*args, **options)
             ^^^^^^^^^^^^^^^^^^^^^^^^^^^^^
_ _ _ _ _ _ _ _ _ _ _ _ _ _ _ _ _ _ _ _ _ _ _ _ _ _ _ _ _ _ _ _ _ _ _ _ _ _ _ _ 

self = <django.core.management.commands.flush.Command object at 0x7d8c527f2850>
options = {'verbosity': 0, 'settings': None, 'pythonpath': None, 'traceback': False, ...}

        def handle(self, **options):
            database = options["database"]
            connection = connections[database]
            verbosity = options["verbosity"]
            interactive = options["interactive"]
            # The following are stealth options used by Django's internals.
            reset_sequences = options.get("reset_sequences", True)
            allow_cascade = options.get("allow_cascade", False)
            inhibit_post_migrate = options.get("inhibit_post_migrate", False)
    
            self.style = no_style()
    
            # Import the 'management' module within each installed app, to register
            # dispatcher events.
            for app_config in apps.get_app_configs():
                try:
                    import_module(".management", app_config.name)
                except ImportError:
                    pass
    
            sql_list = sql_flush(
                self.style,
                connection,
                reset_sequences=reset_sequences,
                allow_cascade=allow_cascade,
            )
    
            if interactive:
                confirm = input("""You have requested a flush of the database.
    This will IRREVERSIBLY DESTROY all data currently in the "%s" database,
    and return each table to an empty state.
    Are you sure you want to do this?
    
        Type 'yes' to continue, or 'no' to cancel: """ % connection.settings_dict["NAME"])
            else:
                confirm = "yes"
    
            if confirm == "yes":
                try:
                    connection.ops.execute_sql_flush(sql_list)
                except Exception as exc:
>                   raise CommandError(
                        "Database %s couldn't be flushed. Possible reasons:\n"
                        "  * The database isn't running or isn't configured correctly.\n"
                        "  * At least one of the expected database tables doesn't exist.\n"
                        "  * The SQL was invalid.\n"
                        "Hint: Look at the output of 'django-admin sqlflush'. "
                        "That's the SQL this command wasn't able to run."
                        % (connection.settings_dict["NAME"],)
                    ) from exc
E                   django.core.management.base.CommandError: Database test_qualification couldn't be flushed. Possible reasons:
E                     * The database isn't running or isn't configured correctly.
E                     * At least one of the expected database tables doesn't exist.
E                     * The SQL was invalid.
E                   Hint: Look at the output of 'django-admin sqlflush'. That's the SQL this command wasn't able to run.

.venv/lib/python3.14/site-packages/django/core/management/commands/flush.py:73: CommandError
_ ERROR at setup of test_app_raw_admission_and_mutation_are_denied[review_pack_identities] _

self = <django.db.backends.utils.CursorWrapper object at 0x7d8c528bd0d0>
sql = 'INSERT INTO "accounts_user" ("password", "last_login", "is_superuser", "id", "email", "first_name", "last_name", "is_staff", "is_active", "date_joined") VALUES (%s, %s, %s, %s, %s, %s, %s, %s, %s, %s)'
params = ('!uyW2mBRHhHE2vpgcVPPtqhfWKeOSHkIUjNJNHFfZ', None, False, UUID('5e3d9a39-b96b-4b3e-a925-58af511074d3'), 'reports@example.com', '', ...)
ignored_wrapper_args = (False, {'connection': <DatabaseWrapper vendor='postgresql' alias='default'>, 'cursor': <django.db.backends.utils.CursorWrapper object at 0x7d8c528bd0d0>})

    def _execute(self, sql, params, *ignored_wrapper_args):
        # Raise a warning during app initialization (stored_app_configs is only
        # ever set during testing).
        if not apps.ready and not apps.stored_app_configs:
            warnings.warn(self.APPS_NOT_READY_WARNING_MSG, category=RuntimeWarning)
        self.db.validate_no_broken_transaction()
        with self.db.wrap_database_errors:
            if params is None:
                # params default might be backend specific.
                return self.cursor.execute(sql)
            else:
>               return self.cursor.execute(sql, params)
                       ^^^^^^^^^^^^^^^^^^^^^^^^^^^^^^^^

.venv/lib/python3.14/site-packages/django/db/backends/utils.py:105: 
_ _ _ _ _ _ _ _ _ _ _ _ _ _ _ _ _ _ _ _ _ _ _ _ _ _ _ _ _ _ _ _ _ _ _ _ _ _ _ _ 

self = <django.db.backends.postgresql.base.Cursor [closed] [IDLE] (host=qualification-db user=postgres database=test_qualification) at 0x7d8c538bb310>
query = 'INSERT INTO "accounts_user" ("password", "last_login", "is_superuser", "id", "email", "first_name", "last_name", "is_staff", "is_active", "date_joined") VALUES (%s, %s, %s, %s, %s, %s, %s, %s, %s, %s)'
params = ('!uyW2mBRHhHE2vpgcVPPtqhfWKeOSHkIUjNJNHFfZ', None, False, UUID('5e3d9a39-b96b-4b3e-a925-58af511074d3'), 'reports@example.com', '', ...)
prepare = None, binary = None

    def execute(
        self,
        query: Query,
        params: Params | None = None,
        *,
        prepare: bool | None = None,
        binary: bool | None = None,
    ) -> Self:
        """
        Execute a query or command to the database.
        """
        try:
            with self._conn.lock:
                self._conn.wait(
                    self._execute_gen(query, params, prepare=prepare, binary=binary)
                )
        except e._NO_TRACEBACK as ex:
>           raise ex.with_traceback(None)
E           psycopg.errors.UniqueViolation: duplicate key value violates unique constraint "accounts_user_email_key"
E           DETAIL:  Key (email)=(reports@example.com) already exists.

.venv/lib/python3.14/site-packages/psycopg/cursor.py:117: UniqueViolation

The above exception was the direct cause of the following exception:

client = <django.test.client.Client object at 0x7d8c533f9370>

    @pytest.fixture
    def report_context(client):
>       user = get_user_model().objects.create_user("reports@example.com")
               ^^^^^^^^^^^^^^^^^^^^^^^^^^^^^^^^^^^^^^^^^^^^^^^^^^^^^^^^^^^

tests/conftest.py:174: 
_ _ _ _ _ _ _ _ _ _ _ _ _ _ _ _ _ _ _ _ _ _ _ _ _ _ _ _ _ _ _ _ _ _ _ _ _ _ _ _ 
apps/accounts/managers.py:29: in create_user
    user.save(using=self._db)
.venv/lib/python3.14/site-packages/django/contrib/auth/base_user.py:65: in save
    super().save(*args, **kwargs)
.venv/lib/python3.14/site-packages/django/db/models/base.py:902: in save
    self.save_base(
.venv/lib/python3.14/site-packages/django/db/models/base.py:1008: in save_base
    updated = self._save_table(
.venv/lib/python3.14/site-packages/django/db/models/base.py:1169: in _save_table
    results = self._do_insert(
.venv/lib/python3.14/site-packages/django/db/models/base.py:1210: in _do_insert
    return manager._insert(
.venv/lib/python3.14/site-packages/django/db/models/manager.py:87: in manager_method
    return getattr(self.get_queryset(), name)(*args, **kwargs)
           ^^^^^^^^^^^^^^^^^^^^^^^^^^^^^^^^^^^^^^^^^^^^^^^^^^^
.venv/lib/python3.14/site-packages/django/db/models/query.py:1873: in _insert
    return query.get_compiler(using=using).execute_sql(returning_fields)
           ^^^^^^^^^^^^^^^^^^^^^^^^^^^^^^^^^^^^^^^^^^^^^^^^^^^^^^^^^^^^^
.venv/lib/python3.14/site-packages/django/db/models/sql/compiler.py:1882: in execute_sql
    cursor.execute(sql, params)
.venv/lib/python3.14/site-packages/django/db/backends/utils.py:79: in execute
    return self._execute_with_wrappers(
.venv/lib/python3.14/site-packages/django/db/backends/utils.py:92: in _execute_with_wrappers
    return executor(sql, params, many, context)
           ^^^^^^^^^^^^^^^^^^^^^^^^^^^^^^^^^^^^
.venv/lib/python3.14/site-packages/django/db/backends/utils.py:100: in _execute
    with self.db.wrap_database_errors:
         ^^^^^^^^^^^^^^^^^^^^^^^^^^^^
.venv/lib/python3.14/site-packages/django/db/utils.py:91: in __exit__
    raise dj_exc_value.with_traceback(traceback) from exc_value
.venv/lib/python3.14/site-packages/django/db/backends/utils.py:105: in _execute
    return self.cursor.execute(sql, params)
           ^^^^^^^^^^^^^^^^^^^^^^^^^^^^^^^^
_ _ _ _ _ _ _ _ _ _ _ _ _ _ _ _ _ _ _ _ _ _ _ _ _ _ _ _ _ _ _ _ _ _ _ _ _ _ _ _ 

self = <django.db.backends.postgresql.base.Cursor [closed] [IDLE] (host=qualification-db user=postgres database=test_qualification) at 0x7d8c538bb310>
query = 'INSERT INTO "accounts_user" ("password", "last_login", "is_superuser", "id", "email", "first_name", "last_name", "is_staff", "is_active", "date_joined") VALUES (%s, %s, %s, %s, %s, %s, %s, %s, %s, %s)'
params = ('!uyW2mBRHhHE2vpgcVPPtqhfWKeOSHkIUjNJNHFfZ', None, False, UUID('5e3d9a39-b96b-4b3e-a925-58af511074d3'), 'reports@example.com', '', ...)
prepare = None, binary = None

    def execute(
        self,
        query: Query,
        params: Params | None = None,
        *,
        prepare: bool | None = None,
        binary: bool | None = None,
    ) -> Self:
        """
        Execute a query or command to the database.
        """
        try:
            with self._conn.lock:
                self._conn.wait(
                    self._execute_gen(query, params, prepare=prepare, binary=binary)
                )
        except e._NO_TRACEBACK as ex:
>           raise ex.with_traceback(None)
E           django.db.utils.IntegrityError: duplicate key value violates unique constraint "accounts_user_email_key"
E           DETAIL:  Key (email)=(reports@example.com) already exists.

.venv/lib/python3.14/site-packages/psycopg/cursor.py:117: IntegrityError
_ ERROR at teardown of test_app_raw_admission_and_mutation_are_denied[review_pack_identities] _

self = <django.db.backends.utils.CursorWrapper object at 0x7d8c528bfe90>
sql = 'TRUNCATE "auth_group_permissions", "core_known_entities", "core_health_controls", "billing_stripewebhookevent", "acco...zationmember", "report_artifacts", "integrations_providerconnection", "integrations_providerevent", "catalog_product";'
params = None
ignored_wrapper_args = (False, {'connection': <DatabaseWrapper vendor='postgresql' alias='default'>, 'cursor': <django.db.backends.utils.CursorWrapper object at 0x7d8c528bfe90>})

    def _execute(self, sql, params, *ignored_wrapper_args):
        # Raise a warning during app initialization (stored_app_configs is only
        # ever set during testing).
        if not apps.ready and not apps.stored_app_configs:
            warnings.warn(self.APPS_NOT_READY_WARNING_MSG, category=RuntimeWarning)
        self.db.validate_no_broken_transaction()
        with self.db.wrap_database_errors:
            if params is None:
                # params default might be backend specific.
>               return self.cursor.execute(sql)
                       ^^^^^^^^^^^^^^^^^^^^^^^^

.venv/lib/python3.14/site-packages/django/db/backends/utils.py:103: 
_ _ _ _ _ _ _ _ _ _ _ _ _ _ _ _ _ _ _ _ _ _ _ _ _ _ _ _ _ _ _ _ _ _ _ _ _ _ _ _ 

self = <django.db.backends.postgresql.base.Cursor [closed] [IDLE] (host=qualification-db user=postgres database=test_qualification) at 0x7d8c538ba350>
query = 'TRUNCATE "auth_group_permissions", "core_known_entities", "core_health_controls", "billing_stripewebhookevent", "acco...zationmember", "report_artifacts", "integrations_providerconnection", "integrations_providerevent", "catalog_product";'
params = None, prepare = None, binary = None

    def execute(
        self,
        query: Query,
        params: Params | None = None,
        *,
        prepare: bool | None = None,
        binary: bool | None = None,
    ) -> Self:
        """
        Execute a query or command to the database.
        """
        try:
            with self._conn.lock:
                self._conn.wait(
                    self._execute_gen(query, params, prepare=prepare, binary=binary)
                )
        except e._NO_TRACEBACK as ex:
>           raise ex.with_traceback(None)
E           psycopg.errors.FeatureNotSupported: cannot truncate a table referenced in a foreign key constraint
E           DETAIL:  Table "billing_admission_receipt" references "billing_paid_coverage".
E           HINT:  Truncate table "billing_admission_receipt" at the same time, or use TRUNCATE ... CASCADE.

.venv/lib/python3.14/site-packages/psycopg/cursor.py:117: FeatureNotSupported

The above exception was the direct cause of the following exception:

self = <django.core.management.commands.flush.Command object at 0x7d8c52754770>
options = {'verbosity': 0, 'settings': None, 'pythonpath': None, 'traceback': False, ...}

        def handle(self, **options):
            database = options["database"]
            connection = connections[database]
            verbosity = options["verbosity"]
            interactive = options["interactive"]
            # The following are stealth options used by Django's internals.
            reset_sequences = options.get("reset_sequences", True)
            allow_cascade = options.get("allow_cascade", False)
            inhibit_post_migrate = options.get("inhibit_post_migrate", False)
    
            self.style = no_style()
    
            # Import the 'management' module within each installed app, to register
            # dispatcher events.
            for app_config in apps.get_app_configs():
                try:
                    import_module(".management", app_config.name)
                except ImportError:
                    pass
    
            sql_list = sql_flush(
                self.style,
                connection,
                reset_sequences=reset_sequences,
                allow_cascade=allow_cascade,
            )
    
            if interactive:
                confirm = input("""You have requested a flush of the database.
    This will IRREVERSIBLY DESTROY all data currently in the "%s" database,
    and return each table to an empty state.
    Are you sure you want to do this?
    
        Type 'yes' to continue, or 'no' to cancel: """ % connection.settings_dict["NAME"])
            else:
                confirm = "yes"
    
            if confirm == "yes":
                try:
>                   connection.ops.execute_sql_flush(sql_list)

.venv/lib/python3.14/site-packages/django/core/management/commands/flush.py:71: 
_ _ _ _ _ _ _ _ _ _ _ _ _ _ _ _ _ _ _ _ _ _ _ _ _ _ _ _ _ _ _ _ _ _ _ _ _ _ _ _ 
.venv/lib/python3.14/site-packages/django/db/backends/base/operations.py:473: in execute_sql_flush
    cursor.execute(sql)
.venv/lib/python3.14/site-packages/django/db/backends/utils.py:79: in execute
    return self._execute_with_wrappers(
.venv/lib/python3.14/site-packages/django/db/backends/utils.py:92: in _execute_with_wrappers
    return executor(sql, params, many, context)
           ^^^^^^^^^^^^^^^^^^^^^^^^^^^^^^^^^^^^
.venv/lib/python3.14/site-packages/django/db/backends/utils.py:100: in _execute
    with self.db.wrap_database_errors:
         ^^^^^^^^^^^^^^^^^^^^^^^^^^^^
.venv/lib/python3.14/site-packages/django/db/utils.py:91: in __exit__
    raise dj_exc_value.with_traceback(traceback) from exc_value
.venv/lib/python3.14/site-packages/django/db/backends/utils.py:103: in _execute
    return self.cursor.execute(sql)
           ^^^^^^^^^^^^^^^^^^^^^^^^
_ _ _ _ _ _ _ _ _ _ _ _ _ _ _ _ _ _ _ _ _ _ _ _ _ _ _ _ _ _ _ _ _ _ _ _ _ _ _ _ 

self = <django.db.backends.postgresql.base.Cursor [closed] [IDLE] (host=qualification-db user=postgres database=test_qualification) at 0x7d8c538ba350>
query = 'TRUNCATE "auth_group_permissions", "core_known_entities", "core_health_controls", "billing_stripewebhookevent", "acco...zationmember", "report_artifacts", "integrations_providerconnection", "integrations_providerevent", "catalog_product";'
params = None, prepare = None, binary = None

    def execute(
        self,
        query: Query,
        params: Params | None = None,
        *,
        prepare: bool | None = None,
        binary: bool | None = None,
    ) -> Self:
        """
        Execute a query or command to the database.
        """
        try:
            with self._conn.lock:
                self._conn.wait(
                    self._execute_gen(query, params, prepare=prepare, binary=binary)
                )
        except e._NO_TRACEBACK as ex:
>           raise ex.with_traceback(None)
E           django.db.utils.NotSupportedError: cannot truncate a table referenced in a foreign key constraint
E           DETAIL:  Table "billing_admission_receipt" references "billing_paid_coverage".
E           HINT:  Truncate table "billing_admission_receipt" at the same time, or use TRUNCATE ... CASCADE.

.venv/lib/python3.14/site-packages/psycopg/cursor.py:117: NotSupportedError

The above exception was the direct cause of the following exception:

request = <SubRequest '_django_db_helper' for <Function test_app_raw_admission_and_mutation_are_denied[review_pack_identities]>>
django_db_setup = None
django_db_blocker = <pytest_django.plugin.DjangoDbBlocker object at 0x7d8c58045010>

    @pytest.fixture
    def _django_db_helper(
        request: pytest.FixtureRequest,
        django_db_setup: None,  # noqa: ARG001
        django_db_blocker: DjangoDbBlocker,
    ) -> Generator[None]:
        if is_django_unittest(request):
            yield
            return
    
        from django import VERSION
    
        marker = request.node.get_closest_marker("django_db")
        if marker:
            (
                transactional,
                reset_sequences,
                databases,
                serialized_rollback,
                available_apps,
            ) = validate_django_db(marker)
        else:
            (
                transactional,
                reset_sequences,
                databases,
                serialized_rollback,
                available_apps,
            ) = False, False, None, False, None
    
        transactional = (
            transactional
            or reset_sequences
            or ("transactional_db" in request.fixturenames or "live_server" in request.fixturenames)
        )
        reset_sequences = reset_sequences or ("django_db_reset_sequences" in request.fixturenames)
        serialized_rollback = serialized_rollback or (
            "django_db_serialized_rollback" in request.fixturenames
        )
    
        with django_db_blocker.unblock():
            import django.db
            import django.test
    
            if transactional:
                test_case_class = django.test.TransactionTestCase
            else:
                test_case_class = django.test.TestCase
    
            _reset_sequences = reset_sequences
            _serialized_rollback = serialized_rollback
            _databases = databases
            _available_apps = available_apps
    
            class PytestDjangoTestCase(test_case_class):  # type: ignore[misc,valid-type]
                reset_sequences = _reset_sequences
                serialized_rollback = _serialized_rollback
                if _databases is not None:
                    databases = _databases
                if _available_apps is not None:
                    available_apps = _available_apps
    
                # For non-transactional tests, skip executing `django.test.TestCase`'s
                # `setUpClass`/`tearDownClass`, only execute the super class ones.
                #
                # `TestCase`'s class setup manages the `setUpTestData`/class-level
                # transaction functionality. We don't use it; instead we (will) offer
                # our own alternatives. So it only adds overhead, and does some things
                # which conflict with our (planned) functionality, particularly, it
                # closes all database connections in `tearDownClass` which inhibits
                # wrapping tests in higher-scoped transactions.
                #
                # It's possible a new version of Django will add some unrelated
                # functionality to these methods, in which case skipping them completely
                # would not be desirable. Let's cross that bridge when we get there...
                if not transactional:
    
                    @classmethod
                    def setUpClass(cls) -> None:
                        super(django.test.TestCase, cls).setUpClass()
    
                    @classmethod
                    def tearDownClass(cls) -> None:
                        super(django.test.TestCase, cls).tearDownClass()
    
            PytestDjangoTestCase.setUpClass()
    
            test_case = PytestDjangoTestCase(methodName="__init__")
            if VERSION >= (6, 0):
                pre_setup_ran_eagerly = PytestDjangoTestCase._pre_setup_ran_eagerly
            else:
                pre_setup_ran_eagerly = getattr(PytestDjangoTestCase, "_pre_setup_ran_eagerly", False)
            if not pre_setup_ran_eagerly:
                # For a TransactionTestCase, setUpClass() has already run _pre_setup() and set
                # this flag to say so.
                test_case._pre_setup()
    
            yield
    
>           test_case._post_teardown()

.venv/lib/python3.14/site-packages/pytest_django/fixtures.py:305: 
_ _ _ _ _ _ _ _ _ _ _ _ _ _ _ _ _ _ _ _ _ _ _ _ _ _ _ _ _ _ _ _ _ _ _ _ _ _ _ _ 
.venv/lib/python3.14/site-packages/django/test/testcases.py:1231: in _post_teardown
    self._fixture_teardown()
.venv/lib/python3.14/site-packages/django/test/testcases.py:1266: in _fixture_teardown
    call_command(
.venv/lib/python3.14/site-packages/django/core/management/__init__.py:194: in call_command
    return command.execute(*args, **defaults)
           ^^^^^^^^^^^^^^^^^^^^^^^^^^^^^^^^^^
.venv/lib/python3.14/site-packages/django/core/management/base.py:464: in execute
    output = self.handle(*args, **options)
             ^^^^^^^^^^^^^^^^^^^^^^^^^^^^^
_ _ _ _ _ _ _ _ _ _ _ _ _ _ _ _ _ _ _ _ _ _ _ _ _ _ _ _ _ _ _ _ _ _ _ _ _ _ _ _ 

self = <django.core.management.commands.flush.Command object at 0x7d8c52754770>
options = {'verbosity': 0, 'settings': None, 'pythonpath': None, 'traceback': False, ...}

        def handle(self, **options):
            database = options["database"]
            connection = connections[database]
            verbosity = options["verbosity"]
            interactive = options["interactive"]
            # The following are stealth options used by Django's internals.
            reset_sequences = options.get("reset_sequences", True)
            allow_cascade = options.get("allow_cascade", False)
            inhibit_post_migrate = options.get("inhibit_post_migrate", False)
    
            self.style = no_style()
    
            # Import the 'management' module within each installed app, to register
            # dispatcher events.
            for app_config in apps.get_app_configs():
                try:
                    import_module(".management", app_config.name)
                except ImportError:
                    pass
    
            sql_list = sql_flush(
                self.style,
                connection,
                reset_sequences=reset_sequences,
                allow_cascade=allow_cascade,
            )
    
            if interactive:
                confirm = input("""You have requested a flush of the database.
    This will IRREVERSIBLY DESTROY all data currently in the "%s" database,
    and return each table to an empty state.
    Are you sure you want to do this?
    
        Type 'yes' to continue, or 'no' to cancel: """ % connection.settings_dict["NAME"])
            else:
                confirm = "yes"
    
            if confirm == "yes":
                try:
                    connection.ops.execute_sql_flush(sql_list)
                except Exception as exc:
>                   raise CommandError(
                        "Database %s couldn't be flushed. Possible reasons:\n"
                        "  * The database isn't running or isn't configured correctly.\n"
                        "  * At least one of the expected database tables doesn't exist.\n"
                        "  * The SQL was invalid.\n"
                        "Hint: Look at the output of 'django-admin sqlflush'. "
                        "That's the SQL this command wasn't able to run."
                        % (connection.settings_dict["NAME"],)
                    ) from exc
E                   django.core.management.base.CommandError: Database test_qualification couldn't be flushed. Possible reasons:
E                     * The database isn't running or isn't configured correctly.
E                     * At least one of the expected database tables doesn't exist.
E                     * The SQL was invalid.
E                   Hint: Look at the output of 'django-admin sqlflush'. That's the SQL this command wasn't able to run.

.venv/lib/python3.14/site-packages/django/core/management/commands/flush.py:73: CommandError
_ ERROR at setup of test_app_raw_admission_and_mutation_are_denied[review_capacity_reservations] _

self = <django.db.backends.utils.CursorWrapper object at 0x7d8c52a3c2f0>
sql = 'INSERT INTO "accounts_user" ("password", "last_login", "is_superuser", "id", "email", "first_name", "last_name", "is_staff", "is_active", "date_joined") VALUES (%s, %s, %s, %s, %s, %s, %s, %s, %s, %s)'
params = ('!Jb89OnWs1J1bar6YhjttgI6h2XKZ2La1mgmmkgxS', None, False, UUID('b7273541-8ee3-4a8c-a6a3-9fd6389b23ab'), 'reports@example.com', '', ...)
ignored_wrapper_args = (False, {'connection': <DatabaseWrapper vendor='postgresql' alias='default'>, 'cursor': <django.db.backends.utils.CursorWrapper object at 0x7d8c52a3c2f0>})

    def _execute(self, sql, params, *ignored_wrapper_args):
        # Raise a warning during app initialization (stored_app_configs is only
        # ever set during testing).
        if not apps.ready and not apps.stored_app_configs:
            warnings.warn(self.APPS_NOT_READY_WARNING_MSG, category=RuntimeWarning)
        self.db.validate_no_broken_transaction()
        with self.db.wrap_database_errors:
            if params is None:
                # params default might be backend specific.
                return self.cursor.execute(sql)
            else:
>               return self.cursor.execute(sql, params)
                       ^^^^^^^^^^^^^^^^^^^^^^^^^^^^^^^^

.venv/lib/python3.14/site-packages/django/db/backends/utils.py:105: 
_ _ _ _ _ _ _ _ _ _ _ _ _ _ _ _ _ _ _ _ _ _ _ _ _ _ _ _ _ _ _ _ _ _ _ _ _ _ _ _ 

self = <django.db.backends.postgresql.base.Cursor [closed] [IDLE] (host=qualification-db user=postgres database=test_qualification) at 0x7d8c5350aeb0>
query = 'INSERT INTO "accounts_user" ("password", "last_login", "is_superuser", "id", "email", "first_name", "last_name", "is_staff", "is_active", "date_joined") VALUES (%s, %s, %s, %s, %s, %s, %s, %s, %s, %s)'
params = ('!Jb89OnWs1J1bar6YhjttgI6h2XKZ2La1mgmmkgxS', None, False, UUID('b7273541-8ee3-4a8c-a6a3-9fd6389b23ab'), 'reports@example.com', '', ...)
prepare = None, binary = None

    def execute(
        self,
        query: Query,
        params: Params | None = None,
        *,
        prepare: bool | None = None,
        binary: bool | None = None,
    ) -> Self:
        """
        Execute a query or command to the database.
        """
        try:
            with self._conn.lock:
                self._conn.wait(
                    self._execute_gen(query, params, prepare=prepare, binary=binary)
                )
        except e._NO_TRACEBACK as ex:
>           raise ex.with_traceback(None)
E           psycopg.errors.UniqueViolation: duplicate key value violates unique constraint "accounts_user_email_key"
E           DETAIL:  Key (email)=(reports@example.com) already exists.

.venv/lib/python3.14/site-packages/psycopg/cursor.py:117: UniqueViolation

The above exception was the direct cause of the following exception:

client = <django.test.client.Client object at 0x7d8c52e2d850>

    @pytest.fixture
    def report_context(client):
>       user = get_user_model().objects.create_user("reports@example.com")
               ^^^^^^^^^^^^^^^^^^^^^^^^^^^^^^^^^^^^^^^^^^^^^^^^^^^^^^^^^^^

tests/conftest.py:174: 
_ _ _ _ _ _ _ _ _ _ _ _ _ _ _ _ _ _ _ _ _ _ _ _ _ _ _ _ _ _ _ _ _ _ _ _ _ _ _ _ 
apps/accounts/managers.py:29: in create_user
    user.save(using=self._db)
.venv/lib/python3.14/site-packages/django/contrib/auth/base_user.py:65: in save
    super().save(*args, **kwargs)
.venv/lib/python3.14/site-packages/django/db/models/base.py:902: in save
    self.save_base(
.venv/lib/python3.14/site-packages/django/db/models/base.py:1008: in save_base
    updated = self._save_table(
.venv/lib/python3.14/site-packages/django/db/models/base.py:1169: in _save_table
    results = self._do_insert(
.venv/lib/python3.14/site-packages/django/db/models/base.py:1210: in _do_insert
    return manager._insert(
.venv/lib/python3.14/site-packages/django/db/models/manager.py:87: in manager_method
    return getattr(self.get_queryset(), name)(*args, **kwargs)
           ^^^^^^^^^^^^^^^^^^^^^^^^^^^^^^^^^^^^^^^^^^^^^^^^^^^
.venv/lib/python3.14/site-packages/django/db/models/query.py:1873: in _insert
    return query.get_compiler(using=using).execute_sql(returning_fields)
           ^^^^^^^^^^^^^^^^^^^^^^^^^^^^^^^^^^^^^^^^^^^^^^^^^^^^^^^^^^^^^
.venv/lib/python3.14/site-packages/django/db/models/sql/compiler.py:1882: in execute_sql
    cursor.execute(sql, params)
.venv/lib/python3.14/site-packages/django/db/backends/utils.py:79: in execute
    return self._execute_with_wrappers(
.venv/lib/python3.14/site-packages/django/db/backends/utils.py:92: in _execute_with_wrappers
    return executor(sql, params, many, context)
           ^^^^^^^^^^^^^^^^^^^^^^^^^^^^^^^^^^^^
.venv/lib/python3.14/site-packages/django/db/backends/utils.py:100: in _execute
    with self.db.wrap_database_errors:
         ^^^^^^^^^^^^^^^^^^^^^^^^^^^^
.venv/lib/python3.14/site-packages/django/db/utils.py:91: in __exit__
    raise dj_exc_value.with_traceback(traceback) from exc_value
.venv/lib/python3.14/site-packages/django/db/backends/utils.py:105: in _execute
    return self.cursor.execute(sql, params)
           ^^^^^^^^^^^^^^^^^^^^^^^^^^^^^^^^
_ _ _ _ _ _ _ _ _ _ _ _ _ _ _ _ _ _ _ _ _ _ _ _ _ _ _ _ _ _ _ _ _ _ _ _ _ _ _ _ 

self = <django.db.backends.postgresql.base.Cursor [closed] [IDLE] (host=qualification-db user=postgres database=test_qualification) at 0x7d8c5350aeb0>
query = 'INSERT INTO "accounts_user" ("password", "last_login", "is_superuser", "id", "email", "first_name", "last_name", "is_staff", "is_active", "date_joined") VALUES (%s, %s, %s, %s, %s, %s, %s, %s, %s, %s)'
params = ('!Jb89OnWs1J1bar6YhjttgI6h2XKZ2La1mgmmkgxS', None, False, UUID('b7273541-8ee3-4a8c-a6a3-9fd6389b23ab'), 'reports@example.com', '', ...)
prepare = None, binary = None

    def execute(
        self,
        query: Query,
        params: Params | None = None,
        *,
        prepare: bool | None = None,
        binary: bool | None = None,
    ) -> Self:
        """
        Execute a query or command to the database.
        """
        try:
            with self._conn.lock:
                self._conn.wait(
                    self._execute_gen(query, params, prepare=prepare, binary=binary)
                )
        except e._NO_TRACEBACK as ex:
>           raise ex.with_traceback(None)
E           django.db.utils.IntegrityError: duplicate key value violates unique constraint "accounts_user_email_key"
E           DETAIL:  Key (email)=(reports@example.com) already exists.

.venv/lib/python3.14/site-packages/psycopg/cursor.py:117: IntegrityError
_ ERROR at teardown of test_app_raw_admission_and_mutation_are_denied[review_capacity_reservations] _

self = <django.db.backends.utils.CursorWrapper object at 0x7d8c52a3e3f0>
sql = 'TRUNCATE "auth_group_permissions", "core_known_entities", "core_health_controls", "billing_stripewebhookevent", "acco...zationmember", "report_artifacts", "integrations_providerconnection", "integrations_providerevent", "catalog_product";'
params = None
ignored_wrapper_args = (False, {'connection': <DatabaseWrapper vendor='postgresql' alias='default'>, 'cursor': <django.db.backends.utils.CursorWrapper object at 0x7d8c52a3e3f0>})

    def _execute(self, sql, params, *ignored_wrapper_args):
        # Raise a warning during app initialization (stored_app_configs is only
        # ever set during testing).
        if not apps.ready and not apps.stored_app_configs:
            warnings.warn(self.APPS_NOT_READY_WARNING_MSG, category=RuntimeWarning)
        self.db.validate_no_broken_transaction()
        with self.db.wrap_database_errors:
            if params is None:
                # params default might be backend specific.
>               return self.cursor.execute(sql)
                       ^^^^^^^^^^^^^^^^^^^^^^^^

.venv/lib/python3.14/site-packages/django/db/backends/utils.py:103: 
_ _ _ _ _ _ _ _ _ _ _ _ _ _ _ _ _ _ _ _ _ _ _ _ _ _ _ _ _ _ _ _ _ _ _ _ _ _ _ _ 

self = <django.db.backends.postgresql.base.Cursor [closed] [IDLE] (host=qualification-db user=postgres database=test_qualification) at 0x7d8c5350ac10>
query = 'TRUNCATE "auth_group_permissions", "core_known_entities", "core_health_controls", "billing_stripewebhookevent", "acco...zationmember", "report_artifacts", "integrations_providerconnection", "integrations_providerevent", "catalog_product";'
params = None, prepare = None, binary = None

    def execute(
        self,
        query: Query,
        params: Params | None = None,
        *,
        prepare: bool | None = None,
        binary: bool | None = None,
    ) -> Self:
        """
        Execute a query or command to the database.
        """
        try:
            with self._conn.lock:
                self._conn.wait(
                    self._execute_gen(query, params, prepare=prepare, binary=binary)
                )
        except e._NO_TRACEBACK as ex:
>           raise ex.with_traceback(None)
E           psycopg.errors.FeatureNotSupported: cannot truncate a table referenced in a foreign key constraint
E           DETAIL:  Table "billing_admission_receipt" references "billing_paid_coverage".
E           HINT:  Truncate table "billing_admission_receipt" at the same time, or use TRUNCATE ... CASCADE.

.venv/lib/python3.14/site-packages/psycopg/cursor.py:117: FeatureNotSupported

The above exception was the direct cause of the following exception:

self = <django.core.management.commands.flush.Command object at 0x7d8c527556e0>
options = {'verbosity': 0, 'settings': None, 'pythonpath': None, 'traceback': False, ...}

        def handle(self, **options):
            database = options["database"]
            connection = connections[database]
            verbosity = options["verbosity"]
            interactive = options["interactive"]
            # The following are stealth options used by Django's internals.
            reset_sequences = options.get("reset_sequences", True)
            allow_cascade = options.get("allow_cascade", False)
            inhibit_post_migrate = options.get("inhibit_post_migrate", False)
    
            self.style = no_style()
    
            # Import the 'management' module within each installed app, to register
            # dispatcher events.
            for app_config in apps.get_app_configs():
                try:
                    import_module(".management", app_config.name)
                except ImportError:
                    pass
    
            sql_list = sql_flush(
                self.style,
                connection,
                reset_sequences=reset_sequences,
                allow_cascade=allow_cascade,
            )
    
            if interactive:
                confirm = input("""You have requested a flush of the database.
    This will IRREVERSIBLY DESTROY all data currently in the "%s" database,
    and return each table to an empty state.
    Are you sure you want to do this?
    
        Type 'yes' to continue, or 'no' to cancel: """ % connection.settings_dict["NAME"])
            else:
                confirm = "yes"
    
            if confirm == "yes":
                try:
>                   connection.ops.execute_sql_flush(sql_list)

.venv/lib/python3.14/site-packages/django/core/management/commands/flush.py:71: 
_ _ _ _ _ _ _ _ _ _ _ _ _ _ _ _ _ _ _ _ _ _ _ _ _ _ _ _ _ _ _ _ _ _ _ _ _ _ _ _ 
.venv/lib/python3.14/site-packages/django/db/backends/base/operations.py:473: in execute_sql_flush
    cursor.execute(sql)
.venv/lib/python3.14/site-packages/django/db/backends/utils.py:79: in execute
    return self._execute_with_wrappers(
.venv/lib/python3.14/site-packages/django/db/backends/utils.py:92: in _execute_with_wrappers
    return executor(sql, params, many, context)
           ^^^^^^^^^^^^^^^^^^^^^^^^^^^^^^^^^^^^
.venv/lib/python3.14/site-packages/django/db/backends/utils.py:100: in _execute
    with self.db.wrap_database_errors:
         ^^^^^^^^^^^^^^^^^^^^^^^^^^^^
.venv/lib/python3.14/site-packages/django/db/utils.py:91: in __exit__
    raise dj_exc_value.with_traceback(traceback) from exc_value
.venv/lib/python3.14/site-packages/django/db/backends/utils.py:103: in _execute
    return self.cursor.execute(sql)
           ^^^^^^^^^^^^^^^^^^^^^^^^
_ _ _ _ _ _ _ _ _ _ _ _ _ _ _ _ _ _ _ _ _ _ _ _ _ _ _ _ _ _ _ _ _ _ _ _ _ _ _ _ 

self = <django.db.backends.postgresql.base.Cursor [closed] [IDLE] (host=qualification-db user=postgres database=test_qualification) at 0x7d8c5350ac10>
query = 'TRUNCATE "auth_group_permissions", "core_known_entities", "core_health_controls", "billing_stripewebhookevent", "acco...zationmember", "report_artifacts", "integrations_providerconnection", "integrations_providerevent", "catalog_product";'
params = None, prepare = None, binary = None

    def execute(
        self,
        query: Query,
        params: Params | None = None,
        *,
        prepare: bool | None = None,
        binary: bool | None = None,
    ) -> Self:
        """
        Execute a query or command to the database.
        """
        try:
            with self._conn.lock:
                self._conn.wait(
                    self._execute_gen(query, params, prepare=prepare, binary=binary)
                )
        except e._NO_TRACEBACK as ex:
>           raise ex.with_traceback(None)
E           django.db.utils.NotSupportedError: cannot truncate a table referenced in a foreign key constraint
E           DETAIL:  Table "billing_admission_receipt" references "billing_paid_coverage".
E           HINT:  Truncate table "billing_admission_receipt" at the same time, or use TRUNCATE ... CASCADE.

.venv/lib/python3.14/site-packages/psycopg/cursor.py:117: NotSupportedError

The above exception was the direct cause of the following exception:

request = <SubRequest '_django_db_helper' for <Function test_app_raw_admission_and_mutation_are_denied[review_capacity_reservations]>>
django_db_setup = None
django_db_blocker = <pytest_django.plugin.DjangoDbBlocker object at 0x7d8c58045010>

    @pytest.fixture
    def _django_db_helper(
        request: pytest.FixtureRequest,
        django_db_setup: None,  # noqa: ARG001
        django_db_blocker: DjangoDbBlocker,
    ) -> Generator[None]:
        if is_django_unittest(request):
            yield
            return
    
        from django import VERSION
    
        marker = request.node.get_closest_marker("django_db")
        if marker:
            (
                transactional,
                reset_sequences,
                databases,
                serialized_rollback,
                available_apps,
            ) = validate_django_db(marker)
        else:
            (
                transactional,
                reset_sequences,
                databases,
                serialized_rollback,
                available_apps,
            ) = False, False, None, False, None
    
        transactional = (
            transactional
            or reset_sequences
            or ("transactional_db" in request.fixturenames or "live_server" in request.fixturenames)
        )
        reset_sequences = reset_sequences or ("django_db_reset_sequences" in request.fixturenames)
        serialized_rollback = serialized_rollback or (
            "django_db_serialized_rollback" in request.fixturenames
        )
    
        with django_db_blocker.unblock():
            import django.db
            import django.test
    
            if transactional:
                test_case_class = django.test.TransactionTestCase
            else:
                test_case_class = django.test.TestCase
    
            _reset_sequences = reset_sequences
            _serialized_rollback = serialized_rollback
            _databases = databases
            _available_apps = available_apps
    
            class PytestDjangoTestCase(test_case_class):  # type: ignore[misc,valid-type]
                reset_sequences = _reset_sequences
                serialized_rollback = _serialized_rollback
                if _databases is not None:
                    databases = _databases
                if _available_apps is not None:
                    available_apps = _available_apps
    
                # For non-transactional tests, skip executing `django.test.TestCase`'s
                # `setUpClass`/`tearDownClass`, only execute the super class ones.
                #
                # `TestCase`'s class setup manages the `setUpTestData`/class-level
                # transaction functionality. We don't use it; instead we (will) offer
                # our own alternatives. So it only adds overhead, and does some things
                # which conflict with our (planned) functionality, particularly, it
                # closes all database connections in `tearDownClass` which inhibits
                # wrapping tests in higher-scoped transactions.
                #
                # It's possible a new version of Django will add some unrelated
                # functionality to these methods, in which case skipping them completely
                # would not be desirable. Let's cross that bridge when we get there...
                if not transactional:
    
                    @classmethod
                    def setUpClass(cls) -> None:
                        super(django.test.TestCase, cls).setUpClass()
    
                    @classmethod
                    def tearDownClass(cls) -> None:
                        super(django.test.TestCase, cls).tearDownClass()
    
            PytestDjangoTestCase.setUpClass()
    
            test_case = PytestDjangoTestCase(methodName="__init__")
            if VERSION >= (6, 0):
                pre_setup_ran_eagerly = PytestDjangoTestCase._pre_setup_ran_eagerly
            else:
                pre_setup_ran_eagerly = getattr(PytestDjangoTestCase, "_pre_setup_ran_eagerly", False)
            if not pre_setup_ran_eagerly:
                # For a TransactionTestCase, setUpClass() has already run _pre_setup() and set
                # this flag to say so.
                test_case._pre_setup()
    
            yield
    
>           test_case._post_teardown()

.venv/lib/python3.14/site-packages/pytest_django/fixtures.py:305: 
_ _ _ _ _ _ _ _ _ _ _ _ _ _ _ _ _ _ _ _ _ _ _ _ _ _ _ _ _ _ _ _ _ _ _ _ _ _ _ _ 
.venv/lib/python3.14/site-packages/django/test/testcases.py:1231: in _post_teardown
    self._fixture_teardown()
.venv/lib/python3.14/site-packages/django/test/testcases.py:1266: in _fixture_teardown
    call_command(
.venv/lib/python3.14/site-packages/django/core/management/__init__.py:194: in call_command
    return command.execute(*args, **defaults)
           ^^^^^^^^^^^^^^^^^^^^^^^^^^^^^^^^^^
.venv/lib/python3.14/site-packages/django/core/management/base.py:464: in execute
    output = self.handle(*args, **options)
             ^^^^^^^^^^^^^^^^^^^^^^^^^^^^^
_ _ _ _ _ _ _ _ _ _ _ _ _ _ _ _ _ _ _ _ _ _ _ _ _ _ _ _ _ _ _ _ _ _ _ _ _ _ _ _ 

self = <django.core.management.commands.flush.Command object at 0x7d8c527556e0>
options = {'verbosity': 0, 'settings': None, 'pythonpath': None, 'traceback': False, ...}

        def handle(self, **options):
            database = options["database"]
            connection = connections[database]
            verbosity = options["verbosity"]
            interactive = options["interactive"]
            # The following are stealth options used by Django's internals.
            reset_sequences = options.get("reset_sequences", True)
            allow_cascade = options.get("allow_cascade", False)
            inhibit_post_migrate = options.get("inhibit_post_migrate", False)
    
            self.style = no_style()
    
            # Import the 'management' module within each installed app, to register
            # dispatcher events.
            for app_config in apps.get_app_configs():
                try:
                    import_module(".management", app_config.name)
                except ImportError:
                    pass
    
            sql_list = sql_flush(
                self.style,
                connection,
                reset_sequences=reset_sequences,
                allow_cascade=allow_cascade,
            )
    
            if interactive:
                confirm = input("""You have requested a flush of the database.
    This will IRREVERSIBLY DESTROY all data currently in the "%s" database,
    and return each table to an empty state.
    Are you sure you want to do this?
    
        Type 'yes' to continue, or 'no' to cancel: """ % connection.settings_dict["NAME"])
            else:
                confirm = "yes"
    
            if confirm == "yes":
                try:
                    connection.ops.execute_sql_flush(sql_list)
                except Exception as exc:
>                   raise CommandError(
                        "Database %s couldn't be flushed. Possible reasons:\n"
                        "  * The database isn't running or isn't configured correctly.\n"
                        "  * At least one of the expected database tables doesn't exist.\n"
                        "  * The SQL was invalid.\n"
                        "Hint: Look at the output of 'django-admin sqlflush'. "
                        "That's the SQL this command wasn't able to run."
                        % (connection.settings_dict["NAME"],)
                    ) from exc
E                   django.core.management.base.CommandError: Database test_qualification couldn't be flushed. Possible reasons:
E                     * The database isn't running or isn't configured correctly.
E                     * At least one of the expected database tables doesn't exist.
E                     * The SQL was invalid.
E                   Hint: Look at the output of 'django-admin sqlflush'. That's the SQL this command wasn't able to run.

.venv/lib/python3.14/site-packages/django/core/management/commands/flush.py:73: CommandError
_ ERROR at setup of test_app_raw_admission_and_mutation_are_denied[review_reservation_events] _

self = <django.db.backends.utils.CursorWrapper object at 0x7d8c5283bb90>
sql = 'INSERT INTO "accounts_user" ("password", "last_login", "is_superuser", "id", "email", "first_name", "last_name", "is_staff", "is_active", "date_joined") VALUES (%s, %s, %s, %s, %s, %s, %s, %s, %s, %s)'
params = ('!uSvB5XgO8yOdteW263kz3d8OFFaSQMnLe06hrc4r', None, False, UUID('eb3c3598-8ea9-414c-b50f-3c46e02faade'), 'reports@example.com', '', ...)
ignored_wrapper_args = (False, {'connection': <DatabaseWrapper vendor='postgresql' alias='default'>, 'cursor': <django.db.backends.utils.CursorWrapper object at 0x7d8c5283bb90>})

    def _execute(self, sql, params, *ignored_wrapper_args):
        # Raise a warning during app initialization (stored_app_configs is only
        # ever set during testing).
        if not apps.ready and not apps.stored_app_configs:
            warnings.warn(self.APPS_NOT_READY_WARNING_MSG, category=RuntimeWarning)
        self.db.validate_no_broken_transaction()
        with self.db.wrap_database_errors:
            if params is None:
                # params default might be backend specific.
                return self.cursor.execute(sql)
            else:
>               return self.cursor.execute(sql, params)
                       ^^^^^^^^^^^^^^^^^^^^^^^^^^^^^^^^

.venv/lib/python3.14/site-packages/django/db/backends/utils.py:105: 
_ _ _ _ _ _ _ _ _ _ _ _ _ _ _ _ _ _ _ _ _ _ _ _ _ _ _ _ _ _ _ _ _ _ _ _ _ _ _ _ 

self = <django.db.backends.postgresql.base.Cursor [closed] [IDLE] (host=qualification-db user=postgres database=test_qualification) at 0x7d8c5350b770>
query = 'INSERT INTO "accounts_user" ("password", "last_login", "is_superuser", "id", "email", "first_name", "last_name", "is_staff", "is_active", "date_joined") VALUES (%s, %s, %s, %s, %s, %s, %s, %s, %s, %s)'
params = ('!uSvB5XgO8yOdteW263kz3d8OFFaSQMnLe06hrc4r', None, False, UUID('eb3c3598-8ea9-414c-b50f-3c46e02faade'), 'reports@example.com', '', ...)
prepare = None, binary = None

    def execute(
        self,
        query: Query,
        params: Params | None = None,
        *,
        prepare: bool | None = None,
        binary: bool | None = None,
    ) -> Self:
        """
        Execute a query or command to the database.
        """
        try:
            with self._conn.lock:
                self._conn.wait(
                    self._execute_gen(query, params, prepare=prepare, binary=binary)
                )
        except e._NO_TRACEBACK as ex:
>           raise ex.with_traceback(None)
E           psycopg.errors.UniqueViolation: duplicate key value violates unique constraint "accounts_user_email_key"
E           DETAIL:  Key (email)=(reports@example.com) already exists.

.venv/lib/python3.14/site-packages/psycopg/cursor.py:117: UniqueViolation

The above exception was the direct cause of the following exception:

client = <django.test.client.Client object at 0x7d8c5279db80>

    @pytest.fixture
    def report_context(client):
>       user = get_user_model().objects.create_user("reports@example.com")
               ^^^^^^^^^^^^^^^^^^^^^^^^^^^^^^^^^^^^^^^^^^^^^^^^^^^^^^^^^^^

tests/conftest.py:174: 
_ _ _ _ _ _ _ _ _ _ _ _ _ _ _ _ _ _ _ _ _ _ _ _ _ _ _ _ _ _ _ _ _ _ _ _ _ _ _ _ 
apps/accounts/managers.py:29: in create_user
    user.save(using=self._db)
.venv/lib/python3.14/site-packages/django/contrib/auth/base_user.py:65: in save
    super().save(*args, **kwargs)
.venv/lib/python3.14/site-packages/django/db/models/base.py:902: in save
    self.save_base(
.venv/lib/python3.14/site-packages/django/db/models/base.py:1008: in save_base
    updated = self._save_table(
.venv/lib/python3.14/site-packages/django/db/models/base.py:1169: in _save_table
    results = self._do_insert(
.venv/lib/python3.14/site-packages/django/db/models/base.py:1210: in _do_insert
    return manager._insert(
.venv/lib/python3.14/site-packages/django/db/models/manager.py:87: in manager_method
    return getattr(self.get_queryset(), name)(*args, **kwargs)
           ^^^^^^^^^^^^^^^^^^^^^^^^^^^^^^^^^^^^^^^^^^^^^^^^^^^
.venv/lib/python3.14/site-packages/django/db/models/query.py:1873: in _insert
    return query.get_compiler(using=using).execute_sql(returning_fields)
           ^^^^^^^^^^^^^^^^^^^^^^^^^^^^^^^^^^^^^^^^^^^^^^^^^^^^^^^^^^^^^
.venv/lib/python3.14/site-packages/django/db/models/sql/compiler.py:1882: in execute_sql
    cursor.execute(sql, params)
.venv/lib/python3.14/site-packages/django/db/backends/utils.py:79: in execute
    return self._execute_with_wrappers(
.venv/lib/python3.14/site-packages/django/db/backends/utils.py:92: in _execute_with_wrappers
    return executor(sql, params, many, context)
           ^^^^^^^^^^^^^^^^^^^^^^^^^^^^^^^^^^^^
.venv/lib/python3.14/site-packages/django/db/backends/utils.py:100: in _execute
    with self.db.wrap_database_errors:
         ^^^^^^^^^^^^^^^^^^^^^^^^^^^^
.venv/lib/python3.14/site-packages/django/db/utils.py:91: in __exit__
    raise dj_exc_value.with_traceback(traceback) from exc_value
.venv/lib/python3.14/site-packages/django/db/backends/utils.py:105: in _execute
    return self.cursor.execute(sql, params)
           ^^^^^^^^^^^^^^^^^^^^^^^^^^^^^^^^
_ _ _ _ _ _ _ _ _ _ _ _ _ _ _ _ _ _ _ _ _ _ _ _ _ _ _ _ _ _ _ _ _ _ _ _ _ _ _ _ 

self = <django.db.backends.postgresql.base.Cursor [closed] [IDLE] (host=qualification-db user=postgres database=test_qualification) at 0x7d8c5350b770>
query = 'INSERT INTO "accounts_user" ("password", "last_login", "is_superuser", "id", "email", "first_name", "last_name", "is_staff", "is_active", "date_joined") VALUES (%s, %s, %s, %s, %s, %s, %s, %s, %s, %s)'
params = ('!uSvB5XgO8yOdteW263kz3d8OFFaSQMnLe06hrc4r', None, False, UUID('eb3c3598-8ea9-414c-b50f-3c46e02faade'), 'reports@example.com', '', ...)
prepare = None, binary = None

    def execute(
        self,
        query: Query,
        params: Params | None = None,
        *,
        prepare: bool | None = None,
        binary: bool | None = None,
    ) -> Self:
        """
        Execute a query or command to the database.
        """
        try:
            with self._conn.lock:
                self._conn.wait(
                    self._execute_gen(query, params, prepare=prepare, binary=binary)
                )
        except e._NO_TRACEBACK as ex:
>           raise ex.with_traceback(None)
E           django.db.utils.IntegrityError: duplicate key value violates unique constraint "accounts_user_email_key"
E           DETAIL:  Key (email)=(reports@example.com) already exists.

.venv/lib/python3.14/site-packages/psycopg/cursor.py:117: IntegrityError
_ ERROR at teardown of test_app_raw_admission_and_mutation_are_denied[review_reservation_events] _

self = <django.db.backends.utils.CursorWrapper object at 0x7d8c52a3c3b0>
sql = 'TRUNCATE "auth_group_permissions", "core_known_entities", "core_health_controls", "billing_stripewebhookevent", "acco...zationmember", "report_artifacts", "integrations_providerconnection", "integrations_providerevent", "catalog_product";'
params = None
ignored_wrapper_args = (False, {'connection': <DatabaseWrapper vendor='postgresql' alias='default'>, 'cursor': <django.db.backends.utils.CursorWrapper object at 0x7d8c52a3c3b0>})

    def _execute(self, sql, params, *ignored_wrapper_args):
        # Raise a warning during app initialization (stored_app_configs is only
        # ever set during testing).
        if not apps.ready and not apps.stored_app_configs:
            warnings.warn(self.APPS_NOT_READY_WARNING_MSG, category=RuntimeWarning)
        self.db.validate_no_broken_transaction()
        with self.db.wrap_database_errors:
            if params is None:
                # params default might be backend specific.
>               return self.cursor.execute(sql)
                       ^^^^^^^^^^^^^^^^^^^^^^^^

.venv/lib/python3.14/site-packages/django/db/backends/utils.py:103: 
_ _ _ _ _ _ _ _ _ _ _ _ _ _ _ _ _ _ _ _ _ _ _ _ _ _ _ _ _ _ _ _ _ _ _ _ _ _ _ _ 

self = <django.db.backends.postgresql.base.Cursor [closed] [IDLE] (host=qualification-db user=postgres database=test_qualification) at 0x7d8c5350be70>
query = 'TRUNCATE "auth_group_permissions", "core_known_entities", "core_health_controls", "billing_stripewebhookevent", "acco...zationmember", "report_artifacts", "integrations_providerconnection", "integrations_providerevent", "catalog_product";'
params = None, prepare = None, binary = None

    def execute(
        self,
        query: Query,
        params: Params | None = None,
        *,
        prepare: bool | None = None,
        binary: bool | None = None,
    ) -> Self:
        """
        Execute a query or command to the database.
        """
        try:
            with self._conn.lock:
                self._conn.wait(
                    self._execute_gen(query, params, prepare=prepare, binary=binary)
                )
        except e._NO_TRACEBACK as ex:
>           raise ex.with_traceback(None)
E           psycopg.errors.FeatureNotSupported: cannot truncate a table referenced in a foreign key constraint
E           DETAIL:  Table "billing_admission_receipt" references "billing_paid_coverage".
E           HINT:  Truncate table "billing_admission_receipt" at the same time, or use TRUNCATE ... CASCADE.

.venv/lib/python3.14/site-packages/psycopg/cursor.py:117: FeatureNotSupported

The above exception was the direct cause of the following exception:

self = <django.core.management.commands.flush.Command object at 0x7d8c52827650>
options = {'verbosity': 0, 'settings': None, 'pythonpath': None, 'traceback': False, ...}

        def handle(self, **options):
            database = options["database"]
            connection = connections[database]
            verbosity = options["verbosity"]
            interactive = options["interactive"]
            # The following are stealth options used by Django's internals.
            reset_sequences = options.get("reset_sequences", True)
            allow_cascade = options.get("allow_cascade", False)
            inhibit_post_migrate = options.get("inhibit_post_migrate", False)
    
            self.style = no_style()
    
            # Import the 'management' module within each installed app, to register
            # dispatcher events.
            for app_config in apps.get_app_configs():
                try:
                    import_module(".management", app_config.name)
                except ImportError:
                    pass
    
            sql_list = sql_flush(
                self.style,
                connection,
                reset_sequences=reset_sequences,
                allow_cascade=allow_cascade,
            )
    
            if interactive:
                confirm = input("""You have requested a flush of the database.
    This will IRREVERSIBLY DESTROY all data currently in the "%s" database,
    and return each table to an empty state.
    Are you sure you want to do this?
    
        Type 'yes' to continue, or 'no' to cancel: """ % connection.settings_dict["NAME"])
            else:
                confirm = "yes"
    
            if confirm == "yes":
                try:
>                   connection.ops.execute_sql_flush(sql_list)

.venv/lib/python3.14/site-packages/django/core/management/commands/flush.py:71: 
_ _ _ _ _ _ _ _ _ _ _ _ _ _ _ _ _ _ _ _ _ _ _ _ _ _ _ _ _ _ _ _ _ _ _ _ _ _ _ _ 
.venv/lib/python3.14/site-packages/django/db/backends/base/operations.py:473: in execute_sql_flush
    cursor.execute(sql)
.venv/lib/python3.14/site-packages/django/db/backends/utils.py:79: in execute
    return self._execute_with_wrappers(
.venv/lib/python3.14/site-packages/django/db/backends/utils.py:92: in _execute_with_wrappers
    return executor(sql, params, many, context)
           ^^^^^^^^^^^^^^^^^^^^^^^^^^^^^^^^^^^^
.venv/lib/python3.14/site-packages/django/db/backends/utils.py:100: in _execute
    with self.db.wrap_database_errors:
         ^^^^^^^^^^^^^^^^^^^^^^^^^^^^
.venv/lib/python3.14/site-packages/django/db/utils.py:91: in __exit__
    raise dj_exc_value.with_traceback(traceback) from exc_value
.venv/lib/python3.14/site-packages/django/db/backends/utils.py:103: in _execute
    return self.cursor.execute(sql)
           ^^^^^^^^^^^^^^^^^^^^^^^^
_ _ _ _ _ _ _ _ _ _ _ _ _ _ _ _ _ _ _ _ _ _ _ _ _ _ _ _ _ _ _ _ _ _ _ _ _ _ _ _ 

self = <django.db.backends.postgresql.base.Cursor [closed] [IDLE] (host=qualification-db user=postgres database=test_qualification) at 0x7d8c5350be70>
query = 'TRUNCATE "auth_group_permissions", "core_known_entities", "core_health_controls", "billing_stripewebhookevent", "acco...zationmember", "report_artifacts", "integrations_providerconnection", "integrations_providerevent", "catalog_product";'
params = None, prepare = None, binary = None

    def execute(
        self,
        query: Query,
        params: Params | None = None,
        *,
        prepare: bool | None = None,
        binary: bool | None = None,
    ) -> Self:
        """
        Execute a query or command to the database.
        """
        try:
            with self._conn.lock:
                self._conn.wait(
                    self._execute_gen(query, params, prepare=prepare, binary=binary)
                )
        except e._NO_TRACEBACK as ex:
>           raise ex.with_traceback(None)
E           django.db.utils.NotSupportedError: cannot truncate a table referenced in a foreign key constraint
E           DETAIL:  Table "billing_admission_receipt" references "billing_paid_coverage".
E           HINT:  Truncate table "billing_admission_receipt" at the same time, or use TRUNCATE ... CASCADE.

.venv/lib/python3.14/site-packages/psycopg/cursor.py:117: NotSupportedError

The above exception was the direct cause of the following exception:

request = <SubRequest '_django_db_helper' for <Function test_app_raw_admission_and_mutation_are_denied[review_reservation_events]>>
django_db_setup = None
django_db_blocker = <pytest_django.plugin.DjangoDbBlocker object at 0x7d8c58045010>

    @pytest.fixture
    def _django_db_helper(
        request: pytest.FixtureRequest,
        django_db_setup: None,  # noqa: ARG001
        django_db_blocker: DjangoDbBlocker,
    ) -> Generator[None]:
        if is_django_unittest(request):
            yield
            return
    
        from django import VERSION
    
        marker = request.node.get_closest_marker("django_db")
        if marker:
            (
                transactional,
                reset_sequences,
                databases,
                serialized_rollback,
                available_apps,
            ) = validate_django_db(marker)
        else:
            (
                transactional,
                reset_sequences,
                databases,
                serialized_rollback,
                available_apps,
            ) = False, False, None, False, None
    
        transactional = (
            transactional
            or reset_sequences
            or ("transactional_db" in request.fixturenames or "live_server" in request.fixturenames)
        )
        reset_sequences = reset_sequences or ("django_db_reset_sequences" in request.fixturenames)
        serialized_rollback = serialized_rollback or (
            "django_db_serialized_rollback" in request.fixturenames
        )
    
        with django_db_blocker.unblock():
            import django.db
            import django.test
    
            if transactional:
                test_case_class = django.test.TransactionTestCase
            else:
                test_case_class = django.test.TestCase
    
            _reset_sequences = reset_sequences
            _serialized_rollback = serialized_rollback
            _databases = databases
            _available_apps = available_apps
    
            class PytestDjangoTestCase(test_case_class):  # type: ignore[misc,valid-type]
                reset_sequences = _reset_sequences
                serialized_rollback = _serialized_rollback
                if _databases is not None:
                    databases = _databases
                if _available_apps is not None:
                    available_apps = _available_apps
    
                # For non-transactional tests, skip executing `django.test.TestCase`'s
                # `setUpClass`/`tearDownClass`, only execute the super class ones.
                #
                # `TestCase`'s class setup manages the `setUpTestData`/class-level
                # transaction functionality. We don't use it; instead we (will) offer
                # our own alternatives. So it only adds overhead, and does some things
                # which conflict with our (planned) functionality, particularly, it
                # closes all database connections in `tearDownClass` which inhibits
                # wrapping tests in higher-scoped transactions.
                #
                # It's possible a new version of Django will add some unrelated
                # functionality to these methods, in which case skipping them completely
                # would not be desirable. Let's cross that bridge when we get there...
                if not transactional:
    
                    @classmethod
                    def setUpClass(cls) -> None:
                        super(django.test.TestCase, cls).setUpClass()
    
                    @classmethod
                    def tearDownClass(cls) -> None:
                        super(django.test.TestCase, cls).tearDownClass()
    
            PytestDjangoTestCase.setUpClass()
    
            test_case = PytestDjangoTestCase(methodName="__init__")
            if VERSION >= (6, 0):
                pre_setup_ran_eagerly = PytestDjangoTestCase._pre_setup_ran_eagerly
            else:
                pre_setup_ran_eagerly = getattr(PytestDjangoTestCase, "_pre_setup_ran_eagerly", False)
            if not pre_setup_ran_eagerly:
                # For a TransactionTestCase, setUpClass() has already run _pre_setup() and set
                # this flag to say so.
                test_case._pre_setup()
    
            yield
    
>           test_case._post_teardown()

.venv/lib/python3.14/site-packages/pytest_django/fixtures.py:305: 
_ _ _ _ _ _ _ _ _ _ _ _ _ _ _ _ _ _ _ _ _ _ _ _ _ _ _ _ _ _ _ _ _ _ _ _ _ _ _ _ 
.venv/lib/python3.14/site-packages/django/test/testcases.py:1231: in _post_teardown
    self._fixture_teardown()
.venv/lib/python3.14/site-packages/django/test/testcases.py:1266: in _fixture_teardown
    call_command(
.venv/lib/python3.14/site-packages/django/core/management/__init__.py:194: in call_command
    return command.execute(*args, **defaults)
           ^^^^^^^^^^^^^^^^^^^^^^^^^^^^^^^^^^
.venv/lib/python3.14/site-packages/django/core/management/base.py:464: in execute
    output = self.handle(*args, **options)
             ^^^^^^^^^^^^^^^^^^^^^^^^^^^^^
_ _ _ _ _ _ _ _ _ _ _ _ _ _ _ _ _ _ _ _ _ _ _ _ _ _ _ _ _ _ _ _ _ _ _ _ _ _ _ _ 

self = <django.core.management.commands.flush.Command object at 0x7d8c52827650>
options = {'verbosity': 0, 'settings': None, 'pythonpath': None, 'traceback': False, ...}

        def handle(self, **options):
            database = options["database"]
            connection = connections[database]
            verbosity = options["verbosity"]
            interactive = options["interactive"]
            # The following are stealth options used by Django's internals.
            reset_sequences = options.get("reset_sequences", True)
            allow_cascade = options.get("allow_cascade", False)
            inhibit_post_migrate = options.get("inhibit_post_migrate", False)
    
            self.style = no_style()
    
            # Import the 'management' module within each installed app, to register
            # dispatcher events.
            for app_config in apps.get_app_configs():
                try:
                    import_module(".management", app_config.name)
                except ImportError:
                    pass
    
            sql_list = sql_flush(
                self.style,
                connection,
                reset_sequences=reset_sequences,
                allow_cascade=allow_cascade,
            )
    
            if interactive:
                confirm = input("""You have requested a flush of the database.
    This will IRREVERSIBLY DESTROY all data currently in the "%s" database,
    and return each table to an empty state.
    Are you sure you want to do this?
    
        Type 'yes' to continue, or 'no' to cancel: """ % connection.settings_dict["NAME"])
            else:
                confirm = "yes"
    
            if confirm == "yes":
                try:
                    connection.ops.execute_sql_flush(sql_list)
                except Exception as exc:
>                   raise CommandError(
                        "Database %s couldn't be flushed. Possible reasons:\n"
                        "  * The database isn't running or isn't configured correctly.\n"
                        "  * At least one of the expected database tables doesn't exist.\n"
                        "  * The SQL was invalid.\n"
                        "Hint: Look at the output of 'django-admin sqlflush'. "
                        "That's the SQL this command wasn't able to run."
                        % (connection.settings_dict["NAME"],)
                    ) from exc
E                   django.core.management.base.CommandError: Database test_qualification couldn't be flushed. Possible reasons:
E                     * The database isn't running or isn't configured correctly.
E                     * At least one of the expected database tables doesn't exist.
E                     * The SQL was invalid.
E                   Hint: Look at the output of 'django-admin sqlflush'. That's the SQL this command wasn't able to run.

.venv/lib/python3.14/site-packages/django/core/management/commands/flush.py:73: CommandError
__ ERROR at teardown of test_worker_has_no_review_table_access[review_cycles] __

self = <django.db.backends.utils.CursorWrapper object at 0x7d8c5283b050>
sql = 'TRUNCATE "auth_group_permissions", "core_known_entities", "core_health_controls", "billing_stripewebhookevent", "acco...zationmember", "report_artifacts", "integrations_providerconnection", "integrations_providerevent", "catalog_product";'
params = None
ignored_wrapper_args = (False, {'connection': <DatabaseWrapper vendor='postgresql' alias='default'>, 'cursor': <django.db.backends.utils.CursorWrapper object at 0x7d8c5283b050>})

    def _execute(self, sql, params, *ignored_wrapper_args):
        # Raise a warning during app initialization (stored_app_configs is only
        # ever set during testing).
        if not apps.ready and not apps.stored_app_configs:
            warnings.warn(self.APPS_NOT_READY_WARNING_MSG, category=RuntimeWarning)
        self.db.validate_no_broken_transaction()
        with self.db.wrap_database_errors:
            if params is None:
                # params default might be backend specific.
>               return self.cursor.execute(sql)
                       ^^^^^^^^^^^^^^^^^^^^^^^^

.venv/lib/python3.14/site-packages/django/db/backends/utils.py:103: 
_ _ _ _ _ _ _ _ _ _ _ _ _ _ _ _ _ _ _ _ _ _ _ _ _ _ _ _ _ _ _ _ _ _ _ _ _ _ _ _ 

self = <django.db.backends.postgresql.base.Cursor [closed] [IDLE] (host=qualification-db user=postgres database=test_qualification) at 0x7d8c52780bb0>
query = 'TRUNCATE "auth_group_permissions", "core_known_entities", "core_health_controls", "billing_stripewebhookevent", "acco...zationmember", "report_artifacts", "integrations_providerconnection", "integrations_providerevent", "catalog_product";'
params = None, prepare = None, binary = None

    def execute(
        self,
        query: Query,
        params: Params | None = None,
        *,
        prepare: bool | None = None,
        binary: bool | None = None,
    ) -> Self:
        """
        Execute a query or command to the database.
        """
        try:
            with self._conn.lock:
                self._conn.wait(
                    self._execute_gen(query, params, prepare=prepare, binary=binary)
                )
        except e._NO_TRACEBACK as ex:
>           raise ex.with_traceback(None)
E           psycopg.errors.FeatureNotSupported: cannot truncate a table referenced in a foreign key constraint
E           DETAIL:  Table "billing_admission_receipt" references "billing_paid_coverage".
E           HINT:  Truncate table "billing_admission_receipt" at the same time, or use TRUNCATE ... CASCADE.

.venv/lib/python3.14/site-packages/psycopg/cursor.py:117: FeatureNotSupported

The above exception was the direct cause of the following exception:

self = <django.core.management.commands.flush.Command object at 0x7d8c533fb8a0>
options = {'verbosity': 0, 'settings': None, 'pythonpath': None, 'traceback': False, ...}

        def handle(self, **options):
            database = options["database"]
            connection = connections[database]
            verbosity = options["verbosity"]
            interactive = options["interactive"]
            # The following are stealth options used by Django's internals.
            reset_sequences = options.get("reset_sequences", True)
            allow_cascade = options.get("allow_cascade", False)
            inhibit_post_migrate = options.get("inhibit_post_migrate", False)
    
            self.style = no_style()
    
            # Import the 'management' module within each installed app, to register
            # dispatcher events.
            for app_config in apps.get_app_configs():
                try:
                    import_module(".management", app_config.name)
                except ImportError:
                    pass
    
            sql_list = sql_flush(
                self.style,
                connection,
                reset_sequences=reset_sequences,
                allow_cascade=allow_cascade,
            )
    
            if interactive:
                confirm = input("""You have requested a flush of the database.
    This will IRREVERSIBLY DESTROY all data currently in the "%s" database,
    and return each table to an empty state.
    Are you sure you want to do this?
    
        Type 'yes' to continue, or 'no' to cancel: """ % connection.settings_dict["NAME"])
            else:
                confirm = "yes"
    
            if confirm == "yes":
                try:
>                   connection.ops.execute_sql_flush(sql_list)

.venv/lib/python3.14/site-packages/django/core/management/commands/flush.py:71: 
_ _ _ _ _ _ _ _ _ _ _ _ _ _ _ _ _ _ _ _ _ _ _ _ _ _ _ _ _ _ _ _ _ _ _ _ _ _ _ _ 
.venv/lib/python3.14/site-packages/django/db/backends/base/operations.py:473: in execute_sql_flush
    cursor.execute(sql)
.venv/lib/python3.14/site-packages/django/db/backends/utils.py:79: in execute
    return self._execute_with_wrappers(
.venv/lib/python3.14/site-packages/django/db/backends/utils.py:92: in _execute_with_wrappers
    return executor(sql, params, many, context)
           ^^^^^^^^^^^^^^^^^^^^^^^^^^^^^^^^^^^^
.venv/lib/python3.14/site-packages/django/db/backends/utils.py:100: in _execute
    with self.db.wrap_database_errors:
         ^^^^^^^^^^^^^^^^^^^^^^^^^^^^
.venv/lib/python3.14/site-packages/django/db/utils.py:91: in __exit__
    raise dj_exc_value.with_traceback(traceback) from exc_value
.venv/lib/python3.14/site-packages/django/db/backends/utils.py:103: in _execute
    return self.cursor.execute(sql)
           ^^^^^^^^^^^^^^^^^^^^^^^^
_ _ _ _ _ _ _ _ _ _ _ _ _ _ _ _ _ _ _ _ _ _ _ _ _ _ _ _ _ _ _ _ _ _ _ _ _ _ _ _ 

self = <django.db.backends.postgresql.base.Cursor [closed] [IDLE] (host=qualification-db user=postgres database=test_qualification) at 0x7d8c52780bb0>
query = 'TRUNCATE "auth_group_permissions", "core_known_entities", "core_health_controls", "billing_stripewebhookevent", "acco...zationmember", "report_artifacts", "integrations_providerconnection", "integrations_providerevent", "catalog_product";'
params = None, prepare = None, binary = None

    def execute(
        self,
        query: Query,
        params: Params | None = None,
        *,
        prepare: bool | None = None,
        binary: bool | None = None,
    ) -> Self:
        """
        Execute a query or command to the database.
        """
        try:
            with self._conn.lock:
                self._conn.wait(
                    self._execute_gen(query, params, prepare=prepare, binary=binary)
                )
        except e._NO_TRACEBACK as ex:
>           raise ex.with_traceback(None)
E           django.db.utils.NotSupportedError: cannot truncate a table referenced in a foreign key constraint
E           DETAIL:  Table "billing_admission_receipt" references "billing_paid_coverage".
E           HINT:  Truncate table "billing_admission_receipt" at the same time, or use TRUNCATE ... CASCADE.

.venv/lib/python3.14/site-packages/psycopg/cursor.py:117: NotSupportedError

The above exception was the direct cause of the following exception:

request = <SubRequest '_django_db_helper' for <Function test_worker_has_no_review_table_access[review_cycles]>>
django_db_setup = None
django_db_blocker = <pytest_django.plugin.DjangoDbBlocker object at 0x7d8c58045010>

    @pytest.fixture
    def _django_db_helper(
        request: pytest.FixtureRequest,
        django_db_setup: None,  # noqa: ARG001
        django_db_blocker: DjangoDbBlocker,
    ) -> Generator[None]:
        if is_django_unittest(request):
            yield
            return
    
        from django import VERSION
    
        marker = request.node.get_closest_marker("django_db")
        if marker:
            (
                transactional,
                reset_sequences,
                databases,
                serialized_rollback,
                available_apps,
            ) = validate_django_db(marker)
        else:
            (
                transactional,
                reset_sequences,
                databases,
                serialized_rollback,
                available_apps,
            ) = False, False, None, False, None
    
        transactional = (
            transactional
            or reset_sequences
            or ("transactional_db" in request.fixturenames or "live_server" in request.fixturenames)
        )
        reset_sequences = reset_sequences or ("django_db_reset_sequences" in request.fixturenames)
        serialized_rollback = serialized_rollback or (
            "django_db_serialized_rollback" in request.fixturenames
        )
    
        with django_db_blocker.unblock():
            import django.db
            import django.test
    
            if transactional:
                test_case_class = django.test.TransactionTestCase
            else:
                test_case_class = django.test.TestCase
    
            _reset_sequences = reset_sequences
            _serialized_rollback = serialized_rollback
            _databases = databases
            _available_apps = available_apps
    
            class PytestDjangoTestCase(test_case_class):  # type: ignore[misc,valid-type]
                reset_sequences = _reset_sequences
                serialized_rollback = _serialized_rollback
                if _databases is not None:
                    databases = _databases
                if _available_apps is not None:
                    available_apps = _available_apps
    
                # For non-transactional tests, skip executing `django.test.TestCase`'s
                # `setUpClass`/`tearDownClass`, only execute the super class ones.
                #
                # `TestCase`'s class setup manages the `setUpTestData`/class-level
                # transaction functionality. We don't use it; instead we (will) offer
                # our own alternatives. So it only adds overhead, and does some things
                # which conflict with our (planned) functionality, particularly, it
                # closes all database connections in `tearDownClass` which inhibits
                # wrapping tests in higher-scoped transactions.
                #
                # It's possible a new version of Django will add some unrelated
                # functionality to these methods, in which case skipping them completely
                # would not be desirable. Let's cross that bridge when we get there...
                if not transactional:
    
                    @classmethod
                    def setUpClass(cls) -> None:
                        super(django.test.TestCase, cls).setUpClass()
    
                    @classmethod
                    def tearDownClass(cls) -> None:
                        super(django.test.TestCase, cls).tearDownClass()
    
            PytestDjangoTestCase.setUpClass()
    
            test_case = PytestDjangoTestCase(methodName="__init__")
            if VERSION >= (6, 0):
                pre_setup_ran_eagerly = PytestDjangoTestCase._pre_setup_ran_eagerly
            else:
                pre_setup_ran_eagerly = getattr(PytestDjangoTestCase, "_pre_setup_ran_eagerly", False)
            if not pre_setup_ran_eagerly:
                # For a TransactionTestCase, setUpClass() has already run _pre_setup() and set
                # this flag to say so.
                test_case._pre_setup()
    
            yield
    
>           test_case._post_teardown()

.venv/lib/python3.14/site-packages/pytest_django/fixtures.py:305: 
_ _ _ _ _ _ _ _ _ _ _ _ _ _ _ _ _ _ _ _ _ _ _ _ _ _ _ _ _ _ _ _ _ _ _ _ _ _ _ _ 
.venv/lib/python3.14/site-packages/django/test/testcases.py:1231: in _post_teardown
    self._fixture_teardown()
.venv/lib/python3.14/site-packages/django/test/testcases.py:1266: in _fixture_teardown
    call_command(
.venv/lib/python3.14/site-packages/django/core/management/__init__.py:194: in call_command
    return command.execute(*args, **defaults)
           ^^^^^^^^^^^^^^^^^^^^^^^^^^^^^^^^^^
.venv/lib/python3.14/site-packages/django/core/management/base.py:464: in execute
    output = self.handle(*args, **options)
             ^^^^^^^^^^^^^^^^^^^^^^^^^^^^^
_ _ _ _ _ _ _ _ _ _ _ _ _ _ _ _ _ _ _ _ _ _ _ _ _ _ _ _ _ _ _ _ _ _ _ _ _ _ _ _ 

self = <django.core.management.commands.flush.Command object at 0x7d8c533fb8a0>
options = {'verbosity': 0, 'settings': None, 'pythonpath': None, 'traceback': False, ...}

        def handle(self, **options):
            database = options["database"]
            connection = connections[database]
            verbosity = options["verbosity"]
            interactive = options["interactive"]
            # The following are stealth options used by Django's internals.
            reset_sequences = options.get("reset_sequences", True)
            allow_cascade = options.get("allow_cascade", False)
            inhibit_post_migrate = options.get("inhibit_post_migrate", False)
    
            self.style = no_style()
    
            # Import the 'management' module within each installed app, to register
            # dispatcher events.
            for app_config in apps.get_app_configs():
                try:
                    import_module(".management", app_config.name)
                except ImportError:
                    pass
    
            sql_list = sql_flush(
                self.style,
                connection,
                reset_sequences=reset_sequences,
                allow_cascade=allow_cascade,
            )
    
            if interactive:
                confirm = input("""You have requested a flush of the database.
    This will IRREVERSIBLY DESTROY all data currently in the "%s" database,
    and return each table to an empty state.
    Are you sure you want to do this?
    
        Type 'yes' to continue, or 'no' to cancel: """ % connection.settings_dict["NAME"])
            else:
                confirm = "yes"
    
            if confirm == "yes":
                try:
                    connection.ops.execute_sql_flush(sql_list)
                except Exception as exc:
>                   raise CommandError(
                        "Database %s couldn't be flushed. Possible reasons:\n"
                        "  * The database isn't running or isn't configured correctly.\n"
                        "  * At least one of the expected database tables doesn't exist.\n"
                        "  * The SQL was invalid.\n"
                        "Hint: Look at the output of 'django-admin sqlflush'. "
                        "That's the SQL this command wasn't able to run."
                        % (connection.settings_dict["NAME"],)
                    ) from exc
E                   django.core.management.base.CommandError: Database test_qualification couldn't be flushed. Possible reasons:
E                     * The database isn't running or isn't configured correctly.
E                     * At least one of the expected database tables doesn't exist.
E                     * The SQL was invalid.
E                   Hint: Look at the output of 'django-admin sqlflush'. That's the SQL this command wasn't able to run.

.venv/lib/python3.14/site-packages/django/core/management/commands/flush.py:73: CommandError
_ ERROR at teardown of test_worker_has_no_review_table_access[review_cycle_events] _

self = <django.db.backends.utils.CursorWrapper object at 0x7d8c52884e90>
sql = 'TRUNCATE "auth_group_permissions", "core_known_entities", "core_health_controls", "billing_stripewebhookevent", "acco...zationmember", "report_artifacts", "integrations_providerconnection", "integrations_providerevent", "catalog_product";'
params = None
ignored_wrapper_args = (False, {'connection': <DatabaseWrapper vendor='postgresql' alias='default'>, 'cursor': <django.db.backends.utils.CursorWrapper object at 0x7d8c52884e90>})

    def _execute(self, sql, params, *ignored_wrapper_args):
        # Raise a warning during app initialization (stored_app_configs is only
        # ever set during testing).
        if not apps.ready and not apps.stored_app_configs:
            warnings.warn(self.APPS_NOT_READY_WARNING_MSG, category=RuntimeWarning)
        self.db.validate_no_broken_transaction()
        with self.db.wrap_database_errors:
            if params is None:
                # params default might be backend specific.
>               return self.cursor.execute(sql)
                       ^^^^^^^^^^^^^^^^^^^^^^^^

.venv/lib/python3.14/site-packages/django/db/backends/utils.py:103: 
_ _ _ _ _ _ _ _ _ _ _ _ _ _ _ _ _ _ _ _ _ _ _ _ _ _ _ _ _ _ _ _ _ _ _ _ _ _ _ _ 

self = <django.db.backends.postgresql.base.Cursor [closed] [IDLE] (host=qualification-db user=postgres database=test_qualification) at 0x7d8c527812b0>
query = 'TRUNCATE "auth_group_permissions", "core_known_entities", "core_health_controls", "billing_stripewebhookevent", "acco...zationmember", "report_artifacts", "integrations_providerconnection", "integrations_providerevent", "catalog_product";'
params = None, prepare = None, binary = None

    def execute(
        self,
        query: Query,
        params: Params | None = None,
        *,
        prepare: bool | None = None,
        binary: bool | None = None,
    ) -> Self:
        """
        Execute a query or command to the database.
        """
        try:
            with self._conn.lock:
                self._conn.wait(
                    self._execute_gen(query, params, prepare=prepare, binary=binary)
                )
        except e._NO_TRACEBACK as ex:
>           raise ex.with_traceback(None)
E           psycopg.errors.FeatureNotSupported: cannot truncate a table referenced in a foreign key constraint
E           DETAIL:  Table "billing_admission_receipt" references "billing_paid_coverage".
E           HINT:  Truncate table "billing_admission_receipt" at the same time, or use TRUNCATE ... CASCADE.

.venv/lib/python3.14/site-packages/psycopg/cursor.py:117: FeatureNotSupported

The above exception was the direct cause of the following exception:

self = <django.core.management.commands.flush.Command object at 0x7d8c52740380>
options = {'verbosity': 0, 'settings': None, 'pythonpath': None, 'traceback': False, ...}

        def handle(self, **options):
            database = options["database"]
            connection = connections[database]
            verbosity = options["verbosity"]
            interactive = options["interactive"]
            # The following are stealth options used by Django's internals.
            reset_sequences = options.get("reset_sequences", True)
            allow_cascade = options.get("allow_cascade", False)
            inhibit_post_migrate = options.get("inhibit_post_migrate", False)
    
            self.style = no_style()
    
            # Import the 'management' module within each installed app, to register
            # dispatcher events.
            for app_config in apps.get_app_configs():
                try:
                    import_module(".management", app_config.name)
                except ImportError:
                    pass
    
            sql_list = sql_flush(
                self.style,
                connection,
                reset_sequences=reset_sequences,
                allow_cascade=allow_cascade,
            )
    
            if interactive:
                confirm = input("""You have requested a flush of the database.
    This will IRREVERSIBLY DESTROY all data currently in the "%s" database,
    and return each table to an empty state.
    Are you sure you want to do this?
    
        Type 'yes' to continue, or 'no' to cancel: """ % connection.settings_dict["NAME"])
            else:
                confirm = "yes"
    
            if confirm == "yes":
                try:
>                   connection.ops.execute_sql_flush(sql_list)

.venv/lib/python3.14/site-packages/django/core/management/commands/flush.py:71: 
_ _ _ _ _ _ _ _ _ _ _ _ _ _ _ _ _ _ _ _ _ _ _ _ _ _ _ _ _ _ _ _ _ _ _ _ _ _ _ _ 
.venv/lib/python3.14/site-packages/django/db/backends/base/operations.py:473: in execute_sql_flush
    cursor.execute(sql)
.venv/lib/python3.14/site-packages/django/db/backends/utils.py:79: in execute
    return self._execute_with_wrappers(
.venv/lib/python3.14/site-packages/django/db/backends/utils.py:92: in _execute_with_wrappers
    return executor(sql, params, many, context)
           ^^^^^^^^^^^^^^^^^^^^^^^^^^^^^^^^^^^^
.venv/lib/python3.14/site-packages/django/db/backends/utils.py:100: in _execute
    with self.db.wrap_database_errors:
         ^^^^^^^^^^^^^^^^^^^^^^^^^^^^
.venv/lib/python3.14/site-packages/django/db/utils.py:91: in __exit__
    raise dj_exc_value.with_traceback(traceback) from exc_value
.venv/lib/python3.14/site-packages/django/db/backends/utils.py:103: in _execute
    return self.cursor.execute(sql)
           ^^^^^^^^^^^^^^^^^^^^^^^^
_ _ _ _ _ _ _ _ _ _ _ _ _ _ _ _ _ _ _ _ _ _ _ _ _ _ _ _ _ _ _ _ _ _ _ _ _ _ _ _ 

self = <django.db.backends.postgresql.base.Cursor [closed] [IDLE] (host=qualification-db user=postgres database=test_qualification) at 0x7d8c527812b0>
query = 'TRUNCATE "auth_group_permissions", "core_known_entities", "core_health_controls", "billing_stripewebhookevent", "acco...zationmember", "report_artifacts", "integrations_providerconnection", "integrations_providerevent", "catalog_product";'
params = None, prepare = None, binary = None

    def execute(
        self,
        query: Query,
        params: Params | None = None,
        *,
        prepare: bool | None = None,
        binary: bool | None = None,
    ) -> Self:
        """
        Execute a query or command to the database.
        """
        try:
            with self._conn.lock:
                self._conn.wait(
                    self._execute_gen(query, params, prepare=prepare, binary=binary)
                )
        except e._NO_TRACEBACK as ex:
>           raise ex.with_traceback(None)
E           django.db.utils.NotSupportedError: cannot truncate a table referenced in a foreign key constraint
E           DETAIL:  Table "billing_admission_receipt" references "billing_paid_coverage".
E           HINT:  Truncate table "billing_admission_receipt" at the same time, or use TRUNCATE ... CASCADE.

.venv/lib/python3.14/site-packages/psycopg/cursor.py:117: NotSupportedError

The above exception was the direct cause of the following exception:

request = <SubRequest '_django_db_helper' for <Function test_worker_has_no_review_table_access[review_cycle_events]>>
django_db_setup = None
django_db_blocker = <pytest_django.plugin.DjangoDbBlocker object at 0x7d8c58045010>

    @pytest.fixture
    def _django_db_helper(
        request: pytest.FixtureRequest,
        django_db_setup: None,  # noqa: ARG001
        django_db_blocker: DjangoDbBlocker,
    ) -> Generator[None]:
        if is_django_unittest(request):
            yield
            return
    
        from django import VERSION
    
        marker = request.node.get_closest_marker("django_db")
        if marker:
            (
                transactional,
                reset_sequences,
                databases,
                serialized_rollback,
                available_apps,
            ) = validate_django_db(marker)
        else:
            (
                transactional,
                reset_sequences,
                databases,
                serialized_rollback,
                available_apps,
            ) = False, False, None, False, None
    
        transactional = (
            transactional
            or reset_sequences
            or ("transactional_db" in request.fixturenames or "live_server" in request.fixturenames)
        )
        reset_sequences = reset_sequences or ("django_db_reset_sequences" in request.fixturenames)
        serialized_rollback = serialized_rollback or (
            "django_db_serialized_rollback" in request.fixturenames
        )
    
        with django_db_blocker.unblock():
            import django.db
            import django.test
    
            if transactional:
                test_case_class = django.test.TransactionTestCase
            else:
                test_case_class = django.test.TestCase
    
            _reset_sequences = reset_sequences
            _serialized_rollback = serialized_rollback
            _databases = databases
            _available_apps = available_apps
    
            class PytestDjangoTestCase(test_case_class):  # type: ignore[misc,valid-type]
                reset_sequences = _reset_sequences
                serialized_rollback = _serialized_rollback
                if _databases is not None:
                    databases = _databases
                if _available_apps is not None:
                    available_apps = _available_apps
    
                # For non-transactional tests, skip executing `django.test.TestCase`'s
                # `setUpClass`/`tearDownClass`, only execute the super class ones.
                #
                # `TestCase`'s class setup manages the `setUpTestData`/class-level
                # transaction functionality. We don't use it; instead we (will) offer
                # our own alternatives. So it only adds overhead, and does some things
                # which conflict with our (planned) functionality, particularly, it
                # closes all database connections in `tearDownClass` which inhibits
                # wrapping tests in higher-scoped transactions.
                #
                # It's possible a new version of Django will add some unrelated
                # functionality to these methods, in which case skipping them completely
                # would not be desirable. Let's cross that bridge when we get there...
                if not transactional:
    
                    @classmethod
                    def setUpClass(cls) -> None:
                        super(django.test.TestCase, cls).setUpClass()
    
                    @classmethod
                    def tearDownClass(cls) -> None:
                        super(django.test.TestCase, cls).tearDownClass()
    
            PytestDjangoTestCase.setUpClass()
    
            test_case = PytestDjangoTestCase(methodName="__init__")
            if VERSION >= (6, 0):
                pre_setup_ran_eagerly = PytestDjangoTestCase._pre_setup_ran_eagerly
            else:
                pre_setup_ran_eagerly = getattr(PytestDjangoTestCase, "_pre_setup_ran_eagerly", False)
            if not pre_setup_ran_eagerly:
                # For a TransactionTestCase, setUpClass() has already run _pre_setup() and set
                # this flag to say so.
                test_case._pre_setup()
    
            yield
    
>           test_case._post_teardown()

.venv/lib/python3.14/site-packages/pytest_django/fixtures.py:305: 
_ _ _ _ _ _ _ _ _ _ _ _ _ _ _ _ _ _ _ _ _ _ _ _ _ _ _ _ _ _ _ _ _ _ _ _ _ _ _ _ 
.venv/lib/python3.14/site-packages/django/test/testcases.py:1231: in _post_teardown
    self._fixture_teardown()
.venv/lib/python3.14/site-packages/django/test/testcases.py:1266: in _fixture_teardown
    call_command(
.venv/lib/python3.14/site-packages/django/core/management/__init__.py:194: in call_command
    return command.execute(*args, **defaults)
           ^^^^^^^^^^^^^^^^^^^^^^^^^^^^^^^^^^
.venv/lib/python3.14/site-packages/django/core/management/base.py:464: in execute
    output = self.handle(*args, **options)
             ^^^^^^^^^^^^^^^^^^^^^^^^^^^^^
_ _ _ _ _ _ _ _ _ _ _ _ _ _ _ _ _ _ _ _ _ _ _ _ _ _ _ _ _ _ _ _ _ _ _ _ _ _ _ _ 

self = <django.core.management.commands.flush.Command object at 0x7d8c52740380>
options = {'verbosity': 0, 'settings': None, 'pythonpath': None, 'traceback': False, ...}

        def handle(self, **options):
            database = options["database"]
            connection = connections[database]
            verbosity = options["verbosity"]
            interactive = options["interactive"]
            # The following are stealth options used by Django's internals.
            reset_sequences = options.get("reset_sequences", True)
            allow_cascade = options.get("allow_cascade", False)
            inhibit_post_migrate = options.get("inhibit_post_migrate", False)
    
            self.style = no_style()
    
            # Import the 'management' module within each installed app, to register
            # dispatcher events.
            for app_config in apps.get_app_configs():
                try:
                    import_module(".management", app_config.name)
                except ImportError:
                    pass
    
            sql_list = sql_flush(
                self.style,
                connection,
                reset_sequences=reset_sequences,
                allow_cascade=allow_cascade,
            )
    
            if interactive:
                confirm = input("""You have requested a flush of the database.
    This will IRREVERSIBLY DESTROY all data currently in the "%s" database,
    and return each table to an empty state.
    Are you sure you want to do this?
    
        Type 'yes' to continue, or 'no' to cancel: """ % connection.settings_dict["NAME"])
            else:
                confirm = "yes"
    
            if confirm == "yes":
                try:
                    connection.ops.execute_sql_flush(sql_list)
                except Exception as exc:
>                   raise CommandError(
                        "Database %s couldn't be flushed. Possible reasons:\n"
                        "  * The database isn't running or isn't configured correctly.\n"
                        "  * At least one of the expected database tables doesn't exist.\n"
                        "  * The SQL was invalid.\n"
                        "Hint: Look at the output of 'django-admin sqlflush'. "
                        "That's the SQL this command wasn't able to run."
                        % (connection.settings_dict["NAME"],)
                    ) from exc
E                   django.core.management.base.CommandError: Database test_qualification couldn't be flushed. Possible reasons:
E                     * The database isn't running or isn't configured correctly.
E                     * At least one of the expected database tables doesn't exist.
E                     * The SQL was invalid.
E                   Hint: Look at the output of 'django-admin sqlflush'. That's the SQL this command wasn't able to run.

.venv/lib/python3.14/site-packages/django/core/management/commands/flush.py:73: CommandError
_ ERROR at teardown of test_worker_has_no_review_table_access[review_pack_identities] _

self = <django.db.backends.utils.CursorWrapper object at 0x7d8c52887110>
sql = 'TRUNCATE "auth_group_permissions", "core_known_entities", "core_health_controls", "billing_stripewebhookevent", "acco...zationmember", "report_artifacts", "integrations_providerconnection", "integrations_providerevent", "catalog_product";'
params = None
ignored_wrapper_args = (False, {'connection': <DatabaseWrapper vendor='postgresql' alias='default'>, 'cursor': <django.db.backends.utils.CursorWrapper object at 0x7d8c52887110>})

    def _execute(self, sql, params, *ignored_wrapper_args):
        # Raise a warning during app initialization (stored_app_configs is only
        # ever set during testing).
        if not apps.ready and not apps.stored_app_configs:
            warnings.warn(self.APPS_NOT_READY_WARNING_MSG, category=RuntimeWarning)
        self.db.validate_no_broken_transaction()
        with self.db.wrap_database_errors:
            if params is None:
                # params default might be backend specific.
>               return self.cursor.execute(sql)
                       ^^^^^^^^^^^^^^^^^^^^^^^^

.venv/lib/python3.14/site-packages/django/db/backends/utils.py:103: 
_ _ _ _ _ _ _ _ _ _ _ _ _ _ _ _ _ _ _ _ _ _ _ _ _ _ _ _ _ _ _ _ _ _ _ _ _ _ _ _ 

self = <django.db.backends.postgresql.base.Cursor [closed] [IDLE] (host=qualification-db user=postgres database=test_qualification) at 0x7d8c52781ef0>
query = 'TRUNCATE "auth_group_permissions", "core_known_entities", "core_health_controls", "billing_stripewebhookevent", "acco...zationmember", "report_artifacts", "integrations_providerconnection", "integrations_providerevent", "catalog_product";'
params = None, prepare = None, binary = None

    def execute(
        self,
        query: Query,
        params: Params | None = None,
        *,
        prepare: bool | None = None,
        binary: bool | None = None,
    ) -> Self:
        """
        Execute a query or command to the database.
        """
        try:
            with self._conn.lock:
                self._conn.wait(
                    self._execute_gen(query, params, prepare=prepare, binary=binary)
                )
        except e._NO_TRACEBACK as ex:
>           raise ex.with_traceback(None)
E           psycopg.errors.FeatureNotSupported: cannot truncate a table referenced in a foreign key constraint
E           DETAIL:  Table "billing_admission_receipt" references "billing_paid_coverage".
E           HINT:  Truncate table "billing_admission_receipt" at the same time, or use TRUNCATE ... CASCADE.

.venv/lib/python3.14/site-packages/psycopg/cursor.py:117: FeatureNotSupported

The above exception was the direct cause of the following exception:

self = <django.core.management.commands.flush.Command object at 0x7d8c527d3350>
options = {'verbosity': 0, 'settings': None, 'pythonpath': None, 'traceback': False, ...}

        def handle(self, **options):
            database = options["database"]
            connection = connections[database]
            verbosity = options["verbosity"]
            interactive = options["interactive"]
            # The following are stealth options used by Django's internals.
            reset_sequences = options.get("reset_sequences", True)
            allow_cascade = options.get("allow_cascade", False)
            inhibit_post_migrate = options.get("inhibit_post_migrate", False)
    
            self.style = no_style()
    
            # Import the 'management' module within each installed app, to register
            # dispatcher events.
            for app_config in apps.get_app_configs():
                try:
                    import_module(".management", app_config.name)
                except ImportError:
                    pass
    
            sql_list = sql_flush(
                self.style,
                connection,
                reset_sequences=reset_sequences,
                allow_cascade=allow_cascade,
            )
    
            if interactive:
                confirm = input("""You have requested a flush of the database.
    This will IRREVERSIBLY DESTROY all data currently in the "%s" database,
    and return each table to an empty state.
    Are you sure you want to do this?
    
        Type 'yes' to continue, or 'no' to cancel: """ % connection.settings_dict["NAME"])
            else:
                confirm = "yes"
    
            if confirm == "yes":
                try:
>                   connection.ops.execute_sql_flush(sql_list)

.venv/lib/python3.14/site-packages/django/core/management/commands/flush.py:71: 
_ _ _ _ _ _ _ _ _ _ _ _ _ _ _ _ _ _ _ _ _ _ _ _ _ _ _ _ _ _ _ _ _ _ _ _ _ _ _ _ 
.venv/lib/python3.14/site-packages/django/db/backends/base/operations.py:473: in execute_sql_flush
    cursor.execute(sql)
.venv/lib/python3.14/site-packages/django/db/backends/utils.py:79: in execute
    return self._execute_with_wrappers(
.venv/lib/python3.14/site-packages/django/db/backends/utils.py:92: in _execute_with_wrappers
    return executor(sql, params, many, context)
           ^^^^^^^^^^^^^^^^^^^^^^^^^^^^^^^^^^^^
.venv/lib/python3.14/site-packages/django/db/backends/utils.py:100: in _execute
    with self.db.wrap_database_errors:
         ^^^^^^^^^^^^^^^^^^^^^^^^^^^^
.venv/lib/python3.14/site-packages/django/db/utils.py:91: in __exit__
    raise dj_exc_value.with_traceback(traceback) from exc_value
.venv/lib/python3.14/site-packages/django/db/backends/utils.py:103: in _execute
    return self.cursor.execute(sql)
           ^^^^^^^^^^^^^^^^^^^^^^^^
_ _ _ _ _ _ _ _ _ _ _ _ _ _ _ _ _ _ _ _ _ _ _ _ _ _ _ _ _ _ _ _ _ _ _ _ _ _ _ _ 

self = <django.db.backends.postgresql.base.Cursor [closed] [IDLE] (host=qualification-db user=postgres database=test_qualification) at 0x7d8c52781ef0>
query = 'TRUNCATE "auth_group_permissions", "core_known_entities", "core_health_controls", "billing_stripewebhookevent", "acco...zationmember", "report_artifacts", "integrations_providerconnection", "integrations_providerevent", "catalog_product";'
params = None, prepare = None, binary = None

    def execute(
        self,
        query: Query,
        params: Params | None = None,
        *,
        prepare: bool | None = None,
        binary: bool | None = None,
    ) -> Self:
        """
        Execute a query or command to the database.
        """
        try:
            with self._conn.lock:
                self._conn.wait(
                    self._execute_gen(query, params, prepare=prepare, binary=binary)
                )
        except e._NO_TRACEBACK as ex:
>           raise ex.with_traceback(None)
E           django.db.utils.NotSupportedError: cannot truncate a table referenced in a foreign key constraint
E           DETAIL:  Table "billing_admission_receipt" references "billing_paid_coverage".
E           HINT:  Truncate table "billing_admission_receipt" at the same time, or use TRUNCATE ... CASCADE.

.venv/lib/python3.14/site-packages/psycopg/cursor.py:117: NotSupportedError

The above exception was the direct cause of the following exception:

request = <SubRequest '_django_db_helper' for <Function test_worker_has_no_review_table_access[review_pack_identities]>>
django_db_setup = None
django_db_blocker = <pytest_django.plugin.DjangoDbBlocker object at 0x7d8c58045010>

    @pytest.fixture
    def _django_db_helper(
        request: pytest.FixtureRequest,
        django_db_setup: None,  # noqa: ARG001
        django_db_blocker: DjangoDbBlocker,
    ) -> Generator[None]:
        if is_django_unittest(request):
            yield
            return
    
        from django import VERSION
    
        marker = request.node.get_closest_marker("django_db")
        if marker:
            (
                transactional,
                reset_sequences,
                databases,
                serialized_rollback,
                available_apps,
            ) = validate_django_db(marker)
        else:
            (
                transactional,
                reset_sequences,
                databases,
                serialized_rollback,
                available_apps,
            ) = False, False, None, False, None
    
        transactional = (
            transactional
            or reset_sequences
            or ("transactional_db" in request.fixturenames or "live_server" in request.fixturenames)
        )
        reset_sequences = reset_sequences or ("django_db_reset_sequences" in request.fixturenames)
        serialized_rollback = serialized_rollback or (
            "django_db_serialized_rollback" in request.fixturenames
        )
    
        with django_db_blocker.unblock():
            import django.db
            import django.test
    
            if transactional:
                test_case_class = django.test.TransactionTestCase
            else:
                test_case_class = django.test.TestCase
    
            _reset_sequences = reset_sequences
            _serialized_rollback = serialized_rollback
            _databases = databases
            _available_apps = available_apps
    
            class PytestDjangoTestCase(test_case_class):  # type: ignore[misc,valid-type]
                reset_sequences = _reset_sequences
                serialized_rollback = _serialized_rollback
                if _databases is not None:
                    databases = _databases
                if _available_apps is not None:
                    available_apps = _available_apps
    
                # For non-transactional tests, skip executing `django.test.TestCase`'s
                # `setUpClass`/`tearDownClass`, only execute the super class ones.
                #
                # `TestCase`'s class setup manages the `setUpTestData`/class-level
                # transaction functionality. We don't use it; instead we (will) offer
                # our own alternatives. So it only adds overhead, and does some things
                # which conflict with our (planned) functionality, particularly, it
                # closes all database connections in `tearDownClass` which inhibits
                # wrapping tests in higher-scoped transactions.
                #
                # It's possible a new version of Django will add some unrelated
                # functionality to these methods, in which case skipping them completely
                # would not be desirable. Let's cross that bridge when we get there...
                if not transactional:
    
                    @classmethod
                    def setUpClass(cls) -> None:
                        super(django.test.TestCase, cls).setUpClass()
    
                    @classmethod
                    def tearDownClass(cls) -> None:
                        super(django.test.TestCase, cls).tearDownClass()
    
            PytestDjangoTestCase.setUpClass()
    
            test_case = PytestDjangoTestCase(methodName="__init__")
            if VERSION >= (6, 0):
                pre_setup_ran_eagerly = PytestDjangoTestCase._pre_setup_ran_eagerly
            else:
                pre_setup_ran_eagerly = getattr(PytestDjangoTestCase, "_pre_setup_ran_eagerly", False)
            if not pre_setup_ran_eagerly:
                # For a TransactionTestCase, setUpClass() has already run _pre_setup() and set
                # this flag to say so.
                test_case._pre_setup()
    
            yield
    
>           test_case._post_teardown()

.venv/lib/python3.14/site-packages/pytest_django/fixtures.py:305: 
_ _ _ _ _ _ _ _ _ _ _ _ _ _ _ _ _ _ _ _ _ _ _ _ _ _ _ _ _ _ _ _ _ _ _ _ _ _ _ _ 
.venv/lib/python3.14/site-packages/django/test/testcases.py:1231: in _post_teardown
    self._fixture_teardown()
.venv/lib/python3.14/site-packages/django/test/testcases.py:1266: in _fixture_teardown
    call_command(
.venv/lib/python3.14/site-packages/django/core/management/__init__.py:194: in call_command
    return command.execute(*args, **defaults)
           ^^^^^^^^^^^^^^^^^^^^^^^^^^^^^^^^^^
.venv/lib/python3.14/site-packages/django/core/management/base.py:464: in execute
    output = self.handle(*args, **options)
             ^^^^^^^^^^^^^^^^^^^^^^^^^^^^^
_ _ _ _ _ _ _ _ _ _ _ _ _ _ _ _ _ _ _ _ _ _ _ _ _ _ _ _ _ _ _ _ _ _ _ _ _ _ _ _ 

self = <django.core.management.commands.flush.Command object at 0x7d8c527d3350>
options = {'verbosity': 0, 'settings': None, 'pythonpath': None, 'traceback': False, ...}

        def handle(self, **options):
            database = options["database"]
            connection = connections[database]
            verbosity = options["verbosity"]
            interactive = options["interactive"]
            # The following are stealth options used by Django's internals.
            reset_sequences = options.get("reset_sequences", True)
            allow_cascade = options.get("allow_cascade", False)
            inhibit_post_migrate = options.get("inhibit_post_migrate", False)
    
            self.style = no_style()
    
            # Import the 'management' module within each installed app, to register
            # dispatcher events.
            for app_config in apps.get_app_configs():
                try:
                    import_module(".management", app_config.name)
                except ImportError:
                    pass
    
            sql_list = sql_flush(
                self.style,
                connection,
                reset_sequences=reset_sequences,
                allow_cascade=allow_cascade,
            )
    
            if interactive:
                confirm = input("""You have requested a flush of the database.
    This will IRREVERSIBLY DESTROY all data currently in the "%s" database,
    and return each table to an empty state.
    Are you sure you want to do this?
    
        Type 'yes' to continue, or 'no' to cancel: """ % connection.settings_dict["NAME"])
            else:
                confirm = "yes"
    
            if confirm == "yes":
                try:
                    connection.ops.execute_sql_flush(sql_list)
                except Exception as exc:
>                   raise CommandError(
                        "Database %s couldn't be flushed. Possible reasons:\n"
                        "  * The database isn't running or isn't configured correctly.\n"
                        "  * At least one of the expected database tables doesn't exist.\n"
                        "  * The SQL was invalid.\n"
                        "Hint: Look at the output of 'django-admin sqlflush'. "
                        "That's the SQL this command wasn't able to run."
                        % (connection.settings_dict["NAME"],)
                    ) from exc
E                   django.core.management.base.CommandError: Database test_qualification couldn't be flushed. Possible reasons:
E                     * The database isn't running or isn't configured correctly.
E                     * At least one of the expected database tables doesn't exist.
E                     * The SQL was invalid.
E                   Hint: Look at the output of 'django-admin sqlflush'. That's the SQL this command wasn't able to run.

.venv/lib/python3.14/site-packages/django/core/management/commands/flush.py:73: CommandError
_ ERROR at teardown of test_worker_has_no_review_table_access[review_capacity_reservations] _

self = <django.db.backends.utils.CursorWrapper object at 0x7d8c5253d850>
sql = 'TRUNCATE "auth_group_permissions", "core_known_entities", "core_health_controls", "billing_stripewebhookevent", "acco...zationmember", "report_artifacts", "integrations_providerconnection", "integrations_providerevent", "catalog_product";'
params = None
ignored_wrapper_args = (False, {'connection': <DatabaseWrapper vendor='postgresql' alias='default'>, 'cursor': <django.db.backends.utils.CursorWrapper object at 0x7d8c5253d850>})

    def _execute(self, sql, params, *ignored_wrapper_args):
        # Raise a warning during app initialization (stored_app_configs is only
        # ever set during testing).
        if not apps.ready and not apps.stored_app_configs:
            warnings.warn(self.APPS_NOT_READY_WARNING_MSG, category=RuntimeWarning)
        self.db.validate_no_broken_transaction()
        with self.db.wrap_database_errors:
            if params is None:
                # params default might be backend specific.
>               return self.cursor.execute(sql)
                       ^^^^^^^^^^^^^^^^^^^^^^^^

.venv/lib/python3.14/site-packages/django/db/backends/utils.py:103: 
_ _ _ _ _ _ _ _ _ _ _ _ _ _ _ _ _ _ _ _ _ _ _ _ _ _ _ _ _ _ _ _ _ _ _ _ _ _ _ _ 

self = <django.db.backends.postgresql.base.Cursor [closed] [IDLE] (host=qualification-db user=postgres database=test_qualification) at 0x7d8c527812b0>
query = 'TRUNCATE "auth_group_permissions", "core_known_entities", "core_health_controls", "billing_stripewebhookevent", "acco...zationmember", "report_artifacts", "integrations_providerconnection", "integrations_providerevent", "catalog_product";'
params = None, prepare = None, binary = None

    def execute(
        self,
        query: Query,
        params: Params | None = None,
        *,
        prepare: bool | None = None,
        binary: bool | None = None,
    ) -> Self:
        """
        Execute a query or command to the database.
        """
        try:
            with self._conn.lock:
                self._conn.wait(
                    self._execute_gen(query, params, prepare=prepare, binary=binary)
                )
        except e._NO_TRACEBACK as ex:
>           raise ex.with_traceback(None)
E           psycopg.errors.FeatureNotSupported: cannot truncate a table referenced in a foreign key constraint
E           DETAIL:  Table "billing_admission_receipt" references "billing_paid_coverage".
E           HINT:  Truncate table "billing_admission_receipt" at the same time, or use TRUNCATE ... CASCADE.

.venv/lib/python3.14/site-packages/psycopg/cursor.py:117: FeatureNotSupported

The above exception was the direct cause of the following exception:

self = <django.core.management.commands.flush.Command object at 0x7d8c527d1150>
options = {'verbosity': 0, 'settings': None, 'pythonpath': None, 'traceback': False, ...}

        def handle(self, **options):
            database = options["database"]
            connection = connections[database]
            verbosity = options["verbosity"]
            interactive = options["interactive"]
            # The following are stealth options used by Django's internals.
            reset_sequences = options.get("reset_sequences", True)
            allow_cascade = options.get("allow_cascade", False)
            inhibit_post_migrate = options.get("inhibit_post_migrate", False)
    
            self.style = no_style()
    
            # Import the 'management' module within each installed app, to register
            # dispatcher events.
            for app_config in apps.get_app_configs():
                try:
                    import_module(".management", app_config.name)
                except ImportError:
                    pass
    
            sql_list = sql_flush(
                self.style,
                connection,
                reset_sequences=reset_sequences,
                allow_cascade=allow_cascade,
            )
    
            if interactive:
                confirm = input("""You have requested a flush of the database.
    This will IRREVERSIBLY DESTROY all data currently in the "%s" database,
    and return each table to an empty state.
    Are you sure you want to do this?
    
        Type 'yes' to continue, or 'no' to cancel: """ % connection.settings_dict["NAME"])
            else:
                confirm = "yes"
    
            if confirm == "yes":
                try:
>                   connection.ops.execute_sql_flush(sql_list)

.venv/lib/python3.14/site-packages/django/core/management/commands/flush.py:71: 
_ _ _ _ _ _ _ _ _ _ _ _ _ _ _ _ _ _ _ _ _ _ _ _ _ _ _ _ _ _ _ _ _ _ _ _ _ _ _ _ 
.venv/lib/python3.14/site-packages/django/db/backends/base/operations.py:473: in execute_sql_flush
    cursor.execute(sql)
.venv/lib/python3.14/site-packages/django/db/backends/utils.py:79: in execute
    return self._execute_with_wrappers(
.venv/lib/python3.14/site-packages/django/db/backends/utils.py:92: in _execute_with_wrappers
    return executor(sql, params, many, context)
           ^^^^^^^^^^^^^^^^^^^^^^^^^^^^^^^^^^^^
.venv/lib/python3.14/site-packages/django/db/backends/utils.py:100: in _execute
    with self.db.wrap_database_errors:
         ^^^^^^^^^^^^^^^^^^^^^^^^^^^^
.venv/lib/python3.14/site-packages/django/db/utils.py:91: in __exit__
    raise dj_exc_value.with_traceback(traceback) from exc_value
.venv/lib/python3.14/site-packages/django/db/backends/utils.py:103: in _execute
    return self.cursor.execute(sql)
           ^^^^^^^^^^^^^^^^^^^^^^^^
_ _ _ _ _ _ _ _ _ _ _ _ _ _ _ _ _ _ _ _ _ _ _ _ _ _ _ _ _ _ _ _ _ _ _ _ _ _ _ _ 

self = <django.db.backends.postgresql.base.Cursor [closed] [IDLE] (host=qualification-db user=postgres database=test_qualification) at 0x7d8c527812b0>
query = 'TRUNCATE "auth_group_permissions", "core_known_entities", "core_health_controls", "billing_stripewebhookevent", "acco...zationmember", "report_artifacts", "integrations_providerconnection", "integrations_providerevent", "catalog_product";'
params = None, prepare = None, binary = None

    def execute(
        self,
        query: Query,
        params: Params | None = None,
        *,
        prepare: bool | None = None,
        binary: bool | None = None,
    ) -> Self:
        """
        Execute a query or command to the database.
        """
        try:
            with self._conn.lock:
                self._conn.wait(
                    self._execute_gen(query, params, prepare=prepare, binary=binary)
                )
        except e._NO_TRACEBACK as ex:
>           raise ex.with_traceback(None)
E           django.db.utils.NotSupportedError: cannot truncate a table referenced in a foreign key constraint
E           DETAIL:  Table "billing_admission_receipt" references "billing_paid_coverage".
E           HINT:  Truncate table "billing_admission_receipt" at the same time, or use TRUNCATE ... CASCADE.

.venv/lib/python3.14/site-packages/psycopg/cursor.py:117: NotSupportedError

The above exception was the direct cause of the following exception:

request = <SubRequest '_django_db_helper' for <Function test_worker_has_no_review_table_access[review_capacity_reservations]>>
django_db_setup = None
django_db_blocker = <pytest_django.plugin.DjangoDbBlocker object at 0x7d8c58045010>

    @pytest.fixture
    def _django_db_helper(
        request: pytest.FixtureRequest,
        django_db_setup: None,  # noqa: ARG001
        django_db_blocker: DjangoDbBlocker,
    ) -> Generator[None]:
        if is_django_unittest(request):
            yield
            return
    
        from django import VERSION
    
        marker = request.node.get_closest_marker("django_db")
        if marker:
            (
                transactional,
                reset_sequences,
                databases,
                serialized_rollback,
                available_apps,
            ) = validate_django_db(marker)
        else:
            (
                transactional,
                reset_sequences,
                databases,
                serialized_rollback,
                available_apps,
            ) = False, False, None, False, None
    
        transactional = (
            transactional
            or reset_sequences
            or ("transactional_db" in request.fixturenames or "live_server" in request.fixturenames)
        )
        reset_sequences = reset_sequences or ("django_db_reset_sequences" in request.fixturenames)
        serialized_rollback = serialized_rollback or (
            "django_db_serialized_rollback" in request.fixturenames
        )
    
        with django_db_blocker.unblock():
            import django.db
            import django.test
    
            if transactional:
                test_case_class = django.test.TransactionTestCase
            else:
                test_case_class = django.test.TestCase
    
            _reset_sequences = reset_sequences
            _serialized_rollback = serialized_rollback
            _databases = databases
            _available_apps = available_apps
    
            class PytestDjangoTestCase(test_case_class):  # type: ignore[misc,valid-type]
                reset_sequences = _reset_sequences
                serialized_rollback = _serialized_rollback
                if _databases is not None:
                    databases = _databases
                if _available_apps is not None:
                    available_apps = _available_apps
    
                # For non-transactional tests, skip executing `django.test.TestCase`'s
                # `setUpClass`/`tearDownClass`, only execute the super class ones.
                #
                # `TestCase`'s class setup manages the `setUpTestData`/class-level
                # transaction functionality. We don't use it; instead we (will) offer
                # our own alternatives. So it only adds overhead, and does some things
                # which conflict with our (planned) functionality, particularly, it
                # closes all database connections in `tearDownClass` which inhibits
                # wrapping tests in higher-scoped transactions.
                #
                # It's possible a new version of Django will add some unrelated
                # functionality to these methods, in which case skipping them completely
                # would not be desirable. Let's cross that bridge when we get there...
                if not transactional:
    
                    @classmethod
                    def setUpClass(cls) -> None:
                        super(django.test.TestCase, cls).setUpClass()
    
                    @classmethod
                    def tearDownClass(cls) -> None:
                        super(django.test.TestCase, cls).tearDownClass()
    
            PytestDjangoTestCase.setUpClass()
    
            test_case = PytestDjangoTestCase(methodName="__init__")
            if VERSION >= (6, 0):
                pre_setup_ran_eagerly = PytestDjangoTestCase._pre_setup_ran_eagerly
            else:
                pre_setup_ran_eagerly = getattr(PytestDjangoTestCase, "_pre_setup_ran_eagerly", False)
            if not pre_setup_ran_eagerly:
                # For a TransactionTestCase, setUpClass() has already run _pre_setup() and set
                # this flag to say so.
                test_case._pre_setup()
    
            yield
    
>           test_case._post_teardown()

.venv/lib/python3.14/site-packages/pytest_django/fixtures.py:305: 
_ _ _ _ _ _ _ _ _ _ _ _ _ _ _ _ _ _ _ _ _ _ _ _ _ _ _ _ _ _ _ _ _ _ _ _ _ _ _ _ 
.venv/lib/python3.14/site-packages/django/test/testcases.py:1231: in _post_teardown
    self._fixture_teardown()
.venv/lib/python3.14/site-packages/django/test/testcases.py:1266: in _fixture_teardown
    call_command(
.venv/lib/python3.14/site-packages/django/core/management/__init__.py:194: in call_command
    return command.execute(*args, **defaults)
           ^^^^^^^^^^^^^^^^^^^^^^^^^^^^^^^^^^
.venv/lib/python3.14/site-packages/django/core/management/base.py:464: in execute
    output = self.handle(*args, **options)
             ^^^^^^^^^^^^^^^^^^^^^^^^^^^^^
_ _ _ _ _ _ _ _ _ _ _ _ _ _ _ _ _ _ _ _ _ _ _ _ _ _ _ _ _ _ _ _ _ _ _ _ _ _ _ _ 

self = <django.core.management.commands.flush.Command object at 0x7d8c527d1150>
options = {'verbosity': 0, 'settings': None, 'pythonpath': None, 'traceback': False, ...}

        def handle(self, **options):
            database = options["database"]
            connection = connections[database]
            verbosity = options["verbosity"]
            interactive = options["interactive"]
            # The following are stealth options used by Django's internals.
            reset_sequences = options.get("reset_sequences", True)
            allow_cascade = options.get("allow_cascade", False)
            inhibit_post_migrate = options.get("inhibit_post_migrate", False)
    
            self.style = no_style()
    
            # Import the 'management' module within each installed app, to register
            # dispatcher events.
            for app_config in apps.get_app_configs():
                try:
                    import_module(".management", app_config.name)
                except ImportError:
                    pass
    
            sql_list = sql_flush(
                self.style,
                connection,
                reset_sequences=reset_sequences,
                allow_cascade=allow_cascade,
            )
    
            if interactive:
                confirm = input("""You have requested a flush of the database.
    This will IRREVERSIBLY DESTROY all data currently in the "%s" database,
    and return each table to an empty state.
    Are you sure you want to do this?
    
        Type 'yes' to continue, or 'no' to cancel: """ % connection.settings_dict["NAME"])
            else:
                confirm = "yes"
    
            if confirm == "yes":
                try:
                    connection.ops.execute_sql_flush(sql_list)
                except Exception as exc:
>                   raise CommandError(
                        "Database %s couldn't be flushed. Possible reasons:\n"
                        "  * The database isn't running or isn't configured correctly.\n"
                        "  * At least one of the expected database tables doesn't exist.\n"
                        "  * The SQL was invalid.\n"
                        "Hint: Look at the output of 'django-admin sqlflush'. "
                        "That's the SQL this command wasn't able to run."
                        % (connection.settings_dict["NAME"],)
                    ) from exc
E                   django.core.management.base.CommandError: Database test_qualification couldn't be flushed. Possible reasons:
E                     * The database isn't running or isn't configured correctly.
E                     * At least one of the expected database tables doesn't exist.
E                     * The SQL was invalid.
E                   Hint: Look at the output of 'django-admin sqlflush'. That's the SQL this command wasn't able to run.

.venv/lib/python3.14/site-packages/django/core/management/commands/flush.py:73: CommandError
_ ERROR at teardown of test_worker_has_no_review_table_access[review_reservation_events] _

self = <django.db.backends.utils.CursorWrapper object at 0x7d8c52706cf0>
sql = 'TRUNCATE "auth_group_permissions", "core_known_entities", "core_health_controls", "billing_stripewebhookevent", "acco...zationmember", "report_artifacts", "integrations_providerconnection", "integrations_providerevent", "catalog_product";'
params = None
ignored_wrapper_args = (False, {'connection': <DatabaseWrapper vendor='postgresql' alias='default'>, 'cursor': <django.db.backends.utils.CursorWrapper object at 0x7d8c52706cf0>})

    def _execute(self, sql, params, *ignored_wrapper_args):
        # Raise a warning during app initialization (stored_app_configs is only
        # ever set during testing).
        if not apps.ready and not apps.stored_app_configs:
            warnings.warn(self.APPS_NOT_READY_WARNING_MSG, category=RuntimeWarning)
        self.db.validate_no_broken_transaction()
        with self.db.wrap_database_errors:
            if params is None:
                # params default might be backend specific.
>               return self.cursor.execute(sql)
                       ^^^^^^^^^^^^^^^^^^^^^^^^

.venv/lib/python3.14/site-packages/django/db/backends/utils.py:103: 
_ _ _ _ _ _ _ _ _ _ _ _ _ _ _ _ _ _ _ _ _ _ _ _ _ _ _ _ _ _ _ _ _ _ _ _ _ _ _ _ 

self = <django.db.backends.postgresql.base.Cursor [closed] [IDLE] (host=qualification-db user=postgres database=test_qualification) at 0x7d8c52782b30>
query = 'TRUNCATE "auth_group_permissions", "core_known_entities", "core_health_controls", "billing_stripewebhookevent", "acco...zationmember", "report_artifacts", "integrations_providerconnection", "integrations_providerevent", "catalog_product";'
params = None, prepare = None, binary = None

    def execute(
        self,
        query: Query,
        params: Params | None = None,
        *,
        prepare: bool | None = None,
        binary: bool | None = None,
    ) -> Self:
        """
        Execute a query or command to the database.
        """
        try:
            with self._conn.lock:
                self._conn.wait(
                    self._execute_gen(query, params, prepare=prepare, binary=binary)
                )
        except e._NO_TRACEBACK as ex:
>           raise ex.with_traceback(None)
E           psycopg.errors.FeatureNotSupported: cannot truncate a table referenced in a foreign key constraint
E           DETAIL:  Table "billing_admission_receipt" references "billing_paid_coverage".
E           HINT:  Truncate table "billing_admission_receipt" at the same time, or use TRUNCATE ... CASCADE.

.venv/lib/python3.14/site-packages/psycopg/cursor.py:117: FeatureNotSupported

The above exception was the direct cause of the following exception:

self = <django.core.management.commands.flush.Command object at 0x7d8c527e67b0>
options = {'verbosity': 0, 'settings': None, 'pythonpath': None, 'traceback': False, ...}

        def handle(self, **options):
            database = options["database"]
            connection = connections[database]
            verbosity = options["verbosity"]
            interactive = options["interactive"]
            # The following are stealth options used by Django's internals.
            reset_sequences = options.get("reset_sequences", True)
            allow_cascade = options.get("allow_cascade", False)
            inhibit_post_migrate = options.get("inhibit_post_migrate", False)
    
            self.style = no_style()
    
            # Import the 'management' module within each installed app, to register
            # dispatcher events.
            for app_config in apps.get_app_configs():
                try:
                    import_module(".management", app_config.name)
                except ImportError:
                    pass
    
            sql_list = sql_flush(
                self.style,
                connection,
                reset_sequences=reset_sequences,
                allow_cascade=allow_cascade,
            )
    
            if interactive:
                confirm = input("""You have requested a flush of the database.
    This will IRREVERSIBLY DESTROY all data currently in the "%s" database,
    and return each table to an empty state.
    Are you sure you want to do this?
    
        Type 'yes' to continue, or 'no' to cancel: """ % connection.settings_dict["NAME"])
            else:
                confirm = "yes"
    
            if confirm == "yes":
                try:
>                   connection.ops.execute_sql_flush(sql_list)

.venv/lib/python3.14/site-packages/django/core/management/commands/flush.py:71: 
_ _ _ _ _ _ _ _ _ _ _ _ _ _ _ _ _ _ _ _ _ _ _ _ _ _ _ _ _ _ _ _ _ _ _ _ _ _ _ _ 
.venv/lib/python3.14/site-packages/django/db/backends/base/operations.py:473: in execute_sql_flush
    cursor.execute(sql)
.venv/lib/python3.14/site-packages/django/db/backends/utils.py:79: in execute
    return self._execute_with_wrappers(
.venv/lib/python3.14/site-packages/django/db/backends/utils.py:92: in _execute_with_wrappers
    return executor(sql, params, many, context)
           ^^^^^^^^^^^^^^^^^^^^^^^^^^^^^^^^^^^^
.venv/lib/python3.14/site-packages/django/db/backends/utils.py:100: in _execute
    with self.db.wrap_database_errors:
         ^^^^^^^^^^^^^^^^^^^^^^^^^^^^
.venv/lib/python3.14/site-packages/django/db/utils.py:91: in __exit__
    raise dj_exc_value.with_traceback(traceback) from exc_value
.venv/lib/python3.14/site-packages/django/db/backends/utils.py:103: in _execute
    return self.cursor.execute(sql)
           ^^^^^^^^^^^^^^^^^^^^^^^^
_ _ _ _ _ _ _ _ _ _ _ _ _ _ _ _ _ _ _ _ _ _ _ _ _ _ _ _ _ _ _ _ _ _ _ _ _ _ _ _ 

self = <django.db.backends.postgresql.base.Cursor [closed] [IDLE] (host=qualification-db user=postgres database=test_qualification) at 0x7d8c52782b30>
query = 'TRUNCATE "auth_group_permissions", "core_known_entities", "core_health_controls", "billing_stripewebhookevent", "acco...zationmember", "report_artifacts", "integrations_providerconnection", "integrations_providerevent", "catalog_product";'
params = None, prepare = None, binary = None

    def execute(
        self,
        query: Query,
        params: Params | None = None,
        *,
        prepare: bool | None = None,
        binary: bool | None = None,
    ) -> Self:
        """
        Execute a query or command to the database.
        """
        try:
            with self._conn.lock:
                self._conn.wait(
                    self._execute_gen(query, params, prepare=prepare, binary=binary)
                )
        except e._NO_TRACEBACK as ex:
>           raise ex.with_traceback(None)
E           django.db.utils.NotSupportedError: cannot truncate a table referenced in a foreign key constraint
E           DETAIL:  Table "billing_admission_receipt" references "billing_paid_coverage".
E           HINT:  Truncate table "billing_admission_receipt" at the same time, or use TRUNCATE ... CASCADE.

.venv/lib/python3.14/site-packages/psycopg/cursor.py:117: NotSupportedError

The above exception was the direct cause of the following exception:

request = <SubRequest '_django_db_helper' for <Function test_worker_has_no_review_table_access[review_reservation_events]>>
django_db_setup = None
django_db_blocker = <pytest_django.plugin.DjangoDbBlocker object at 0x7d8c58045010>

    @pytest.fixture
    def _django_db_helper(
        request: pytest.FixtureRequest,
        django_db_setup: None,  # noqa: ARG001
        django_db_blocker: DjangoDbBlocker,
    ) -> Generator[None]:
        if is_django_unittest(request):
            yield
            return
    
        from django import VERSION
    
        marker = request.node.get_closest_marker("django_db")
        if marker:
            (
                transactional,
                reset_sequences,
                databases,
                serialized_rollback,
                available_apps,
            ) = validate_django_db(marker)
        else:
            (
                transactional,
                reset_sequences,
                databases,
                serialized_rollback,
                available_apps,
            ) = False, False, None, False, None
    
        transactional = (
            transactional
            or reset_sequences
            or ("transactional_db" in request.fixturenames or "live_server" in request.fixturenames)
        )
        reset_sequences = reset_sequences or ("django_db_reset_sequences" in request.fixturenames)
        serialized_rollback = serialized_rollback or (
            "django_db_serialized_rollback" in request.fixturenames
        )
    
        with django_db_blocker.unblock():
            import django.db
            import django.test
    
            if transactional:
                test_case_class = django.test.TransactionTestCase
            else:
                test_case_class = django.test.TestCase
    
            _reset_sequences = reset_sequences
            _serialized_rollback = serialized_rollback
            _databases = databases
            _available_apps = available_apps
    
            class PytestDjangoTestCase(test_case_class):  # type: ignore[misc,valid-type]
                reset_sequences = _reset_sequences
                serialized_rollback = _serialized_rollback
                if _databases is not None:
                    databases = _databases
                if _available_apps is not None:
                    available_apps = _available_apps
    
                # For non-transactional tests, skip executing `django.test.TestCase`'s
                # `setUpClass`/`tearDownClass`, only execute the super class ones.
                #
                # `TestCase`'s class setup manages the `setUpTestData`/class-level
                # transaction functionality. We don't use it; instead we (will) offer
                # our own alternatives. So it only adds overhead, and does some things
                # which conflict with our (planned) functionality, particularly, it
                # closes all database connections in `tearDownClass` which inhibits
                # wrapping tests in higher-scoped transactions.
                #
                # It's possible a new version of Django will add some unrelated
                # functionality to these methods, in which case skipping them completely
                # would not be desirable. Let's cross that bridge when we get there...
                if not transactional:
    
                    @classmethod
                    def setUpClass(cls) -> None:
                        super(django.test.TestCase, cls).setUpClass()
    
                    @classmethod
                    def tearDownClass(cls) -> None:
                        super(django.test.TestCase, cls).tearDownClass()
    
            PytestDjangoTestCase.setUpClass()
    
            test_case = PytestDjangoTestCase(methodName="__init__")
            if VERSION >= (6, 0):
                pre_setup_ran_eagerly = PytestDjangoTestCase._pre_setup_ran_eagerly
            else:
                pre_setup_ran_eagerly = getattr(PytestDjangoTestCase, "_pre_setup_ran_eagerly", False)
            if not pre_setup_ran_eagerly:
                # For a TransactionTestCase, setUpClass() has already run _pre_setup() and set
                # this flag to say so.
                test_case._pre_setup()
    
            yield
    
>           test_case._post_teardown()

.venv/lib/python3.14/site-packages/pytest_django/fixtures.py:305: 
_ _ _ _ _ _ _ _ _ _ _ _ _ _ _ _ _ _ _ _ _ _ _ _ _ _ _ _ _ _ _ _ _ _ _ _ _ _ _ _ 
.venv/lib/python3.14/site-packages/django/test/testcases.py:1231: in _post_teardown
    self._fixture_teardown()
.venv/lib/python3.14/site-packages/django/test/testcases.py:1266: in _fixture_teardown
    call_command(
.venv/lib/python3.14/site-packages/django/core/management/__init__.py:194: in call_command
    return command.execute(*args, **defaults)
           ^^^^^^^^^^^^^^^^^^^^^^^^^^^^^^^^^^
.venv/lib/python3.14/site-packages/django/core/management/base.py:464: in execute
    output = self.handle(*args, **options)
             ^^^^^^^^^^^^^^^^^^^^^^^^^^^^^
_ _ _ _ _ _ _ _ _ _ _ _ _ _ _ _ _ _ _ _ _ _ _ _ _ _ _ _ _ _ _ _ _ _ _ _ _ _ _ _ 

self = <django.core.management.commands.flush.Command object at 0x7d8c527e67b0>
options = {'verbosity': 0, 'settings': None, 'pythonpath': None, 'traceback': False, ...}

        def handle(self, **options):
            database = options["database"]
            connection = connections[database]
            verbosity = options["verbosity"]
            interactive = options["interactive"]
            # The following are stealth options used by Django's internals.
            reset_sequences = options.get("reset_sequences", True)
            allow_cascade = options.get("allow_cascade", False)
            inhibit_post_migrate = options.get("inhibit_post_migrate", False)
    
            self.style = no_style()
    
            # Import the 'management' module within each installed app, to register
            # dispatcher events.
            for app_config in apps.get_app_configs():
                try:
                    import_module(".management", app_config.name)
                except ImportError:
                    pass
    
            sql_list = sql_flush(
                self.style,
                connection,
                reset_sequences=reset_sequences,
                allow_cascade=allow_cascade,
            )
    
            if interactive:
                confirm = input("""You have requested a flush of the database.
    This will IRREVERSIBLY DESTROY all data currently in the "%s" database,
    and return each table to an empty state.
    Are you sure you want to do this?
    
        Type 'yes' to continue, or 'no' to cancel: """ % connection.settings_dict["NAME"])
            else:
                confirm = "yes"
    
            if confirm == "yes":
                try:
                    connection.ops.execute_sql_flush(sql_list)
                except Exception as exc:
>                   raise CommandError(
                        "Database %s couldn't be flushed. Possible reasons:\n"
                        "  * The database isn't running or isn't configured correctly.\n"
                        "  * At least one of the expected database tables doesn't exist.\n"
                        "  * The SQL was invalid.\n"
                        "Hint: Look at the output of 'django-admin sqlflush'. "
                        "That's the SQL this command wasn't able to run."
                        % (connection.settings_dict["NAME"],)
                    ) from exc
E                   django.core.management.base.CommandError: Database test_qualification couldn't be flushed. Possible reasons:
E                     * The database isn't running or isn't configured correctly.
E                     * At least one of the expected database tables doesn't exist.
E                     * The SQL was invalid.
E                   Hint: Look at the output of 'django-admin sqlflush'. That's the SQL this command wasn't able to run.

.venv/lib/python3.14/site-packages/django/core/management/commands/flush.py:73: CommandError
_ ERROR at setup of test_owner_role_in_another_workspace_does_not_authorize_review_reads _

self = <django.db.backends.utils.CursorWrapper object at 0x7d8c52707770>
sql = 'INSERT INTO "accounts_user" ("password", "last_login", "is_superuser", "id", "email", "first_name", "last_name", "is_staff", "is_active", "date_joined") VALUES (%s, %s, %s, %s, %s, %s, %s, %s, %s, %s)'
params = ('!23ZBlG8hzVBUfM4JDqEy2XP1zCzuVjHjJIsWExsm', None, False, UUID('fb7118b0-0b3e-420e-bb66-b2fe1b41fcf8'), 'reports@example.com', '', ...)
ignored_wrapper_args = (False, {'connection': <DatabaseWrapper vendor='postgresql' alias='default'>, 'cursor': <django.db.backends.utils.CursorWrapper object at 0x7d8c52707770>})

    def _execute(self, sql, params, *ignored_wrapper_args):
        # Raise a warning during app initialization (stored_app_configs is only
        # ever set during testing).
        if not apps.ready and not apps.stored_app_configs:
            warnings.warn(self.APPS_NOT_READY_WARNING_MSG, category=RuntimeWarning)
        self.db.validate_no_broken_transaction()
        with self.db.wrap_database_errors:
            if params is None:
                # params default might be backend specific.
                return self.cursor.execute(sql)
            else:
>               return self.cursor.execute(sql, params)
                       ^^^^^^^^^^^^^^^^^^^^^^^^^^^^^^^^

.venv/lib/python3.14/site-packages/django/db/backends/utils.py:105: 
_ _ _ _ _ _ _ _ _ _ _ _ _ _ _ _ _ _ _ _ _ _ _ _ _ _ _ _ _ _ _ _ _ _ _ _ _ _ _ _ 

self = <django.db.backends.postgresql.base.Cursor [closed] [IDLE] (host=qualification-db user=postgres database=test_qualification) at 0x7d8c52782dd0>
query = 'INSERT INTO "accounts_user" ("password", "last_login", "is_superuser", "id", "email", "first_name", "last_name", "is_staff", "is_active", "date_joined") VALUES (%s, %s, %s, %s, %s, %s, %s, %s, %s, %s)'
params = ('!23ZBlG8hzVBUfM4JDqEy2XP1zCzuVjHjJIsWExsm', None, False, UUID('fb7118b0-0b3e-420e-bb66-b2fe1b41fcf8'), 'reports@example.com', '', ...)
prepare = None, binary = None

    def execute(
        self,
        query: Query,
        params: Params | None = None,
        *,
        prepare: bool | None = None,
        binary: bool | None = None,
    ) -> Self:
        """
        Execute a query or command to the database.
        """
        try:
            with self._conn.lock:
                self._conn.wait(
                    self._execute_gen(query, params, prepare=prepare, binary=binary)
                )
        except e._NO_TRACEBACK as ex:
>           raise ex.with_traceback(None)
E           psycopg.errors.UniqueViolation: duplicate key value violates unique constraint "accounts_user_email_key"
E           DETAIL:  Key (email)=(reports@example.com) already exists.

.venv/lib/python3.14/site-packages/psycopg/cursor.py:117: UniqueViolation

The above exception was the direct cause of the following exception:

client = <django.test.client.Client object at 0x7d8c5321e2b0>

    @pytest.fixture
    def report_context(client):
>       user = get_user_model().objects.create_user("reports@example.com")
               ^^^^^^^^^^^^^^^^^^^^^^^^^^^^^^^^^^^^^^^^^^^^^^^^^^^^^^^^^^^

tests/conftest.py:174: 
_ _ _ _ _ _ _ _ _ _ _ _ _ _ _ _ _ _ _ _ _ _ _ _ _ _ _ _ _ _ _ _ _ _ _ _ _ _ _ _ 
apps/accounts/managers.py:29: in create_user
    user.save(using=self._db)
.venv/lib/python3.14/site-packages/django/contrib/auth/base_user.py:65: in save
    super().save(*args, **kwargs)
.venv/lib/python3.14/site-packages/django/db/models/base.py:902: in save
    self.save_base(
.venv/lib/python3.14/site-packages/django/db/models/base.py:1008: in save_base
    updated = self._save_table(
.venv/lib/python3.14/site-packages/django/db/models/base.py:1169: in _save_table
    results = self._do_insert(
.venv/lib/python3.14/site-packages/django/db/models/base.py:1210: in _do_insert
    return manager._insert(
.venv/lib/python3.14/site-packages/django/db/models/manager.py:87: in manager_method
    return getattr(self.get_queryset(), name)(*args, **kwargs)
           ^^^^^^^^^^^^^^^^^^^^^^^^^^^^^^^^^^^^^^^^^^^^^^^^^^^
.venv/lib/python3.14/site-packages/django/db/models/query.py:1873: in _insert
    return query.get_compiler(using=using).execute_sql(returning_fields)
           ^^^^^^^^^^^^^^^^^^^^^^^^^^^^^^^^^^^^^^^^^^^^^^^^^^^^^^^^^^^^^
.venv/lib/python3.14/site-packages/django/db/models/sql/compiler.py:1882: in execute_sql
    cursor.execute(sql, params)
.venv/lib/python3.14/site-packages/django/db/backends/utils.py:79: in execute
    return self._execute_with_wrappers(
.venv/lib/python3.14/site-packages/django/db/backends/utils.py:92: in _execute_with_wrappers
    return executor(sql, params, many, context)
           ^^^^^^^^^^^^^^^^^^^^^^^^^^^^^^^^^^^^
.venv/lib/python3.14/site-packages/django/db/backends/utils.py:100: in _execute
    with self.db.wrap_database_errors:
         ^^^^^^^^^^^^^^^^^^^^^^^^^^^^
.venv/lib/python3.14/site-packages/django/db/utils.py:91: in __exit__
    raise dj_exc_value.with_traceback(traceback) from exc_value
.venv/lib/python3.14/site-packages/django/db/backends/utils.py:105: in _execute
    return self.cursor.execute(sql, params)
           ^^^^^^^^^^^^^^^^^^^^^^^^^^^^^^^^
_ _ _ _ _ _ _ _ _ _ _ _ _ _ _ _ _ _ _ _ _ _ _ _ _ _ _ _ _ _ _ _ _ _ _ _ _ _ _ _ 

self = <django.db.backends.postgresql.base.Cursor [closed] [IDLE] (host=qualification-db user=postgres database=test_qualification) at 0x7d8c52782dd0>
query = 'INSERT INTO "accounts_user" ("password", "last_login", "is_superuser", "id", "email", "first_name", "last_name", "is_staff", "is_active", "date_joined") VALUES (%s, %s, %s, %s, %s, %s, %s, %s, %s, %s)'
params = ('!23ZBlG8hzVBUfM4JDqEy2XP1zCzuVjHjJIsWExsm', None, False, UUID('fb7118b0-0b3e-420e-bb66-b2fe1b41fcf8'), 'reports@example.com', '', ...)
prepare = None, binary = None

    def execute(
        self,
        query: Query,
        params: Params | None = None,
        *,
        prepare: bool | None = None,
        binary: bool | None = None,
    ) -> Self:
        """
        Execute a query or command to the database.
        """
        try:
            with self._conn.lock:
                self._conn.wait(
                    self._execute_gen(query, params, prepare=prepare, binary=binary)
                )
        except e._NO_TRACEBACK as ex:
>           raise ex.with_traceback(None)
E           django.db.utils.IntegrityError: duplicate key value violates unique constraint "accounts_user_email_key"
E           DETAIL:  Key (email)=(reports@example.com) already exists.

.venv/lib/python3.14/site-packages/psycopg/cursor.py:117: IntegrityError
_ ERROR at teardown of test_owner_role_in_another_workspace_does_not_authorize_review_reads _

self = <django.db.backends.utils.CursorWrapper object at 0x7d8c52706450>
sql = 'TRUNCATE "auth_group_permissions", "core_known_entities", "core_health_controls", "billing_stripewebhookevent", "acco...zationmember", "report_artifacts", "integrations_providerconnection", "integrations_providerevent", "catalog_product";'
params = None
ignored_wrapper_args = (False, {'connection': <DatabaseWrapper vendor='postgresql' alias='default'>, 'cursor': <django.db.backends.utils.CursorWrapper object at 0x7d8c52706450>})

    def _execute(self, sql, params, *ignored_wrapper_args):
        # Raise a warning during app initialization (stored_app_configs is only
        # ever set during testing).
        if not apps.ready and not apps.stored_app_configs:
            warnings.warn(self.APPS_NOT_READY_WARNING_MSG, category=RuntimeWarning)
        self.db.validate_no_broken_transaction()
        with self.db.wrap_database_errors:
            if params is None:
                # params default might be backend specific.
>               return self.cursor.execute(sql)
                       ^^^^^^^^^^^^^^^^^^^^^^^^

.venv/lib/python3.14/site-packages/django/db/backends/utils.py:103: 
_ _ _ _ _ _ _ _ _ _ _ _ _ _ _ _ _ _ _ _ _ _ _ _ _ _ _ _ _ _ _ _ _ _ _ _ _ _ _ _ 

self = <django.db.backends.postgresql.base.Cursor [closed] [IDLE] (host=qualification-db user=postgres database=test_qualification) at 0x7d8c52782f90>
query = 'TRUNCATE "auth_group_permissions", "core_known_entities", "core_health_controls", "billing_stripewebhookevent", "acco...zationmember", "report_artifacts", "integrations_providerconnection", "integrations_providerevent", "catalog_product";'
params = None, prepare = None, binary = None

    def execute(
        self,
        query: Query,
        params: Params | None = None,
        *,
        prepare: bool | None = None,
        binary: bool | None = None,
    ) -> Self:
        """
        Execute a query or command to the database.
        """
        try:
            with self._conn.lock:
                self._conn.wait(
                    self._execute_gen(query, params, prepare=prepare, binary=binary)
                )
        except e._NO_TRACEBACK as ex:
>           raise ex.with_traceback(None)
E           psycopg.errors.FeatureNotSupported: cannot truncate a table referenced in a foreign key constraint
E           DETAIL:  Table "billing_admission_receipt" references "billing_paid_coverage".
E           HINT:  Truncate table "billing_admission_receipt" at the same time, or use TRUNCATE ... CASCADE.

.venv/lib/python3.14/site-packages/psycopg/cursor.py:117: FeatureNotSupported

The above exception was the direct cause of the following exception:

self = <django.core.management.commands.flush.Command object at 0x7d8c527e63f0>
options = {'verbosity': 0, 'settings': None, 'pythonpath': None, 'traceback': False, ...}

        def handle(self, **options):
            database = options["database"]
            connection = connections[database]
            verbosity = options["verbosity"]
            interactive = options["interactive"]
            # The following are stealth options used by Django's internals.
            reset_sequences = options.get("reset_sequences", True)
            allow_cascade = options.get("allow_cascade", False)
            inhibit_post_migrate = options.get("inhibit_post_migrate", False)
    
            self.style = no_style()
    
            # Import the 'management' module within each installed app, to register
            # dispatcher events.
            for app_config in apps.get_app_configs():
                try:
                    import_module(".management", app_config.name)
                except ImportError:
                    pass
    
            sql_list = sql_flush(
                self.style,
                connection,
                reset_sequences=reset_sequences,
                allow_cascade=allow_cascade,
            )
    
            if interactive:
                confirm = input("""You have requested a flush of the database.
    This will IRREVERSIBLY DESTROY all data currently in the "%s" database,
    and return each table to an empty state.
    Are you sure you want to do this?
    
        Type 'yes' to continue, or 'no' to cancel: """ % connection.settings_dict["NAME"])
            else:
                confirm = "yes"
    
            if confirm == "yes":
                try:
>                   connection.ops.execute_sql_flush(sql_list)

.venv/lib/python3.14/site-packages/django/core/management/commands/flush.py:71: 
_ _ _ _ _ _ _ _ _ _ _ _ _ _ _ _ _ _ _ _ _ _ _ _ _ _ _ _ _ _ _ _ _ _ _ _ _ _ _ _ 
.venv/lib/python3.14/site-packages/django/db/backends/base/operations.py:473: in execute_sql_flush
    cursor.execute(sql)
.venv/lib/python3.14/site-packages/django/db/backends/utils.py:79: in execute
    return self._execute_with_wrappers(
.venv/lib/python3.14/site-packages/django/db/backends/utils.py:92: in _execute_with_wrappers
    return executor(sql, params, many, context)
           ^^^^^^^^^^^^^^^^^^^^^^^^^^^^^^^^^^^^
.venv/lib/python3.14/site-packages/django/db/backends/utils.py:100: in _execute
    with self.db.wrap_database_errors:
         ^^^^^^^^^^^^^^^^^^^^^^^^^^^^
.venv/lib/python3.14/site-packages/django/db/utils.py:91: in __exit__
    raise dj_exc_value.with_traceback(traceback) from exc_value
.venv/lib/python3.14/site-packages/django/db/backends/utils.py:103: in _execute
    return self.cursor.execute(sql)
           ^^^^^^^^^^^^^^^^^^^^^^^^
_ _ _ _ _ _ _ _ _ _ _ _ _ _ _ _ _ _ _ _ _ _ _ _ _ _ _ _ _ _ _ _ _ _ _ _ _ _ _ _ 

self = <django.db.backends.postgresql.base.Cursor [closed] [IDLE] (host=qualification-db user=postgres database=test_qualification) at 0x7d8c52782f90>
query = 'TRUNCATE "auth_group_permissions", "core_known_entities", "core_health_controls", "billing_stripewebhookevent", "acco...zationmember", "report_artifacts", "integrations_providerconnection", "integrations_providerevent", "catalog_product";'
params = None, prepare = None, binary = None

    def execute(
        self,
        query: Query,
        params: Params | None = None,
        *,
        prepare: bool | None = None,
        binary: bool | None = None,
    ) -> Self:
        """
        Execute a query or command to the database.
        """
        try:
            with self._conn.lock:
                self._conn.wait(
                    self._execute_gen(query, params, prepare=prepare, binary=binary)
                )
        except e._NO_TRACEBACK as ex:
>           raise ex.with_traceback(None)
E           django.db.utils.NotSupportedError: cannot truncate a table referenced in a foreign key constraint
E           DETAIL:  Table "billing_admission_receipt" references "billing_paid_coverage".
E           HINT:  Truncate table "billing_admission_receipt" at the same time, or use TRUNCATE ... CASCADE.

.venv/lib/python3.14/site-packages/psycopg/cursor.py:117: NotSupportedError

The above exception was the direct cause of the following exception:

request = <SubRequest '_django_db_helper' for <Function test_owner_role_in_another_workspace_does_not_authorize_review_reads>>
django_db_setup = None
django_db_blocker = <pytest_django.plugin.DjangoDbBlocker object at 0x7d8c58045010>

    @pytest.fixture
    def _django_db_helper(
        request: pytest.FixtureRequest,
        django_db_setup: None,  # noqa: ARG001
        django_db_blocker: DjangoDbBlocker,
    ) -> Generator[None]:
        if is_django_unittest(request):
            yield
            return
    
        from django import VERSION
    
        marker = request.node.get_closest_marker("django_db")
        if marker:
            (
                transactional,
                reset_sequences,
                databases,
                serialized_rollback,
                available_apps,
            ) = validate_django_db(marker)
        else:
            (
                transactional,
                reset_sequences,
                databases,
                serialized_rollback,
                available_apps,
            ) = False, False, None, False, None
    
        transactional = (
            transactional
            or reset_sequences
            or ("transactional_db" in request.fixturenames or "live_server" in request.fixturenames)
        )
        reset_sequences = reset_sequences or ("django_db_reset_sequences" in request.fixturenames)
        serialized_rollback = serialized_rollback or (
            "django_db_serialized_rollback" in request.fixturenames
        )
    
        with django_db_blocker.unblock():
            import django.db
            import django.test
    
            if transactional:
                test_case_class = django.test.TransactionTestCase
            else:
                test_case_class = django.test.TestCase
    
            _reset_sequences = reset_sequences
            _serialized_rollback = serialized_rollback
            _databases = databases
            _available_apps = available_apps
    
            class PytestDjangoTestCase(test_case_class):  # type: ignore[misc,valid-type]
                reset_sequences = _reset_sequences
                serialized_rollback = _serialized_rollback
                if _databases is not None:
                    databases = _databases
                if _available_apps is not None:
                    available_apps = _available_apps
    
                # For non-transactional tests, skip executing `django.test.TestCase`'s
                # `setUpClass`/`tearDownClass`, only execute the super class ones.
                #
                # `TestCase`'s class setup manages the `setUpTestData`/class-level
                # transaction functionality. We don't use it; instead we (will) offer
                # our own alternatives. So it only adds overhead, and does some things
                # which conflict with our (planned) functionality, particularly, it
                # closes all database connections in `tearDownClass` which inhibits
                # wrapping tests in higher-scoped transactions.
                #
                # It's possible a new version of Django will add some unrelated
                # functionality to these methods, in which case skipping them completely
                # would not be desirable. Let's cross that bridge when we get there...
                if not transactional:
    
                    @classmethod
                    def setUpClass(cls) -> None:
                        super(django.test.TestCase, cls).setUpClass()
    
                    @classmethod
                    def tearDownClass(cls) -> None:
                        super(django.test.TestCase, cls).tearDownClass()
    
            PytestDjangoTestCase.setUpClass()
    
            test_case = PytestDjangoTestCase(methodName="__init__")
            if VERSION >= (6, 0):
                pre_setup_ran_eagerly = PytestDjangoTestCase._pre_setup_ran_eagerly
            else:
                pre_setup_ran_eagerly = getattr(PytestDjangoTestCase, "_pre_setup_ran_eagerly", False)
            if not pre_setup_ran_eagerly:
                # For a TransactionTestCase, setUpClass() has already run _pre_setup() and set
                # this flag to say so.
                test_case._pre_setup()
    
            yield
    
>           test_case._post_teardown()

.venv/lib/python3.14/site-packages/pytest_django/fixtures.py:305: 
_ _ _ _ _ _ _ _ _ _ _ _ _ _ _ _ _ _ _ _ _ _ _ _ _ _ _ _ _ _ _ _ _ _ _ _ _ _ _ _ 
.venv/lib/python3.14/site-packages/django/test/testcases.py:1231: in _post_teardown
    self._fixture_teardown()
.venv/lib/python3.14/site-packages/django/test/testcases.py:1266: in _fixture_teardown
    call_command(
.venv/lib/python3.14/site-packages/django/core/management/__init__.py:194: in call_command
    return command.execute(*args, **defaults)
           ^^^^^^^^^^^^^^^^^^^^^^^^^^^^^^^^^^
.venv/lib/python3.14/site-packages/django/core/management/base.py:464: in execute
    output = self.handle(*args, **options)
             ^^^^^^^^^^^^^^^^^^^^^^^^^^^^^
_ _ _ _ _ _ _ _ _ _ _ _ _ _ _ _ _ _ _ _ _ _ _ _ _ _ _ _ _ _ _ _ _ _ _ _ _ _ _ _ 

self = <django.core.management.commands.flush.Command object at 0x7d8c527e63f0>
options = {'verbosity': 0, 'settings': None, 'pythonpath': None, 'traceback': False, ...}

        def handle(self, **options):
            database = options["database"]
            connection = connections[database]
            verbosity = options["verbosity"]
            interactive = options["interactive"]
            # The following are stealth options used by Django's internals.
            reset_sequences = options.get("reset_sequences", True)
            allow_cascade = options.get("allow_cascade", False)
            inhibit_post_migrate = options.get("inhibit_post_migrate", False)
    
            self.style = no_style()
    
            # Import the 'management' module within each installed app, to register
            # dispatcher events.
            for app_config in apps.get_app_configs():
                try:
                    import_module(".management", app_config.name)
                except ImportError:
                    pass
    
            sql_list = sql_flush(
                self.style,
                connection,
                reset_sequences=reset_sequences,
                allow_cascade=allow_cascade,
            )
    
            if interactive:
                confirm = input("""You have requested a flush of the database.
    This will IRREVERSIBLY DESTROY all data currently in the "%s" database,
    and return each table to an empty state.
    Are you sure you want to do this?
    
        Type 'yes' to continue, or 'no' to cancel: """ % connection.settings_dict["NAME"])
            else:
                confirm = "yes"
    
            if confirm == "yes":
                try:
                    connection.ops.execute_sql_flush(sql_list)
                except Exception as exc:
>                   raise CommandError(
                        "Database %s couldn't be flushed. Possible reasons:\n"
                        "  * The database isn't running or isn't configured correctly.\n"
                        "  * At least one of the expected database tables doesn't exist.\n"
                        "  * The SQL was invalid.\n"
                        "Hint: Look at the output of 'django-admin sqlflush'. "
                        "That's the SQL this command wasn't able to run."
                        % (connection.settings_dict["NAME"],)
                    ) from exc
E                   django.core.management.base.CommandError: Database test_qualification couldn't be flushed. Possible reasons:
E                     * The database isn't running or isn't configured correctly.
E                     * At least one of the expected database tables doesn't exist.
E                     * The SQL was invalid.
E                   Hint: Look at the output of 'django-admin sqlflush'. That's the SQL this command wasn't able to run.

.venv/lib/python3.14/site-packages/django/core/management/commands/flush.py:73: CommandError
_ ERROR at setup of test_unadmitted_billing_authority_blocks_freeze_without_partial_events _

self = <django.db.backends.utils.CursorWrapper object at 0x7d8c533f0230>
sql = 'INSERT INTO "accounts_user" ("password", "last_login", "is_superuser", "id", "email", "first_name", "last_name", "is_staff", "is_active", "date_joined") VALUES (%s, %s, %s, %s, %s, %s, %s, %s, %s, %s)'
params = ('!evfPmZ5arzVAA1KUUG1i9PsFn2QNcwl234sHeeUx', None, False, UUID('edbbf2e7-5f37-4ea6-abb6-80143a125c9f'), 'reports@example.com', '', ...)
ignored_wrapper_args = (False, {'connection': <DatabaseWrapper vendor='postgresql' alias='default'>, 'cursor': <django.db.backends.utils.CursorWrapper object at 0x7d8c533f0230>})

    def _execute(self, sql, params, *ignored_wrapper_args):
        # Raise a warning during app initialization (stored_app_configs is only
        # ever set during testing).
        if not apps.ready and not apps.stored_app_configs:
            warnings.warn(self.APPS_NOT_READY_WARNING_MSG, category=RuntimeWarning)
        self.db.validate_no_broken_transaction()
        with self.db.wrap_database_errors:
            if params is None:
                # params default might be backend specific.
                return self.cursor.execute(sql)
            else:
>               return self.cursor.execute(sql, params)
                       ^^^^^^^^^^^^^^^^^^^^^^^^^^^^^^^^

.venv/lib/python3.14/site-packages/django/db/backends/utils.py:105: 
_ _ _ _ _ _ _ _ _ _ _ _ _ _ _ _ _ _ _ _ _ _ _ _ _ _ _ _ _ _ _ _ _ _ _ _ _ _ _ _ 

self = <django.db.backends.postgresql.base.Cursor [closed] [IDLE] (host=qualification-db user=postgres database=test_qualification) at 0x7d8c527834d0>
query = 'INSERT INTO "accounts_user" ("password", "last_login", "is_superuser", "id", "email", "first_name", "last_name", "is_staff", "is_active", "date_joined") VALUES (%s, %s, %s, %s, %s, %s, %s, %s, %s, %s)'
params = ('!evfPmZ5arzVAA1KUUG1i9PsFn2QNcwl234sHeeUx', None, False, UUID('edbbf2e7-5f37-4ea6-abb6-80143a125c9f'), 'reports@example.com', '', ...)
prepare = None, binary = None

    def execute(
        self,
        query: Query,
        params: Params | None = None,
        *,
        prepare: bool | None = None,
        binary: bool | None = None,
    ) -> Self:
        """
        Execute a query or command to the database.
        """
        try:
            with self._conn.lock:
                self._conn.wait(
                    self._execute_gen(query, params, prepare=prepare, binary=binary)
                )
        except e._NO_TRACEBACK as ex:
>           raise ex.with_traceback(None)
E           psycopg.errors.UniqueViolation: duplicate key value violates unique constraint "accounts_user_email_key"
E           DETAIL:  Key (email)=(reports@example.com) already exists.

.venv/lib/python3.14/site-packages/psycopg/cursor.py:117: UniqueViolation

The above exception was the direct cause of the following exception:

client = <django.test.client.Client object at 0x7d8c52bacaf0>

    @pytest.fixture
    def report_context(client):
>       user = get_user_model().objects.create_user("reports@example.com")
               ^^^^^^^^^^^^^^^^^^^^^^^^^^^^^^^^^^^^^^^^^^^^^^^^^^^^^^^^^^^

tests/conftest.py:174: 
_ _ _ _ _ _ _ _ _ _ _ _ _ _ _ _ _ _ _ _ _ _ _ _ _ _ _ _ _ _ _ _ _ _ _ _ _ _ _ _ 
apps/accounts/managers.py:29: in create_user
    user.save(using=self._db)
.venv/lib/python3.14/site-packages/django/contrib/auth/base_user.py:65: in save
    super().save(*args, **kwargs)
.venv/lib/python3.14/site-packages/django/db/models/base.py:902: in save
    self.save_base(
.venv/lib/python3.14/site-packages/django/db/models/base.py:1008: in save_base
    updated = self._save_table(
.venv/lib/python3.14/site-packages/django/db/models/base.py:1169: in _save_table
    results = self._do_insert(
.venv/lib/python3.14/site-packages/django/db/models/base.py:1210: in _do_insert
    return manager._insert(
.venv/lib/python3.14/site-packages/django/db/models/manager.py:87: in manager_method
    return getattr(self.get_queryset(), name)(*args, **kwargs)
           ^^^^^^^^^^^^^^^^^^^^^^^^^^^^^^^^^^^^^^^^^^^^^^^^^^^
.venv/lib/python3.14/site-packages/django/db/models/query.py:1873: in _insert
    return query.get_compiler(using=using).execute_sql(returning_fields)
           ^^^^^^^^^^^^^^^^^^^^^^^^^^^^^^^^^^^^^^^^^^^^^^^^^^^^^^^^^^^^^
.venv/lib/python3.14/site-packages/django/db/models/sql/compiler.py:1882: in execute_sql
    cursor.execute(sql, params)
.venv/lib/python3.14/site-packages/django/db/backends/utils.py:79: in execute
    return self._execute_with_wrappers(
.venv/lib/python3.14/site-packages/django/db/backends/utils.py:92: in _execute_with_wrappers
    return executor(sql, params, many, context)
           ^^^^^^^^^^^^^^^^^^^^^^^^^^^^^^^^^^^^
.venv/lib/python3.14/site-packages/django/db/backends/utils.py:100: in _execute
    with self.db.wrap_database_errors:
         ^^^^^^^^^^^^^^^^^^^^^^^^^^^^
.venv/lib/python3.14/site-packages/django/db/utils.py:91: in __exit__
    raise dj_exc_value.with_traceback(traceback) from exc_value
.venv/lib/python3.14/site-packages/django/db/backends/utils.py:105: in _execute
    return self.cursor.execute(sql, params)
           ^^^^^^^^^^^^^^^^^^^^^^^^^^^^^^^^
_ _ _ _ _ _ _ _ _ _ _ _ _ _ _ _ _ _ _ _ _ _ _ _ _ _ _ _ _ _ _ _ _ _ _ _ _ _ _ _ 

self = <django.db.backends.postgresql.base.Cursor [closed] [IDLE] (host=qualification-db user=postgres database=test_qualification) at 0x7d8c527834d0>
query = 'INSERT INTO "accounts_user" ("password", "last_login", "is_superuser", "id", "email", "first_name", "last_name", "is_staff", "is_active", "date_joined") VALUES (%s, %s, %s, %s, %s, %s, %s, %s, %s, %s)'
params = ('!evfPmZ5arzVAA1KUUG1i9PsFn2QNcwl234sHeeUx', None, False, UUID('edbbf2e7-5f37-4ea6-abb6-80143a125c9f'), 'reports@example.com', '', ...)
prepare = None, binary = None

    def execute(
        self,
        query: Query,
        params: Params | None = None,
        *,
        prepare: bool | None = None,
        binary: bool | None = None,
    ) -> Self:
        """
        Execute a query or command to the database.
        """
        try:
            with self._conn.lock:
                self._conn.wait(
                    self._execute_gen(query, params, prepare=prepare, binary=binary)
                )
        except e._NO_TRACEBACK as ex:
>           raise ex.with_traceback(None)
E           django.db.utils.IntegrityError: duplicate key value violates unique constraint "accounts_user_email_key"
E           DETAIL:  Key (email)=(reports@example.com) already exists.

.venv/lib/python3.14/site-packages/psycopg/cursor.py:117: IntegrityError
_ ERROR at teardown of test_unadmitted_billing_authority_blocks_freeze_without_partial_events _

self = <django.db.backends.utils.CursorWrapper object at 0x7d8c533f0ad0>
sql = 'TRUNCATE "auth_group_permissions", "core_known_entities", "core_health_controls", "billing_stripewebhookevent", "acco...zationmember", "report_artifacts", "integrations_providerconnection", "integrations_providerevent", "catalog_product";'
params = None
ignored_wrapper_args = (False, {'connection': <DatabaseWrapper vendor='postgresql' alias='default'>, 'cursor': <django.db.backends.utils.CursorWrapper object at 0x7d8c533f0ad0>})

    def _execute(self, sql, params, *ignored_wrapper_args):
        # Raise a warning during app initialization (stored_app_configs is only
        # ever set during testing).
        if not apps.ready and not apps.stored_app_configs:
            warnings.warn(self.APPS_NOT_READY_WARNING_MSG, category=RuntimeWarning)
        self.db.validate_no_broken_transaction()
        with self.db.wrap_database_errors:
            if params is None:
                # params default might be backend specific.
>               return self.cursor.execute(sql)
                       ^^^^^^^^^^^^^^^^^^^^^^^^

.venv/lib/python3.14/site-packages/django/db/backends/utils.py:103: 
_ _ _ _ _ _ _ _ _ _ _ _ _ _ _ _ _ _ _ _ _ _ _ _ _ _ _ _ _ _ _ _ _ _ _ _ _ _ _ _ 

self = <django.db.backends.postgresql.base.Cursor [closed] [IDLE] (host=qualification-db user=postgres database=test_qualification) at 0x7d8c533542f0>
query = 'TRUNCATE "auth_group_permissions", "core_known_entities", "core_health_controls", "billing_stripewebhookevent", "acco...zationmember", "report_artifacts", "integrations_providerconnection", "integrations_providerevent", "catalog_product";'
params = None, prepare = None, binary = None

    def execute(
        self,
        query: Query,
        params: Params | None = None,
        *,
        prepare: bool | None = None,
        binary: bool | None = None,
    ) -> Self:
        """
        Execute a query or command to the database.
        """
        try:
            with self._conn.lock:
                self._conn.wait(
                    self._execute_gen(query, params, prepare=prepare, binary=binary)
                )
        except e._NO_TRACEBACK as ex:
>           raise ex.with_traceback(None)
E           psycopg.errors.FeatureNotSupported: cannot truncate a table referenced in a foreign key constraint
E           DETAIL:  Table "billing_admission_receipt" references "billing_paid_coverage".
E           HINT:  Truncate table "billing_admission_receipt" at the same time, or use TRUNCATE ... CASCADE.

.venv/lib/python3.14/site-packages/psycopg/cursor.py:117: FeatureNotSupported

The above exception was the direct cause of the following exception:

self = <django.core.management.commands.flush.Command object at 0x7d8c52783d90>
options = {'verbosity': 0, 'settings': None, 'pythonpath': None, 'traceback': False, ...}

        def handle(self, **options):
            database = options["database"]
            connection = connections[database]
            verbosity = options["verbosity"]
            interactive = options["interactive"]
            # The following are stealth options used by Django's internals.
            reset_sequences = options.get("reset_sequences", True)
            allow_cascade = options.get("allow_cascade", False)
            inhibit_post_migrate = options.get("inhibit_post_migrate", False)
    
            self.style = no_style()
    
            # Import the 'management' module within each installed app, to register
            # dispatcher events.
            for app_config in apps.get_app_configs():
                try:
                    import_module(".management", app_config.name)
                except ImportError:
                    pass
    
            sql_list = sql_flush(
                self.style,
                connection,
                reset_sequences=reset_sequences,
                allow_cascade=allow_cascade,
            )
    
            if interactive:
                confirm = input("""You have requested a flush of the database.
    This will IRREVERSIBLY DESTROY all data currently in the "%s" database,
    and return each table to an empty state.
    Are you sure you want to do this?
    
        Type 'yes' to continue, or 'no' to cancel: """ % connection.settings_dict["NAME"])
            else:
                confirm = "yes"
    
            if confirm == "yes":
                try:
>                   connection.ops.execute_sql_flush(sql_list)

.venv/lib/python3.14/site-packages/django/core/management/commands/flush.py:71: 
_ _ _ _ _ _ _ _ _ _ _ _ _ _ _ _ _ _ _ _ _ _ _ _ _ _ _ _ _ _ _ _ _ _ _ _ _ _ _ _ 
.venv/lib/python3.14/site-packages/django/db/backends/base/operations.py:473: in execute_sql_flush
    cursor.execute(sql)
.venv/lib/python3.14/site-packages/django/db/backends/utils.py:79: in execute
    return self._execute_with_wrappers(
.venv/lib/python3.14/site-packages/django/db/backends/utils.py:92: in _execute_with_wrappers
    return executor(sql, params, many, context)
           ^^^^^^^^^^^^^^^^^^^^^^^^^^^^^^^^^^^^
.venv/lib/python3.14/site-packages/django/db/backends/utils.py:100: in _execute
    with self.db.wrap_database_errors:
         ^^^^^^^^^^^^^^^^^^^^^^^^^^^^
.venv/lib/python3.14/site-packages/django/db/utils.py:91: in __exit__
    raise dj_exc_value.with_traceback(traceback) from exc_value
.venv/lib/python3.14/site-packages/django/db/backends/utils.py:103: in _execute
    return self.cursor.execute(sql)
           ^^^^^^^^^^^^^^^^^^^^^^^^
_ _ _ _ _ _ _ _ _ _ _ _ _ _ _ _ _ _ _ _ _ _ _ _ _ _ _ _ _ _ _ _ _ _ _ _ _ _ _ _ 

self = <django.db.backends.postgresql.base.Cursor [closed] [IDLE] (host=qualification-db user=postgres database=test_qualification) at 0x7d8c533542f0>
query = 'TRUNCATE "auth_group_permissions", "core_known_entities", "core_health_controls", "billing_stripewebhookevent", "acco...zationmember", "report_artifacts", "integrations_providerconnection", "integrations_providerevent", "catalog_product";'
params = None, prepare = None, binary = None

    def execute(
        self,
        query: Query,
        params: Params | None = None,
        *,
        prepare: bool | None = None,
        binary: bool | None = None,
    ) -> Self:
        """
        Execute a query or command to the database.
        """
        try:
            with self._conn.lock:
                self._conn.wait(
                    self._execute_gen(query, params, prepare=prepare, binary=binary)
                )
        except e._NO_TRACEBACK as ex:
>           raise ex.with_traceback(None)
E           django.db.utils.NotSupportedError: cannot truncate a table referenced in a foreign key constraint
E           DETAIL:  Table "billing_admission_receipt" references "billing_paid_coverage".
E           HINT:  Truncate table "billing_admission_receipt" at the same time, or use TRUNCATE ... CASCADE.

.venv/lib/python3.14/site-packages/psycopg/cursor.py:117: NotSupportedError

The above exception was the direct cause of the following exception:

request = <SubRequest '_django_db_helper' for <Function test_unadmitted_billing_authority_blocks_freeze_without_partial_events>>
django_db_setup = None
django_db_blocker = <pytest_django.plugin.DjangoDbBlocker object at 0x7d8c58045010>

    @pytest.fixture
    def _django_db_helper(
        request: pytest.FixtureRequest,
        django_db_setup: None,  # noqa: ARG001
        django_db_blocker: DjangoDbBlocker,
    ) -> Generator[None]:
        if is_django_unittest(request):
            yield
            return
    
        from django import VERSION
    
        marker = request.node.get_closest_marker("django_db")
        if marker:
            (
                transactional,
                reset_sequences,
                databases,
                serialized_rollback,
                available_apps,
            ) = validate_django_db(marker)
        else:
            (
                transactional,
                reset_sequences,
                databases,
                serialized_rollback,
                available_apps,
            ) = False, False, None, False, None
    
        transactional = (
            transactional
            or reset_sequences
            or ("transactional_db" in request.fixturenames or "live_server" in request.fixturenames)
        )
        reset_sequences = reset_sequences or ("django_db_reset_sequences" in request.fixturenames)
        serialized_rollback = serialized_rollback or (
            "django_db_serialized_rollback" in request.fixturenames
        )
    
        with django_db_blocker.unblock():
            import django.db
            import django.test
    
            if transactional:
                test_case_class = django.test.TransactionTestCase
            else:
                test_case_class = django.test.TestCase
    
            _reset_sequences = reset_sequences
            _serialized_rollback = serialized_rollback
            _databases = databases
            _available_apps = available_apps
    
            class PytestDjangoTestCase(test_case_class):  # type: ignore[misc,valid-type]
                reset_sequences = _reset_sequences
                serialized_rollback = _serialized_rollback
                if _databases is not None:
                    databases = _databases
                if _available_apps is not None:
                    available_apps = _available_apps
    
                # For non-transactional tests, skip executing `django.test.TestCase`'s
                # `setUpClass`/`tearDownClass`, only execute the super class ones.
                #
                # `TestCase`'s class setup manages the `setUpTestData`/class-level
                # transaction functionality. We don't use it; instead we (will) offer
                # our own alternatives. So it only adds overhead, and does some things
                # which conflict with our (planned) functionality, particularly, it
                # closes all database connections in `tearDownClass` which inhibits
                # wrapping tests in higher-scoped transactions.
                #
                # It's possible a new version of Django will add some unrelated
                # functionality to these methods, in which case skipping them completely
                # would not be desirable. Let's cross that bridge when we get there...
                if not transactional:
    
                    @classmethod
                    def setUpClass(cls) -> None:
                        super(django.test.TestCase, cls).setUpClass()
    
                    @classmethod
                    def tearDownClass(cls) -> None:
                        super(django.test.TestCase, cls).tearDownClass()
    
            PytestDjangoTestCase.setUpClass()
    
            test_case = PytestDjangoTestCase(methodName="__init__")
            if VERSION >= (6, 0):
                pre_setup_ran_eagerly = PytestDjangoTestCase._pre_setup_ran_eagerly
            else:
                pre_setup_ran_eagerly = getattr(PytestDjangoTestCase, "_pre_setup_ran_eagerly", False)
            if not pre_setup_ran_eagerly:
                # For a TransactionTestCase, setUpClass() has already run _pre_setup() and set
                # this flag to say so.
                test_case._pre_setup()
    
            yield
    
>           test_case._post_teardown()

.venv/lib/python3.14/site-packages/pytest_django/fixtures.py:305: 
_ _ _ _ _ _ _ _ _ _ _ _ _ _ _ _ _ _ _ _ _ _ _ _ _ _ _ _ _ _ _ _ _ _ _ _ _ _ _ _ 
.venv/lib/python3.14/site-packages/django/test/testcases.py:1231: in _post_teardown
    self._fixture_teardown()
.venv/lib/python3.14/site-packages/django/test/testcases.py:1266: in _fixture_teardown
    call_command(
.venv/lib/python3.14/site-packages/django/core/management/__init__.py:194: in call_command
    return command.execute(*args, **defaults)
           ^^^^^^^^^^^^^^^^^^^^^^^^^^^^^^^^^^
.venv/lib/python3.14/site-packages/django/core/management/base.py:464: in execute
    output = self.handle(*args, **options)
             ^^^^^^^^^^^^^^^^^^^^^^^^^^^^^
_ _ _ _ _ _ _ _ _ _ _ _ _ _ _ _ _ _ _ _ _ _ _ _ _ _ _ _ _ _ _ _ _ _ _ _ _ _ _ _ 

self = <django.core.management.commands.flush.Command object at 0x7d8c52783d90>
options = {'verbosity': 0, 'settings': None, 'pythonpath': None, 'traceback': False, ...}

        def handle(self, **options):
            database = options["database"]
            connection = connections[database]
            verbosity = options["verbosity"]
            interactive = options["interactive"]
            # The following are stealth options used by Django's internals.
            reset_sequences = options.get("reset_sequences", True)
            allow_cascade = options.get("allow_cascade", False)
            inhibit_post_migrate = options.get("inhibit_post_migrate", False)
    
            self.style = no_style()
    
            # Import the 'management' module within each installed app, to register
            # dispatcher events.
            for app_config in apps.get_app_configs():
                try:
                    import_module(".management", app_config.name)
                except ImportError:
                    pass
    
            sql_list = sql_flush(
                self.style,
                connection,
                reset_sequences=reset_sequences,
                allow_cascade=allow_cascade,
            )
    
            if interactive:
                confirm = input("""You have requested a flush of the database.
    This will IRREVERSIBLY DESTROY all data currently in the "%s" database,
    and return each table to an empty state.
    Are you sure you want to do this?
    
        Type 'yes' to continue, or 'no' to cancel: """ % connection.settings_dict["NAME"])
            else:
                confirm = "yes"
    
            if confirm == "yes":
                try:
                    connection.ops.execute_sql_flush(sql_list)
                except Exception as exc:
>                   raise CommandError(
                        "Database %s couldn't be flushed. Possible reasons:\n"
                        "  * The database isn't running or isn't configured correctly.\n"
                        "  * At least one of the expected database tables doesn't exist.\n"
                        "  * The SQL was invalid.\n"
                        "Hint: Look at the output of 'django-admin sqlflush'. "
                        "That's the SQL this command wasn't able to run."
                        % (connection.settings_dict["NAME"],)
                    ) from exc
E                   django.core.management.base.CommandError: Database test_qualification couldn't be flushed. Possible reasons:
E                     * The database isn't running or isn't configured correctly.
E                     * At least one of the expected database tables doesn't exist.
E                     * The SQL was invalid.
E                   Hint: Look at the output of 'django-admin sqlflush'. That's the SQL this command wasn't able to run.

.venv/lib/python3.14/site-packages/django/core/management/commands/flush.py:73: CommandError
______ ERROR at setup of test_pause_fences_freeze_and_keeps_open_identity ______

self = <django.db.backends.utils.CursorWrapper object at 0x7d8c52ac3950>
sql = 'INSERT INTO "accounts_user" ("password", "last_login", "is_superuser", "id", "email", "first_name", "last_name", "is_staff", "is_active", "date_joined") VALUES (%s, %s, %s, %s, %s, %s, %s, %s, %s, %s)'
params = ('!7Tb4IxqZI6LCiXoNoFB5u9Pxndm8n3cDFCpiM3dv', None, False, UUID('669a314f-b041-4466-a8aa-f4c8f2bd4646'), 'reports@example.com', '', ...)
ignored_wrapper_args = (False, {'connection': <DatabaseWrapper vendor='postgresql' alias='default'>, 'cursor': <django.db.backends.utils.CursorWrapper object at 0x7d8c52ac3950>})

    def _execute(self, sql, params, *ignored_wrapper_args):
        # Raise a warning during app initialization (stored_app_configs is only
        # ever set during testing).
        if not apps.ready and not apps.stored_app_configs:
            warnings.warn(self.APPS_NOT_READY_WARNING_MSG, category=RuntimeWarning)
        self.db.validate_no_broken_transaction()
        with self.db.wrap_database_errors:
            if params is None:
                # params default might be backend specific.
                return self.cursor.execute(sql)
            else:
>               return self.cursor.execute(sql, params)
                       ^^^^^^^^^^^^^^^^^^^^^^^^^^^^^^^^

.venv/lib/python3.14/site-packages/django/db/backends/utils.py:105: 
_ _ _ _ _ _ _ _ _ _ _ _ _ _ _ _ _ _ _ _ _ _ _ _ _ _ _ _ _ _ _ _ _ _ _ _ _ _ _ _ 

self = <django.db.backends.postgresql.base.Cursor [closed] [IDLE] (host=qualification-db user=postgres database=test_qualification) at 0x7d8c52781b70>
query = 'INSERT INTO "accounts_user" ("password", "last_login", "is_superuser", "id", "email", "first_name", "last_name", "is_staff", "is_active", "date_joined") VALUES (%s, %s, %s, %s, %s, %s, %s, %s, %s, %s)'
params = ('!7Tb4IxqZI6LCiXoNoFB5u9Pxndm8n3cDFCpiM3dv', None, False, UUID('669a314f-b041-4466-a8aa-f4c8f2bd4646'), 'reports@example.com', '', ...)
prepare = None, binary = None

    def execute(
        self,
        query: Query,
        params: Params | None = None,
        *,
        prepare: bool | None = None,
        binary: bool | None = None,
    ) -> Self:
        """
        Execute a query or command to the database.
        """
        try:
            with self._conn.lock:
                self._conn.wait(
                    self._execute_gen(query, params, prepare=prepare, binary=binary)
                )
        except e._NO_TRACEBACK as ex:
>           raise ex.with_traceback(None)
E           psycopg.errors.UniqueViolation: duplicate key value violates unique constraint "accounts_user_email_key"
E           DETAIL:  Key (email)=(reports@example.com) already exists.

.venv/lib/python3.14/site-packages/psycopg/cursor.py:117: UniqueViolation

The above exception was the direct cause of the following exception:

client = <django.test.client.Client object at 0x7d8c5332a7b0>

    @pytest.fixture
    def report_context(client):
>       user = get_user_model().objects.create_user("reports@example.com")
               ^^^^^^^^^^^^^^^^^^^^^^^^^^^^^^^^^^^^^^^^^^^^^^^^^^^^^^^^^^^

tests/conftest.py:174: 
_ _ _ _ _ _ _ _ _ _ _ _ _ _ _ _ _ _ _ _ _ _ _ _ _ _ _ _ _ _ _ _ _ _ _ _ _ _ _ _ 
apps/accounts/managers.py:29: in create_user
    user.save(using=self._db)
.venv/lib/python3.14/site-packages/django/contrib/auth/base_user.py:65: in save
    super().save(*args, **kwargs)
.venv/lib/python3.14/site-packages/django/db/models/base.py:902: in save
    self.save_base(
.venv/lib/python3.14/site-packages/django/db/models/base.py:1008: in save_base
    updated = self._save_table(
.venv/lib/python3.14/site-packages/django/db/models/base.py:1169: in _save_table
    results = self._do_insert(
.venv/lib/python3.14/site-packages/django/db/models/base.py:1210: in _do_insert
    return manager._insert(
.venv/lib/python3.14/site-packages/django/db/models/manager.py:87: in manager_method
    return getattr(self.get_queryset(), name)(*args, **kwargs)
           ^^^^^^^^^^^^^^^^^^^^^^^^^^^^^^^^^^^^^^^^^^^^^^^^^^^
.venv/lib/python3.14/site-packages/django/db/models/query.py:1873: in _insert
    return query.get_compiler(using=using).execute_sql(returning_fields)
           ^^^^^^^^^^^^^^^^^^^^^^^^^^^^^^^^^^^^^^^^^^^^^^^^^^^^^^^^^^^^^
.venv/lib/python3.14/site-packages/django/db/models/sql/compiler.py:1882: in execute_sql
    cursor.execute(sql, params)
.venv/lib/python3.14/site-packages/django/db/backends/utils.py:79: in execute
    return self._execute_with_wrappers(
.venv/lib/python3.14/site-packages/django/db/backends/utils.py:92: in _execute_with_wrappers
    return executor(sql, params, many, context)
           ^^^^^^^^^^^^^^^^^^^^^^^^^^^^^^^^^^^^
.venv/lib/python3.14/site-packages/django/db/backends/utils.py:100: in _execute
    with self.db.wrap_database_errors:
         ^^^^^^^^^^^^^^^^^^^^^^^^^^^^
.venv/lib/python3.14/site-packages/django/db/utils.py:91: in __exit__
    raise dj_exc_value.with_traceback(traceback) from exc_value
.venv/lib/python3.14/site-packages/django/db/backends/utils.py:105: in _execute
    return self.cursor.execute(sql, params)
           ^^^^^^^^^^^^^^^^^^^^^^^^^^^^^^^^
_ _ _ _ _ _ _ _ _ _ _ _ _ _ _ _ _ _ _ _ _ _ _ _ _ _ _ _ _ _ _ _ _ _ _ _ _ _ _ _ 

self = <django.db.backends.postgresql.base.Cursor [closed] [IDLE] (host=qualification-db user=postgres database=test_qualification) at 0x7d8c52781b70>
query = 'INSERT INTO "accounts_user" ("password", "last_login", "is_superuser", "id", "email", "first_name", "last_name", "is_staff", "is_active", "date_joined") VALUES (%s, %s, %s, %s, %s, %s, %s, %s, %s, %s)'
params = ('!7Tb4IxqZI6LCiXoNoFB5u9Pxndm8n3cDFCpiM3dv', None, False, UUID('669a314f-b041-4466-a8aa-f4c8f2bd4646'), 'reports@example.com', '', ...)
prepare = None, binary = None

    def execute(
        self,
        query: Query,
        params: Params | None = None,
        *,
        prepare: bool | None = None,
        binary: bool | None = None,
    ) -> Self:
        """
        Execute a query or command to the database.
        """
        try:
            with self._conn.lock:
                self._conn.wait(
                    self._execute_gen(query, params, prepare=prepare, binary=binary)
                )
        except e._NO_TRACEBACK as ex:
>           raise ex.with_traceback(None)
E           django.db.utils.IntegrityError: duplicate key value violates unique constraint "accounts_user_email_key"
E           DETAIL:  Key (email)=(reports@example.com) already exists.

.venv/lib/python3.14/site-packages/psycopg/cursor.py:117: IntegrityError
____ ERROR at teardown of test_pause_fences_freeze_and_keeps_open_identity _____

self = <django.db.backends.utils.CursorWrapper object at 0x7d8c52707950>
sql = 'TRUNCATE "auth_group_permissions", "core_known_entities", "core_health_controls", "billing_stripewebhookevent", "acco...zationmember", "report_artifacts", "integrations_providerconnection", "integrations_providerevent", "catalog_product";'
params = None
ignored_wrapper_args = (False, {'connection': <DatabaseWrapper vendor='postgresql' alias='default'>, 'cursor': <django.db.backends.utils.CursorWrapper object at 0x7d8c52707950>})

    def _execute(self, sql, params, *ignored_wrapper_args):
        # Raise a warning during app initialization (stored_app_configs is only
        # ever set during testing).
        if not apps.ready and not apps.stored_app_configs:
            warnings.warn(self.APPS_NOT_READY_WARNING_MSG, category=RuntimeWarning)
        self.db.validate_no_broken_transaction()
        with self.db.wrap_database_errors:
            if params is None:
                # params default might be backend specific.
>               return self.cursor.execute(sql)
                       ^^^^^^^^^^^^^^^^^^^^^^^^

.venv/lib/python3.14/site-packages/django/db/backends/utils.py:103: 
_ _ _ _ _ _ _ _ _ _ _ _ _ _ _ _ _ _ _ _ _ _ _ _ _ _ _ _ _ _ _ _ _ _ _ _ _ _ _ _ 

self = <django.db.backends.postgresql.base.Cursor [closed] [IDLE] (host=qualification-db user=postgres database=test_qualification) at 0x7d8c52783070>
query = 'TRUNCATE "auth_group_permissions", "core_known_entities", "core_health_controls", "billing_stripewebhookevent", "acco...zationmember", "report_artifacts", "integrations_providerconnection", "integrations_providerevent", "catalog_product";'
params = None, prepare = None, binary = None

    def execute(
        self,
        query: Query,
        params: Params | None = None,
        *,
        prepare: bool | None = None,
        binary: bool | None = None,
    ) -> Self:
        """
        Execute a query or command to the database.
        """
        try:
            with self._conn.lock:
                self._conn.wait(
                    self._execute_gen(query, params, prepare=prepare, binary=binary)
                )
        except e._NO_TRACEBACK as ex:
>           raise ex.with_traceback(None)
E           psycopg.errors.FeatureNotSupported: cannot truncate a table referenced in a foreign key constraint
E           DETAIL:  Table "billing_admission_receipt" references "billing_paid_coverage".
E           HINT:  Truncate table "billing_admission_receipt" at the same time, or use TRUNCATE ... CASCADE.

.venv/lib/python3.14/site-packages/psycopg/cursor.py:117: FeatureNotSupported

The above exception was the direct cause of the following exception:

self = <django.core.management.commands.flush.Command object at 0x7d8c52782eb0>
options = {'verbosity': 0, 'settings': None, 'pythonpath': None, 'traceback': False, ...}

        def handle(self, **options):
            database = options["database"]
            connection = connections[database]
            verbosity = options["verbosity"]
            interactive = options["interactive"]
            # The following are stealth options used by Django's internals.
            reset_sequences = options.get("reset_sequences", True)
            allow_cascade = options.get("allow_cascade", False)
            inhibit_post_migrate = options.get("inhibit_post_migrate", False)
    
            self.style = no_style()
    
            # Import the 'management' module within each installed app, to register
            # dispatcher events.
            for app_config in apps.get_app_configs():
                try:
                    import_module(".management", app_config.name)
                except ImportError:
                    pass
    
            sql_list = sql_flush(
                self.style,
                connection,
                reset_sequences=reset_sequences,
                allow_cascade=allow_cascade,
            )
    
            if interactive:
                confirm = input("""You have requested a flush of the database.
    This will IRREVERSIBLY DESTROY all data currently in the "%s" database,
    and return each table to an empty state.
    Are you sure you want to do this?
    
        Type 'yes' to continue, or 'no' to cancel: """ % connection.settings_dict["NAME"])
            else:
                confirm = "yes"
    
            if confirm == "yes":
                try:
>                   connection.ops.execute_sql_flush(sql_list)

.venv/lib/python3.14/site-packages/django/core/management/commands/flush.py:71: 
_ _ _ _ _ _ _ _ _ _ _ _ _ _ _ _ _ _ _ _ _ _ _ _ _ _ _ _ _ _ _ _ _ _ _ _ _ _ _ _ 
.venv/lib/python3.14/site-packages/django/db/backends/base/operations.py:473: in execute_sql_flush
    cursor.execute(sql)
.venv/lib/python3.14/site-packages/django/db/backends/utils.py:79: in execute
    return self._execute_with_wrappers(
.venv/lib/python3.14/site-packages/django/db/backends/utils.py:92: in _execute_with_wrappers
    return executor(sql, params, many, context)
           ^^^^^^^^^^^^^^^^^^^^^^^^^^^^^^^^^^^^
.venv/lib/python3.14/site-packages/django/db/backends/utils.py:100: in _execute
    with self.db.wrap_database_errors:
         ^^^^^^^^^^^^^^^^^^^^^^^^^^^^
.venv/lib/python3.14/site-packages/django/db/utils.py:91: in __exit__
    raise dj_exc_value.with_traceback(traceback) from exc_value
.venv/lib/python3.14/site-packages/django/db/backends/utils.py:103: in _execute
    return self.cursor.execute(sql)
           ^^^^^^^^^^^^^^^^^^^^^^^^
_ _ _ _ _ _ _ _ _ _ _ _ _ _ _ _ _ _ _ _ _ _ _ _ _ _ _ _ _ _ _ _ _ _ _ _ _ _ _ _ 

self = <django.db.backends.postgresql.base.Cursor [closed] [IDLE] (host=qualification-db user=postgres database=test_qualification) at 0x7d8c52783070>
query = 'TRUNCATE "auth_group_permissions", "core_known_entities", "core_health_controls", "billing_stripewebhookevent", "acco...zationmember", "report_artifacts", "integrations_providerconnection", "integrations_providerevent", "catalog_product";'
params = None, prepare = None, binary = None

    def execute(
        self,
        query: Query,
        params: Params | None = None,
        *,
        prepare: bool | None = None,
        binary: bool | None = None,
    ) -> Self:
        """
        Execute a query or command to the database.
        """
        try:
            with self._conn.lock:
                self._conn.wait(
                    self._execute_gen(query, params, prepare=prepare, binary=binary)
                )
        except e._NO_TRACEBACK as ex:
>           raise ex.with_traceback(None)
E           django.db.utils.NotSupportedError: cannot truncate a table referenced in a foreign key constraint
E           DETAIL:  Table "billing_admission_receipt" references "billing_paid_coverage".
E           HINT:  Truncate table "billing_admission_receipt" at the same time, or use TRUNCATE ... CASCADE.

.venv/lib/python3.14/site-packages/psycopg/cursor.py:117: NotSupportedError

The above exception was the direct cause of the following exception:

request = <SubRequest '_django_db_helper' for <Function test_pause_fences_freeze_and_keeps_open_identity>>
django_db_setup = None
django_db_blocker = <pytest_django.plugin.DjangoDbBlocker object at 0x7d8c58045010>

    @pytest.fixture
    def _django_db_helper(
        request: pytest.FixtureRequest,
        django_db_setup: None,  # noqa: ARG001
        django_db_blocker: DjangoDbBlocker,
    ) -> Generator[None]:
        if is_django_unittest(request):
            yield
            return
    
        from django import VERSION
    
        marker = request.node.get_closest_marker("django_db")
        if marker:
            (
                transactional,
                reset_sequences,
                databases,
                serialized_rollback,
                available_apps,
            ) = validate_django_db(marker)
        else:
            (
                transactional,
                reset_sequences,
                databases,
                serialized_rollback,
                available_apps,
            ) = False, False, None, False, None
    
        transactional = (
            transactional
            or reset_sequences
            or ("transactional_db" in request.fixturenames or "live_server" in request.fixturenames)
        )
        reset_sequences = reset_sequences or ("django_db_reset_sequences" in request.fixturenames)
        serialized_rollback = serialized_rollback or (
            "django_db_serialized_rollback" in request.fixturenames
        )
    
        with django_db_blocker.unblock():
            import django.db
            import django.test
    
            if transactional:
                test_case_class = django.test.TransactionTestCase
            else:
                test_case_class = django.test.TestCase
    
            _reset_sequences = reset_sequences
            _serialized_rollback = serialized_rollback
            _databases = databases
            _available_apps = available_apps
    
            class PytestDjangoTestCase(test_case_class):  # type: ignore[misc,valid-type]
                reset_sequences = _reset_sequences
                serialized_rollback = _serialized_rollback
                if _databases is not None:
                    databases = _databases
                if _available_apps is not None:
                    available_apps = _available_apps
    
                # For non-transactional tests, skip executing `django.test.TestCase`'s
                # `setUpClass`/`tearDownClass`, only execute the super class ones.
                #
                # `TestCase`'s class setup manages the `setUpTestData`/class-level
                # transaction functionality. We don't use it; instead we (will) offer
                # our own alternatives. So it only adds overhead, and does some things
                # which conflict with our (planned) functionality, particularly, it
                # closes all database connections in `tearDownClass` which inhibits
                # wrapping tests in higher-scoped transactions.
                #
                # It's possible a new version of Django will add some unrelated
                # functionality to these methods, in which case skipping them completely
                # would not be desirable. Let's cross that bridge when we get there...
                if not transactional:
    
                    @classmethod
                    def setUpClass(cls) -> None:
                        super(django.test.TestCase, cls).setUpClass()
    
                    @classmethod
                    def tearDownClass(cls) -> None:
                        super(django.test.TestCase, cls).tearDownClass()
    
            PytestDjangoTestCase.setUpClass()
    
            test_case = PytestDjangoTestCase(methodName="__init__")
            if VERSION >= (6, 0):
                pre_setup_ran_eagerly = PytestDjangoTestCase._pre_setup_ran_eagerly
            else:
                pre_setup_ran_eagerly = getattr(PytestDjangoTestCase, "_pre_setup_ran_eagerly", False)
            if not pre_setup_ran_eagerly:
                # For a TransactionTestCase, setUpClass() has already run _pre_setup() and set
                # this flag to say so.
                test_case._pre_setup()
    
            yield
    
>           test_case._post_teardown()

.venv/lib/python3.14/site-packages/pytest_django/fixtures.py:305: 
_ _ _ _ _ _ _ _ _ _ _ _ _ _ _ _ _ _ _ _ _ _ _ _ _ _ _ _ _ _ _ _ _ _ _ _ _ _ _ _ 
.venv/lib/python3.14/site-packages/django/test/testcases.py:1231: in _post_teardown
    self._fixture_teardown()
.venv/lib/python3.14/site-packages/django/test/testcases.py:1266: in _fixture_teardown
    call_command(
.venv/lib/python3.14/site-packages/django/core/management/__init__.py:194: in call_command
    return command.execute(*args, **defaults)
           ^^^^^^^^^^^^^^^^^^^^^^^^^^^^^^^^^^
.venv/lib/python3.14/site-packages/django/core/management/base.py:464: in execute
    output = self.handle(*args, **options)
             ^^^^^^^^^^^^^^^^^^^^^^^^^^^^^
_ _ _ _ _ _ _ _ _ _ _ _ _ _ _ _ _ _ _ _ _ _ _ _ _ _ _ _ _ _ _ _ _ _ _ _ _ _ _ _ 

self = <django.core.management.commands.flush.Command object at 0x7d8c52782eb0>
options = {'verbosity': 0, 'settings': None, 'pythonpath': None, 'traceback': False, ...}

        def handle(self, **options):
            database = options["database"]
            connection = connections[database]
            verbosity = options["verbosity"]
            interactive = options["interactive"]
            # The following are stealth options used by Django's internals.
            reset_sequences = options.get("reset_sequences", True)
            allow_cascade = options.get("allow_cascade", False)
            inhibit_post_migrate = options.get("inhibit_post_migrate", False)
    
            self.style = no_style()
    
            # Import the 'management' module within each installed app, to register
            # dispatcher events.
            for app_config in apps.get_app_configs():
                try:
                    import_module(".management", app_config.name)
                except ImportError:
                    pass
    
            sql_list = sql_flush(
                self.style,
                connection,
                reset_sequences=reset_sequences,
                allow_cascade=allow_cascade,
            )
    
            if interactive:
                confirm = input("""You have requested a flush of the database.
    This will IRREVERSIBLY DESTROY all data currently in the "%s" database,
    and return each table to an empty state.
    Are you sure you want to do this?
    
        Type 'yes' to continue, or 'no' to cancel: """ % connection.settings_dict["NAME"])
            else:
                confirm = "yes"
    
            if confirm == "yes":
                try:
                    connection.ops.execute_sql_flush(sql_list)
                except Exception as exc:
>                   raise CommandError(
                        "Database %s couldn't be flushed. Possible reasons:\n"
                        "  * The database isn't running or isn't configured correctly.\n"
                        "  * At least one of the expected database tables doesn't exist.\n"
                        "  * The SQL was invalid.\n"
                        "Hint: Look at the output of 'django-admin sqlflush'. "
                        "That's the SQL this command wasn't able to run."
                        % (connection.settings_dict["NAME"],)
                    ) from exc
E                   django.core.management.base.CommandError: Database test_qualification couldn't be flushed. Possible reasons:
E                     * The database isn't running or isn't configured correctly.
E                     * At least one of the expected database tables doesn't exist.
E                     * The SQL was invalid.
E                   Hint: Look at the output of 'django-admin sqlflush'. That's the SQL this command wasn't able to run.

.venv/lib/python3.14/site-packages/django/core/management/commands/flush.py:73: CommandError
_____ ERROR at setup of test_one_open_and_one_frozen_pending_are_enforced ______

self = <django.db.backends.utils.CursorWrapper object at 0x7d8c52885eb0>
sql = 'INSERT INTO "accounts_user" ("password", "last_login", "is_superuser", "id", "email", "first_name", "last_name", "is_staff", "is_active", "date_joined") VALUES (%s, %s, %s, %s, %s, %s, %s, %s, %s, %s)'
params = ('!2Eh3xwZ7zop8y344v86e5Mjvg0SZsxUwsEmA9F4y', None, False, UUID('9d78e128-7f00-4bd3-97d5-4debcb080d76'), 'reports@example.com', '', ...)
ignored_wrapper_args = (False, {'connection': <DatabaseWrapper vendor='postgresql' alias='default'>, 'cursor': <django.db.backends.utils.CursorWrapper object at 0x7d8c52885eb0>})

    def _execute(self, sql, params, *ignored_wrapper_args):
        # Raise a warning during app initialization (stored_app_configs is only
        # ever set during testing).
        if not apps.ready and not apps.stored_app_configs:
            warnings.warn(self.APPS_NOT_READY_WARNING_MSG, category=RuntimeWarning)
        self.db.validate_no_broken_transaction()
        with self.db.wrap_database_errors:
            if params is None:
                # params default might be backend specific.
                return self.cursor.execute(sql)
            else:
>               return self.cursor.execute(sql, params)
                       ^^^^^^^^^^^^^^^^^^^^^^^^^^^^^^^^

.venv/lib/python3.14/site-packages/django/db/backends/utils.py:105: 
_ _ _ _ _ _ _ _ _ _ _ _ _ _ _ _ _ _ _ _ _ _ _ _ _ _ _ _ _ _ _ _ _ _ _ _ _ _ _ _ 

self = <django.db.backends.postgresql.base.Cursor [closed] [IDLE] (host=qualification-db user=postgres database=test_qualification) at 0x7d8c52782b30>
query = 'INSERT INTO "accounts_user" ("password", "last_login", "is_superuser", "id", "email", "first_name", "last_name", "is_staff", "is_active", "date_joined") VALUES (%s, %s, %s, %s, %s, %s, %s, %s, %s, %s)'
params = ('!2Eh3xwZ7zop8y344v86e5Mjvg0SZsxUwsEmA9F4y', None, False, UUID('9d78e128-7f00-4bd3-97d5-4debcb080d76'), 'reports@example.com', '', ...)
prepare = None, binary = None

    def execute(
        self,
        query: Query,
        params: Params | None = None,
        *,
        prepare: bool | None = None,
        binary: bool | None = None,
    ) -> Self:
        """
        Execute a query or command to the database.
        """
        try:
            with self._conn.lock:
                self._conn.wait(
                    self._execute_gen(query, params, prepare=prepare, binary=binary)
                )
        except e._NO_TRACEBACK as ex:
>           raise ex.with_traceback(None)
E           psycopg.errors.UniqueViolation: duplicate key value violates unique constraint "accounts_user_email_key"
E           DETAIL:  Key (email)=(reports@example.com) already exists.

.venv/lib/python3.14/site-packages/psycopg/cursor.py:117: UniqueViolation

The above exception was the direct cause of the following exception:

client = <django.test.client.Client object at 0x7d8c5332a990>

    @pytest.fixture
    def report_context(client):
>       user = get_user_model().objects.create_user("reports@example.com")
               ^^^^^^^^^^^^^^^^^^^^^^^^^^^^^^^^^^^^^^^^^^^^^^^^^^^^^^^^^^^

tests/conftest.py:174: 
_ _ _ _ _ _ _ _ _ _ _ _ _ _ _ _ _ _ _ _ _ _ _ _ _ _ _ _ _ _ _ _ _ _ _ _ _ _ _ _ 
apps/accounts/managers.py:29: in create_user
    user.save(using=self._db)
.venv/lib/python3.14/site-packages/django/contrib/auth/base_user.py:65: in save
    super().save(*args, **kwargs)
.venv/lib/python3.14/site-packages/django/db/models/base.py:902: in save
    self.save_base(
.venv/lib/python3.14/site-packages/django/db/models/base.py:1008: in save_base
    updated = self._save_table(
.venv/lib/python3.14/site-packages/django/db/models/base.py:1169: in _save_table
    results = self._do_insert(
.venv/lib/python3.14/site-packages/django/db/models/base.py:1210: in _do_insert
    return manager._insert(
.venv/lib/python3.14/site-packages/django/db/models/manager.py:87: in manager_method
    return getattr(self.get_queryset(), name)(*args, **kwargs)
           ^^^^^^^^^^^^^^^^^^^^^^^^^^^^^^^^^^^^^^^^^^^^^^^^^^^
.venv/lib/python3.14/site-packages/django/db/models/query.py:1873: in _insert
    return query.get_compiler(using=using).execute_sql(returning_fields)
           ^^^^^^^^^^^^^^^^^^^^^^^^^^^^^^^^^^^^^^^^^^^^^^^^^^^^^^^^^^^^^
.venv/lib/python3.14/site-packages/django/db/models/sql/compiler.py:1882: in execute_sql
    cursor.execute(sql, params)
.venv/lib/python3.14/site-packages/django/db/backends/utils.py:79: in execute
    return self._execute_with_wrappers(
.venv/lib/python3.14/site-packages/django/db/backends/utils.py:92: in _execute_with_wrappers
    return executor(sql, params, many, context)
           ^^^^^^^^^^^^^^^^^^^^^^^^^^^^^^^^^^^^
.venv/lib/python3.14/site-packages/django/db/backends/utils.py:100: in _execute
    with self.db.wrap_database_errors:
         ^^^^^^^^^^^^^^^^^^^^^^^^^^^^
.venv/lib/python3.14/site-packages/django/db/utils.py:91: in __exit__
    raise dj_exc_value.with_traceback(traceback) from exc_value
.venv/lib/python3.14/site-packages/django/db/backends/utils.py:105: in _execute
    return self.cursor.execute(sql, params)
           ^^^^^^^^^^^^^^^^^^^^^^^^^^^^^^^^
_ _ _ _ _ _ _ _ _ _ _ _ _ _ _ _ _ _ _ _ _ _ _ _ _ _ _ _ _ _ _ _ _ _ _ _ _ _ _ _ 

self = <django.db.backends.postgresql.base.Cursor [closed] [IDLE] (host=qualification-db user=postgres database=test_qualification) at 0x7d8c52782b30>
query = 'INSERT INTO "accounts_user" ("password", "last_login", "is_superuser", "id", "email", "first_name", "last_name", "is_staff", "is_active", "date_joined") VALUES (%s, %s, %s, %s, %s, %s, %s, %s, %s, %s)'
params = ('!2Eh3xwZ7zop8y344v86e5Mjvg0SZsxUwsEmA9F4y', None, False, UUID('9d78e128-7f00-4bd3-97d5-4debcb080d76'), 'reports@example.com', '', ...)
prepare = None, binary = None

    def execute(
        self,
        query: Query,
        params: Params | None = None,
        *,
        prepare: bool | None = None,
        binary: bool | None = None,
    ) -> Self:
        """
        Execute a query or command to the database.
        """
        try:
            with self._conn.lock:
                self._conn.wait(
                    self._execute_gen(query, params, prepare=prepare, binary=binary)
                )
        except e._NO_TRACEBACK as ex:
>           raise ex.with_traceback(None)
E           django.db.utils.IntegrityError: duplicate key value violates unique constraint "accounts_user_email_key"
E           DETAIL:  Key (email)=(reports@example.com) already exists.

.venv/lib/python3.14/site-packages/psycopg/cursor.py:117: IntegrityError
____ ERROR at teardown of test_one_open_and_one_frozen_pending_are_enforced ____

self = <django.db.backends.utils.CursorWrapper object at 0x7d8c5283b3b0>
sql = 'TRUNCATE "auth_group_permissions", "core_known_entities", "core_health_controls", "billing_stripewebhookevent", "acco...zationmember", "report_artifacts", "integrations_providerconnection", "integrations_providerevent", "catalog_product";'
params = None
ignored_wrapper_args = (False, {'connection': <DatabaseWrapper vendor='postgresql' alias='default'>, 'cursor': <django.db.backends.utils.CursorWrapper object at 0x7d8c5283b3b0>})

    def _execute(self, sql, params, *ignored_wrapper_args):
        # Raise a warning during app initialization (stored_app_configs is only
        # ever set during testing).
        if not apps.ready and not apps.stored_app_configs:
            warnings.warn(self.APPS_NOT_READY_WARNING_MSG, category=RuntimeWarning)
        self.db.validate_no_broken_transaction()
        with self.db.wrap_database_errors:
            if params is None:
                # params default might be backend specific.
>               return self.cursor.execute(sql)
                       ^^^^^^^^^^^^^^^^^^^^^^^^

.venv/lib/python3.14/site-packages/django/db/backends/utils.py:103: 
_ _ _ _ _ _ _ _ _ _ _ _ _ _ _ _ _ _ _ _ _ _ _ _ _ _ _ _ _ _ _ _ _ _ _ _ _ _ _ _ 

self = <django.db.backends.postgresql.base.Cursor [closed] [IDLE] (host=qualification-db user=postgres database=test_qualification) at 0x7d8c52782890>
query = 'TRUNCATE "auth_group_permissions", "core_known_entities", "core_health_controls", "billing_stripewebhookevent", "acco...zationmember", "report_artifacts", "integrations_providerconnection", "integrations_providerevent", "catalog_product";'
params = None, prepare = None, binary = None

    def execute(
        self,
        query: Query,
        params: Params | None = None,
        *,
        prepare: bool | None = None,
        binary: bool | None = None,
    ) -> Self:
        """
        Execute a query or command to the database.
        """
        try:
            with self._conn.lock:
                self._conn.wait(
                    self._execute_gen(query, params, prepare=prepare, binary=binary)
                )
        except e._NO_TRACEBACK as ex:
>           raise ex.with_traceback(None)
E           psycopg.errors.FeatureNotSupported: cannot truncate a table referenced in a foreign key constraint
E           DETAIL:  Table "billing_admission_receipt" references "billing_paid_coverage".
E           HINT:  Truncate table "billing_admission_receipt" at the same time, or use TRUNCATE ... CASCADE.

.venv/lib/python3.14/site-packages/psycopg/cursor.py:117: FeatureNotSupported

The above exception was the direct cause of the following exception:

self = <django.core.management.commands.flush.Command object at 0x7d8c536e3450>
options = {'verbosity': 0, 'settings': None, 'pythonpath': None, 'traceback': False, ...}

        def handle(self, **options):
            database = options["database"]
            connection = connections[database]
            verbosity = options["verbosity"]
            interactive = options["interactive"]
            # The following are stealth options used by Django's internals.
            reset_sequences = options.get("reset_sequences", True)
            allow_cascade = options.get("allow_cascade", False)
            inhibit_post_migrate = options.get("inhibit_post_migrate", False)
    
            self.style = no_style()
    
            # Import the 'management' module within each installed app, to register
            # dispatcher events.
            for app_config in apps.get_app_configs():
                try:
                    import_module(".management", app_config.name)
                except ImportError:
                    pass
    
            sql_list = sql_flush(
                self.style,
                connection,
                reset_sequences=reset_sequences,
                allow_cascade=allow_cascade,
            )
    
            if interactive:
                confirm = input("""You have requested a flush of the database.
    This will IRREVERSIBLY DESTROY all data currently in the "%s" database,
    and return each table to an empty state.
    Are you sure you want to do this?
    
        Type 'yes' to continue, or 'no' to cancel: """ % connection.settings_dict["NAME"])
            else:
                confirm = "yes"
    
            if confirm == "yes":
                try:
>                   connection.ops.execute_sql_flush(sql_list)

.venv/lib/python3.14/site-packages/django/core/management/commands/flush.py:71: 
_ _ _ _ _ _ _ _ _ _ _ _ _ _ _ _ _ _ _ _ _ _ _ _ _ _ _ _ _ _ _ _ _ _ _ _ _ _ _ _ 
.venv/lib/python3.14/site-packages/django/db/backends/base/operations.py:473: in execute_sql_flush
    cursor.execute(sql)
.venv/lib/python3.14/site-packages/django/db/backends/utils.py:79: in execute
    return self._execute_with_wrappers(
.venv/lib/python3.14/site-packages/django/db/backends/utils.py:92: in _execute_with_wrappers
    return executor(sql, params, many, context)
           ^^^^^^^^^^^^^^^^^^^^^^^^^^^^^^^^^^^^
.venv/lib/python3.14/site-packages/django/db/backends/utils.py:100: in _execute
    with self.db.wrap_database_errors:
         ^^^^^^^^^^^^^^^^^^^^^^^^^^^^
.venv/lib/python3.14/site-packages/django/db/utils.py:91: in __exit__
    raise dj_exc_value.with_traceback(traceback) from exc_value
.venv/lib/python3.14/site-packages/django/db/backends/utils.py:103: in _execute
    return self.cursor.execute(sql)
           ^^^^^^^^^^^^^^^^^^^^^^^^
_ _ _ _ _ _ _ _ _ _ _ _ _ _ _ _ _ _ _ _ _ _ _ _ _ _ _ _ _ _ _ _ _ _ _ _ _ _ _ _ 

self = <django.db.backends.postgresql.base.Cursor [closed] [IDLE] (host=qualification-db user=postgres database=test_qualification) at 0x7d8c52782890>
query = 'TRUNCATE "auth_group_permissions", "core_known_entities", "core_health_controls", "billing_stripewebhookevent", "acco...zationmember", "report_artifacts", "integrations_providerconnection", "integrations_providerevent", "catalog_product";'
params = None, prepare = None, binary = None

    def execute(
        self,
        query: Query,
        params: Params | None = None,
        *,
        prepare: bool | None = None,
        binary: bool | None = None,
    ) -> Self:
        """
        Execute a query or command to the database.
        """
        try:
            with self._conn.lock:
                self._conn.wait(
                    self._execute_gen(query, params, prepare=prepare, binary=binary)
                )
        except e._NO_TRACEBACK as ex:
>           raise ex.with_traceback(None)
E           django.db.utils.NotSupportedError: cannot truncate a table referenced in a foreign key constraint
E           DETAIL:  Table "billing_admission_receipt" references "billing_paid_coverage".
E           HINT:  Truncate table "billing_admission_receipt" at the same time, or use TRUNCATE ... CASCADE.

.venv/lib/python3.14/site-packages/psycopg/cursor.py:117: NotSupportedError

The above exception was the direct cause of the following exception:

request = <SubRequest '_django_db_helper' for <Function test_one_open_and_one_frozen_pending_are_enforced>>
django_db_setup = None
django_db_blocker = <pytest_django.plugin.DjangoDbBlocker object at 0x7d8c58045010>

    @pytest.fixture
    def _django_db_helper(
        request: pytest.FixtureRequest,
        django_db_setup: None,  # noqa: ARG001
        django_db_blocker: DjangoDbBlocker,
    ) -> Generator[None]:
        if is_django_unittest(request):
            yield
            return
    
        from django import VERSION
    
        marker = request.node.get_closest_marker("django_db")
        if marker:
            (
                transactional,
                reset_sequences,
                databases,
                serialized_rollback,
                available_apps,
            ) = validate_django_db(marker)
        else:
            (
                transactional,
                reset_sequences,
                databases,
                serialized_rollback,
                available_apps,
            ) = False, False, None, False, None
    
        transactional = (
            transactional
            or reset_sequences
            or ("transactional_db" in request.fixturenames or "live_server" in request.fixturenames)
        )
        reset_sequences = reset_sequences or ("django_db_reset_sequences" in request.fixturenames)
        serialized_rollback = serialized_rollback or (
            "django_db_serialized_rollback" in request.fixturenames
        )
    
        with django_db_blocker.unblock():
            import django.db
            import django.test
    
            if transactional:
                test_case_class = django.test.TransactionTestCase
            else:
                test_case_class = django.test.TestCase
    
            _reset_sequences = reset_sequences
            _serialized_rollback = serialized_rollback
            _databases = databases
            _available_apps = available_apps
    
            class PytestDjangoTestCase(test_case_class):  # type: ignore[misc,valid-type]
                reset_sequences = _reset_sequences
                serialized_rollback = _serialized_rollback
                if _databases is not None:
                    databases = _databases
                if _available_apps is not None:
                    available_apps = _available_apps
    
                # For non-transactional tests, skip executing `django.test.TestCase`'s
                # `setUpClass`/`tearDownClass`, only execute the super class ones.
                #
                # `TestCase`'s class setup manages the `setUpTestData`/class-level
                # transaction functionality. We don't use it; instead we (will) offer
                # our own alternatives. So it only adds overhead, and does some things
                # which conflict with our (planned) functionality, particularly, it
                # closes all database connections in `tearDownClass` which inhibits
                # wrapping tests in higher-scoped transactions.
                #
                # It's possible a new version of Django will add some unrelated
                # functionality to these methods, in which case skipping them completely
                # would not be desirable. Let's cross that bridge when we get there...
                if not transactional:
    
                    @classmethod
                    def setUpClass(cls) -> None:
                        super(django.test.TestCase, cls).setUpClass()
    
                    @classmethod
                    def tearDownClass(cls) -> None:
                        super(django.test.TestCase, cls).tearDownClass()
    
            PytestDjangoTestCase.setUpClass()
    
            test_case = PytestDjangoTestCase(methodName="__init__")
            if VERSION >= (6, 0):
                pre_setup_ran_eagerly = PytestDjangoTestCase._pre_setup_ran_eagerly
            else:
                pre_setup_ran_eagerly = getattr(PytestDjangoTestCase, "_pre_setup_ran_eagerly", False)
            if not pre_setup_ran_eagerly:
                # For a TransactionTestCase, setUpClass() has already run _pre_setup() and set
                # this flag to say so.
                test_case._pre_setup()
    
            yield
    
>           test_case._post_teardown()

.venv/lib/python3.14/site-packages/pytest_django/fixtures.py:305: 
_ _ _ _ _ _ _ _ _ _ _ _ _ _ _ _ _ _ _ _ _ _ _ _ _ _ _ _ _ _ _ _ _ _ _ _ _ _ _ _ 
.venv/lib/python3.14/site-packages/django/test/testcases.py:1231: in _post_teardown
    self._fixture_teardown()
.venv/lib/python3.14/site-packages/django/test/testcases.py:1266: in _fixture_teardown
    call_command(
.venv/lib/python3.14/site-packages/django/core/management/__init__.py:194: in call_command
    return command.execute(*args, **defaults)
           ^^^^^^^^^^^^^^^^^^^^^^^^^^^^^^^^^^
.venv/lib/python3.14/site-packages/django/core/management/base.py:464: in execute
    output = self.handle(*args, **options)
             ^^^^^^^^^^^^^^^^^^^^^^^^^^^^^
_ _ _ _ _ _ _ _ _ _ _ _ _ _ _ _ _ _ _ _ _ _ _ _ _ _ _ _ _ _ _ _ _ _ _ _ _ _ _ _ 

self = <django.core.management.commands.flush.Command object at 0x7d8c536e3450>
options = {'verbosity': 0, 'settings': None, 'pythonpath': None, 'traceback': False, ...}

        def handle(self, **options):
            database = options["database"]
            connection = connections[database]
            verbosity = options["verbosity"]
            interactive = options["interactive"]
            # The following are stealth options used by Django's internals.
            reset_sequences = options.get("reset_sequences", True)
            allow_cascade = options.get("allow_cascade", False)
            inhibit_post_migrate = options.get("inhibit_post_migrate", False)
    
            self.style = no_style()
    
            # Import the 'management' module within each installed app, to register
            # dispatcher events.
            for app_config in apps.get_app_configs():
                try:
                    import_module(".management", app_config.name)
                except ImportError:
                    pass
    
            sql_list = sql_flush(
                self.style,
                connection,
                reset_sequences=reset_sequences,
                allow_cascade=allow_cascade,
            )
    
            if interactive:
                confirm = input("""You have requested a flush of the database.
    This will IRREVERSIBLY DESTROY all data currently in the "%s" database,
    and return each table to an empty state.
    Are you sure you want to do this?
    
        Type 'yes' to continue, or 'no' to cancel: """ % connection.settings_dict["NAME"])
            else:
                confirm = "yes"
    
            if confirm == "yes":
                try:
                    connection.ops.execute_sql_flush(sql_list)
                except Exception as exc:
>                   raise CommandError(
                        "Database %s couldn't be flushed. Possible reasons:\n"
                        "  * The database isn't running or isn't configured correctly.\n"
                        "  * At least one of the expected database tables doesn't exist.\n"
                        "  * The SQL was invalid.\n"
                        "Hint: Look at the output of 'django-admin sqlflush'. "
                        "That's the SQL this command wasn't able to run."
                        % (connection.settings_dict["NAME"],)
                    ) from exc
E                   django.core.management.base.CommandError: Database test_qualification couldn't be flushed. Possible reasons:
E                     * The database isn't running or isn't configured correctly.
E                     * At least one of the expected database tables doesn't exist.
E                     * The SQL was invalid.
E                   Hint: Look at the output of 'django-admin sqlflush'. That's the SQL this command wasn't able to run.

.venv/lib/python3.14/site-packages/django/core/management/commands/flush.py:73: CommandError
____ ERROR at setup of test_revision_cas_rejects_aliases_and_stale_state[0] ____

self = <django.db.backends.utils.CursorWrapper object at 0x7d8c526cc9b0>
sql = 'INSERT INTO "accounts_user" ("password", "last_login", "is_superuser", "id", "email", "first_name", "last_name", "is_staff", "is_active", "date_joined") VALUES (%s, %s, %s, %s, %s, %s, %s, %s, %s, %s)'
params = ('!V4ikrTIBG3CjKfAcSBtXkQOmbYFMhAVlHzCCuFeh', None, False, UUID('0be631df-4990-45ce-8752-9ae50d59b648'), 'reports@example.com', '', ...)
ignored_wrapper_args = (False, {'connection': <DatabaseWrapper vendor='postgresql' alias='default'>, 'cursor': <django.db.backends.utils.CursorWrapper object at 0x7d8c526cc9b0>})

    def _execute(self, sql, params, *ignored_wrapper_args):
        # Raise a warning during app initialization (stored_app_configs is only
        # ever set during testing).
        if not apps.ready and not apps.stored_app_configs:
            warnings.warn(self.APPS_NOT_READY_WARNING_MSG, category=RuntimeWarning)
        self.db.validate_no_broken_transaction()
        with self.db.wrap_database_errors:
            if params is None:
                # params default might be backend specific.
                return self.cursor.execute(sql)
            else:
>               return self.cursor.execute(sql, params)
                       ^^^^^^^^^^^^^^^^^^^^^^^^^^^^^^^^

.venv/lib/python3.14/site-packages/django/db/backends/utils.py:105: 
_ _ _ _ _ _ _ _ _ _ _ _ _ _ _ _ _ _ _ _ _ _ _ _ _ _ _ _ _ _ _ _ _ _ _ _ _ _ _ _ 

self = <django.db.backends.postgresql.base.Cursor [closed] [IDLE] (host=qualification-db user=postgres database=test_qualification) at 0x7d8c527820b0>
query = 'INSERT INTO "accounts_user" ("password", "last_login", "is_superuser", "id", "email", "first_name", "last_name", "is_staff", "is_active", "date_joined") VALUES (%s, %s, %s, %s, %s, %s, %s, %s, %s, %s)'
params = ('!V4ikrTIBG3CjKfAcSBtXkQOmbYFMhAVlHzCCuFeh', None, False, UUID('0be631df-4990-45ce-8752-9ae50d59b648'), 'reports@example.com', '', ...)
prepare = None, binary = None

    def execute(
        self,
        query: Query,
        params: Params | None = None,
        *,
        prepare: bool | None = None,
        binary: bool | None = None,
    ) -> Self:
        """
        Execute a query or command to the database.
        """
        try:
            with self._conn.lock:
                self._conn.wait(
                    self._execute_gen(query, params, prepare=prepare, binary=binary)
                )
        except e._NO_TRACEBACK as ex:
>           raise ex.with_traceback(None)
E           psycopg.errors.UniqueViolation: duplicate key value violates unique constraint "accounts_user_email_key"
E           DETAIL:  Key (email)=(reports@example.com) already exists.

.venv/lib/python3.14/site-packages/psycopg/cursor.py:117: UniqueViolation

The above exception was the direct cause of the following exception:

client = <django.test.client.Client object at 0x7d8c526316d0>

    @pytest.fixture
    def report_context(client):
>       user = get_user_model().objects.create_user("reports@example.com")
               ^^^^^^^^^^^^^^^^^^^^^^^^^^^^^^^^^^^^^^^^^^^^^^^^^^^^^^^^^^^

tests/conftest.py:174: 
_ _ _ _ _ _ _ _ _ _ _ _ _ _ _ _ _ _ _ _ _ _ _ _ _ _ _ _ _ _ _ _ _ _ _ _ _ _ _ _ 
apps/accounts/managers.py:29: in create_user
    user.save(using=self._db)
.venv/lib/python3.14/site-packages/django/contrib/auth/base_user.py:65: in save
    super().save(*args, **kwargs)
.venv/lib/python3.14/site-packages/django/db/models/base.py:902: in save
    self.save_base(
.venv/lib/python3.14/site-packages/django/db/models/base.py:1008: in save_base
    updated = self._save_table(
.venv/lib/python3.14/site-packages/django/db/models/base.py:1169: in _save_table
    results = self._do_insert(
.venv/lib/python3.14/site-packages/django/db/models/base.py:1210: in _do_insert
    return manager._insert(
.venv/lib/python3.14/site-packages/django/db/models/manager.py:87: in manager_method
    return getattr(self.get_queryset(), name)(*args, **kwargs)
           ^^^^^^^^^^^^^^^^^^^^^^^^^^^^^^^^^^^^^^^^^^^^^^^^^^^
.venv/lib/python3.14/site-packages/django/db/models/query.py:1873: in _insert
    return query.get_compiler(using=using).execute_sql(returning_fields)
           ^^^^^^^^^^^^^^^^^^^^^^^^^^^^^^^^^^^^^^^^^^^^^^^^^^^^^^^^^^^^^
.venv/lib/python3.14/site-packages/django/db/models/sql/compiler.py:1882: in execute_sql
    cursor.execute(sql, params)
.venv/lib/python3.14/site-packages/django/db/backends/utils.py:79: in execute
    return self._execute_with_wrappers(
.venv/lib/python3.14/site-packages/django/db/backends/utils.py:92: in _execute_with_wrappers
    return executor(sql, params, many, context)
           ^^^^^^^^^^^^^^^^^^^^^^^^^^^^^^^^^^^^
.venv/lib/python3.14/site-packages/django/db/backends/utils.py:100: in _execute
    with self.db.wrap_database_errors:
         ^^^^^^^^^^^^^^^^^^^^^^^^^^^^
.venv/lib/python3.14/site-packages/django/db/utils.py:91: in __exit__
    raise dj_exc_value.with_traceback(traceback) from exc_value
.venv/lib/python3.14/site-packages/django/db/backends/utils.py:105: in _execute
    return self.cursor.execute(sql, params)
           ^^^^^^^^^^^^^^^^^^^^^^^^^^^^^^^^
_ _ _ _ _ _ _ _ _ _ _ _ _ _ _ _ _ _ _ _ _ _ _ _ _ _ _ _ _ _ _ _ _ _ _ _ _ _ _ _ 

self = <django.db.backends.postgresql.base.Cursor [closed] [IDLE] (host=qualification-db user=postgres database=test_qualification) at 0x7d8c527820b0>
query = 'INSERT INTO "accounts_user" ("password", "last_login", "is_superuser", "id", "email", "first_name", "last_name", "is_staff", "is_active", "date_joined") VALUES (%s, %s, %s, %s, %s, %s, %s, %s, %s, %s)'
params = ('!V4ikrTIBG3CjKfAcSBtXkQOmbYFMhAVlHzCCuFeh', None, False, UUID('0be631df-4990-45ce-8752-9ae50d59b648'), 'reports@example.com', '', ...)
prepare = None, binary = None

    def execute(
        self,
        query: Query,
        params: Params | None = None,
        *,
        prepare: bool | None = None,
        binary: bool | None = None,
    ) -> Self:
        """
        Execute a query or command to the database.
        """
        try:
            with self._conn.lock:
                self._conn.wait(
                    self._execute_gen(query, params, prepare=prepare, binary=binary)
                )
        except e._NO_TRACEBACK as ex:
>           raise ex.with_traceback(None)
E           django.db.utils.IntegrityError: duplicate key value violates unique constraint "accounts_user_email_key"
E           DETAIL:  Key (email)=(reports@example.com) already exists.

.venv/lib/python3.14/site-packages/psycopg/cursor.py:117: IntegrityError
__ ERROR at teardown of test_revision_cas_rejects_aliases_and_stale_state[0] ___

self = <django.db.backends.utils.CursorWrapper object at 0x7d8c526ce570>
sql = 'TRUNCATE "auth_group_permissions", "core_known_entities", "core_health_controls", "billing_stripewebhookevent", "acco...zationmember", "report_artifacts", "integrations_providerconnection", "integrations_providerevent", "catalog_product";'
params = None
ignored_wrapper_args = (False, {'connection': <DatabaseWrapper vendor='postgresql' alias='default'>, 'cursor': <django.db.backends.utils.CursorWrapper object at 0x7d8c526ce570>})

    def _execute(self, sql, params, *ignored_wrapper_args):
        # Raise a warning during app initialization (stored_app_configs is only
        # ever set during testing).
        if not apps.ready and not apps.stored_app_configs:
            warnings.warn(self.APPS_NOT_READY_WARNING_MSG, category=RuntimeWarning)
        self.db.validate_no_broken_transaction()
        with self.db.wrap_database_errors:
            if params is None:
                # params default might be backend specific.
>               return self.cursor.execute(sql)
                       ^^^^^^^^^^^^^^^^^^^^^^^^

.venv/lib/python3.14/site-packages/django/db/backends/utils.py:103: 
_ _ _ _ _ _ _ _ _ _ _ _ _ _ _ _ _ _ _ _ _ _ _ _ _ _ _ _ _ _ _ _ _ _ _ _ _ _ _ _ 

self = <django.db.backends.postgresql.base.Cursor [closed] [IDLE] (host=qualification-db user=postgres database=test_qualification) at 0x7d8c52782eb0>
query = 'TRUNCATE "auth_group_permissions", "core_known_entities", "core_health_controls", "billing_stripewebhookevent", "acco...zationmember", "report_artifacts", "integrations_providerconnection", "integrations_providerevent", "catalog_product";'
params = None, prepare = None, binary = None

    def execute(
        self,
        query: Query,
        params: Params | None = None,
        *,
        prepare: bool | None = None,
        binary: bool | None = None,
    ) -> Self:
        """
        Execute a query or command to the database.
        """
        try:
            with self._conn.lock:
                self._conn.wait(
                    self._execute_gen(query, params, prepare=prepare, binary=binary)
                )
        except e._NO_TRACEBACK as ex:
>           raise ex.with_traceback(None)
E           psycopg.errors.FeatureNotSupported: cannot truncate a table referenced in a foreign key constraint
E           DETAIL:  Table "billing_admission_receipt" references "billing_paid_coverage".
E           HINT:  Truncate table "billing_admission_receipt" at the same time, or use TRUNCATE ... CASCADE.

.venv/lib/python3.14/site-packages/psycopg/cursor.py:117: FeatureNotSupported

The above exception was the direct cause of the following exception:

self = <django.core.management.commands.flush.Command object at 0x7d8c53331610>
options = {'verbosity': 0, 'settings': None, 'pythonpath': None, 'traceback': False, ...}

        def handle(self, **options):
            database = options["database"]
            connection = connections[database]
            verbosity = options["verbosity"]
            interactive = options["interactive"]
            # The following are stealth options used by Django's internals.
            reset_sequences = options.get("reset_sequences", True)
            allow_cascade = options.get("allow_cascade", False)
            inhibit_post_migrate = options.get("inhibit_post_migrate", False)
    
            self.style = no_style()
    
            # Import the 'management' module within each installed app, to register
            # dispatcher events.
            for app_config in apps.get_app_configs():
                try:
                    import_module(".management", app_config.name)
                except ImportError:
                    pass
    
            sql_list = sql_flush(
                self.style,
                connection,
                reset_sequences=reset_sequences,
                allow_cascade=allow_cascade,
            )
    
            if interactive:
                confirm = input("""You have requested a flush of the database.
    This will IRREVERSIBLY DESTROY all data currently in the "%s" database,
    and return each table to an empty state.
    Are you sure you want to do this?
    
        Type 'yes' to continue, or 'no' to cancel: """ % connection.settings_dict["NAME"])
            else:
                confirm = "yes"
    
            if confirm == "yes":
                try:
>                   connection.ops.execute_sql_flush(sql_list)

.venv/lib/python3.14/site-packages/django/core/management/commands/flush.py:71: 
_ _ _ _ _ _ _ _ _ _ _ _ _ _ _ _ _ _ _ _ _ _ _ _ _ _ _ _ _ _ _ _ _ _ _ _ _ _ _ _ 
.venv/lib/python3.14/site-packages/django/db/backends/base/operations.py:473: in execute_sql_flush
    cursor.execute(sql)
.venv/lib/python3.14/site-packages/django/db/backends/utils.py:79: in execute
    return self._execute_with_wrappers(
.venv/lib/python3.14/site-packages/django/db/backends/utils.py:92: in _execute_with_wrappers
    return executor(sql, params, many, context)
           ^^^^^^^^^^^^^^^^^^^^^^^^^^^^^^^^^^^^
.venv/lib/python3.14/site-packages/django/db/backends/utils.py:100: in _execute
    with self.db.wrap_database_errors:
         ^^^^^^^^^^^^^^^^^^^^^^^^^^^^
.venv/lib/python3.14/site-packages/django/db/utils.py:91: in __exit__
    raise dj_exc_value.with_traceback(traceback) from exc_value
.venv/lib/python3.14/site-packages/django/db/backends/utils.py:103: in _execute
    return self.cursor.execute(sql)
           ^^^^^^^^^^^^^^^^^^^^^^^^
_ _ _ _ _ _ _ _ _ _ _ _ _ _ _ _ _ _ _ _ _ _ _ _ _ _ _ _ _ _ _ _ _ _ _ _ _ _ _ _ 

self = <django.db.backends.postgresql.base.Cursor [closed] [IDLE] (host=qualification-db user=postgres database=test_qualification) at 0x7d8c52782eb0>
query = 'TRUNCATE "auth_group_permissions", "core_known_entities", "core_health_controls", "billing_stripewebhookevent", "acco...zationmember", "report_artifacts", "integrations_providerconnection", "integrations_providerevent", "catalog_product";'
params = None, prepare = None, binary = None

    def execute(
        self,
        query: Query,
        params: Params | None = None,
        *,
        prepare: bool | None = None,
        binary: bool | None = None,
    ) -> Self:
        """
        Execute a query or command to the database.
        """
        try:
            with self._conn.lock:
                self._conn.wait(
                    self._execute_gen(query, params, prepare=prepare, binary=binary)
                )
        except e._NO_TRACEBACK as ex:
>           raise ex.with_traceback(None)
E           django.db.utils.NotSupportedError: cannot truncate a table referenced in a foreign key constraint
E           DETAIL:  Table "billing_admission_receipt" references "billing_paid_coverage".
E           HINT:  Truncate table "billing_admission_receipt" at the same time, or use TRUNCATE ... CASCADE.

.venv/lib/python3.14/site-packages/psycopg/cursor.py:117: NotSupportedError

The above exception was the direct cause of the following exception:

request = <SubRequest '_django_db_helper' for <Function test_revision_cas_rejects_aliases_and_stale_state[0]>>
django_db_setup = None
django_db_blocker = <pytest_django.plugin.DjangoDbBlocker object at 0x7d8c58045010>

    @pytest.fixture
    def _django_db_helper(
        request: pytest.FixtureRequest,
        django_db_setup: None,  # noqa: ARG001
        django_db_blocker: DjangoDbBlocker,
    ) -> Generator[None]:
        if is_django_unittest(request):
            yield
            return
    
        from django import VERSION
    
        marker = request.node.get_closest_marker("django_db")
        if marker:
            (
                transactional,
                reset_sequences,
                databases,
                serialized_rollback,
                available_apps,
            ) = validate_django_db(marker)
        else:
            (
                transactional,
                reset_sequences,
                databases,
                serialized_rollback,
                available_apps,
            ) = False, False, None, False, None
    
        transactional = (
            transactional
            or reset_sequences
            or ("transactional_db" in request.fixturenames or "live_server" in request.fixturenames)
        )
        reset_sequences = reset_sequences or ("django_db_reset_sequences" in request.fixturenames)
        serialized_rollback = serialized_rollback or (
            "django_db_serialized_rollback" in request.fixturenames
        )
    
        with django_db_blocker.unblock():
            import django.db
            import django.test
    
            if transactional:
                test_case_class = django.test.TransactionTestCase
            else:
                test_case_class = django.test.TestCase
    
            _reset_sequences = reset_sequences
            _serialized_rollback = serialized_rollback
            _databases = databases
            _available_apps = available_apps
    
            class PytestDjangoTestCase(test_case_class):  # type: ignore[misc,valid-type]
                reset_sequences = _reset_sequences
                serialized_rollback = _serialized_rollback
                if _databases is not None:
                    databases = _databases
                if _available_apps is not None:
                    available_apps = _available_apps
    
                # For non-transactional tests, skip executing `django.test.TestCase`'s
                # `setUpClass`/`tearDownClass`, only execute the super class ones.
                #
                # `TestCase`'s class setup manages the `setUpTestData`/class-level
                # transaction functionality. We don't use it; instead we (will) offer
                # our own alternatives. So it only adds overhead, and does some things
                # which conflict with our (planned) functionality, particularly, it
                # closes all database connections in `tearDownClass` which inhibits
                # wrapping tests in higher-scoped transactions.
                #
                # It's possible a new version of Django will add some unrelated
                # functionality to these methods, in which case skipping them completely
                # would not be desirable. Let's cross that bridge when we get there...
                if not transactional:
    
                    @classmethod
                    def setUpClass(cls) -> None:
                        super(django.test.TestCase, cls).setUpClass()
    
                    @classmethod
                    def tearDownClass(cls) -> None:
                        super(django.test.TestCase, cls).tearDownClass()
    
            PytestDjangoTestCase.setUpClass()
    
            test_case = PytestDjangoTestCase(methodName="__init__")
            if VERSION >= (6, 0):
                pre_setup_ran_eagerly = PytestDjangoTestCase._pre_setup_ran_eagerly
            else:
                pre_setup_ran_eagerly = getattr(PytestDjangoTestCase, "_pre_setup_ran_eagerly", False)
            if not pre_setup_ran_eagerly:
                # For a TransactionTestCase, setUpClass() has already run _pre_setup() and set
                # this flag to say so.
                test_case._pre_setup()
    
            yield
    
>           test_case._post_teardown()

.venv/lib/python3.14/site-packages/pytest_django/fixtures.py:305: 
_ _ _ _ _ _ _ _ _ _ _ _ _ _ _ _ _ _ _ _ _ _ _ _ _ _ _ _ _ _ _ _ _ _ _ _ _ _ _ _ 
.venv/lib/python3.14/site-packages/django/test/testcases.py:1231: in _post_teardown
    self._fixture_teardown()
.venv/lib/python3.14/site-packages/django/test/testcases.py:1266: in _fixture_teardown
    call_command(
.venv/lib/python3.14/site-packages/django/core/management/__init__.py:194: in call_command
    return command.execute(*args, **defaults)
           ^^^^^^^^^^^^^^^^^^^^^^^^^^^^^^^^^^
.venv/lib/python3.14/site-packages/django/core/management/base.py:464: in execute
    output = self.handle(*args, **options)
             ^^^^^^^^^^^^^^^^^^^^^^^^^^^^^
_ _ _ _ _ _ _ _ _ _ _ _ _ _ _ _ _ _ _ _ _ _ _ _ _ _ _ _ _ _ _ _ _ _ _ _ _ _ _ _ 

self = <django.core.management.commands.flush.Command object at 0x7d8c53331610>
options = {'verbosity': 0, 'settings': None, 'pythonpath': None, 'traceback': False, ...}

        def handle(self, **options):
            database = options["database"]
            connection = connections[database]
            verbosity = options["verbosity"]
            interactive = options["interactive"]
            # The following are stealth options used by Django's internals.
            reset_sequences = options.get("reset_sequences", True)
            allow_cascade = options.get("allow_cascade", False)
            inhibit_post_migrate = options.get("inhibit_post_migrate", False)
    
            self.style = no_style()
    
            # Import the 'management' module within each installed app, to register
            # dispatcher events.
            for app_config in apps.get_app_configs():
                try:
                    import_module(".management", app_config.name)
                except ImportError:
                    pass
    
            sql_list = sql_flush(
                self.style,
                connection,
                reset_sequences=reset_sequences,
                allow_cascade=allow_cascade,
            )
    
            if interactive:
                confirm = input("""You have requested a flush of the database.
    This will IRREVERSIBLY DESTROY all data currently in the "%s" database,
    and return each table to an empty state.
    Are you sure you want to do this?
    
        Type 'yes' to continue, or 'no' to cancel: """ % connection.settings_dict["NAME"])
            else:
                confirm = "yes"
    
            if confirm == "yes":
                try:
                    connection.ops.execute_sql_flush(sql_list)
                except Exception as exc:
>                   raise CommandError(
                        "Database %s couldn't be flushed. Possible reasons:\n"
                        "  * The database isn't running or isn't configured correctly.\n"
                        "  * At least one of the expected database tables doesn't exist.\n"
                        "  * The SQL was invalid.\n"
                        "Hint: Look at the output of 'django-admin sqlflush'. "
                        "That's the SQL this command wasn't able to run."
                        % (connection.settings_dict["NAME"],)
                    ) from exc
E                   django.core.management.base.CommandError: Database test_qualification couldn't be flushed. Possible reasons:
E                     * The database isn't running or isn't configured correctly.
E                     * At least one of the expected database tables doesn't exist.
E                     * The SQL was invalid.
E                   Hint: Look at the output of 'django-admin sqlflush'. That's the SQL this command wasn't able to run.

.venv/lib/python3.14/site-packages/django/core/management/commands/flush.py:73: CommandError
____ ERROR at setup of test_revision_cas_rejects_aliases_and_stale_state[2] ____

self = <django.db.backends.utils.CursorWrapper object at 0x7d8c52622570>
sql = 'INSERT INTO "accounts_user" ("password", "last_login", "is_superuser", "id", "email", "first_name", "last_name", "is_staff", "is_active", "date_joined") VALUES (%s, %s, %s, %s, %s, %s, %s, %s, %s, %s)'
params = ('!xKR6ikPI7aeDtYSYBhMZKxguZvSC26Y07HTrnbkd', None, False, UUID('24cd1be9-b341-4dcf-8d10-c7f024a8a7b0'), 'reports@example.com', '', ...)
ignored_wrapper_args = (False, {'connection': <DatabaseWrapper vendor='postgresql' alias='default'>, 'cursor': <django.db.backends.utils.CursorWrapper object at 0x7d8c52622570>})

    def _execute(self, sql, params, *ignored_wrapper_args):
        # Raise a warning during app initialization (stored_app_configs is only
        # ever set during testing).
        if not apps.ready and not apps.stored_app_configs:
            warnings.warn(self.APPS_NOT_READY_WARNING_MSG, category=RuntimeWarning)
        self.db.validate_no_broken_transaction()
        with self.db.wrap_database_errors:
            if params is None:
                # params default might be backend specific.
                return self.cursor.execute(sql)
            else:
>               return self.cursor.execute(sql, params)
                       ^^^^^^^^^^^^^^^^^^^^^^^^^^^^^^^^

.venv/lib/python3.14/site-packages/django/db/backends/utils.py:105: 
_ _ _ _ _ _ _ _ _ _ _ _ _ _ _ _ _ _ _ _ _ _ _ _ _ _ _ _ _ _ _ _ _ _ _ _ _ _ _ _ 

self = <django.db.backends.postgresql.base.Cursor [closed] [IDLE] (host=qualification-db user=postgres database=test_qualification) at 0x7d8c52780c90>
query = 'INSERT INTO "accounts_user" ("password", "last_login", "is_superuser", "id", "email", "first_name", "last_name", "is_staff", "is_active", "date_joined") VALUES (%s, %s, %s, %s, %s, %s, %s, %s, %s, %s)'
params = ('!xKR6ikPI7aeDtYSYBhMZKxguZvSC26Y07HTrnbkd', None, False, UUID('24cd1be9-b341-4dcf-8d10-c7f024a8a7b0'), 'reports@example.com', '', ...)
prepare = None, binary = None

    def execute(
        self,
        query: Query,
        params: Params | None = None,
        *,
        prepare: bool | None = None,
        binary: bool | None = None,
    ) -> Self:
        """
        Execute a query or command to the database.
        """
        try:
            with self._conn.lock:
                self._conn.wait(
                    self._execute_gen(query, params, prepare=prepare, binary=binary)
                )
        except e._NO_TRACEBACK as ex:
>           raise ex.with_traceback(None)
E           psycopg.errors.UniqueViolation: duplicate key value violates unique constraint "accounts_user_email_key"
E           DETAIL:  Key (email)=(reports@example.com) already exists.

.venv/lib/python3.14/site-packages/psycopg/cursor.py:117: UniqueViolation

The above exception was the direct cause of the following exception:

client = <django.test.client.Client object at 0x7d8c52632d50>

    @pytest.fixture
    def report_context(client):
>       user = get_user_model().objects.create_user("reports@example.com")
               ^^^^^^^^^^^^^^^^^^^^^^^^^^^^^^^^^^^^^^^^^^^^^^^^^^^^^^^^^^^

tests/conftest.py:174: 
_ _ _ _ _ _ _ _ _ _ _ _ _ _ _ _ _ _ _ _ _ _ _ _ _ _ _ _ _ _ _ _ _ _ _ _ _ _ _ _ 
apps/accounts/managers.py:29: in create_user
    user.save(using=self._db)
.venv/lib/python3.14/site-packages/django/contrib/auth/base_user.py:65: in save
    super().save(*args, **kwargs)
.venv/lib/python3.14/site-packages/django/db/models/base.py:902: in save
    self.save_base(
.venv/lib/python3.14/site-packages/django/db/models/base.py:1008: in save_base
    updated = self._save_table(
.venv/lib/python3.14/site-packages/django/db/models/base.py:1169: in _save_table
    results = self._do_insert(
.venv/lib/python3.14/site-packages/django/db/models/base.py:1210: in _do_insert
    return manager._insert(
.venv/lib/python3.14/site-packages/django/db/models/manager.py:87: in manager_method
    return getattr(self.get_queryset(), name)(*args, **kwargs)
           ^^^^^^^^^^^^^^^^^^^^^^^^^^^^^^^^^^^^^^^^^^^^^^^^^^^
.venv/lib/python3.14/site-packages/django/db/models/query.py:1873: in _insert
    return query.get_compiler(using=using).execute_sql(returning_fields)
           ^^^^^^^^^^^^^^^^^^^^^^^^^^^^^^^^^^^^^^^^^^^^^^^^^^^^^^^^^^^^^
.venv/lib/python3.14/site-packages/django/db/models/sql/compiler.py:1882: in execute_sql
    cursor.execute(sql, params)
.venv/lib/python3.14/site-packages/django/db/backends/utils.py:79: in execute
    return self._execute_with_wrappers(
.venv/lib/python3.14/site-packages/django/db/backends/utils.py:92: in _execute_with_wrappers
    return executor(sql, params, many, context)
           ^^^^^^^^^^^^^^^^^^^^^^^^^^^^^^^^^^^^
.venv/lib/python3.14/site-packages/django/db/backends/utils.py:100: in _execute
    with self.db.wrap_database_errors:
         ^^^^^^^^^^^^^^^^^^^^^^^^^^^^
.venv/lib/python3.14/site-packages/django/db/utils.py:91: in __exit__
    raise dj_exc_value.with_traceback(traceback) from exc_value
.venv/lib/python3.14/site-packages/django/db/backends/utils.py:105: in _execute
    return self.cursor.execute(sql, params)
           ^^^^^^^^^^^^^^^^^^^^^^^^^^^^^^^^
_ _ _ _ _ _ _ _ _ _ _ _ _ _ _ _ _ _ _ _ _ _ _ _ _ _ _ _ _ _ _ _ _ _ _ _ _ _ _ _ 

self = <django.db.backends.postgresql.base.Cursor [closed] [IDLE] (host=qualification-db user=postgres database=test_qualification) at 0x7d8c52780c90>
query = 'INSERT INTO "accounts_user" ("password", "last_login", "is_superuser", "id", "email", "first_name", "last_name", "is_staff", "is_active", "date_joined") VALUES (%s, %s, %s, %s, %s, %s, %s, %s, %s, %s)'
params = ('!xKR6ikPI7aeDtYSYBhMZKxguZvSC26Y07HTrnbkd', None, False, UUID('24cd1be9-b341-4dcf-8d10-c7f024a8a7b0'), 'reports@example.com', '', ...)
prepare = None, binary = None

    def execute(
        self,
        query: Query,
        params: Params | None = None,
        *,
        prepare: bool | None = None,
        binary: bool | None = None,
    ) -> Self:
        """
        Execute a query or command to the database.
        """
        try:
            with self._conn.lock:
                self._conn.wait(
                    self._execute_gen(query, params, prepare=prepare, binary=binary)
                )
        except e._NO_TRACEBACK as ex:
>           raise ex.with_traceback(None)
E           django.db.utils.IntegrityError: duplicate key value violates unique constraint "accounts_user_email_key"
E           DETAIL:  Key (email)=(reports@example.com) already exists.

.venv/lib/python3.14/site-packages/psycopg/cursor.py:117: IntegrityError
__ ERROR at teardown of test_revision_cas_rejects_aliases_and_stale_state[2] ___

self = <django.db.backends.utils.CursorWrapper object at 0x7d8c52622b10>
sql = 'TRUNCATE "auth_group_permissions", "core_known_entities", "core_health_controls", "billing_stripewebhookevent", "acco...zationmember", "report_artifacts", "integrations_providerconnection", "integrations_providerevent", "catalog_product";'
params = None
ignored_wrapper_args = (False, {'connection': <DatabaseWrapper vendor='postgresql' alias='default'>, 'cursor': <django.db.backends.utils.CursorWrapper object at 0x7d8c52622b10>})

    def _execute(self, sql, params, *ignored_wrapper_args):
        # Raise a warning during app initialization (stored_app_configs is only
        # ever set during testing).
        if not apps.ready and not apps.stored_app_configs:
            warnings.warn(self.APPS_NOT_READY_WARNING_MSG, category=RuntimeWarning)
        self.db.validate_no_broken_transaction()
        with self.db.wrap_database_errors:
            if params is None:
                # params default might be backend specific.
>               return self.cursor.execute(sql)
                       ^^^^^^^^^^^^^^^^^^^^^^^^

.venv/lib/python3.14/site-packages/django/db/backends/utils.py:103: 
_ _ _ _ _ _ _ _ _ _ _ _ _ _ _ _ _ _ _ _ _ _ _ _ _ _ _ _ _ _ _ _ _ _ _ _ _ _ _ _ 

self = <django.db.backends.postgresql.base.Cursor [closed] [IDLE] (host=qualification-db user=postgres database=test_qualification) at 0x7d8c52781a90>
query = 'TRUNCATE "auth_group_permissions", "core_known_entities", "core_health_controls", "billing_stripewebhookevent", "acco...zationmember", "report_artifacts", "integrations_providerconnection", "integrations_providerevent", "catalog_product";'
params = None, prepare = None, binary = None

    def execute(
        self,
        query: Query,
        params: Params | None = None,
        *,
        prepare: bool | None = None,
        binary: bool | None = None,
    ) -> Self:
        """
        Execute a query or command to the database.
        """
        try:
            with self._conn.lock:
                self._conn.wait(
                    self._execute_gen(query, params, prepare=prepare, binary=binary)
                )
        except e._NO_TRACEBACK as ex:
>           raise ex.with_traceback(None)
E           psycopg.errors.FeatureNotSupported: cannot truncate a table referenced in a foreign key constraint
E           DETAIL:  Table "billing_admission_receipt" references "billing_paid_coverage".
E           HINT:  Truncate table "billing_admission_receipt" at the same time, or use TRUNCATE ... CASCADE.

.venv/lib/python3.14/site-packages/psycopg/cursor.py:117: FeatureNotSupported

The above exception was the direct cause of the following exception:

self = <django.core.management.commands.flush.Command object at 0x7d8c5391e150>
options = {'verbosity': 0, 'settings': None, 'pythonpath': None, 'traceback': False, ...}

        def handle(self, **options):
            database = options["database"]
            connection = connections[database]
            verbosity = options["verbosity"]
            interactive = options["interactive"]
            # The following are stealth options used by Django's internals.
            reset_sequences = options.get("reset_sequences", True)
            allow_cascade = options.get("allow_cascade", False)
            inhibit_post_migrate = options.get("inhibit_post_migrate", False)
    
            self.style = no_style()
    
            # Import the 'management' module within each installed app, to register
            # dispatcher events.
            for app_config in apps.get_app_configs():
                try:
                    import_module(".management", app_config.name)
                except ImportError:
                    pass
    
            sql_list = sql_flush(
                self.style,
                connection,
                reset_sequences=reset_sequences,
                allow_cascade=allow_cascade,
            )
    
            if interactive:
                confirm = input("""You have requested a flush of the database.
    This will IRREVERSIBLY DESTROY all data currently in the "%s" database,
    and return each table to an empty state.
    Are you sure you want to do this?
    
        Type 'yes' to continue, or 'no' to cancel: """ % connection.settings_dict["NAME"])
            else:
                confirm = "yes"
    
            if confirm == "yes":
                try:
>                   connection.ops.execute_sql_flush(sql_list)

.venv/lib/python3.14/site-packages/django/core/management/commands/flush.py:71: 
_ _ _ _ _ _ _ _ _ _ _ _ _ _ _ _ _ _ _ _ _ _ _ _ _ _ _ _ _ _ _ _ _ _ _ _ _ _ _ _ 
.venv/lib/python3.14/site-packages/django/db/backends/base/operations.py:473: in execute_sql_flush
    cursor.execute(sql)
.venv/lib/python3.14/site-packages/django/db/backends/utils.py:79: in execute
    return self._execute_with_wrappers(
.venv/lib/python3.14/site-packages/django/db/backends/utils.py:92: in _execute_with_wrappers
    return executor(sql, params, many, context)
           ^^^^^^^^^^^^^^^^^^^^^^^^^^^^^^^^^^^^
.venv/lib/python3.14/site-packages/django/db/backends/utils.py:100: in _execute
    with self.db.wrap_database_errors:
         ^^^^^^^^^^^^^^^^^^^^^^^^^^^^
.venv/lib/python3.14/site-packages/django/db/utils.py:91: in __exit__
    raise dj_exc_value.with_traceback(traceback) from exc_value
.venv/lib/python3.14/site-packages/django/db/backends/utils.py:103: in _execute
    return self.cursor.execute(sql)
           ^^^^^^^^^^^^^^^^^^^^^^^^
_ _ _ _ _ _ _ _ _ _ _ _ _ _ _ _ _ _ _ _ _ _ _ _ _ _ _ _ _ _ _ _ _ _ _ _ _ _ _ _ 

self = <django.db.backends.postgresql.base.Cursor [closed] [IDLE] (host=qualification-db user=postgres database=test_qualification) at 0x7d8c52781a90>
query = 'TRUNCATE "auth_group_permissions", "core_known_entities", "core_health_controls", "billing_stripewebhookevent", "acco...zationmember", "report_artifacts", "integrations_providerconnection", "integrations_providerevent", "catalog_product";'
params = None, prepare = None, binary = None

    def execute(
        self,
        query: Query,
        params: Params | None = None,
        *,
        prepare: bool | None = None,
        binary: bool | None = None,
    ) -> Self:
        """
        Execute a query or command to the database.
        """
        try:
            with self._conn.lock:
                self._conn.wait(
                    self._execute_gen(query, params, prepare=prepare, binary=binary)
                )
        except e._NO_TRACEBACK as ex:
>           raise ex.with_traceback(None)
E           django.db.utils.NotSupportedError: cannot truncate a table referenced in a foreign key constraint
E           DETAIL:  Table "billing_admission_receipt" references "billing_paid_coverage".
E           HINT:  Truncate table "billing_admission_receipt" at the same time, or use TRUNCATE ... CASCADE.

.venv/lib/python3.14/site-packages/psycopg/cursor.py:117: NotSupportedError

The above exception was the direct cause of the following exception:

request = <SubRequest '_django_db_helper' for <Function test_revision_cas_rejects_aliases_and_stale_state[2]>>
django_db_setup = None
django_db_blocker = <pytest_django.plugin.DjangoDbBlocker object at 0x7d8c58045010>

    @pytest.fixture
    def _django_db_helper(
        request: pytest.FixtureRequest,
        django_db_setup: None,  # noqa: ARG001
        django_db_blocker: DjangoDbBlocker,
    ) -> Generator[None]:
        if is_django_unittest(request):
            yield
            return
    
        from django import VERSION
    
        marker = request.node.get_closest_marker("django_db")
        if marker:
            (
                transactional,
                reset_sequences,
                databases,
                serialized_rollback,
                available_apps,
            ) = validate_django_db(marker)
        else:
            (
                transactional,
                reset_sequences,
                databases,
                serialized_rollback,
                available_apps,
            ) = False, False, None, False, None
    
        transactional = (
            transactional
            or reset_sequences
            or ("transactional_db" in request.fixturenames or "live_server" in request.fixturenames)
        )
        reset_sequences = reset_sequences or ("django_db_reset_sequences" in request.fixturenames)
        serialized_rollback = serialized_rollback or (
            "django_db_serialized_rollback" in request.fixturenames
        )
    
        with django_db_blocker.unblock():
            import django.db
            import django.test
    
            if transactional:
                test_case_class = django.test.TransactionTestCase
            else:
                test_case_class = django.test.TestCase
    
            _reset_sequences = reset_sequences
            _serialized_rollback = serialized_rollback
            _databases = databases
            _available_apps = available_apps
    
            class PytestDjangoTestCase(test_case_class):  # type: ignore[misc,valid-type]
                reset_sequences = _reset_sequences
                serialized_rollback = _serialized_rollback
                if _databases is not None:
                    databases = _databases
                if _available_apps is not None:
                    available_apps = _available_apps
    
                # For non-transactional tests, skip executing `django.test.TestCase`'s
                # `setUpClass`/`tearDownClass`, only execute the super class ones.
                #
                # `TestCase`'s class setup manages the `setUpTestData`/class-level
                # transaction functionality. We don't use it; instead we (will) offer
                # our own alternatives. So it only adds overhead, and does some things
                # which conflict with our (planned) functionality, particularly, it
                # closes all database connections in `tearDownClass` which inhibits
                # wrapping tests in higher-scoped transactions.
                #
                # It's possible a new version of Django will add some unrelated
                # functionality to these methods, in which case skipping them completely
                # would not be desirable. Let's cross that bridge when we get there...
                if not transactional:
    
                    @classmethod
                    def setUpClass(cls) -> None:
                        super(django.test.TestCase, cls).setUpClass()
    
                    @classmethod
                    def tearDownClass(cls) -> None:
                        super(django.test.TestCase, cls).tearDownClass()
    
            PytestDjangoTestCase.setUpClass()
    
            test_case = PytestDjangoTestCase(methodName="__init__")
            if VERSION >= (6, 0):
                pre_setup_ran_eagerly = PytestDjangoTestCase._pre_setup_ran_eagerly
            else:
                pre_setup_ran_eagerly = getattr(PytestDjangoTestCase, "_pre_setup_ran_eagerly", False)
            if not pre_setup_ran_eagerly:
                # For a TransactionTestCase, setUpClass() has already run _pre_setup() and set
                # this flag to say so.
                test_case._pre_setup()
    
            yield
    
>           test_case._post_teardown()

.venv/lib/python3.14/site-packages/pytest_django/fixtures.py:305: 
_ _ _ _ _ _ _ _ _ _ _ _ _ _ _ _ _ _ _ _ _ _ _ _ _ _ _ _ _ _ _ _ _ _ _ _ _ _ _ _ 
.venv/lib/python3.14/site-packages/django/test/testcases.py:1231: in _post_teardown
    self._fixture_teardown()
.venv/lib/python3.14/site-packages/django/test/testcases.py:1266: in _fixture_teardown
    call_command(
.venv/lib/python3.14/site-packages/django/core/management/__init__.py:194: in call_command
    return command.execute(*args, **defaults)
           ^^^^^^^^^^^^^^^^^^^^^^^^^^^^^^^^^^
.venv/lib/python3.14/site-packages/django/core/management/base.py:464: in execute
    output = self.handle(*args, **options)
             ^^^^^^^^^^^^^^^^^^^^^^^^^^^^^
_ _ _ _ _ _ _ _ _ _ _ _ _ _ _ _ _ _ _ _ _ _ _ _ _ _ _ _ _ _ _ _ _ _ _ _ _ _ _ _ 

self = <django.core.management.commands.flush.Command object at 0x7d8c5391e150>
options = {'verbosity': 0, 'settings': None, 'pythonpath': None, 'traceback': False, ...}

        def handle(self, **options):
            database = options["database"]
            connection = connections[database]
            verbosity = options["verbosity"]
            interactive = options["interactive"]
            # The following are stealth options used by Django's internals.
            reset_sequences = options.get("reset_sequences", True)
            allow_cascade = options.get("allow_cascade", False)
            inhibit_post_migrate = options.get("inhibit_post_migrate", False)
    
            self.style = no_style()
    
            # Import the 'management' module within each installed app, to register
            # dispatcher events.
            for app_config in apps.get_app_configs():
                try:
                    import_module(".management", app_config.name)
                except ImportError:
                    pass
    
            sql_list = sql_flush(
                self.style,
                connection,
                reset_sequences=reset_sequences,
                allow_cascade=allow_cascade,
            )
    
            if interactive:
                confirm = input("""You have requested a flush of the database.
    This will IRREVERSIBLY DESTROY all data currently in the "%s" database,
    and return each table to an empty state.
    Are you sure you want to do this?
    
        Type 'yes' to continue, or 'no' to cancel: """ % connection.settings_dict["NAME"])
            else:
                confirm = "yes"
    
            if confirm == "yes":
                try:
                    connection.ops.execute_sql_flush(sql_list)
                except Exception as exc:
>                   raise CommandError(
                        "Database %s couldn't be flushed. Possible reasons:\n"
                        "  * The database isn't running or isn't configured correctly.\n"
                        "  * At least one of the expected database tables doesn't exist.\n"
                        "  * The SQL was invalid.\n"
                        "Hint: Look at the output of 'django-admin sqlflush'. "
                        "That's the SQL this command wasn't able to run."
                        % (connection.settings_dict["NAME"],)
                    ) from exc
E                   django.core.management.base.CommandError: Database test_qualification couldn't be flushed. Possible reasons:
E                     * The database isn't running or isn't configured correctly.
E                     * At least one of the expected database tables doesn't exist.
E                     * The SQL was invalid.
E                   Hint: Look at the output of 'django-admin sqlflush'. That's the SQL this command wasn't able to run.

.venv/lib/python3.14/site-packages/django/core/management/commands/flush.py:73: CommandError
____ ERROR at setup of test_revision_cas_rejects_aliases_and_stale_state[3] ____

self = <django.db.backends.utils.CursorWrapper object at 0x7d8c5250e930>
sql = 'INSERT INTO "accounts_user" ("password", "last_login", "is_superuser", "id", "email", "first_name", "last_name", "is_staff", "is_active", "date_joined") VALUES (%s, %s, %s, %s, %s, %s, %s, %s, %s, %s)'
params = ('!gXtUvZlFL3GmKBjzDezTyMZG56hUbBYzGCwk82QR', None, False, UUID('ffae24ba-92ef-4d7e-a191-612810909e87'), 'reports@example.com', '', ...)
ignored_wrapper_args = (False, {'connection': <DatabaseWrapper vendor='postgresql' alias='default'>, 'cursor': <django.db.backends.utils.CursorWrapper object at 0x7d8c5250e930>})

    def _execute(self, sql, params, *ignored_wrapper_args):
        # Raise a warning during app initialization (stored_app_configs is only
        # ever set during testing).
        if not apps.ready and not apps.stored_app_configs:
            warnings.warn(self.APPS_NOT_READY_WARNING_MSG, category=RuntimeWarning)
        self.db.validate_no_broken_transaction()
        with self.db.wrap_database_errors:
            if params is None:
                # params default might be backend specific.
                return self.cursor.execute(sql)
            else:
>               return self.cursor.execute(sql, params)
                       ^^^^^^^^^^^^^^^^^^^^^^^^^^^^^^^^

.venv/lib/python3.14/site-packages/django/db/backends/utils.py:105: 
_ _ _ _ _ _ _ _ _ _ _ _ _ _ _ _ _ _ _ _ _ _ _ _ _ _ _ _ _ _ _ _ _ _ _ _ _ _ _ _ 

self = <django.db.backends.postgresql.base.Cursor [closed] [IDLE] (host=qualification-db user=postgres database=test_qualification) at 0x7d8c538a10f0>
query = 'INSERT INTO "accounts_user" ("password", "last_login", "is_superuser", "id", "email", "first_name", "last_name", "is_staff", "is_active", "date_joined") VALUES (%s, %s, %s, %s, %s, %s, %s, %s, %s, %s)'
params = ('!gXtUvZlFL3GmKBjzDezTyMZG56hUbBYzGCwk82QR', None, False, UUID('ffae24ba-92ef-4d7e-a191-612810909e87'), 'reports@example.com', '', ...)
prepare = None, binary = None

    def execute(
        self,
        query: Query,
        params: Params | None = None,
        *,
        prepare: bool | None = None,
        binary: bool | None = None,
    ) -> Self:
        """
        Execute a query or command to the database.
        """
        try:
            with self._conn.lock:
                self._conn.wait(
                    self._execute_gen(query, params, prepare=prepare, binary=binary)
                )
        except e._NO_TRACEBACK as ex:
>           raise ex.with_traceback(None)
E           psycopg.errors.UniqueViolation: duplicate key value violates unique constraint "accounts_user_email_key"
E           DETAIL:  Key (email)=(reports@example.com) already exists.

.venv/lib/python3.14/site-packages/psycopg/cursor.py:117: UniqueViolation

The above exception was the direct cause of the following exception:

client = <django.test.client.Client object at 0x7d8c526331b0>

    @pytest.fixture
    def report_context(client):
>       user = get_user_model().objects.create_user("reports@example.com")
               ^^^^^^^^^^^^^^^^^^^^^^^^^^^^^^^^^^^^^^^^^^^^^^^^^^^^^^^^^^^

tests/conftest.py:174: 
_ _ _ _ _ _ _ _ _ _ _ _ _ _ _ _ _ _ _ _ _ _ _ _ _ _ _ _ _ _ _ _ _ _ _ _ _ _ _ _ 
apps/accounts/managers.py:29: in create_user
    user.save(using=self._db)
.venv/lib/python3.14/site-packages/django/contrib/auth/base_user.py:65: in save
    super().save(*args, **kwargs)
.venv/lib/python3.14/site-packages/django/db/models/base.py:902: in save
    self.save_base(
.venv/lib/python3.14/site-packages/django/db/models/base.py:1008: in save_base
    updated = self._save_table(
.venv/lib/python3.14/site-packages/django/db/models/base.py:1169: in _save_table
    results = self._do_insert(
.venv/lib/python3.14/site-packages/django/db/models/base.py:1210: in _do_insert
    return manager._insert(
.venv/lib/python3.14/site-packages/django/db/models/manager.py:87: in manager_method
    return getattr(self.get_queryset(), name)(*args, **kwargs)
           ^^^^^^^^^^^^^^^^^^^^^^^^^^^^^^^^^^^^^^^^^^^^^^^^^^^
.venv/lib/python3.14/site-packages/django/db/models/query.py:1873: in _insert
    return query.get_compiler(using=using).execute_sql(returning_fields)
           ^^^^^^^^^^^^^^^^^^^^^^^^^^^^^^^^^^^^^^^^^^^^^^^^^^^^^^^^^^^^^
.venv/lib/python3.14/site-packages/django/db/models/sql/compiler.py:1882: in execute_sql
    cursor.execute(sql, params)
.venv/lib/python3.14/site-packages/django/db/backends/utils.py:79: in execute
    return self._execute_with_wrappers(
.venv/lib/python3.14/site-packages/django/db/backends/utils.py:92: in _execute_with_wrappers
    return executor(sql, params, many, context)
           ^^^^^^^^^^^^^^^^^^^^^^^^^^^^^^^^^^^^
.venv/lib/python3.14/site-packages/django/db/backends/utils.py:100: in _execute
    with self.db.wrap_database_errors:
         ^^^^^^^^^^^^^^^^^^^^^^^^^^^^
.venv/lib/python3.14/site-packages/django/db/utils.py:91: in __exit__
    raise dj_exc_value.with_traceback(traceback) from exc_value
.venv/lib/python3.14/site-packages/django/db/backends/utils.py:105: in _execute
    return self.cursor.execute(sql, params)
           ^^^^^^^^^^^^^^^^^^^^^^^^^^^^^^^^
_ _ _ _ _ _ _ _ _ _ _ _ _ _ _ _ _ _ _ _ _ _ _ _ _ _ _ _ _ _ _ _ _ _ _ _ _ _ _ _ 

self = <django.db.backends.postgresql.base.Cursor [closed] [IDLE] (host=qualification-db user=postgres database=test_qualification) at 0x7d8c538a10f0>
query = 'INSERT INTO "accounts_user" ("password", "last_login", "is_superuser", "id", "email", "first_name", "last_name", "is_staff", "is_active", "date_joined") VALUES (%s, %s, %s, %s, %s, %s, %s, %s, %s, %s)'
params = ('!gXtUvZlFL3GmKBjzDezTyMZG56hUbBYzGCwk82QR', None, False, UUID('ffae24ba-92ef-4d7e-a191-612810909e87'), 'reports@example.com', '', ...)
prepare = None, binary = None

    def execute(
        self,
        query: Query,
        params: Params | None = None,
        *,
        prepare: bool | None = None,
        binary: bool | None = None,
    ) -> Self:
        """
        Execute a query or command to the database.
        """
        try:
            with self._conn.lock:
                self._conn.wait(
                    self._execute_gen(query, params, prepare=prepare, binary=binary)
                )
        except e._NO_TRACEBACK as ex:
>           raise ex.with_traceback(None)
E           django.db.utils.IntegrityError: duplicate key value violates unique constraint "accounts_user_email_key"
E           DETAIL:  Key (email)=(reports@example.com) already exists.

.venv/lib/python3.14/site-packages/psycopg/cursor.py:117: IntegrityError
__ ERROR at teardown of test_revision_cas_rejects_aliases_and_stale_state[3] ___

self = <django.db.backends.utils.CursorWrapper object at 0x7d8c5250df10>
sql = 'TRUNCATE "auth_group_permissions", "core_known_entities", "core_health_controls", "billing_stripewebhookevent", "acco...zationmember", "report_artifacts", "integrations_providerconnection", "integrations_providerevent", "catalog_product";'
params = None
ignored_wrapper_args = (False, {'connection': <DatabaseWrapper vendor='postgresql' alias='default'>, 'cursor': <django.db.backends.utils.CursorWrapper object at 0x7d8c5250df10>})

    def _execute(self, sql, params, *ignored_wrapper_args):
        # Raise a warning during app initialization (stored_app_configs is only
        # ever set during testing).
        if not apps.ready and not apps.stored_app_configs:
            warnings.warn(self.APPS_NOT_READY_WARNING_MSG, category=RuntimeWarning)
        self.db.validate_no_broken_transaction()
        with self.db.wrap_database_errors:
            if params is None:
                # params default might be backend specific.
>               return self.cursor.execute(sql)
                       ^^^^^^^^^^^^^^^^^^^^^^^^

.venv/lib/python3.14/site-packages/django/db/backends/utils.py:103: 
_ _ _ _ _ _ _ _ _ _ _ _ _ _ _ _ _ _ _ _ _ _ _ _ _ _ _ _ _ _ _ _ _ _ _ _ _ _ _ _ 

self = <django.db.backends.postgresql.base.Cursor [closed] [IDLE] (host=qualification-db user=postgres database=test_qualification) at 0x7d8c52780130>
query = 'TRUNCATE "auth_group_permissions", "core_known_entities", "core_health_controls", "billing_stripewebhookevent", "acco...zationmember", "report_artifacts", "integrations_providerconnection", "integrations_providerevent", "catalog_product";'
params = None, prepare = None, binary = None

    def execute(
        self,
        query: Query,
        params: Params | None = None,
        *,
        prepare: bool | None = None,
        binary: bool | None = None,
    ) -> Self:
        """
        Execute a query or command to the database.
        """
        try:
            with self._conn.lock:
                self._conn.wait(
                    self._execute_gen(query, params, prepare=prepare, binary=binary)
                )
        except e._NO_TRACEBACK as ex:
>           raise ex.with_traceback(None)
E           psycopg.errors.FeatureNotSupported: cannot truncate a table referenced in a foreign key constraint
E           DETAIL:  Table "billing_admission_receipt" references "billing_paid_coverage".
E           HINT:  Truncate table "billing_admission_receipt" at the same time, or use TRUNCATE ... CASCADE.

.venv/lib/python3.14/site-packages/psycopg/cursor.py:117: FeatureNotSupported

The above exception was the direct cause of the following exception:

self = <django.core.management.commands.flush.Command object at 0x7d8c52775020>
options = {'verbosity': 0, 'settings': None, 'pythonpath': None, 'traceback': False, ...}

        def handle(self, **options):
            database = options["database"]
            connection = connections[database]
            verbosity = options["verbosity"]
            interactive = options["interactive"]
            # The following are stealth options used by Django's internals.
            reset_sequences = options.get("reset_sequences", True)
            allow_cascade = options.get("allow_cascade", False)
            inhibit_post_migrate = options.get("inhibit_post_migrate", False)
    
            self.style = no_style()
    
            # Import the 'management' module within each installed app, to register
            # dispatcher events.
            for app_config in apps.get_app_configs():
                try:
                    import_module(".management", app_config.name)
                except ImportError:
                    pass
    
            sql_list = sql_flush(
                self.style,
                connection,
                reset_sequences=reset_sequences,
                allow_cascade=allow_cascade,
            )
    
            if interactive:
                confirm = input("""You have requested a flush of the database.
    This will IRREVERSIBLY DESTROY all data currently in the "%s" database,
    and return each table to an empty state.
    Are you sure you want to do this?
    
        Type 'yes' to continue, or 'no' to cancel: """ % connection.settings_dict["NAME"])
            else:
                confirm = "yes"
    
            if confirm == "yes":
                try:
>                   connection.ops.execute_sql_flush(sql_list)

.venv/lib/python3.14/site-packages/django/core/management/commands/flush.py:71: 
_ _ _ _ _ _ _ _ _ _ _ _ _ _ _ _ _ _ _ _ _ _ _ _ _ _ _ _ _ _ _ _ _ _ _ _ _ _ _ _ 
.venv/lib/python3.14/site-packages/django/db/backends/base/operations.py:473: in execute_sql_flush
    cursor.execute(sql)
.venv/lib/python3.14/site-packages/django/db/backends/utils.py:79: in execute
    return self._execute_with_wrappers(
.venv/lib/python3.14/site-packages/django/db/backends/utils.py:92: in _execute_with_wrappers
    return executor(sql, params, many, context)
           ^^^^^^^^^^^^^^^^^^^^^^^^^^^^^^^^^^^^
.venv/lib/python3.14/site-packages/django/db/backends/utils.py:100: in _execute
    with self.db.wrap_database_errors:
         ^^^^^^^^^^^^^^^^^^^^^^^^^^^^
.venv/lib/python3.14/site-packages/django/db/utils.py:91: in __exit__
    raise dj_exc_value.with_traceback(traceback) from exc_value
.venv/lib/python3.14/site-packages/django/db/backends/utils.py:103: in _execute
    return self.cursor.execute(sql)
           ^^^^^^^^^^^^^^^^^^^^^^^^
_ _ _ _ _ _ _ _ _ _ _ _ _ _ _ _ _ _ _ _ _ _ _ _ _ _ _ _ _ _ _ _ _ _ _ _ _ _ _ _ 

self = <django.db.backends.postgresql.base.Cursor [closed] [IDLE] (host=qualification-db user=postgres database=test_qualification) at 0x7d8c52780130>
query = 'TRUNCATE "auth_group_permissions", "core_known_entities", "core_health_controls", "billing_stripewebhookevent", "acco...zationmember", "report_artifacts", "integrations_providerconnection", "integrations_providerevent", "catalog_product";'
params = None, prepare = None, binary = None

    def execute(
        self,
        query: Query,
        params: Params | None = None,
        *,
        prepare: bool | None = None,
        binary: bool | None = None,
    ) -> Self:
        """
        Execute a query or command to the database.
        """
        try:
            with self._conn.lock:
                self._conn.wait(
                    self._execute_gen(query, params, prepare=prepare, binary=binary)
                )
        except e._NO_TRACEBACK as ex:
>           raise ex.with_traceback(None)
E           django.db.utils.NotSupportedError: cannot truncate a table referenced in a foreign key constraint
E           DETAIL:  Table "billing_admission_receipt" references "billing_paid_coverage".
E           HINT:  Truncate table "billing_admission_receipt" at the same time, or use TRUNCATE ... CASCADE.

.venv/lib/python3.14/site-packages/psycopg/cursor.py:117: NotSupportedError

The above exception was the direct cause of the following exception:

request = <SubRequest '_django_db_helper' for <Function test_revision_cas_rejects_aliases_and_stale_state[3]>>
django_db_setup = None
django_db_blocker = <pytest_django.plugin.DjangoDbBlocker object at 0x7d8c58045010>

    @pytest.fixture
    def _django_db_helper(
        request: pytest.FixtureRequest,
        django_db_setup: None,  # noqa: ARG001
        django_db_blocker: DjangoDbBlocker,
    ) -> Generator[None]:
        if is_django_unittest(request):
            yield
            return
    
        from django import VERSION
    
        marker = request.node.get_closest_marker("django_db")
        if marker:
            (
                transactional,
                reset_sequences,
                databases,
                serialized_rollback,
                available_apps,
            ) = validate_django_db(marker)
        else:
            (
                transactional,
                reset_sequences,
                databases,
                serialized_rollback,
                available_apps,
            ) = False, False, None, False, None
    
        transactional = (
            transactional
            or reset_sequences
            or ("transactional_db" in request.fixturenames or "live_server" in request.fixturenames)
        )
        reset_sequences = reset_sequences or ("django_db_reset_sequences" in request.fixturenames)
        serialized_rollback = serialized_rollback or (
            "django_db_serialized_rollback" in request.fixturenames
        )
    
        with django_db_blocker.unblock():
            import django.db
            import django.test
    
            if transactional:
                test_case_class = django.test.TransactionTestCase
            else:
                test_case_class = django.test.TestCase
    
            _reset_sequences = reset_sequences
            _serialized_rollback = serialized_rollback
            _databases = databases
            _available_apps = available_apps
    
            class PytestDjangoTestCase(test_case_class):  # type: ignore[misc,valid-type]
                reset_sequences = _reset_sequences
                serialized_rollback = _serialized_rollback
                if _databases is not None:
                    databases = _databases
                if _available_apps is not None:
                    available_apps = _available_apps
    
                # For non-transactional tests, skip executing `django.test.TestCase`'s
                # `setUpClass`/`tearDownClass`, only execute the super class ones.
                #
                # `TestCase`'s class setup manages the `setUpTestData`/class-level
                # transaction functionality. We don't use it; instead we (will) offer
                # our own alternatives. So it only adds overhead, and does some things
                # which conflict with our (planned) functionality, particularly, it
                # closes all database connections in `tearDownClass` which inhibits
                # wrapping tests in higher-scoped transactions.
                #
                # It's possible a new version of Django will add some unrelated
                # functionality to these methods, in which case skipping them completely
                # would not be desirable. Let's cross that bridge when we get there...
                if not transactional:
    
                    @classmethod
                    def setUpClass(cls) -> None:
                        super(django.test.TestCase, cls).setUpClass()
    
                    @classmethod
                    def tearDownClass(cls) -> None:
                        super(django.test.TestCase, cls).tearDownClass()
    
            PytestDjangoTestCase.setUpClass()
    
            test_case = PytestDjangoTestCase(methodName="__init__")
            if VERSION >= (6, 0):
                pre_setup_ran_eagerly = PytestDjangoTestCase._pre_setup_ran_eagerly
            else:
                pre_setup_ran_eagerly = getattr(PytestDjangoTestCase, "_pre_setup_ran_eagerly", False)
            if not pre_setup_ran_eagerly:
                # For a TransactionTestCase, setUpClass() has already run _pre_setup() and set
                # this flag to say so.
                test_case._pre_setup()
    
            yield
    
>           test_case._post_teardown()

.venv/lib/python3.14/site-packages/pytest_django/fixtures.py:305: 
_ _ _ _ _ _ _ _ _ _ _ _ _ _ _ _ _ _ _ _ _ _ _ _ _ _ _ _ _ _ _ _ _ _ _ _ _ _ _ _ 
.venv/lib/python3.14/site-packages/django/test/testcases.py:1231: in _post_teardown
    self._fixture_teardown()
.venv/lib/python3.14/site-packages/django/test/testcases.py:1266: in _fixture_teardown
    call_command(
.venv/lib/python3.14/site-packages/django/core/management/__init__.py:194: in call_command
    return command.execute(*args, **defaults)
           ^^^^^^^^^^^^^^^^^^^^^^^^^^^^^^^^^^
.venv/lib/python3.14/site-packages/django/core/management/base.py:464: in execute
    output = self.handle(*args, **options)
             ^^^^^^^^^^^^^^^^^^^^^^^^^^^^^
_ _ _ _ _ _ _ _ _ _ _ _ _ _ _ _ _ _ _ _ _ _ _ _ _ _ _ _ _ _ _ _ _ _ _ _ _ _ _ _ 

self = <django.core.management.commands.flush.Command object at 0x7d8c52775020>
options = {'verbosity': 0, 'settings': None, 'pythonpath': None, 'traceback': False, ...}

        def handle(self, **options):
            database = options["database"]
            connection = connections[database]
            verbosity = options["verbosity"]
            interactive = options["interactive"]
            # The following are stealth options used by Django's internals.
            reset_sequences = options.get("reset_sequences", True)
            allow_cascade = options.get("allow_cascade", False)
            inhibit_post_migrate = options.get("inhibit_post_migrate", False)
    
            self.style = no_style()
    
            # Import the 'management' module within each installed app, to register
            # dispatcher events.
            for app_config in apps.get_app_configs():
                try:
                    import_module(".management", app_config.name)
                except ImportError:
                    pass
    
            sql_list = sql_flush(
                self.style,
                connection,
                reset_sequences=reset_sequences,
                allow_cascade=allow_cascade,
            )
    
            if interactive:
                confirm = input("""You have requested a flush of the database.
    This will IRREVERSIBLY DESTROY all data currently in the "%s" database,
    and return each table to an empty state.
    Are you sure you want to do this?
    
        Type 'yes' to continue, or 'no' to cancel: """ % connection.settings_dict["NAME"])
            else:
                confirm = "yes"
    
            if confirm == "yes":
                try:
                    connection.ops.execute_sql_flush(sql_list)
                except Exception as exc:
>                   raise CommandError(
                        "Database %s couldn't be flushed. Possible reasons:\n"
                        "  * The database isn't running or isn't configured correctly.\n"
                        "  * At least one of the expected database tables doesn't exist.\n"
                        "  * The SQL was invalid.\n"
                        "Hint: Look at the output of 'django-admin sqlflush'. "
                        "That's the SQL this command wasn't able to run."
                        % (connection.settings_dict["NAME"],)
                    ) from exc
E                   django.core.management.base.CommandError: Database test_qualification couldn't be flushed. Possible reasons:
E                     * The database isn't running or isn't configured correctly.
E                     * At least one of the expected database tables doesn't exist.
E                     * The SQL was invalid.
E                   Hint: Look at the output of 'django-admin sqlflush'. That's the SQL this command wasn't able to run.

.venv/lib/python3.14/site-packages/django/core/management/commands/flush.py:73: CommandError
__ ERROR at setup of test_revision_cas_rejects_aliases_and_stale_state[True] ___

self = <django.db.backends.utils.CursorWrapper object at 0x7d8c532d5670>
sql = 'INSERT INTO "accounts_user" ("password", "last_login", "is_superuser", "id", "email", "first_name", "last_name", "is_staff", "is_active", "date_joined") VALUES (%s, %s, %s, %s, %s, %s, %s, %s, %s, %s)'
params = ('!Ffzs8ftOOWuVHKOPYU1kU170b7a4Uclotah65mCm', None, False, UUID('faad5bc9-045a-4c29-8bc1-b618a6dc3931'), 'reports@example.com', '', ...)
ignored_wrapper_args = (False, {'connection': <DatabaseWrapper vendor='postgresql' alias='default'>, 'cursor': <django.db.backends.utils.CursorWrapper object at 0x7d8c532d5670>})

    def _execute(self, sql, params, *ignored_wrapper_args):
        # Raise a warning during app initialization (stored_app_configs is only
        # ever set during testing).
        if not apps.ready and not apps.stored_app_configs:
            warnings.warn(self.APPS_NOT_READY_WARNING_MSG, category=RuntimeWarning)
        self.db.validate_no_broken_transaction()
        with self.db.wrap_database_errors:
            if params is None:
                # params default might be backend specific.
                return self.cursor.execute(sql)
            else:
>               return self.cursor.execute(sql, params)
                       ^^^^^^^^^^^^^^^^^^^^^^^^^^^^^^^^

.venv/lib/python3.14/site-packages/django/db/backends/utils.py:105: 
_ _ _ _ _ _ _ _ _ _ _ _ _ _ _ _ _ _ _ _ _ _ _ _ _ _ _ _ _ _ _ _ _ _ _ _ _ _ _ _ 

self = <django.db.backends.postgresql.base.Cursor [closed] [IDLE] (host=qualification-db user=postgres database=test_qualification) at 0x7d8c538a0830>
query = 'INSERT INTO "accounts_user" ("password", "last_login", "is_superuser", "id", "email", "first_name", "last_name", "is_staff", "is_active", "date_joined") VALUES (%s, %s, %s, %s, %s, %s, %s, %s, %s, %s)'
params = ('!Ffzs8ftOOWuVHKOPYU1kU170b7a4Uclotah65mCm', None, False, UUID('faad5bc9-045a-4c29-8bc1-b618a6dc3931'), 'reports@example.com', '', ...)
prepare = None, binary = None

    def execute(
        self,
        query: Query,
        params: Params | None = None,
        *,
        prepare: bool | None = None,
        binary: bool | None = None,
    ) -> Self:
        """
        Execute a query or command to the database.
        """
        try:
            with self._conn.lock:
                self._conn.wait(
                    self._execute_gen(query, params, prepare=prepare, binary=binary)
                )
        except e._NO_TRACEBACK as ex:
>           raise ex.with_traceback(None)
E           psycopg.errors.UniqueViolation: duplicate key value violates unique constraint "accounts_user_email_key"
E           DETAIL:  Key (email)=(reports@example.com) already exists.

.venv/lib/python3.14/site-packages/psycopg/cursor.py:117: UniqueViolation

The above exception was the direct cause of the following exception:

client = <django.test.client.Client object at 0x7d8c52631db0>

    @pytest.fixture
    def report_context(client):
>       user = get_user_model().objects.create_user("reports@example.com")
               ^^^^^^^^^^^^^^^^^^^^^^^^^^^^^^^^^^^^^^^^^^^^^^^^^^^^^^^^^^^

tests/conftest.py:174: 
_ _ _ _ _ _ _ _ _ _ _ _ _ _ _ _ _ _ _ _ _ _ _ _ _ _ _ _ _ _ _ _ _ _ _ _ _ _ _ _ 
apps/accounts/managers.py:29: in create_user
    user.save(using=self._db)
.venv/lib/python3.14/site-packages/django/contrib/auth/base_user.py:65: in save
    super().save(*args, **kwargs)
.venv/lib/python3.14/site-packages/django/db/models/base.py:902: in save
    self.save_base(
.venv/lib/python3.14/site-packages/django/db/models/base.py:1008: in save_base
    updated = self._save_table(
.venv/lib/python3.14/site-packages/django/db/models/base.py:1169: in _save_table
    results = self._do_insert(
.venv/lib/python3.14/site-packages/django/db/models/base.py:1210: in _do_insert
    return manager._insert(
.venv/lib/python3.14/site-packages/django/db/models/manager.py:87: in manager_method
    return getattr(self.get_queryset(), name)(*args, **kwargs)
           ^^^^^^^^^^^^^^^^^^^^^^^^^^^^^^^^^^^^^^^^^^^^^^^^^^^
.venv/lib/python3.14/site-packages/django/db/models/query.py:1873: in _insert
    return query.get_compiler(using=using).execute_sql(returning_fields)
           ^^^^^^^^^^^^^^^^^^^^^^^^^^^^^^^^^^^^^^^^^^^^^^^^^^^^^^^^^^^^^
.venv/lib/python3.14/site-packages/django/db/models/sql/compiler.py:1882: in execute_sql
    cursor.execute(sql, params)
.venv/lib/python3.14/site-packages/django/db/backends/utils.py:79: in execute
    return self._execute_with_wrappers(
.venv/lib/python3.14/site-packages/django/db/backends/utils.py:92: in _execute_with_wrappers
    return executor(sql, params, many, context)
           ^^^^^^^^^^^^^^^^^^^^^^^^^^^^^^^^^^^^
.venv/lib/python3.14/site-packages/django/db/backends/utils.py:100: in _execute
    with self.db.wrap_database_errors:
         ^^^^^^^^^^^^^^^^^^^^^^^^^^^^
.venv/lib/python3.14/site-packages/django/db/utils.py:91: in __exit__
    raise dj_exc_value.with_traceback(traceback) from exc_value
.venv/lib/python3.14/site-packages/django/db/backends/utils.py:105: in _execute
    return self.cursor.execute(sql, params)
           ^^^^^^^^^^^^^^^^^^^^^^^^^^^^^^^^
_ _ _ _ _ _ _ _ _ _ _ _ _ _ _ _ _ _ _ _ _ _ _ _ _ _ _ _ _ _ _ _ _ _ _ _ _ _ _ _ 

self = <django.db.backends.postgresql.base.Cursor [closed] [IDLE] (host=qualification-db user=postgres database=test_qualification) at 0x7d8c538a0830>
query = 'INSERT INTO "accounts_user" ("password", "last_login", "is_superuser", "id", "email", "first_name", "last_name", "is_staff", "is_active", "date_joined") VALUES (%s, %s, %s, %s, %s, %s, %s, %s, %s, %s)'
params = ('!Ffzs8ftOOWuVHKOPYU1kU170b7a4Uclotah65mCm', None, False, UUID('faad5bc9-045a-4c29-8bc1-b618a6dc3931'), 'reports@example.com', '', ...)
prepare = None, binary = None

    def execute(
        self,
        query: Query,
        params: Params | None = None,
        *,
        prepare: bool | None = None,
        binary: bool | None = None,
    ) -> Self:
        """
        Execute a query or command to the database.
        """
        try:
            with self._conn.lock:
                self._conn.wait(
                    self._execute_gen(query, params, prepare=prepare, binary=binary)
                )
        except e._NO_TRACEBACK as ex:
>           raise ex.with_traceback(None)
E           django.db.utils.IntegrityError: duplicate key value violates unique constraint "accounts_user_email_key"
E           DETAIL:  Key (email)=(reports@example.com) already exists.

.venv/lib/python3.14/site-packages/psycopg/cursor.py:117: IntegrityError
_ ERROR at teardown of test_revision_cas_rejects_aliases_and_stale_state[True] _

self = <django.db.backends.utils.CursorWrapper object at 0x7d8c5250e4b0>
sql = 'TRUNCATE "auth_group_permissions", "core_known_entities", "core_health_controls", "billing_stripewebhookevent", "acco...zationmember", "report_artifacts", "integrations_providerconnection", "integrations_providerevent", "catalog_product";'
params = None
ignored_wrapper_args = (False, {'connection': <DatabaseWrapper vendor='postgresql' alias='default'>, 'cursor': <django.db.backends.utils.CursorWrapper object at 0x7d8c5250e4b0>})

    def _execute(self, sql, params, *ignored_wrapper_args):
        # Raise a warning during app initialization (stored_app_configs is only
        # ever set during testing).
        if not apps.ready and not apps.stored_app_configs:
            warnings.warn(self.APPS_NOT_READY_WARNING_MSG, category=RuntimeWarning)
        self.db.validate_no_broken_transaction()
        with self.db.wrap_database_errors:
            if params is None:
                # params default might be backend specific.
>               return self.cursor.execute(sql)
                       ^^^^^^^^^^^^^^^^^^^^^^^^

.venv/lib/python3.14/site-packages/django/db/backends/utils.py:103: 
_ _ _ _ _ _ _ _ _ _ _ _ _ _ _ _ _ _ _ _ _ _ _ _ _ _ _ _ _ _ _ _ _ _ _ _ _ _ _ _ 

self = <django.db.backends.postgresql.base.Cursor [closed] [IDLE] (host=qualification-db user=postgres database=test_qualification) at 0x7d8c52780910>
query = 'TRUNCATE "auth_group_permissions", "core_known_entities", "core_health_controls", "billing_stripewebhookevent", "acco...zationmember", "report_artifacts", "integrations_providerconnection", "integrations_providerevent", "catalog_product";'
params = None, prepare = None, binary = None

    def execute(
        self,
        query: Query,
        params: Params | None = None,
        *,
        prepare: bool | None = None,
        binary: bool | None = None,
    ) -> Self:
        """
        Execute a query or command to the database.
        """
        try:
            with self._conn.lock:
                self._conn.wait(
                    self._execute_gen(query, params, prepare=prepare, binary=binary)
                )
        except e._NO_TRACEBACK as ex:
>           raise ex.with_traceback(None)
E           psycopg.errors.FeatureNotSupported: cannot truncate a table referenced in a foreign key constraint
E           DETAIL:  Table "billing_admission_receipt" references "billing_paid_coverage".
E           HINT:  Truncate table "billing_admission_receipt" at the same time, or use TRUNCATE ... CASCADE.

.venv/lib/python3.14/site-packages/psycopg/cursor.py:117: FeatureNotSupported

The above exception was the direct cause of the following exception:

self = <django.core.management.commands.flush.Command object at 0x7d8c5342a8e0>
options = {'verbosity': 0, 'settings': None, 'pythonpath': None, 'traceback': False, ...}

        def handle(self, **options):
            database = options["database"]
            connection = connections[database]
            verbosity = options["verbosity"]
            interactive = options["interactive"]
            # The following are stealth options used by Django's internals.
            reset_sequences = options.get("reset_sequences", True)
            allow_cascade = options.get("allow_cascade", False)
            inhibit_post_migrate = options.get("inhibit_post_migrate", False)
    
            self.style = no_style()
    
            # Import the 'management' module within each installed app, to register
            # dispatcher events.
            for app_config in apps.get_app_configs():
                try:
                    import_module(".management", app_config.name)
                except ImportError:
                    pass
    
            sql_list = sql_flush(
                self.style,
                connection,
                reset_sequences=reset_sequences,
                allow_cascade=allow_cascade,
            )
    
            if interactive:
                confirm = input("""You have requested a flush of the database.
    This will IRREVERSIBLY DESTROY all data currently in the "%s" database,
    and return each table to an empty state.
    Are you sure you want to do this?
    
        Type 'yes' to continue, or 'no' to cancel: """ % connection.settings_dict["NAME"])
            else:
                confirm = "yes"
    
            if confirm == "yes":
                try:
>                   connection.ops.execute_sql_flush(sql_list)

.venv/lib/python3.14/site-packages/django/core/management/commands/flush.py:71: 
_ _ _ _ _ _ _ _ _ _ _ _ _ _ _ _ _ _ _ _ _ _ _ _ _ _ _ _ _ _ _ _ _ _ _ _ _ _ _ _ 
.venv/lib/python3.14/site-packages/django/db/backends/base/operations.py:473: in execute_sql_flush
    cursor.execute(sql)
.venv/lib/python3.14/site-packages/django/db/backends/utils.py:79: in execute
    return self._execute_with_wrappers(
.venv/lib/python3.14/site-packages/django/db/backends/utils.py:92: in _execute_with_wrappers
    return executor(sql, params, many, context)
           ^^^^^^^^^^^^^^^^^^^^^^^^^^^^^^^^^^^^
.venv/lib/python3.14/site-packages/django/db/backends/utils.py:100: in _execute
    with self.db.wrap_database_errors:
         ^^^^^^^^^^^^^^^^^^^^^^^^^^^^
.venv/lib/python3.14/site-packages/django/db/utils.py:91: in __exit__
    raise dj_exc_value.with_traceback(traceback) from exc_value
.venv/lib/python3.14/site-packages/django/db/backends/utils.py:103: in _execute
    return self.cursor.execute(sql)
           ^^^^^^^^^^^^^^^^^^^^^^^^
_ _ _ _ _ _ _ _ _ _ _ _ _ _ _ _ _ _ _ _ _ _ _ _ _ _ _ _ _ _ _ _ _ _ _ _ _ _ _ _ 

self = <django.db.backends.postgresql.base.Cursor [closed] [IDLE] (host=qualification-db user=postgres database=test_qualification) at 0x7d8c52780910>
query = 'TRUNCATE "auth_group_permissions", "core_known_entities", "core_health_controls", "billing_stripewebhookevent", "acco...zationmember", "report_artifacts", "integrations_providerconnection", "integrations_providerevent", "catalog_product";'
params = None, prepare = None, binary = None

    def execute(
        self,
        query: Query,
        params: Params | None = None,
        *,
        prepare: bool | None = None,
        binary: bool | None = None,
    ) -> Self:
        """
        Execute a query or command to the database.
        """
        try:
            with self._conn.lock:
                self._conn.wait(
                    self._execute_gen(query, params, prepare=prepare, binary=binary)
                )
        except e._NO_TRACEBACK as ex:
>           raise ex.with_traceback(None)
E           django.db.utils.NotSupportedError: cannot truncate a table referenced in a foreign key constraint
E           DETAIL:  Table "billing_admission_receipt" references "billing_paid_coverage".
E           HINT:  Truncate table "billing_admission_receipt" at the same time, or use TRUNCATE ... CASCADE.

.venv/lib/python3.14/site-packages/psycopg/cursor.py:117: NotSupportedError

The above exception was the direct cause of the following exception:

request = <SubRequest '_django_db_helper' for <Function test_revision_cas_rejects_aliases_and_stale_state[True]>>
django_db_setup = None
django_db_blocker = <pytest_django.plugin.DjangoDbBlocker object at 0x7d8c58045010>

    @pytest.fixture
    def _django_db_helper(
        request: pytest.FixtureRequest,
        django_db_setup: None,  # noqa: ARG001
        django_db_blocker: DjangoDbBlocker,
    ) -> Generator[None]:
        if is_django_unittest(request):
            yield
            return
    
        from django import VERSION
    
        marker = request.node.get_closest_marker("django_db")
        if marker:
            (
                transactional,
                reset_sequences,
                databases,
                serialized_rollback,
                available_apps,
            ) = validate_django_db(marker)
        else:
            (
                transactional,
                reset_sequences,
                databases,
                serialized_rollback,
                available_apps,
            ) = False, False, None, False, None
    
        transactional = (
            transactional
            or reset_sequences
            or ("transactional_db" in request.fixturenames or "live_server" in request.fixturenames)
        )
        reset_sequences = reset_sequences or ("django_db_reset_sequences" in request.fixturenames)
        serialized_rollback = serialized_rollback or (
            "django_db_serialized_rollback" in request.fixturenames
        )
    
        with django_db_blocker.unblock():
            import django.db
            import django.test
    
            if transactional:
                test_case_class = django.test.TransactionTestCase
            else:
                test_case_class = django.test.TestCase
    
            _reset_sequences = reset_sequences
            _serialized_rollback = serialized_rollback
            _databases = databases
            _available_apps = available_apps
    
            class PytestDjangoTestCase(test_case_class):  # type: ignore[misc,valid-type]
                reset_sequences = _reset_sequences
                serialized_rollback = _serialized_rollback
                if _databases is not None:
                    databases = _databases
                if _available_apps is not None:
                    available_apps = _available_apps
    
                # For non-transactional tests, skip executing `django.test.TestCase`'s
                # `setUpClass`/`tearDownClass`, only execute the super class ones.
                #
                # `TestCase`'s class setup manages the `setUpTestData`/class-level
                # transaction functionality. We don't use it; instead we (will) offer
                # our own alternatives. So it only adds overhead, and does some things
                # which conflict with our (planned) functionality, particularly, it
                # closes all database connections in `tearDownClass` which inhibits
                # wrapping tests in higher-scoped transactions.
                #
                # It's possible a new version of Django will add some unrelated
                # functionality to these methods, in which case skipping them completely
                # would not be desirable. Let's cross that bridge when we get there...
                if not transactional:
    
                    @classmethod
                    def setUpClass(cls) -> None:
                        super(django.test.TestCase, cls).setUpClass()
    
                    @classmethod
                    def tearDownClass(cls) -> None:
                        super(django.test.TestCase, cls).tearDownClass()
    
            PytestDjangoTestCase.setUpClass()
    
            test_case = PytestDjangoTestCase(methodName="__init__")
            if VERSION >= (6, 0):
                pre_setup_ran_eagerly = PytestDjangoTestCase._pre_setup_ran_eagerly
            else:
                pre_setup_ran_eagerly = getattr(PytestDjangoTestCase, "_pre_setup_ran_eagerly", False)
            if not pre_setup_ran_eagerly:
                # For a TransactionTestCase, setUpClass() has already run _pre_setup() and set
                # this flag to say so.
                test_case._pre_setup()
    
            yield
    
>           test_case._post_teardown()

.venv/lib/python3.14/site-packages/pytest_django/fixtures.py:305: 
_ _ _ _ _ _ _ _ _ _ _ _ _ _ _ _ _ _ _ _ _ _ _ _ _ _ _ _ _ _ _ _ _ _ _ _ _ _ _ _ 
.venv/lib/python3.14/site-packages/django/test/testcases.py:1231: in _post_teardown
    self._fixture_teardown()
.venv/lib/python3.14/site-packages/django/test/testcases.py:1266: in _fixture_teardown
    call_command(
.venv/lib/python3.14/site-packages/django/core/management/__init__.py:194: in call_command
    return command.execute(*args, **defaults)
           ^^^^^^^^^^^^^^^^^^^^^^^^^^^^^^^^^^
.venv/lib/python3.14/site-packages/django/core/management/base.py:464: in execute
    output = self.handle(*args, **options)
             ^^^^^^^^^^^^^^^^^^^^^^^^^^^^^
_ _ _ _ _ _ _ _ _ _ _ _ _ _ _ _ _ _ _ _ _ _ _ _ _ _ _ _ _ _ _ _ _ _ _ _ _ _ _ _ 

self = <django.core.management.commands.flush.Command object at 0x7d8c5342a8e0>
options = {'verbosity': 0, 'settings': None, 'pythonpath': None, 'traceback': False, ...}

        def handle(self, **options):
            database = options["database"]
            connection = connections[database]
            verbosity = options["verbosity"]
            interactive = options["interactive"]
            # The following are stealth options used by Django's internals.
            reset_sequences = options.get("reset_sequences", True)
            allow_cascade = options.get("allow_cascade", False)
            inhibit_post_migrate = options.get("inhibit_post_migrate", False)
    
            self.style = no_style()
    
            # Import the 'management' module within each installed app, to register
            # dispatcher events.
            for app_config in apps.get_app_configs():
                try:
                    import_module(".management", app_config.name)
                except ImportError:
                    pass
    
            sql_list = sql_flush(
                self.style,
                connection,
                reset_sequences=reset_sequences,
                allow_cascade=allow_cascade,
            )
    
            if interactive:
                confirm = input("""You have requested a flush of the database.
    This will IRREVERSIBLY DESTROY all data currently in the "%s" database,
    and return each table to an empty state.
    Are you sure you want to do this?
    
        Type 'yes' to continue, or 'no' to cancel: """ % connection.settings_dict["NAME"])
            else:
                confirm = "yes"
    
            if confirm == "yes":
                try:
                    connection.ops.execute_sql_flush(sql_list)
                except Exception as exc:
>                   raise CommandError(
                        "Database %s couldn't be flushed. Possible reasons:\n"
                        "  * The database isn't running or isn't configured correctly.\n"
                        "  * At least one of the expected database tables doesn't exist.\n"
                        "  * The SQL was invalid.\n"
                        "Hint: Look at the output of 'django-admin sqlflush'. "
                        "That's the SQL this command wasn't able to run."
                        % (connection.settings_dict["NAME"],)
                    ) from exc
E                   django.core.management.base.CommandError: Database test_qualification couldn't be flushed. Possible reasons:
E                     * The database isn't running or isn't configured correctly.
E                     * At least one of the expected database tables doesn't exist.
E                     * The SQL was invalid.
E                   Hint: Look at the output of 'django-admin sqlflush'. That's the SQL this command wasn't able to run.

.venv/lib/python3.14/site-packages/django/core/management/commands/flush.py:73: CommandError
____ ERROR at setup of test_revision_cas_rejects_aliases_and_stale_state[1] ____

self = <django.db.backends.utils.CursorWrapper object at 0x7d8c526cd370>
sql = 'INSERT INTO "accounts_user" ("password", "last_login", "is_superuser", "id", "email", "first_name", "last_name", "is_staff", "is_active", "date_joined") VALUES (%s, %s, %s, %s, %s, %s, %s, %s, %s, %s)'
params = ('!GKHuLdsGLgJIKWmeyp05BIrcWoJZa9LVMcK5HLy0', None, False, UUID('e2c2b60e-eaa8-4b95-b894-23ed3f80999b'), 'reports@example.com', '', ...)
ignored_wrapper_args = (False, {'connection': <DatabaseWrapper vendor='postgresql' alias='default'>, 'cursor': <django.db.backends.utils.CursorWrapper object at 0x7d8c526cd370>})

    def _execute(self, sql, params, *ignored_wrapper_args):
        # Raise a warning during app initialization (stored_app_configs is only
        # ever set during testing).
        if not apps.ready and not apps.stored_app_configs:
            warnings.warn(self.APPS_NOT_READY_WARNING_MSG, category=RuntimeWarning)
        self.db.validate_no_broken_transaction()
        with self.db.wrap_database_errors:
            if params is None:
                # params default might be backend specific.
                return self.cursor.execute(sql)
            else:
>               return self.cursor.execute(sql, params)
                       ^^^^^^^^^^^^^^^^^^^^^^^^^^^^^^^^

.venv/lib/python3.14/site-packages/django/db/backends/utils.py:105: 
_ _ _ _ _ _ _ _ _ _ _ _ _ _ _ _ _ _ _ _ _ _ _ _ _ _ _ _ _ _ _ _ _ _ _ _ _ _ _ _ 

self = <django.db.backends.postgresql.base.Cursor [closed] [IDLE] (host=qualification-db user=postgres database=test_qualification) at 0x7d8c538a1a90>
query = 'INSERT INTO "accounts_user" ("password", "last_login", "is_superuser", "id", "email", "first_name", "last_name", "is_staff", "is_active", "date_joined") VALUES (%s, %s, %s, %s, %s, %s, %s, %s, %s, %s)'
params = ('!GKHuLdsGLgJIKWmeyp05BIrcWoJZa9LVMcK5HLy0', None, False, UUID('e2c2b60e-eaa8-4b95-b894-23ed3f80999b'), 'reports@example.com', '', ...)
prepare = None, binary = None

    def execute(
        self,
        query: Query,
        params: Params | None = None,
        *,
        prepare: bool | None = None,
        binary: bool | None = None,
    ) -> Self:
        """
        Execute a query or command to the database.
        """
        try:
            with self._conn.lock:
                self._conn.wait(
                    self._execute_gen(query, params, prepare=prepare, binary=binary)
                )
        except e._NO_TRACEBACK as ex:
>           raise ex.with_traceback(None)
E           psycopg.errors.UniqueViolation: duplicate key value violates unique constraint "accounts_user_email_key"
E           DETAIL:  Key (email)=(reports@example.com) already exists.

.venv/lib/python3.14/site-packages/psycopg/cursor.py:117: UniqueViolation

The above exception was the direct cause of the following exception:

client = <django.test.client.Client object at 0x7d8c53551e50>

    @pytest.fixture
    def report_context(client):
>       user = get_user_model().objects.create_user("reports@example.com")
               ^^^^^^^^^^^^^^^^^^^^^^^^^^^^^^^^^^^^^^^^^^^^^^^^^^^^^^^^^^^

tests/conftest.py:174: 
_ _ _ _ _ _ _ _ _ _ _ _ _ _ _ _ _ _ _ _ _ _ _ _ _ _ _ _ _ _ _ _ _ _ _ _ _ _ _ _ 
apps/accounts/managers.py:29: in create_user
    user.save(using=self._db)
.venv/lib/python3.14/site-packages/django/contrib/auth/base_user.py:65: in save
    super().save(*args, **kwargs)
.venv/lib/python3.14/site-packages/django/db/models/base.py:902: in save
    self.save_base(
.venv/lib/python3.14/site-packages/django/db/models/base.py:1008: in save_base
    updated = self._save_table(
.venv/lib/python3.14/site-packages/django/db/models/base.py:1169: in _save_table
    results = self._do_insert(
.venv/lib/python3.14/site-packages/django/db/models/base.py:1210: in _do_insert
    return manager._insert(
.venv/lib/python3.14/site-packages/django/db/models/manager.py:87: in manager_method
    return getattr(self.get_queryset(), name)(*args, **kwargs)
           ^^^^^^^^^^^^^^^^^^^^^^^^^^^^^^^^^^^^^^^^^^^^^^^^^^^
.venv/lib/python3.14/site-packages/django/db/models/query.py:1873: in _insert
    return query.get_compiler(using=using).execute_sql(returning_fields)
           ^^^^^^^^^^^^^^^^^^^^^^^^^^^^^^^^^^^^^^^^^^^^^^^^^^^^^^^^^^^^^
.venv/lib/python3.14/site-packages/django/db/models/sql/compiler.py:1882: in execute_sql
    cursor.execute(sql, params)
.venv/lib/python3.14/site-packages/django/db/backends/utils.py:79: in execute
    return self._execute_with_wrappers(
.venv/lib/python3.14/site-packages/django/db/backends/utils.py:92: in _execute_with_wrappers
    return executor(sql, params, many, context)
           ^^^^^^^^^^^^^^^^^^^^^^^^^^^^^^^^^^^^
.venv/lib/python3.14/site-packages/django/db/backends/utils.py:100: in _execute
    with self.db.wrap_database_errors:
         ^^^^^^^^^^^^^^^^^^^^^^^^^^^^
.venv/lib/python3.14/site-packages/django/db/utils.py:91: in __exit__
    raise dj_exc_value.with_traceback(traceback) from exc_value
.venv/lib/python3.14/site-packages/django/db/backends/utils.py:105: in _execute
    return self.cursor.execute(sql, params)
           ^^^^^^^^^^^^^^^^^^^^^^^^^^^^^^^^
_ _ _ _ _ _ _ _ _ _ _ _ _ _ _ _ _ _ _ _ _ _ _ _ _ _ _ _ _ _ _ _ _ _ _ _ _ _ _ _ 

self = <django.db.backends.postgresql.base.Cursor [closed] [IDLE] (host=qualification-db user=postgres database=test_qualification) at 0x7d8c538a1a90>
query = 'INSERT INTO "accounts_user" ("password", "last_login", "is_superuser", "id", "email", "first_name", "last_name", "is_staff", "is_active", "date_joined") VALUES (%s, %s, %s, %s, %s, %s, %s, %s, %s, %s)'
params = ('!GKHuLdsGLgJIKWmeyp05BIrcWoJZa9LVMcK5HLy0', None, False, UUID('e2c2b60e-eaa8-4b95-b894-23ed3f80999b'), 'reports@example.com', '', ...)
prepare = None, binary = None

    def execute(
        self,
        query: Query,
        params: Params | None = None,
        *,
        prepare: bool | None = None,
        binary: bool | None = None,
    ) -> Self:
        """
        Execute a query or command to the database.
        """
        try:
            with self._conn.lock:
                self._conn.wait(
                    self._execute_gen(query, params, prepare=prepare, binary=binary)
                )
        except e._NO_TRACEBACK as ex:
>           raise ex.with_traceback(None)
E           django.db.utils.IntegrityError: duplicate key value violates unique constraint "accounts_user_email_key"
E           DETAIL:  Key (email)=(reports@example.com) already exists.

.venv/lib/python3.14/site-packages/psycopg/cursor.py:117: IntegrityError
__ ERROR at teardown of test_revision_cas_rejects_aliases_and_stale_state[1] ___

self = <django.db.backends.utils.CursorWrapper object at 0x7d8c53549010>
sql = 'TRUNCATE "auth_group_permissions", "core_known_entities", "core_health_controls", "billing_stripewebhookevent", "acco...zationmember", "report_artifacts", "integrations_providerconnection", "integrations_providerevent", "catalog_product";'
params = None
ignored_wrapper_args = (False, {'connection': <DatabaseWrapper vendor='postgresql' alias='default'>, 'cursor': <django.db.backends.utils.CursorWrapper object at 0x7d8c53549010>})

    def _execute(self, sql, params, *ignored_wrapper_args):
        # Raise a warning during app initialization (stored_app_configs is only
        # ever set during testing).
        if not apps.ready and not apps.stored_app_configs:
            warnings.warn(self.APPS_NOT_READY_WARNING_MSG, category=RuntimeWarning)
        self.db.validate_no_broken_transaction()
        with self.db.wrap_database_errors:
            if params is None:
                # params default might be backend specific.
>               return self.cursor.execute(sql)
                       ^^^^^^^^^^^^^^^^^^^^^^^^

.venv/lib/python3.14/site-packages/django/db/backends/utils.py:103: 
_ _ _ _ _ _ _ _ _ _ _ _ _ _ _ _ _ _ _ _ _ _ _ _ _ _ _ _ _ _ _ _ _ _ _ _ _ _ _ _ 

self = <django.db.backends.postgresql.base.Cursor [closed] [IDLE] (host=qualification-db user=postgres database=test_qualification) at 0x7d8c538ba970>
query = 'TRUNCATE "auth_group_permissions", "core_known_entities", "core_health_controls", "billing_stripewebhookevent", "acco...zationmember", "report_artifacts", "integrations_providerconnection", "integrations_providerevent", "catalog_product";'
params = None, prepare = None, binary = None

    def execute(
        self,
        query: Query,
        params: Params | None = None,
        *,
        prepare: bool | None = None,
        binary: bool | None = None,
    ) -> Self:
        """
        Execute a query or command to the database.
        """
        try:
            with self._conn.lock:
                self._conn.wait(
                    self._execute_gen(query, params, prepare=prepare, binary=binary)
                )
        except e._NO_TRACEBACK as ex:
>           raise ex.with_traceback(None)
E           psycopg.errors.FeatureNotSupported: cannot truncate a table referenced in a foreign key constraint
E           DETAIL:  Table "billing_admission_receipt" references "billing_paid_coverage".
E           HINT:  Truncate table "billing_admission_receipt" at the same time, or use TRUNCATE ... CASCADE.

.venv/lib/python3.14/site-packages/psycopg/cursor.py:117: FeatureNotSupported

The above exception was the direct cause of the following exception:

self = <django.core.management.commands.flush.Command object at 0x7d8c52632490>
options = {'verbosity': 0, 'settings': None, 'pythonpath': None, 'traceback': False, ...}

        def handle(self, **options):
            database = options["database"]
            connection = connections[database]
            verbosity = options["verbosity"]
            interactive = options["interactive"]
            # The following are stealth options used by Django's internals.
            reset_sequences = options.get("reset_sequences", True)
            allow_cascade = options.get("allow_cascade", False)
            inhibit_post_migrate = options.get("inhibit_post_migrate", False)
    
            self.style = no_style()
    
            # Import the 'management' module within each installed app, to register
            # dispatcher events.
            for app_config in apps.get_app_configs():
                try:
                    import_module(".management", app_config.name)
                except ImportError:
                    pass
    
            sql_list = sql_flush(
                self.style,
                connection,
                reset_sequences=reset_sequences,
                allow_cascade=allow_cascade,
            )
    
            if interactive:
                confirm = input("""You have requested a flush of the database.
    This will IRREVERSIBLY DESTROY all data currently in the "%s" database,
    and return each table to an empty state.
    Are you sure you want to do this?
    
        Type 'yes' to continue, or 'no' to cancel: """ % connection.settings_dict["NAME"])
            else:
                confirm = "yes"
    
            if confirm == "yes":
                try:
>                   connection.ops.execute_sql_flush(sql_list)

.venv/lib/python3.14/site-packages/django/core/management/commands/flush.py:71: 
_ _ _ _ _ _ _ _ _ _ _ _ _ _ _ _ _ _ _ _ _ _ _ _ _ _ _ _ _ _ _ _ _ _ _ _ _ _ _ _ 
.venv/lib/python3.14/site-packages/django/db/backends/base/operations.py:473: in execute_sql_flush
    cursor.execute(sql)
.venv/lib/python3.14/site-packages/django/db/backends/utils.py:79: in execute
    return self._execute_with_wrappers(
.venv/lib/python3.14/site-packages/django/db/backends/utils.py:92: in _execute_with_wrappers
    return executor(sql, params, many, context)
           ^^^^^^^^^^^^^^^^^^^^^^^^^^^^^^^^^^^^
.venv/lib/python3.14/site-packages/django/db/backends/utils.py:100: in _execute
    with self.db.wrap_database_errors:
         ^^^^^^^^^^^^^^^^^^^^^^^^^^^^
.venv/lib/python3.14/site-packages/django/db/utils.py:91: in __exit__
    raise dj_exc_value.with_traceback(traceback) from exc_value
.venv/lib/python3.14/site-packages/django/db/backends/utils.py:103: in _execute
    return self.cursor.execute(sql)
           ^^^^^^^^^^^^^^^^^^^^^^^^
_ _ _ _ _ _ _ _ _ _ _ _ _ _ _ _ _ _ _ _ _ _ _ _ _ _ _ _ _ _ _ _ _ _ _ _ _ _ _ _ 

self = <django.db.backends.postgresql.base.Cursor [closed] [IDLE] (host=qualification-db user=postgres database=test_qualification) at 0x7d8c538ba970>
query = 'TRUNCATE "auth_group_permissions", "core_known_entities", "core_health_controls", "billing_stripewebhookevent", "acco...zationmember", "report_artifacts", "integrations_providerconnection", "integrations_providerevent", "catalog_product";'
params = None, prepare = None, binary = None

    def execute(
        self,
        query: Query,
        params: Params | None = None,
        *,
        prepare: bool | None = None,
        binary: bool | None = None,
    ) -> Self:
        """
        Execute a query or command to the database.
        """
        try:
            with self._conn.lock:
                self._conn.wait(
                    self._execute_gen(query, params, prepare=prepare, binary=binary)
                )
        except e._NO_TRACEBACK as ex:
>           raise ex.with_traceback(None)
E           django.db.utils.NotSupportedError: cannot truncate a table referenced in a foreign key constraint
E           DETAIL:  Table "billing_admission_receipt" references "billing_paid_coverage".
E           HINT:  Truncate table "billing_admission_receipt" at the same time, or use TRUNCATE ... CASCADE.

.venv/lib/python3.14/site-packages/psycopg/cursor.py:117: NotSupportedError

The above exception was the direct cause of the following exception:

request = <SubRequest '_django_db_helper' for <Function test_revision_cas_rejects_aliases_and_stale_state[1]>>
django_db_setup = None
django_db_blocker = <pytest_django.plugin.DjangoDbBlocker object at 0x7d8c58045010>

    @pytest.fixture
    def _django_db_helper(
        request: pytest.FixtureRequest,
        django_db_setup: None,  # noqa: ARG001
        django_db_blocker: DjangoDbBlocker,
    ) -> Generator[None]:
        if is_django_unittest(request):
            yield
            return
    
        from django import VERSION
    
        marker = request.node.get_closest_marker("django_db")
        if marker:
            (
                transactional,
                reset_sequences,
                databases,
                serialized_rollback,
                available_apps,
            ) = validate_django_db(marker)
        else:
            (
                transactional,
                reset_sequences,
                databases,
                serialized_rollback,
                available_apps,
            ) = False, False, None, False, None
    
        transactional = (
            transactional
            or reset_sequences
            or ("transactional_db" in request.fixturenames or "live_server" in request.fixturenames)
        )
        reset_sequences = reset_sequences or ("django_db_reset_sequences" in request.fixturenames)
        serialized_rollback = serialized_rollback or (
            "django_db_serialized_rollback" in request.fixturenames
        )
    
        with django_db_blocker.unblock():
            import django.db
            import django.test
    
            if transactional:
                test_case_class = django.test.TransactionTestCase
            else:
                test_case_class = django.test.TestCase
    
            _reset_sequences = reset_sequences
            _serialized_rollback = serialized_rollback
            _databases = databases
            _available_apps = available_apps
    
            class PytestDjangoTestCase(test_case_class):  # type: ignore[misc,valid-type]
                reset_sequences = _reset_sequences
                serialized_rollback = _serialized_rollback
                if _databases is not None:
                    databases = _databases
                if _available_apps is not None:
                    available_apps = _available_apps
    
                # For non-transactional tests, skip executing `django.test.TestCase`'s
                # `setUpClass`/`tearDownClass`, only execute the super class ones.
                #
                # `TestCase`'s class setup manages the `setUpTestData`/class-level
                # transaction functionality. We don't use it; instead we (will) offer
                # our own alternatives. So it only adds overhead, and does some things
                # which conflict with our (planned) functionality, particularly, it
                # closes all database connections in `tearDownClass` which inhibits
                # wrapping tests in higher-scoped transactions.
                #
                # It's possible a new version of Django will add some unrelated
                # functionality to these methods, in which case skipping them completely
                # would not be desirable. Let's cross that bridge when we get there...
                if not transactional:
    
                    @classmethod
                    def setUpClass(cls) -> None:
                        super(django.test.TestCase, cls).setUpClass()
    
                    @classmethod
                    def tearDownClass(cls) -> None:
                        super(django.test.TestCase, cls).tearDownClass()
    
            PytestDjangoTestCase.setUpClass()
    
            test_case = PytestDjangoTestCase(methodName="__init__")
            if VERSION >= (6, 0):
                pre_setup_ran_eagerly = PytestDjangoTestCase._pre_setup_ran_eagerly
            else:
                pre_setup_ran_eagerly = getattr(PytestDjangoTestCase, "_pre_setup_ran_eagerly", False)
            if not pre_setup_ran_eagerly:
                # For a TransactionTestCase, setUpClass() has already run _pre_setup() and set
                # this flag to say so.
                test_case._pre_setup()
    
            yield
    
>           test_case._post_teardown()

.venv/lib/python3.14/site-packages/pytest_django/fixtures.py:305: 
_ _ _ _ _ _ _ _ _ _ _ _ _ _ _ _ _ _ _ _ _ _ _ _ _ _ _ _ _ _ _ _ _ _ _ _ _ _ _ _ 
.venv/lib/python3.14/site-packages/django/test/testcases.py:1231: in _post_teardown
    self._fixture_teardown()
.venv/lib/python3.14/site-packages/django/test/testcases.py:1266: in _fixture_teardown
    call_command(
.venv/lib/python3.14/site-packages/django/core/management/__init__.py:194: in call_command
    return command.execute(*args, **defaults)
           ^^^^^^^^^^^^^^^^^^^^^^^^^^^^^^^^^^
.venv/lib/python3.14/site-packages/django/core/management/base.py:464: in execute
    output = self.handle(*args, **options)
             ^^^^^^^^^^^^^^^^^^^^^^^^^^^^^
_ _ _ _ _ _ _ _ _ _ _ _ _ _ _ _ _ _ _ _ _ _ _ _ _ _ _ _ _ _ _ _ _ _ _ _ _ _ _ _ 

self = <django.core.management.commands.flush.Command object at 0x7d8c52632490>
options = {'verbosity': 0, 'settings': None, 'pythonpath': None, 'traceback': False, ...}

        def handle(self, **options):
            database = options["database"]
            connection = connections[database]
            verbosity = options["verbosity"]
            interactive = options["interactive"]
            # The following are stealth options used by Django's internals.
            reset_sequences = options.get("reset_sequences", True)
            allow_cascade = options.get("allow_cascade", False)
            inhibit_post_migrate = options.get("inhibit_post_migrate", False)
    
            self.style = no_style()
    
            # Import the 'management' module within each installed app, to register
            # dispatcher events.
            for app_config in apps.get_app_configs():
                try:
                    import_module(".management", app_config.name)
                except ImportError:
                    pass
    
            sql_list = sql_flush(
                self.style,
                connection,
                reset_sequences=reset_sequences,
                allow_cascade=allow_cascade,
            )
    
            if interactive:
                confirm = input("""You have requested a flush of the database.
    This will IRREVERSIBLY DESTROY all data currently in the "%s" database,
    and return each table to an empty state.
    Are you sure you want to do this?
    
        Type 'yes' to continue, or 'no' to cancel: """ % connection.settings_dict["NAME"])
            else:
                confirm = "yes"
    
            if confirm == "yes":
                try:
                    connection.ops.execute_sql_flush(sql_list)
                except Exception as exc:
>                   raise CommandError(
                        "Database %s couldn't be flushed. Possible reasons:\n"
                        "  * The database isn't running or isn't configured correctly.\n"
                        "  * At least one of the expected database tables doesn't exist.\n"
                        "  * The SQL was invalid.\n"
                        "Hint: Look at the output of 'django-admin sqlflush'. "
                        "That's the SQL this command wasn't able to run."
                        % (connection.settings_dict["NAME"],)
                    ) from exc
E                   django.core.management.base.CommandError: Database test_qualification couldn't be flushed. Possible reasons:
E                     * The database isn't running or isn't configured correctly.
E                     * At least one of the expected database tables doesn't exist.
E                     * The SQL was invalid.
E                   Hint: Look at the output of 'django-admin sqlflush'. That's the SQL this command wasn't able to run.

.venv/lib/python3.14/site-packages/django/core/management/commands/flush.py:73: CommandError
__ ERROR at setup of test_revision_cas_rejects_aliases_and_stale_state[None] ___

self = <django.db.backends.utils.CursorWrapper object at 0x7d8c5332dcd0>
sql = 'INSERT INTO "accounts_user" ("password", "last_login", "is_superuser", "id", "email", "first_name", "last_name", "is_staff", "is_active", "date_joined") VALUES (%s, %s, %s, %s, %s, %s, %s, %s, %s, %s)'
params = ('!lTBjiv40iGY9cjEyvwuuYC4h2nQ4OIeh1IkBRux5', None, False, UUID('7e407abb-9995-4d3e-b186-bbde3cb8b37c'), 'reports@example.com', '', ...)
ignored_wrapper_args = (False, {'connection': <DatabaseWrapper vendor='postgresql' alias='default'>, 'cursor': <django.db.backends.utils.CursorWrapper object at 0x7d8c5332dcd0>})

    def _execute(self, sql, params, *ignored_wrapper_args):
        # Raise a warning during app initialization (stored_app_configs is only
        # ever set during testing).
        if not apps.ready and not apps.stored_app_configs:
            warnings.warn(self.APPS_NOT_READY_WARNING_MSG, category=RuntimeWarning)
        self.db.validate_no_broken_transaction()
        with self.db.wrap_database_errors:
            if params is None:
                # params default might be backend specific.
                return self.cursor.execute(sql)
            else:
>               return self.cursor.execute(sql, params)
                       ^^^^^^^^^^^^^^^^^^^^^^^^^^^^^^^^

.venv/lib/python3.14/site-packages/django/db/backends/utils.py:105: 
_ _ _ _ _ _ _ _ _ _ _ _ _ _ _ _ _ _ _ _ _ _ _ _ _ _ _ _ _ _ _ _ _ _ _ _ _ _ _ _ 

self = <django.db.backends.postgresql.base.Cursor [closed] [IDLE] (host=qualification-db user=postgres database=test_qualification) at 0x7d8c538bbd90>
query = 'INSERT INTO "accounts_user" ("password", "last_login", "is_superuser", "id", "email", "first_name", "last_name", "is_staff", "is_active", "date_joined") VALUES (%s, %s, %s, %s, %s, %s, %s, %s, %s, %s)'
params = ('!lTBjiv40iGY9cjEyvwuuYC4h2nQ4OIeh1IkBRux5', None, False, UUID('7e407abb-9995-4d3e-b186-bbde3cb8b37c'), 'reports@example.com', '', ...)
prepare = None, binary = None

    def execute(
        self,
        query: Query,
        params: Params | None = None,
        *,
        prepare: bool | None = None,
        binary: bool | None = None,
    ) -> Self:
        """
        Execute a query or command to the database.
        """
        try:
            with self._conn.lock:
                self._conn.wait(
                    self._execute_gen(query, params, prepare=prepare, binary=binary)
                )
        except e._NO_TRACEBACK as ex:
>           raise ex.with_traceback(None)
E           psycopg.errors.UniqueViolation: duplicate key value violates unique constraint "accounts_user_email_key"
E           DETAIL:  Key (email)=(reports@example.com) already exists.

.venv/lib/python3.14/site-packages/psycopg/cursor.py:117: UniqueViolation

The above exception was the direct cause of the following exception:

client = <django.test.client.Client object at 0x7d8c52bad6d0>

    @pytest.fixture
    def report_context(client):
>       user = get_user_model().objects.create_user("reports@example.com")
               ^^^^^^^^^^^^^^^^^^^^^^^^^^^^^^^^^^^^^^^^^^^^^^^^^^^^^^^^^^^

tests/conftest.py:174: 
_ _ _ _ _ _ _ _ _ _ _ _ _ _ _ _ _ _ _ _ _ _ _ _ _ _ _ _ _ _ _ _ _ _ _ _ _ _ _ _ 
apps/accounts/managers.py:29: in create_user
    user.save(using=self._db)
.venv/lib/python3.14/site-packages/django/contrib/auth/base_user.py:65: in save
    super().save(*args, **kwargs)
.venv/lib/python3.14/site-packages/django/db/models/base.py:902: in save
    self.save_base(
.venv/lib/python3.14/site-packages/django/db/models/base.py:1008: in save_base
    updated = self._save_table(
.venv/lib/python3.14/site-packages/django/db/models/base.py:1169: in _save_table
    results = self._do_insert(
.venv/lib/python3.14/site-packages/django/db/models/base.py:1210: in _do_insert
    return manager._insert(
.venv/lib/python3.14/site-packages/django/db/models/manager.py:87: in manager_method
    return getattr(self.get_queryset(), name)(*args, **kwargs)
           ^^^^^^^^^^^^^^^^^^^^^^^^^^^^^^^^^^^^^^^^^^^^^^^^^^^
.venv/lib/python3.14/site-packages/django/db/models/query.py:1873: in _insert
    return query.get_compiler(using=using).execute_sql(returning_fields)
           ^^^^^^^^^^^^^^^^^^^^^^^^^^^^^^^^^^^^^^^^^^^^^^^^^^^^^^^^^^^^^
.venv/lib/python3.14/site-packages/django/db/models/sql/compiler.py:1882: in execute_sql
    cursor.execute(sql, params)
.venv/lib/python3.14/site-packages/django/db/backends/utils.py:79: in execute
    return self._execute_with_wrappers(
.venv/lib/python3.14/site-packages/django/db/backends/utils.py:92: in _execute_with_wrappers
    return executor(sql, params, many, context)
           ^^^^^^^^^^^^^^^^^^^^^^^^^^^^^^^^^^^^
.venv/lib/python3.14/site-packages/django/db/backends/utils.py:100: in _execute
    with self.db.wrap_database_errors:
         ^^^^^^^^^^^^^^^^^^^^^^^^^^^^
.venv/lib/python3.14/site-packages/django/db/utils.py:91: in __exit__
    raise dj_exc_value.with_traceback(traceback) from exc_value
.venv/lib/python3.14/site-packages/django/db/backends/utils.py:105: in _execute
    return self.cursor.execute(sql, params)
           ^^^^^^^^^^^^^^^^^^^^^^^^^^^^^^^^
_ _ _ _ _ _ _ _ _ _ _ _ _ _ _ _ _ _ _ _ _ _ _ _ _ _ _ _ _ _ _ _ _ _ _ _ _ _ _ _ 

self = <django.db.backends.postgresql.base.Cursor [closed] [IDLE] (host=qualification-db user=postgres database=test_qualification) at 0x7d8c538bbd90>
query = 'INSERT INTO "accounts_user" ("password", "last_login", "is_superuser", "id", "email", "first_name", "last_name", "is_staff", "is_active", "date_joined") VALUES (%s, %s, %s, %s, %s, %s, %s, %s, %s, %s)'
params = ('!lTBjiv40iGY9cjEyvwuuYC4h2nQ4OIeh1IkBRux5', None, False, UUID('7e407abb-9995-4d3e-b186-bbde3cb8b37c'), 'reports@example.com', '', ...)
prepare = None, binary = None

    def execute(
        self,
        query: Query,
        params: Params | None = None,
        *,
        prepare: bool | None = None,
        binary: bool | None = None,
    ) -> Self:
        """
        Execute a query or command to the database.
        """
        try:
            with self._conn.lock:
                self._conn.wait(
                    self._execute_gen(query, params, prepare=prepare, binary=binary)
                )
        except e._NO_TRACEBACK as ex:
>           raise ex.with_traceback(None)
E           django.db.utils.IntegrityError: duplicate key value violates unique constraint "accounts_user_email_key"
E           DETAIL:  Key (email)=(reports@example.com) already exists.

.venv/lib/python3.14/site-packages/psycopg/cursor.py:117: IntegrityError
_ ERROR at teardown of test_revision_cas_rejects_aliases_and_stale_state[None] _

self = <django.db.backends.utils.CursorWrapper object at 0x7d8c5332fb30>
sql = 'TRUNCATE "auth_group_permissions", "core_known_entities", "core_health_controls", "billing_stripewebhookevent", "acco...zationmember", "report_artifacts", "integrations_providerconnection", "integrations_providerevent", "catalog_product";'
params = None
ignored_wrapper_args = (False, {'connection': <DatabaseWrapper vendor='postgresql' alias='default'>, 'cursor': <django.db.backends.utils.CursorWrapper object at 0x7d8c5332fb30>})

    def _execute(self, sql, params, *ignored_wrapper_args):
        # Raise a warning during app initialization (stored_app_configs is only
        # ever set during testing).
        if not apps.ready and not apps.stored_app_configs:
            warnings.warn(self.APPS_NOT_READY_WARNING_MSG, category=RuntimeWarning)
        self.db.validate_no_broken_transaction()
        with self.db.wrap_database_errors:
            if params is None:
                # params default might be backend specific.
>               return self.cursor.execute(sql)
                       ^^^^^^^^^^^^^^^^^^^^^^^^

.venv/lib/python3.14/site-packages/django/db/backends/utils.py:103: 
_ _ _ _ _ _ _ _ _ _ _ _ _ _ _ _ _ _ _ _ _ _ _ _ _ _ _ _ _ _ _ _ _ _ _ _ _ _ _ _ 

self = <django.db.backends.postgresql.base.Cursor [closed] [IDLE] (host=qualification-db user=postgres database=test_qualification) at 0x7d8c538ba510>
query = 'TRUNCATE "auth_group_permissions", "core_known_entities", "core_health_controls", "billing_stripewebhookevent", "acco...zationmember", "report_artifacts", "integrations_providerconnection", "integrations_providerevent", "catalog_product";'
params = None, prepare = None, binary = None

    def execute(
        self,
        query: Query,
        params: Params | None = None,
        *,
        prepare: bool | None = None,
        binary: bool | None = None,
    ) -> Self:
        """
        Execute a query or command to the database.
        """
        try:
            with self._conn.lock:
                self._conn.wait(
                    self._execute_gen(query, params, prepare=prepare, binary=binary)
                )
        except e._NO_TRACEBACK as ex:
>           raise ex.with_traceback(None)
E           psycopg.errors.FeatureNotSupported: cannot truncate a table referenced in a foreign key constraint
E           DETAIL:  Table "billing_admission_receipt" references "billing_paid_coverage".
E           HINT:  Truncate table "billing_admission_receipt" at the same time, or use TRUNCATE ... CASCADE.

.venv/lib/python3.14/site-packages/psycopg/cursor.py:117: FeatureNotSupported

The above exception was the direct cause of the following exception:

self = <django.core.management.commands.flush.Command object at 0x7d8c53329590>
options = {'verbosity': 0, 'settings': None, 'pythonpath': None, 'traceback': False, ...}

        def handle(self, **options):
            database = options["database"]
            connection = connections[database]
            verbosity = options["verbosity"]
            interactive = options["interactive"]
            # The following are stealth options used by Django's internals.
            reset_sequences = options.get("reset_sequences", True)
            allow_cascade = options.get("allow_cascade", False)
            inhibit_post_migrate = options.get("inhibit_post_migrate", False)
    
            self.style = no_style()
    
            # Import the 'management' module within each installed app, to register
            # dispatcher events.
            for app_config in apps.get_app_configs():
                try:
                    import_module(".management", app_config.name)
                except ImportError:
                    pass
    
            sql_list = sql_flush(
                self.style,
                connection,
                reset_sequences=reset_sequences,
                allow_cascade=allow_cascade,
            )
    
            if interactive:
                confirm = input("""You have requested a flush of the database.
    This will IRREVERSIBLY DESTROY all data currently in the "%s" database,
    and return each table to an empty state.
    Are you sure you want to do this?
    
        Type 'yes' to continue, or 'no' to cancel: """ % connection.settings_dict["NAME"])
            else:
                confirm = "yes"
    
            if confirm == "yes":
                try:
>                   connection.ops.execute_sql_flush(sql_list)

.venv/lib/python3.14/site-packages/django/core/management/commands/flush.py:71: 
_ _ _ _ _ _ _ _ _ _ _ _ _ _ _ _ _ _ _ _ _ _ _ _ _ _ _ _ _ _ _ _ _ _ _ _ _ _ _ _ 
.venv/lib/python3.14/site-packages/django/db/backends/base/operations.py:473: in execute_sql_flush
    cursor.execute(sql)
.venv/lib/python3.14/site-packages/django/db/backends/utils.py:79: in execute
    return self._execute_with_wrappers(
.venv/lib/python3.14/site-packages/django/db/backends/utils.py:92: in _execute_with_wrappers
    return executor(sql, params, many, context)
           ^^^^^^^^^^^^^^^^^^^^^^^^^^^^^^^^^^^^
.venv/lib/python3.14/site-packages/django/db/backends/utils.py:100: in _execute
    with self.db.wrap_database_errors:
         ^^^^^^^^^^^^^^^^^^^^^^^^^^^^
.venv/lib/python3.14/site-packages/django/db/utils.py:91: in __exit__
    raise dj_exc_value.with_traceback(traceback) from exc_value
.venv/lib/python3.14/site-packages/django/db/backends/utils.py:103: in _execute
    return self.cursor.execute(sql)
           ^^^^^^^^^^^^^^^^^^^^^^^^
_ _ _ _ _ _ _ _ _ _ _ _ _ _ _ _ _ _ _ _ _ _ _ _ _ _ _ _ _ _ _ _ _ _ _ _ _ _ _ _ 

self = <django.db.backends.postgresql.base.Cursor [closed] [IDLE] (host=qualification-db user=postgres database=test_qualification) at 0x7d8c538ba510>
query = 'TRUNCATE "auth_group_permissions", "core_known_entities", "core_health_controls", "billing_stripewebhookevent", "acco...zationmember", "report_artifacts", "integrations_providerconnection", "integrations_providerevent", "catalog_product";'
params = None, prepare = None, binary = None

    def execute(
        self,
        query: Query,
        params: Params | None = None,
        *,
        prepare: bool | None = None,
        binary: bool | None = None,
    ) -> Self:
        """
        Execute a query or command to the database.
        """
        try:
            with self._conn.lock:
                self._conn.wait(
                    self._execute_gen(query, params, prepare=prepare, binary=binary)
                )
        except e._NO_TRACEBACK as ex:
>           raise ex.with_traceback(None)
E           django.db.utils.NotSupportedError: cannot truncate a table referenced in a foreign key constraint
E           DETAIL:  Table "billing_admission_receipt" references "billing_paid_coverage".
E           HINT:  Truncate table "billing_admission_receipt" at the same time, or use TRUNCATE ... CASCADE.

.venv/lib/python3.14/site-packages/psycopg/cursor.py:117: NotSupportedError

The above exception was the direct cause of the following exception:

request = <SubRequest '_django_db_helper' for <Function test_revision_cas_rejects_aliases_and_stale_state[None]>>
django_db_setup = None
django_db_blocker = <pytest_django.plugin.DjangoDbBlocker object at 0x7d8c58045010>

    @pytest.fixture
    def _django_db_helper(
        request: pytest.FixtureRequest,
        django_db_setup: None,  # noqa: ARG001
        django_db_blocker: DjangoDbBlocker,
    ) -> Generator[None]:
        if is_django_unittest(request):
            yield
            return
    
        from django import VERSION
    
        marker = request.node.get_closest_marker("django_db")
        if marker:
            (
                transactional,
                reset_sequences,
                databases,
                serialized_rollback,
                available_apps,
            ) = validate_django_db(marker)
        else:
            (
                transactional,
                reset_sequences,
                databases,
                serialized_rollback,
                available_apps,
            ) = False, False, None, False, None
    
        transactional = (
            transactional
            or reset_sequences
            or ("transactional_db" in request.fixturenames or "live_server" in request.fixturenames)
        )
        reset_sequences = reset_sequences or ("django_db_reset_sequences" in request.fixturenames)
        serialized_rollback = serialized_rollback or (
            "django_db_serialized_rollback" in request.fixturenames
        )
    
        with django_db_blocker.unblock():
            import django.db
            import django.test
    
            if transactional:
                test_case_class = django.test.TransactionTestCase
            else:
                test_case_class = django.test.TestCase
    
            _reset_sequences = reset_sequences
            _serialized_rollback = serialized_rollback
            _databases = databases
            _available_apps = available_apps
    
            class PytestDjangoTestCase(test_case_class):  # type: ignore[misc,valid-type]
                reset_sequences = _reset_sequences
                serialized_rollback = _serialized_rollback
                if _databases is not None:
                    databases = _databases
                if _available_apps is not None:
                    available_apps = _available_apps
    
                # For non-transactional tests, skip executing `django.test.TestCase`'s
                # `setUpClass`/`tearDownClass`, only execute the super class ones.
                #
                # `TestCase`'s class setup manages the `setUpTestData`/class-level
                # transaction functionality. We don't use it; instead we (will) offer
                # our own alternatives. So it only adds overhead, and does some things
                # which conflict with our (planned) functionality, particularly, it
                # closes all database connections in `tearDownClass` which inhibits
                # wrapping tests in higher-scoped transactions.
                #
                # It's possible a new version of Django will add some unrelated
                # functionality to these methods, in which case skipping them completely
                # would not be desirable. Let's cross that bridge when we get there...
                if not transactional:
    
                    @classmethod
                    def setUpClass(cls) -> None:
                        super(django.test.TestCase, cls).setUpClass()
    
                    @classmethod
                    def tearDownClass(cls) -> None:
                        super(django.test.TestCase, cls).tearDownClass()
    
            PytestDjangoTestCase.setUpClass()
    
            test_case = PytestDjangoTestCase(methodName="__init__")
            if VERSION >= (6, 0):
                pre_setup_ran_eagerly = PytestDjangoTestCase._pre_setup_ran_eagerly
            else:
                pre_setup_ran_eagerly = getattr(PytestDjangoTestCase, "_pre_setup_ran_eagerly", False)
            if not pre_setup_ran_eagerly:
                # For a TransactionTestCase, setUpClass() has already run _pre_setup() and set
                # this flag to say so.
                test_case._pre_setup()
    
            yield
    
>           test_case._post_teardown()

.venv/lib/python3.14/site-packages/pytest_django/fixtures.py:305: 
_ _ _ _ _ _ _ _ _ _ _ _ _ _ _ _ _ _ _ _ _ _ _ _ _ _ _ _ _ _ _ _ _ _ _ _ _ _ _ _ 
.venv/lib/python3.14/site-packages/django/test/testcases.py:1231: in _post_teardown
    self._fixture_teardown()
.venv/lib/python3.14/site-packages/django/test/testcases.py:1266: in _fixture_teardown
    call_command(
.venv/lib/python3.14/site-packages/django/core/management/__init__.py:194: in call_command
    return command.execute(*args, **defaults)
           ^^^^^^^^^^^^^^^^^^^^^^^^^^^^^^^^^^
.venv/lib/python3.14/site-packages/django/core/management/base.py:464: in execute
    output = self.handle(*args, **options)
             ^^^^^^^^^^^^^^^^^^^^^^^^^^^^^
_ _ _ _ _ _ _ _ _ _ _ _ _ _ _ _ _ _ _ _ _ _ _ _ _ _ _ _ _ _ _ _ _ _ _ _ _ _ _ _ 

self = <django.core.management.commands.flush.Command object at 0x7d8c53329590>
options = {'verbosity': 0, 'settings': None, 'pythonpath': None, 'traceback': False, ...}

        def handle(self, **options):
            database = options["database"]
            connection = connections[database]
            verbosity = options["verbosity"]
            interactive = options["interactive"]
            # The following are stealth options used by Django's internals.
            reset_sequences = options.get("reset_sequences", True)
            allow_cascade = options.get("allow_cascade", False)
            inhibit_post_migrate = options.get("inhibit_post_migrate", False)
    
            self.style = no_style()
    
            # Import the 'management' module within each installed app, to register
            # dispatcher events.
            for app_config in apps.get_app_configs():
                try:
                    import_module(".management", app_config.name)
                except ImportError:
                    pass
    
            sql_list = sql_flush(
                self.style,
                connection,
                reset_sequences=reset_sequences,
                allow_cascade=allow_cascade,
            )
    
            if interactive:
                confirm = input("""You have requested a flush of the database.
    This will IRREVERSIBLY DESTROY all data currently in the "%s" database,
    and return each table to an empty state.
    Are you sure you want to do this?
    
        Type 'yes' to continue, or 'no' to cancel: """ % connection.settings_dict["NAME"])
            else:
                confirm = "yes"
    
            if confirm == "yes":
                try:
                    connection.ops.execute_sql_flush(sql_list)
                except Exception as exc:
>                   raise CommandError(
                        "Database %s couldn't be flushed. Possible reasons:\n"
                        "  * The database isn't running or isn't configured correctly.\n"
                        "  * At least one of the expected database tables doesn't exist.\n"
                        "  * The SQL was invalid.\n"
                        "Hint: Look at the output of 'django-admin sqlflush'. "
                        "That's the SQL this command wasn't able to run."
                        % (connection.settings_dict["NAME"],)
                    ) from exc
E                   django.core.management.base.CommandError: Database test_qualification couldn't be flushed. Possible reasons:
E                     * The database isn't running or isn't configured correctly.
E                     * At least one of the expected database tables doesn't exist.
E                     * The SQL was invalid.
E                   Hint: Look at the output of 'django-admin sqlflush'. That's the SQL this command wasn't able to run.

.venv/lib/python3.14/site-packages/django/core/management/commands/flush.py:73: CommandError
_____ ERROR at setup of test_baseline_promotion_is_explicitly_not_admitted _____

self = <django.db.backends.utils.CursorWrapper object at 0x7d8c5274c4d0>
sql = 'INSERT INTO "accounts_user" ("password", "last_login", "is_superuser", "id", "email", "first_name", "last_name", "is_staff", "is_active", "date_joined") VALUES (%s, %s, %s, %s, %s, %s, %s, %s, %s, %s)'
params = ('!AV0IHafk5pcNHtCw3u56YkXBEmeNB9tX6ZqpsTRO', None, False, UUID('fcdf3b56-f8b8-4120-bd8d-8408ef8a3d72'), 'reports@example.com', '', ...)
ignored_wrapper_args = (False, {'connection': <DatabaseWrapper vendor='postgresql' alias='default'>, 'cursor': <django.db.backends.utils.CursorWrapper object at 0x7d8c5274c4d0>})

    def _execute(self, sql, params, *ignored_wrapper_args):
        # Raise a warning during app initialization (stored_app_configs is only
        # ever set during testing).
        if not apps.ready and not apps.stored_app_configs:
            warnings.warn(self.APPS_NOT_READY_WARNING_MSG, category=RuntimeWarning)
        self.db.validate_no_broken_transaction()
        with self.db.wrap_database_errors:
            if params is None:
                # params default might be backend specific.
                return self.cursor.execute(sql)
            else:
>               return self.cursor.execute(sql, params)
                       ^^^^^^^^^^^^^^^^^^^^^^^^^^^^^^^^

.venv/lib/python3.14/site-packages/django/db/backends/utils.py:105: 
_ _ _ _ _ _ _ _ _ _ _ _ _ _ _ _ _ _ _ _ _ _ _ _ _ _ _ _ _ _ _ _ _ _ _ _ _ _ _ _ 

self = <django.db.backends.postgresql.base.Cursor [closed] [IDLE] (host=qualification-db user=postgres database=test_qualification) at 0x7d8c538baf90>
query = 'INSERT INTO "accounts_user" ("password", "last_login", "is_superuser", "id", "email", "first_name", "last_name", "is_staff", "is_active", "date_joined") VALUES (%s, %s, %s, %s, %s, %s, %s, %s, %s, %s)'
params = ('!AV0IHafk5pcNHtCw3u56YkXBEmeNB9tX6ZqpsTRO', None, False, UUID('fcdf3b56-f8b8-4120-bd8d-8408ef8a3d72'), 'reports@example.com', '', ...)
prepare = None, binary = None

    def execute(
        self,
        query: Query,
        params: Params | None = None,
        *,
        prepare: bool | None = None,
        binary: bool | None = None,
    ) -> Self:
        """
        Execute a query or command to the database.
        """
        try:
            with self._conn.lock:
                self._conn.wait(
                    self._execute_gen(query, params, prepare=prepare, binary=binary)
                )
        except e._NO_TRACEBACK as ex:
>           raise ex.with_traceback(None)
E           psycopg.errors.UniqueViolation: duplicate key value violates unique constraint "accounts_user_email_key"
E           DETAIL:  Key (email)=(reports@example.com) already exists.

.venv/lib/python3.14/site-packages/psycopg/cursor.py:117: UniqueViolation

The above exception was the direct cause of the following exception:

client = <django.test.client.Client object at 0x7d8c52752d50>

    @pytest.fixture
    def report_context(client):
>       user = get_user_model().objects.create_user("reports@example.com")
               ^^^^^^^^^^^^^^^^^^^^^^^^^^^^^^^^^^^^^^^^^^^^^^^^^^^^^^^^^^^

tests/conftest.py:174: 
_ _ _ _ _ _ _ _ _ _ _ _ _ _ _ _ _ _ _ _ _ _ _ _ _ _ _ _ _ _ _ _ _ _ _ _ _ _ _ _ 
apps/accounts/managers.py:29: in create_user
    user.save(using=self._db)
.venv/lib/python3.14/site-packages/django/contrib/auth/base_user.py:65: in save
    super().save(*args, **kwargs)
.venv/lib/python3.14/site-packages/django/db/models/base.py:902: in save
    self.save_base(
.venv/lib/python3.14/site-packages/django/db/models/base.py:1008: in save_base
    updated = self._save_table(
.venv/lib/python3.14/site-packages/django/db/models/base.py:1169: in _save_table
    results = self._do_insert(
.venv/lib/python3.14/site-packages/django/db/models/base.py:1210: in _do_insert
    return manager._insert(
.venv/lib/python3.14/site-packages/django/db/models/manager.py:87: in manager_method
    return getattr(self.get_queryset(), name)(*args, **kwargs)
           ^^^^^^^^^^^^^^^^^^^^^^^^^^^^^^^^^^^^^^^^^^^^^^^^^^^
.venv/lib/python3.14/site-packages/django/db/models/query.py:1873: in _insert
    return query.get_compiler(using=using).execute_sql(returning_fields)
           ^^^^^^^^^^^^^^^^^^^^^^^^^^^^^^^^^^^^^^^^^^^^^^^^^^^^^^^^^^^^^
.venv/lib/python3.14/site-packages/django/db/models/sql/compiler.py:1882: in execute_sql
    cursor.execute(sql, params)
.venv/lib/python3.14/site-packages/django/db/backends/utils.py:79: in execute
    return self._execute_with_wrappers(
.venv/lib/python3.14/site-packages/django/db/backends/utils.py:92: in _execute_with_wrappers
    return executor(sql, params, many, context)
           ^^^^^^^^^^^^^^^^^^^^^^^^^^^^^^^^^^^^
.venv/lib/python3.14/site-packages/django/db/backends/utils.py:100: in _execute
    with self.db.wrap_database_errors:
         ^^^^^^^^^^^^^^^^^^^^^^^^^^^^
.venv/lib/python3.14/site-packages/django/db/utils.py:91: in __exit__
    raise dj_exc_value.with_traceback(traceback) from exc_value
.venv/lib/python3.14/site-packages/django/db/backends/utils.py:105: in _execute
    return self.cursor.execute(sql, params)
           ^^^^^^^^^^^^^^^^^^^^^^^^^^^^^^^^
_ _ _ _ _ _ _ _ _ _ _ _ _ _ _ _ _ _ _ _ _ _ _ _ _ _ _ _ _ _ _ _ _ _ _ _ _ _ _ _ 

self = <django.db.backends.postgresql.base.Cursor [closed] [IDLE] (host=qualification-db user=postgres database=test_qualification) at 0x7d8c538baf90>
query = 'INSERT INTO "accounts_user" ("password", "last_login", "is_superuser", "id", "email", "first_name", "last_name", "is_staff", "is_active", "date_joined") VALUES (%s, %s, %s, %s, %s, %s, %s, %s, %s, %s)'
params = ('!AV0IHafk5pcNHtCw3u56YkXBEmeNB9tX6ZqpsTRO', None, False, UUID('fcdf3b56-f8b8-4120-bd8d-8408ef8a3d72'), 'reports@example.com', '', ...)
prepare = None, binary = None

    def execute(
        self,
        query: Query,
        params: Params | None = None,
        *,
        prepare: bool | None = None,
        binary: bool | None = None,
    ) -> Self:
        """
        Execute a query or command to the database.
        """
        try:
            with self._conn.lock:
                self._conn.wait(
                    self._execute_gen(query, params, prepare=prepare, binary=binary)
                )
        except e._NO_TRACEBACK as ex:
>           raise ex.with_traceback(None)
E           django.db.utils.IntegrityError: duplicate key value violates unique constraint "accounts_user_email_key"
E           DETAIL:  Key (email)=(reports@example.com) already exists.

.venv/lib/python3.14/site-packages/psycopg/cursor.py:117: IntegrityError
___ ERROR at teardown of test_baseline_promotion_is_explicitly_not_admitted ____

self = <django.db.backends.utils.CursorWrapper object at 0x7d8c5274e2d0>
sql = 'TRUNCATE "auth_group_permissions", "core_known_entities", "core_health_controls", "billing_stripewebhookevent", "acco...zationmember", "report_artifacts", "integrations_providerconnection", "integrations_providerevent", "catalog_product";'
params = None
ignored_wrapper_args = (False, {'connection': <DatabaseWrapper vendor='postgresql' alias='default'>, 'cursor': <django.db.backends.utils.CursorWrapper object at 0x7d8c5274e2d0>})

    def _execute(self, sql, params, *ignored_wrapper_args):
        # Raise a warning during app initialization (stored_app_configs is only
        # ever set during testing).
        if not apps.ready and not apps.stored_app_configs:
            warnings.warn(self.APPS_NOT_READY_WARNING_MSG, category=RuntimeWarning)
        self.db.validate_no_broken_transaction()
        with self.db.wrap_database_errors:
            if params is None:
                # params default might be backend specific.
>               return self.cursor.execute(sql)
                       ^^^^^^^^^^^^^^^^^^^^^^^^

.venv/lib/python3.14/site-packages/django/db/backends/utils.py:103: 
_ _ _ _ _ _ _ _ _ _ _ _ _ _ _ _ _ _ _ _ _ _ _ _ _ _ _ _ _ _ _ _ _ _ _ _ _ _ _ _ 

self = <django.db.backends.postgresql.base.Cursor [closed] [IDLE] (host=qualification-db user=postgres database=test_qualification) at 0x7d8c5350b230>
query = 'TRUNCATE "auth_group_permissions", "core_known_entities", "core_health_controls", "billing_stripewebhookevent", "acco...zationmember", "report_artifacts", "integrations_providerconnection", "integrations_providerevent", "catalog_product";'
params = None, prepare = None, binary = None

    def execute(
        self,
        query: Query,
        params: Params | None = None,
        *,
        prepare: bool | None = None,
        binary: bool | None = None,
    ) -> Self:
        """
        Execute a query or command to the database.
        """
        try:
            with self._conn.lock:
                self._conn.wait(
                    self._execute_gen(query, params, prepare=prepare, binary=binary)
                )
        except e._NO_TRACEBACK as ex:
>           raise ex.with_traceback(None)
E           psycopg.errors.FeatureNotSupported: cannot truncate a table referenced in a foreign key constraint
E           DETAIL:  Table "billing_admission_receipt" references "billing_paid_coverage".
E           HINT:  Truncate table "billing_admission_receipt" at the same time, or use TRUNCATE ... CASCADE.

.venv/lib/python3.14/site-packages/psycopg/cursor.py:117: FeatureNotSupported

The above exception was the direct cause of the following exception:

self = <django.core.management.commands.flush.Command object at 0x7d8c5363ab10>
options = {'verbosity': 0, 'settings': None, 'pythonpath': None, 'traceback': False, ...}

        def handle(self, **options):
            database = options["database"]
            connection = connections[database]
            verbosity = options["verbosity"]
            interactive = options["interactive"]
            # The following are stealth options used by Django's internals.
            reset_sequences = options.get("reset_sequences", True)
            allow_cascade = options.get("allow_cascade", False)
            inhibit_post_migrate = options.get("inhibit_post_migrate", False)
    
            self.style = no_style()
    
            # Import the 'management' module within each installed app, to register
            # dispatcher events.
            for app_config in apps.get_app_configs():
                try:
                    import_module(".management", app_config.name)
                except ImportError:
                    pass
    
            sql_list = sql_flush(
                self.style,
                connection,
                reset_sequences=reset_sequences,
                allow_cascade=allow_cascade,
            )
    
            if interactive:
                confirm = input("""You have requested a flush of the database.
    This will IRREVERSIBLY DESTROY all data currently in the "%s" database,
    and return each table to an empty state.
    Are you sure you want to do this?
    
        Type 'yes' to continue, or 'no' to cancel: """ % connection.settings_dict["NAME"])
            else:
                confirm = "yes"
    
            if confirm == "yes":
                try:
>                   connection.ops.execute_sql_flush(sql_list)

.venv/lib/python3.14/site-packages/django/core/management/commands/flush.py:71: 
_ _ _ _ _ _ _ _ _ _ _ _ _ _ _ _ _ _ _ _ _ _ _ _ _ _ _ _ _ _ _ _ _ _ _ _ _ _ _ _ 
.venv/lib/python3.14/site-packages/django/db/backends/base/operations.py:473: in execute_sql_flush
    cursor.execute(sql)
.venv/lib/python3.14/site-packages/django/db/backends/utils.py:79: in execute
    return self._execute_with_wrappers(
.venv/lib/python3.14/site-packages/django/db/backends/utils.py:92: in _execute_with_wrappers
    return executor(sql, params, many, context)
           ^^^^^^^^^^^^^^^^^^^^^^^^^^^^^^^^^^^^
.venv/lib/python3.14/site-packages/django/db/backends/utils.py:100: in _execute
    with self.db.wrap_database_errors:
         ^^^^^^^^^^^^^^^^^^^^^^^^^^^^
.venv/lib/python3.14/site-packages/django/db/utils.py:91: in __exit__
    raise dj_exc_value.with_traceback(traceback) from exc_value
.venv/lib/python3.14/site-packages/django/db/backends/utils.py:103: in _execute
    return self.cursor.execute(sql)
           ^^^^^^^^^^^^^^^^^^^^^^^^
_ _ _ _ _ _ _ _ _ _ _ _ _ _ _ _ _ _ _ _ _ _ _ _ _ _ _ _ _ _ _ _ _ _ _ _ _ _ _ _ 

self = <django.db.backends.postgresql.base.Cursor [closed] [IDLE] (host=qualification-db user=postgres database=test_qualification) at 0x7d8c5350b230>
query = 'TRUNCATE "auth_group_permissions", "core_known_entities", "core_health_controls", "billing_stripewebhookevent", "acco...zationmember", "report_artifacts", "integrations_providerconnection", "integrations_providerevent", "catalog_product";'
params = None, prepare = None, binary = None

    def execute(
        self,
        query: Query,
        params: Params | None = None,
        *,
        prepare: bool | None = None,
        binary: bool | None = None,
    ) -> Self:
        """
        Execute a query or command to the database.
        """
        try:
            with self._conn.lock:
                self._conn.wait(
                    self._execute_gen(query, params, prepare=prepare, binary=binary)
                )
        except e._NO_TRACEBACK as ex:
>           raise ex.with_traceback(None)
E           django.db.utils.NotSupportedError: cannot truncate a table referenced in a foreign key constraint
E           DETAIL:  Table "billing_admission_receipt" references "billing_paid_coverage".
E           HINT:  Truncate table "billing_admission_receipt" at the same time, or use TRUNCATE ... CASCADE.

.venv/lib/python3.14/site-packages/psycopg/cursor.py:117: NotSupportedError

The above exception was the direct cause of the following exception:

request = <SubRequest '_django_db_helper' for <Function test_baseline_promotion_is_explicitly_not_admitted>>
django_db_setup = None
django_db_blocker = <pytest_django.plugin.DjangoDbBlocker object at 0x7d8c58045010>

    @pytest.fixture
    def _django_db_helper(
        request: pytest.FixtureRequest,
        django_db_setup: None,  # noqa: ARG001
        django_db_blocker: DjangoDbBlocker,
    ) -> Generator[None]:
        if is_django_unittest(request):
            yield
            return
    
        from django import VERSION
    
        marker = request.node.get_closest_marker("django_db")
        if marker:
            (
                transactional,
                reset_sequences,
                databases,
                serialized_rollback,
                available_apps,
            ) = validate_django_db(marker)
        else:
            (
                transactional,
                reset_sequences,
                databases,
                serialized_rollback,
                available_apps,
            ) = False, False, None, False, None
    
        transactional = (
            transactional
            or reset_sequences
            or ("transactional_db" in request.fixturenames or "live_server" in request.fixturenames)
        )
        reset_sequences = reset_sequences or ("django_db_reset_sequences" in request.fixturenames)
        serialized_rollback = serialized_rollback or (
            "django_db_serialized_rollback" in request.fixturenames
        )
    
        with django_db_blocker.unblock():
            import django.db
            import django.test
    
            if transactional:
                test_case_class = django.test.TransactionTestCase
            else:
                test_case_class = django.test.TestCase
    
            _reset_sequences = reset_sequences
            _serialized_rollback = serialized_rollback
            _databases = databases
            _available_apps = available_apps
    
            class PytestDjangoTestCase(test_case_class):  # type: ignore[misc,valid-type]
                reset_sequences = _reset_sequences
                serialized_rollback = _serialized_rollback
                if _databases is not None:
                    databases = _databases
                if _available_apps is not None:
                    available_apps = _available_apps
    
                # For non-transactional tests, skip executing `django.test.TestCase`'s
                # `setUpClass`/`tearDownClass`, only execute the super class ones.
                #
                # `TestCase`'s class setup manages the `setUpTestData`/class-level
                # transaction functionality. We don't use it; instead we (will) offer
                # our own alternatives. So it only adds overhead, and does some things
                # which conflict with our (planned) functionality, particularly, it
                # closes all database connections in `tearDownClass` which inhibits
                # wrapping tests in higher-scoped transactions.
                #
                # It's possible a new version of Django will add some unrelated
                # functionality to these methods, in which case skipping them completely
                # would not be desirable. Let's cross that bridge when we get there...
                if not transactional:
    
                    @classmethod
                    def setUpClass(cls) -> None:
                        super(django.test.TestCase, cls).setUpClass()
    
                    @classmethod
                    def tearDownClass(cls) -> None:
                        super(django.test.TestCase, cls).tearDownClass()
    
            PytestDjangoTestCase.setUpClass()
    
            test_case = PytestDjangoTestCase(methodName="__init__")
            if VERSION >= (6, 0):
                pre_setup_ran_eagerly = PytestDjangoTestCase._pre_setup_ran_eagerly
            else:
                pre_setup_ran_eagerly = getattr(PytestDjangoTestCase, "_pre_setup_ran_eagerly", False)
            if not pre_setup_ran_eagerly:
                # For a TransactionTestCase, setUpClass() has already run _pre_setup() and set
                # this flag to say so.
                test_case._pre_setup()
    
            yield
    
>           test_case._post_teardown()

.venv/lib/python3.14/site-packages/pytest_django/fixtures.py:305: 
_ _ _ _ _ _ _ _ _ _ _ _ _ _ _ _ _ _ _ _ _ _ _ _ _ _ _ _ _ _ _ _ _ _ _ _ _ _ _ _ 
.venv/lib/python3.14/site-packages/django/test/testcases.py:1231: in _post_teardown
    self._fixture_teardown()
.venv/lib/python3.14/site-packages/django/test/testcases.py:1266: in _fixture_teardown
    call_command(
.venv/lib/python3.14/site-packages/django/core/management/__init__.py:194: in call_command
    return command.execute(*args, **defaults)
           ^^^^^^^^^^^^^^^^^^^^^^^^^^^^^^^^^^
.venv/lib/python3.14/site-packages/django/core/management/base.py:464: in execute
    output = self.handle(*args, **options)
             ^^^^^^^^^^^^^^^^^^^^^^^^^^^^^
_ _ _ _ _ _ _ _ _ _ _ _ _ _ _ _ _ _ _ _ _ _ _ _ _ _ _ _ _ _ _ _ _ _ _ _ _ _ _ _ 

self = <django.core.management.commands.flush.Command object at 0x7d8c5363ab10>
options = {'verbosity': 0, 'settings': None, 'pythonpath': None, 'traceback': False, ...}

        def handle(self, **options):
            database = options["database"]
            connection = connections[database]
            verbosity = options["verbosity"]
            interactive = options["interactive"]
            # The following are stealth options used by Django's internals.
            reset_sequences = options.get("reset_sequences", True)
            allow_cascade = options.get("allow_cascade", False)
            inhibit_post_migrate = options.get("inhibit_post_migrate", False)
    
            self.style = no_style()
    
            # Import the 'management' module within each installed app, to register
            # dispatcher events.
            for app_config in apps.get_app_configs():
                try:
                    import_module(".management", app_config.name)
                except ImportError:
                    pass
    
            sql_list = sql_flush(
                self.style,
                connection,
                reset_sequences=reset_sequences,
                allow_cascade=allow_cascade,
            )
    
            if interactive:
                confirm = input("""You have requested a flush of the database.
    This will IRREVERSIBLY DESTROY all data currently in the "%s" database,
    and return each table to an empty state.
    Are you sure you want to do this?
    
        Type 'yes' to continue, or 'no' to cancel: """ % connection.settings_dict["NAME"])
            else:
                confirm = "yes"
    
            if confirm == "yes":
                try:
                    connection.ops.execute_sql_flush(sql_list)
                except Exception as exc:
>                   raise CommandError(
                        "Database %s couldn't be flushed. Possible reasons:\n"
                        "  * The database isn't running or isn't configured correctly.\n"
                        "  * At least one of the expected database tables doesn't exist.\n"
                        "  * The SQL was invalid.\n"
                        "Hint: Look at the output of 'django-admin sqlflush'. "
                        "That's the SQL this command wasn't able to run."
                        % (connection.settings_dict["NAME"],)
                    ) from exc
E                   django.core.management.base.CommandError: Database test_qualification couldn't be flushed. Possible reasons:
E                     * The database isn't running or isn't configured correctly.
E                     * At least one of the expected database tables doesn't exist.
E                     * The SQL was invalid.
E                   Hint: Look at the output of 'django-admin sqlflush'. That's the SQL this command wasn't able to run.

.venv/lib/python3.14/site-packages/django/core/management/commands/flush.py:73: CommandError
_____ ERROR at setup of test_server_manifest_cannot_be_supplied_by_caller ______

self = <django.db.backends.utils.CursorWrapper object at 0x7d8c527209b0>
sql = 'INSERT INTO "accounts_user" ("password", "last_login", "is_superuser", "id", "email", "first_name", "last_name", "is_staff", "is_active", "date_joined") VALUES (%s, %s, %s, %s, %s, %s, %s, %s, %s, %s)'
params = ('!eAvOB5clWje48jHXJ9laYnqcvCfoHP3W6PVQFh1A', None, False, UUID('d650c251-b41f-482d-ae58-a85733f0a63d'), 'reports@example.com', '', ...)
ignored_wrapper_args = (False, {'connection': <DatabaseWrapper vendor='postgresql' alias='default'>, 'cursor': <django.db.backends.utils.CursorWrapper object at 0x7d8c527209b0>})

    def _execute(self, sql, params, *ignored_wrapper_args):
        # Raise a warning during app initialization (stored_app_configs is only
        # ever set during testing).
        if not apps.ready and not apps.stored_app_configs:
            warnings.warn(self.APPS_NOT_READY_WARNING_MSG, category=RuntimeWarning)
        self.db.validate_no_broken_transaction()
        with self.db.wrap_database_errors:
            if params is None:
                # params default might be backend specific.
                return self.cursor.execute(sql)
            else:
>               return self.cursor.execute(sql, params)
                       ^^^^^^^^^^^^^^^^^^^^^^^^^^^^^^^^

.venv/lib/python3.14/site-packages/django/db/backends/utils.py:105: 
_ _ _ _ _ _ _ _ _ _ _ _ _ _ _ _ _ _ _ _ _ _ _ _ _ _ _ _ _ _ _ _ _ _ _ _ _ _ _ _ 

self = <django.db.backends.postgresql.base.Cursor [closed] [IDLE] (host=qualification-db user=postgres database=test_qualification) at 0x7d8c53509d30>
query = 'INSERT INTO "accounts_user" ("password", "last_login", "is_superuser", "id", "email", "first_name", "last_name", "is_staff", "is_active", "date_joined") VALUES (%s, %s, %s, %s, %s, %s, %s, %s, %s, %s)'
params = ('!eAvOB5clWje48jHXJ9laYnqcvCfoHP3W6PVQFh1A', None, False, UUID('d650c251-b41f-482d-ae58-a85733f0a63d'), 'reports@example.com', '', ...)
prepare = None, binary = None

    def execute(
        self,
        query: Query,
        params: Params | None = None,
        *,
        prepare: bool | None = None,
        binary: bool | None = None,
    ) -> Self:
        """
        Execute a query or command to the database.
        """
        try:
            with self._conn.lock:
                self._conn.wait(
                    self._execute_gen(query, params, prepare=prepare, binary=binary)
                )
        except e._NO_TRACEBACK as ex:
>           raise ex.with_traceback(None)
E           psycopg.errors.UniqueViolation: duplicate key value violates unique constraint "accounts_user_email_key"
E           DETAIL:  Key (email)=(reports@example.com) already exists.

.venv/lib/python3.14/site-packages/psycopg/cursor.py:117: UniqueViolation

The above exception was the direct cause of the following exception:

client = <django.test.client.Client object at 0x7d8c52753250>

    @pytest.fixture
    def report_context(client):
>       user = get_user_model().objects.create_user("reports@example.com")
               ^^^^^^^^^^^^^^^^^^^^^^^^^^^^^^^^^^^^^^^^^^^^^^^^^^^^^^^^^^^

tests/conftest.py:174: 
_ _ _ _ _ _ _ _ _ _ _ _ _ _ _ _ _ _ _ _ _ _ _ _ _ _ _ _ _ _ _ _ _ _ _ _ _ _ _ _ 
apps/accounts/managers.py:29: in create_user
    user.save(using=self._db)
.venv/lib/python3.14/site-packages/django/contrib/auth/base_user.py:65: in save
    super().save(*args, **kwargs)
.venv/lib/python3.14/site-packages/django/db/models/base.py:902: in save
    self.save_base(
.venv/lib/python3.14/site-packages/django/db/models/base.py:1008: in save_base
    updated = self._save_table(
.venv/lib/python3.14/site-packages/django/db/models/base.py:1169: in _save_table
    results = self._do_insert(
.venv/lib/python3.14/site-packages/django/db/models/base.py:1210: in _do_insert
    return manager._insert(
.venv/lib/python3.14/site-packages/django/db/models/manager.py:87: in manager_method
    return getattr(self.get_queryset(), name)(*args, **kwargs)
           ^^^^^^^^^^^^^^^^^^^^^^^^^^^^^^^^^^^^^^^^^^^^^^^^^^^
.venv/lib/python3.14/site-packages/django/db/models/query.py:1873: in _insert
    return query.get_compiler(using=using).execute_sql(returning_fields)
           ^^^^^^^^^^^^^^^^^^^^^^^^^^^^^^^^^^^^^^^^^^^^^^^^^^^^^^^^^^^^^
.venv/lib/python3.14/site-packages/django/db/models/sql/compiler.py:1882: in execute_sql
    cursor.execute(sql, params)
.venv/lib/python3.14/site-packages/django/db/backends/utils.py:79: in execute
    return self._execute_with_wrappers(
.venv/lib/python3.14/site-packages/django/db/backends/utils.py:92: in _execute_with_wrappers
    return executor(sql, params, many, context)
           ^^^^^^^^^^^^^^^^^^^^^^^^^^^^^^^^^^^^
.venv/lib/python3.14/site-packages/django/db/backends/utils.py:100: in _execute
    with self.db.wrap_database_errors:
         ^^^^^^^^^^^^^^^^^^^^^^^^^^^^
.venv/lib/python3.14/site-packages/django/db/utils.py:91: in __exit__
    raise dj_exc_value.with_traceback(traceback) from exc_value
.venv/lib/python3.14/site-packages/django/db/backends/utils.py:105: in _execute
    return self.cursor.execute(sql, params)
           ^^^^^^^^^^^^^^^^^^^^^^^^^^^^^^^^
_ _ _ _ _ _ _ _ _ _ _ _ _ _ _ _ _ _ _ _ _ _ _ _ _ _ _ _ _ _ _ _ _ _ _ _ _ _ _ _ 

self = <django.db.backends.postgresql.base.Cursor [closed] [IDLE] (host=qualification-db user=postgres database=test_qualification) at 0x7d8c53509d30>
query = 'INSERT INTO "accounts_user" ("password", "last_login", "is_superuser", "id", "email", "first_name", "last_name", "is_staff", "is_active", "date_joined") VALUES (%s, %s, %s, %s, %s, %s, %s, %s, %s, %s)'
params = ('!eAvOB5clWje48jHXJ9laYnqcvCfoHP3W6PVQFh1A', None, False, UUID('d650c251-b41f-482d-ae58-a85733f0a63d'), 'reports@example.com', '', ...)
prepare = None, binary = None

    def execute(
        self,
        query: Query,
        params: Params | None = None,
        *,
        prepare: bool | None = None,
        binary: bool | None = None,
    ) -> Self:
        """
        Execute a query or command to the database.
        """
        try:
            with self._conn.lock:
                self._conn.wait(
                    self._execute_gen(query, params, prepare=prepare, binary=binary)
                )
        except e._NO_TRACEBACK as ex:
>           raise ex.with_traceback(None)
E           django.db.utils.IntegrityError: duplicate key value violates unique constraint "accounts_user_email_key"
E           DETAIL:  Key (email)=(reports@example.com) already exists.

.venv/lib/python3.14/site-packages/psycopg/cursor.py:117: IntegrityError
____ ERROR at teardown of test_server_manifest_cannot_be_supplied_by_caller ____

self = <django.db.backends.utils.CursorWrapper object at 0x7d8c52722f30>
sql = 'TRUNCATE "auth_group_permissions", "core_known_entities", "core_health_controls", "billing_stripewebhookevent", "acco...zationmember", "report_artifacts", "integrations_providerconnection", "integrations_providerevent", "catalog_product";'
params = None
ignored_wrapper_args = (False, {'connection': <DatabaseWrapper vendor='postgresql' alias='default'>, 'cursor': <django.db.backends.utils.CursorWrapper object at 0x7d8c52722f30>})

    def _execute(self, sql, params, *ignored_wrapper_args):
        # Raise a warning during app initialization (stored_app_configs is only
        # ever set during testing).
        if not apps.ready and not apps.stored_app_configs:
            warnings.warn(self.APPS_NOT_READY_WARNING_MSG, category=RuntimeWarning)
        self.db.validate_no_broken_transaction()
        with self.db.wrap_database_errors:
            if params is None:
                # params default might be backend specific.
>               return self.cursor.execute(sql)
                       ^^^^^^^^^^^^^^^^^^^^^^^^

.venv/lib/python3.14/site-packages/django/db/backends/utils.py:103: 
_ _ _ _ _ _ _ _ _ _ _ _ _ _ _ _ _ _ _ _ _ _ _ _ _ _ _ _ _ _ _ _ _ _ _ _ _ _ _ _ 

self = <django.db.backends.postgresql.base.Cursor [closed] [IDLE] (host=qualification-db user=postgres database=test_qualification) at 0x7d8c5350aeb0>
query = 'TRUNCATE "auth_group_permissions", "core_known_entities", "core_health_controls", "billing_stripewebhookevent", "acco...zationmember", "report_artifacts", "integrations_providerconnection", "integrations_providerevent", "catalog_product";'
params = None, prepare = None, binary = None

    def execute(
        self,
        query: Query,
        params: Params | None = None,
        *,
        prepare: bool | None = None,
        binary: bool | None = None,
    ) -> Self:
        """
        Execute a query or command to the database.
        """
        try:
            with self._conn.lock:
                self._conn.wait(
                    self._execute_gen(query, params, prepare=prepare, binary=binary)
                )
        except e._NO_TRACEBACK as ex:
>           raise ex.with_traceback(None)
E           psycopg.errors.FeatureNotSupported: cannot truncate a table referenced in a foreign key constraint
E           DETAIL:  Table "billing_admission_receipt" references "billing_paid_coverage".
E           HINT:  Truncate table "billing_admission_receipt" at the same time, or use TRUNCATE ... CASCADE.

.venv/lib/python3.14/site-packages/psycopg/cursor.py:117: FeatureNotSupported

The above exception was the direct cause of the following exception:

self = <django.core.management.commands.flush.Command object at 0x7d8c529501d0>
options = {'verbosity': 0, 'settings': None, 'pythonpath': None, 'traceback': False, ...}

        def handle(self, **options):
            database = options["database"]
            connection = connections[database]
            verbosity = options["verbosity"]
            interactive = options["interactive"]
            # The following are stealth options used by Django's internals.
            reset_sequences = options.get("reset_sequences", True)
            allow_cascade = options.get("allow_cascade", False)
            inhibit_post_migrate = options.get("inhibit_post_migrate", False)
    
            self.style = no_style()
    
            # Import the 'management' module within each installed app, to register
            # dispatcher events.
            for app_config in apps.get_app_configs():
                try:
                    import_module(".management", app_config.name)
                except ImportError:
                    pass
    
            sql_list = sql_flush(
                self.style,
                connection,
                reset_sequences=reset_sequences,
                allow_cascade=allow_cascade,
            )
    
            if interactive:
                confirm = input("""You have requested a flush of the database.
    This will IRREVERSIBLY DESTROY all data currently in the "%s" database,
    and return each table to an empty state.
    Are you sure you want to do this?
    
        Type 'yes' to continue, or 'no' to cancel: """ % connection.settings_dict["NAME"])
            else:
                confirm = "yes"
    
            if confirm == "yes":
                try:
>                   connection.ops.execute_sql_flush(sql_list)

.venv/lib/python3.14/site-packages/django/core/management/commands/flush.py:71: 
_ _ _ _ _ _ _ _ _ _ _ _ _ _ _ _ _ _ _ _ _ _ _ _ _ _ _ _ _ _ _ _ _ _ _ _ _ _ _ _ 
.venv/lib/python3.14/site-packages/django/db/backends/base/operations.py:473: in execute_sql_flush
    cursor.execute(sql)
.venv/lib/python3.14/site-packages/django/db/backends/utils.py:79: in execute
    return self._execute_with_wrappers(
.venv/lib/python3.14/site-packages/django/db/backends/utils.py:92: in _execute_with_wrappers
    return executor(sql, params, many, context)
           ^^^^^^^^^^^^^^^^^^^^^^^^^^^^^^^^^^^^
.venv/lib/python3.14/site-packages/django/db/backends/utils.py:100: in _execute
    with self.db.wrap_database_errors:
         ^^^^^^^^^^^^^^^^^^^^^^^^^^^^
.venv/lib/python3.14/site-packages/django/db/utils.py:91: in __exit__
    raise dj_exc_value.with_traceback(traceback) from exc_value
.venv/lib/python3.14/site-packages/django/db/backends/utils.py:103: in _execute
    return self.cursor.execute(sql)
           ^^^^^^^^^^^^^^^^^^^^^^^^
_ _ _ _ _ _ _ _ _ _ _ _ _ _ _ _ _ _ _ _ _ _ _ _ _ _ _ _ _ _ _ _ _ _ _ _ _ _ _ _ 

self = <django.db.backends.postgresql.base.Cursor [closed] [IDLE] (host=qualification-db user=postgres database=test_qualification) at 0x7d8c5350aeb0>
query = 'TRUNCATE "auth_group_permissions", "core_known_entities", "core_health_controls", "billing_stripewebhookevent", "acco...zationmember", "report_artifacts", "integrations_providerconnection", "integrations_providerevent", "catalog_product";'
params = None, prepare = None, binary = None

    def execute(
        self,
        query: Query,
        params: Params | None = None,
        *,
        prepare: bool | None = None,
        binary: bool | None = None,
    ) -> Self:
        """
        Execute a query or command to the database.
        """
        try:
            with self._conn.lock:
                self._conn.wait(
                    self._execute_gen(query, params, prepare=prepare, binary=binary)
                )
        except e._NO_TRACEBACK as ex:
>           raise ex.with_traceback(None)
E           django.db.utils.NotSupportedError: cannot truncate a table referenced in a foreign key constraint
E           DETAIL:  Table "billing_admission_receipt" references "billing_paid_coverage".
E           HINT:  Truncate table "billing_admission_receipt" at the same time, or use TRUNCATE ... CASCADE.

.venv/lib/python3.14/site-packages/psycopg/cursor.py:117: NotSupportedError

The above exception was the direct cause of the following exception:

request = <SubRequest '_django_db_helper' for <Function test_server_manifest_cannot_be_supplied_by_caller>>
django_db_setup = None
django_db_blocker = <pytest_django.plugin.DjangoDbBlocker object at 0x7d8c58045010>

    @pytest.fixture
    def _django_db_helper(
        request: pytest.FixtureRequest,
        django_db_setup: None,  # noqa: ARG001
        django_db_blocker: DjangoDbBlocker,
    ) -> Generator[None]:
        if is_django_unittest(request):
            yield
            return
    
        from django import VERSION
    
        marker = request.node.get_closest_marker("django_db")
        if marker:
            (
                transactional,
                reset_sequences,
                databases,
                serialized_rollback,
                available_apps,
            ) = validate_django_db(marker)
        else:
            (
                transactional,
                reset_sequences,
                databases,
                serialized_rollback,
                available_apps,
            ) = False, False, None, False, None
    
        transactional = (
            transactional
            or reset_sequences
            or ("transactional_db" in request.fixturenames or "live_server" in request.fixturenames)
        )
        reset_sequences = reset_sequences or ("django_db_reset_sequences" in request.fixturenames)
        serialized_rollback = serialized_rollback or (
            "django_db_serialized_rollback" in request.fixturenames
        )
    
        with django_db_blocker.unblock():
            import django.db
            import django.test
    
            if transactional:
                test_case_class = django.test.TransactionTestCase
            else:
                test_case_class = django.test.TestCase
    
            _reset_sequences = reset_sequences
            _serialized_rollback = serialized_rollback
            _databases = databases
            _available_apps = available_apps
    
            class PytestDjangoTestCase(test_case_class):  # type: ignore[misc,valid-type]
                reset_sequences = _reset_sequences
                serialized_rollback = _serialized_rollback
                if _databases is not None:
                    databases = _databases
                if _available_apps is not None:
                    available_apps = _available_apps
    
                # For non-transactional tests, skip executing `django.test.TestCase`'s
                # `setUpClass`/`tearDownClass`, only execute the super class ones.
                #
                # `TestCase`'s class setup manages the `setUpTestData`/class-level
                # transaction functionality. We don't use it; instead we (will) offer
                # our own alternatives. So it only adds overhead, and does some things
                # which conflict with our (planned) functionality, particularly, it
                # closes all database connections in `tearDownClass` which inhibits
                # wrapping tests in higher-scoped transactions.
                #
                # It's possible a new version of Django will add some unrelated
                # functionality to these methods, in which case skipping them completely
                # would not be desirable. Let's cross that bridge when we get there...
                if not transactional:
    
                    @classmethod
                    def setUpClass(cls) -> None:
                        super(django.test.TestCase, cls).setUpClass()
    
                    @classmethod
                    def tearDownClass(cls) -> None:
                        super(django.test.TestCase, cls).tearDownClass()
    
            PytestDjangoTestCase.setUpClass()
    
            test_case = PytestDjangoTestCase(methodName="__init__")
            if VERSION >= (6, 0):
                pre_setup_ran_eagerly = PytestDjangoTestCase._pre_setup_ran_eagerly
            else:
                pre_setup_ran_eagerly = getattr(PytestDjangoTestCase, "_pre_setup_ran_eagerly", False)
            if not pre_setup_ran_eagerly:
                # For a TransactionTestCase, setUpClass() has already run _pre_setup() and set
                # this flag to say so.
                test_case._pre_setup()
    
            yield
    
>           test_case._post_teardown()

.venv/lib/python3.14/site-packages/pytest_django/fixtures.py:305: 
_ _ _ _ _ _ _ _ _ _ _ _ _ _ _ _ _ _ _ _ _ _ _ _ _ _ _ _ _ _ _ _ _ _ _ _ _ _ _ _ 
.venv/lib/python3.14/site-packages/django/test/testcases.py:1231: in _post_teardown
    self._fixture_teardown()
.venv/lib/python3.14/site-packages/django/test/testcases.py:1266: in _fixture_teardown
    call_command(
.venv/lib/python3.14/site-packages/django/core/management/__init__.py:194: in call_command
    return command.execute(*args, **defaults)
           ^^^^^^^^^^^^^^^^^^^^^^^^^^^^^^^^^^
.venv/lib/python3.14/site-packages/django/core/management/base.py:464: in execute
    output = self.handle(*args, **options)
             ^^^^^^^^^^^^^^^^^^^^^^^^^^^^^
_ _ _ _ _ _ _ _ _ _ _ _ _ _ _ _ _ _ _ _ _ _ _ _ _ _ _ _ _ _ _ _ _ _ _ _ _ _ _ _ 

self = <django.core.management.commands.flush.Command object at 0x7d8c529501d0>
options = {'verbosity': 0, 'settings': None, 'pythonpath': None, 'traceback': False, ...}

        def handle(self, **options):
            database = options["database"]
            connection = connections[database]
            verbosity = options["verbosity"]
            interactive = options["interactive"]
            # The following are stealth options used by Django's internals.
            reset_sequences = options.get("reset_sequences", True)
            allow_cascade = options.get("allow_cascade", False)
            inhibit_post_migrate = options.get("inhibit_post_migrate", False)
    
            self.style = no_style()
    
            # Import the 'management' module within each installed app, to register
            # dispatcher events.
            for app_config in apps.get_app_configs():
                try:
                    import_module(".management", app_config.name)
                except ImportError:
                    pass
    
            sql_list = sql_flush(
                self.style,
                connection,
                reset_sequences=reset_sequences,
                allow_cascade=allow_cascade,
            )
    
            if interactive:
                confirm = input("""You have requested a flush of the database.
    This will IRREVERSIBLY DESTROY all data currently in the "%s" database,
    and return each table to an empty state.
    Are you sure you want to do this?
    
        Type 'yes' to continue, or 'no' to cancel: """ % connection.settings_dict["NAME"])
            else:
                confirm = "yes"
    
            if confirm == "yes":
                try:
                    connection.ops.execute_sql_flush(sql_list)
                except Exception as exc:
>                   raise CommandError(
                        "Database %s couldn't be flushed. Possible reasons:\n"
                        "  * The database isn't running or isn't configured correctly.\n"
                        "  * At least one of the expected database tables doesn't exist.\n"
                        "  * The SQL was invalid.\n"
                        "Hint: Look at the output of 'django-admin sqlflush'. "
                        "That's the SQL this command wasn't able to run."
                        % (connection.settings_dict["NAME"],)
                    ) from exc
E                   django.core.management.base.CommandError: Database test_qualification couldn't be flushed. Possible reasons:
E                     * The database isn't running or isn't configured correctly.
E                     * At least one of the expected database tables doesn't exist.
E                     * The SQL was invalid.
E                   Hint: Look at the output of 'django-admin sqlflush'. That's the SQL this command wasn't able to run.

.venv/lib/python3.14/site-packages/django/core/management/commands/flush.py:73: CommandError
_ ERROR at setup of test_reservation_has_no_timeout_or_arbitrary_release_interface _

self = <django.db.backends.utils.CursorWrapper object at 0x7d8c5332d910>
sql = 'INSERT INTO "accounts_user" ("password", "last_login", "is_superuser", "id", "email", "first_name", "last_name", "is_staff", "is_active", "date_joined") VALUES (%s, %s, %s, %s, %s, %s, %s, %s, %s, %s)'
params = ('!DBGgRiBv5nVqETxnn8EJpkBSZYO4gFYhRa1lGuWT', None, False, UUID('dbfd7086-7062-4909-bfb3-ed14625a7cc9'), 'reports@example.com', '', ...)
ignored_wrapper_args = (False, {'connection': <DatabaseWrapper vendor='postgresql' alias='default'>, 'cursor': <django.db.backends.utils.CursorWrapper object at 0x7d8c5332d910>})

    def _execute(self, sql, params, *ignored_wrapper_args):
        # Raise a warning during app initialization (stored_app_configs is only
        # ever set during testing).
        if not apps.ready and not apps.stored_app_configs:
            warnings.warn(self.APPS_NOT_READY_WARNING_MSG, category=RuntimeWarning)
        self.db.validate_no_broken_transaction()
        with self.db.wrap_database_errors:
            if params is None:
                # params default might be backend specific.
                return self.cursor.execute(sql)
            else:
>               return self.cursor.execute(sql, params)
                       ^^^^^^^^^^^^^^^^^^^^^^^^^^^^^^^^

.venv/lib/python3.14/site-packages/django/db/backends/utils.py:105: 
_ _ _ _ _ _ _ _ _ _ _ _ _ _ _ _ _ _ _ _ _ _ _ _ _ _ _ _ _ _ _ _ _ _ _ _ _ _ _ _ 

self = <django.db.backends.postgresql.base.Cursor [closed] [IDLE] (host=qualification-db user=postgres database=test_qualification) at 0x7d8c538bba10>
query = 'INSERT INTO "accounts_user" ("password", "last_login", "is_superuser", "id", "email", "first_name", "last_name", "is_staff", "is_active", "date_joined") VALUES (%s, %s, %s, %s, %s, %s, %s, %s, %s, %s)'
params = ('!DBGgRiBv5nVqETxnn8EJpkBSZYO4gFYhRa1lGuWT', None, False, UUID('dbfd7086-7062-4909-bfb3-ed14625a7cc9'), 'reports@example.com', '', ...)
prepare = None, binary = None

    def execute(
        self,
        query: Query,
        params: Params | None = None,
        *,
        prepare: bool | None = None,
        binary: bool | None = None,
    ) -> Self:
        """
        Execute a query or command to the database.
        """
        try:
            with self._conn.lock:
                self._conn.wait(
                    self._execute_gen(query, params, prepare=prepare, binary=binary)
                )
        except e._NO_TRACEBACK as ex:
>           raise ex.with_traceback(None)
E           psycopg.errors.UniqueViolation: duplicate key value violates unique constraint "accounts_user_email_key"
E           DETAIL:  Key (email)=(reports@example.com) already exists.

.venv/lib/python3.14/site-packages/psycopg/cursor.py:117: UniqueViolation

The above exception was the direct cause of the following exception:

client = <django.test.client.Client object at 0x7d8c52631db0>

    @pytest.fixture
    def report_context(client):
>       user = get_user_model().objects.create_user("reports@example.com")
               ^^^^^^^^^^^^^^^^^^^^^^^^^^^^^^^^^^^^^^^^^^^^^^^^^^^^^^^^^^^

tests/conftest.py:174: 
_ _ _ _ _ _ _ _ _ _ _ _ _ _ _ _ _ _ _ _ _ _ _ _ _ _ _ _ _ _ _ _ _ _ _ _ _ _ _ _ 
apps/accounts/managers.py:29: in create_user
    user.save(using=self._db)
.venv/lib/python3.14/site-packages/django/contrib/auth/base_user.py:65: in save
    super().save(*args, **kwargs)
.venv/lib/python3.14/site-packages/django/db/models/base.py:902: in save
    self.save_base(
.venv/lib/python3.14/site-packages/django/db/models/base.py:1008: in save_base
    updated = self._save_table(
.venv/lib/python3.14/site-packages/django/db/models/base.py:1169: in _save_table
    results = self._do_insert(
.venv/lib/python3.14/site-packages/django/db/models/base.py:1210: in _do_insert
    return manager._insert(
.venv/lib/python3.14/site-packages/django/db/models/manager.py:87: in manager_method
    return getattr(self.get_queryset(), name)(*args, **kwargs)
           ^^^^^^^^^^^^^^^^^^^^^^^^^^^^^^^^^^^^^^^^^^^^^^^^^^^
.venv/lib/python3.14/site-packages/django/db/models/query.py:1873: in _insert
    return query.get_compiler(using=using).execute_sql(returning_fields)
           ^^^^^^^^^^^^^^^^^^^^^^^^^^^^^^^^^^^^^^^^^^^^^^^^^^^^^^^^^^^^^
.venv/lib/python3.14/site-packages/django/db/models/sql/compiler.py:1882: in execute_sql
    cursor.execute(sql, params)
.venv/lib/python3.14/site-packages/django/db/backends/utils.py:79: in execute
    return self._execute_with_wrappers(
.venv/lib/python3.14/site-packages/django/db/backends/utils.py:92: in _execute_with_wrappers
    return executor(sql, params, many, context)
           ^^^^^^^^^^^^^^^^^^^^^^^^^^^^^^^^^^^^
.venv/lib/python3.14/site-packages/django/db/backends/utils.py:100: in _execute
    with self.db.wrap_database_errors:
         ^^^^^^^^^^^^^^^^^^^^^^^^^^^^
.venv/lib/python3.14/site-packages/django/db/utils.py:91: in __exit__
    raise dj_exc_value.with_traceback(traceback) from exc_value
.venv/lib/python3.14/site-packages/django/db/backends/utils.py:105: in _execute
    return self.cursor.execute(sql, params)
           ^^^^^^^^^^^^^^^^^^^^^^^^^^^^^^^^
_ _ _ _ _ _ _ _ _ _ _ _ _ _ _ _ _ _ _ _ _ _ _ _ _ _ _ _ _ _ _ _ _ _ _ _ _ _ _ _ 

self = <django.db.backends.postgresql.base.Cursor [closed] [IDLE] (host=qualification-db user=postgres database=test_qualification) at 0x7d8c538bba10>
query = 'INSERT INTO "accounts_user" ("password", "last_login", "is_superuser", "id", "email", "first_name", "last_name", "is_staff", "is_active", "date_joined") VALUES (%s, %s, %s, %s, %s, %s, %s, %s, %s, %s)'
params = ('!DBGgRiBv5nVqETxnn8EJpkBSZYO4gFYhRa1lGuWT', None, False, UUID('dbfd7086-7062-4909-bfb3-ed14625a7cc9'), 'reports@example.com', '', ...)
prepare = None, binary = None

    def execute(
        self,
        query: Query,
        params: Params | None = None,
        *,
        prepare: bool | None = None,
        binary: bool | None = None,
    ) -> Self:
        """
        Execute a query or command to the database.
        """
        try:
            with self._conn.lock:
                self._conn.wait(
                    self._execute_gen(query, params, prepare=prepare, binary=binary)
                )
        except e._NO_TRACEBACK as ex:
>           raise ex.with_traceback(None)
E           django.db.utils.IntegrityError: duplicate key value violates unique constraint "accounts_user_email_key"
E           DETAIL:  Key (email)=(reports@example.com) already exists.

.venv/lib/python3.14/site-packages/psycopg/cursor.py:117: IntegrityError
_ ERROR at teardown of test_reservation_has_no_timeout_or_arbitrary_release_interface _

self = <django.db.backends.utils.CursorWrapper object at 0x7d8c5274c530>
sql = 'TRUNCATE "auth_group_permissions", "core_known_entities", "core_health_controls", "billing_stripewebhookevent", "acco...zationmember", "report_artifacts", "integrations_providerconnection", "integrations_providerevent", "catalog_product";'
params = None
ignored_wrapper_args = (False, {'connection': <DatabaseWrapper vendor='postgresql' alias='default'>, 'cursor': <django.db.backends.utils.CursorWrapper object at 0x7d8c5274c530>})

    def _execute(self, sql, params, *ignored_wrapper_args):
        # Raise a warning during app initialization (stored_app_configs is only
        # ever set during testing).
        if not apps.ready and not apps.stored_app_configs:
            warnings.warn(self.APPS_NOT_READY_WARNING_MSG, category=RuntimeWarning)
        self.db.validate_no_broken_transaction()
        with self.db.wrap_database_errors:
            if params is None:
                # params default might be backend specific.
>               return self.cursor.execute(sql)
                       ^^^^^^^^^^^^^^^^^^^^^^^^

.venv/lib/python3.14/site-packages/django/db/backends/utils.py:103: 
_ _ _ _ _ _ _ _ _ _ _ _ _ _ _ _ _ _ _ _ _ _ _ _ _ _ _ _ _ _ _ _ _ _ _ _ _ _ _ _ 

self = <django.db.backends.postgresql.base.Cursor [closed] [IDLE] (host=qualification-db user=postgres database=test_qualification) at 0x7d8c538bb310>
query = 'TRUNCATE "auth_group_permissions", "core_known_entities", "core_health_controls", "billing_stripewebhookevent", "acco...zationmember", "report_artifacts", "integrations_providerconnection", "integrations_providerevent", "catalog_product";'
params = None, prepare = None, binary = None

    def execute(
        self,
        query: Query,
        params: Params | None = None,
        *,
        prepare: bool | None = None,
        binary: bool | None = None,
    ) -> Self:
        """
        Execute a query or command to the database.
        """
        try:
            with self._conn.lock:
                self._conn.wait(
                    self._execute_gen(query, params, prepare=prepare, binary=binary)
                )
        except e._NO_TRACEBACK as ex:
>           raise ex.with_traceback(None)
E           psycopg.errors.FeatureNotSupported: cannot truncate a table referenced in a foreign key constraint
E           DETAIL:  Table "billing_admission_receipt" references "billing_paid_coverage".
E           HINT:  Truncate table "billing_admission_receipt" at the same time, or use TRUNCATE ... CASCADE.

.venv/lib/python3.14/site-packages/psycopg/cursor.py:117: FeatureNotSupported

The above exception was the direct cause of the following exception:

self = <django.core.management.commands.flush.Command object at 0x7d8c52978050>
options = {'verbosity': 0, 'settings': None, 'pythonpath': None, 'traceback': False, ...}

        def handle(self, **options):
            database = options["database"]
            connection = connections[database]
            verbosity = options["verbosity"]
            interactive = options["interactive"]
            # The following are stealth options used by Django's internals.
            reset_sequences = options.get("reset_sequences", True)
            allow_cascade = options.get("allow_cascade", False)
            inhibit_post_migrate = options.get("inhibit_post_migrate", False)
    
            self.style = no_style()
    
            # Import the 'management' module within each installed app, to register
            # dispatcher events.
            for app_config in apps.get_app_configs():
                try:
                    import_module(".management", app_config.name)
                except ImportError:
                    pass
    
            sql_list = sql_flush(
                self.style,
                connection,
                reset_sequences=reset_sequences,
                allow_cascade=allow_cascade,
            )
    
            if interactive:
                confirm = input("""You have requested a flush of the database.
    This will IRREVERSIBLY DESTROY all data currently in the "%s" database,
    and return each table to an empty state.
    Are you sure you want to do this?
    
        Type 'yes' to continue, or 'no' to cancel: """ % connection.settings_dict["NAME"])
            else:
                confirm = "yes"
    
            if confirm == "yes":
                try:
>                   connection.ops.execute_sql_flush(sql_list)

.venv/lib/python3.14/site-packages/django/core/management/commands/flush.py:71: 
_ _ _ _ _ _ _ _ _ _ _ _ _ _ _ _ _ _ _ _ _ _ _ _ _ _ _ _ _ _ _ _ _ _ _ _ _ _ _ _ 
.venv/lib/python3.14/site-packages/django/db/backends/base/operations.py:473: in execute_sql_flush
    cursor.execute(sql)
.venv/lib/python3.14/site-packages/django/db/backends/utils.py:79: in execute
    return self._execute_with_wrappers(
.venv/lib/python3.14/site-packages/django/db/backends/utils.py:92: in _execute_with_wrappers
    return executor(sql, params, many, context)
           ^^^^^^^^^^^^^^^^^^^^^^^^^^^^^^^^^^^^
.venv/lib/python3.14/site-packages/django/db/backends/utils.py:100: in _execute
    with self.db.wrap_database_errors:
         ^^^^^^^^^^^^^^^^^^^^^^^^^^^^
.venv/lib/python3.14/site-packages/django/db/utils.py:91: in __exit__
    raise dj_exc_value.with_traceback(traceback) from exc_value
.venv/lib/python3.14/site-packages/django/db/backends/utils.py:103: in _execute
    return self.cursor.execute(sql)
           ^^^^^^^^^^^^^^^^^^^^^^^^
_ _ _ _ _ _ _ _ _ _ _ _ _ _ _ _ _ _ _ _ _ _ _ _ _ _ _ _ _ _ _ _ _ _ _ _ _ _ _ _ 

self = <django.db.backends.postgresql.base.Cursor [closed] [IDLE] (host=qualification-db user=postgres database=test_qualification) at 0x7d8c538bb310>
query = 'TRUNCATE "auth_group_permissions", "core_known_entities", "core_health_controls", "billing_stripewebhookevent", "acco...zationmember", "report_artifacts", "integrations_providerconnection", "integrations_providerevent", "catalog_product";'
params = None, prepare = None, binary = None

    def execute(
        self,
        query: Query,
        params: Params | None = None,
        *,
        prepare: bool | None = None,
        binary: bool | None = None,
    ) -> Self:
        """
        Execute a query or command to the database.
        """
        try:
            with self._conn.lock:
                self._conn.wait(
                    self._execute_gen(query, params, prepare=prepare, binary=binary)
                )
        except e._NO_TRACEBACK as ex:
>           raise ex.with_traceback(None)
E           django.db.utils.NotSupportedError: cannot truncate a table referenced in a foreign key constraint
E           DETAIL:  Table "billing_admission_receipt" references "billing_paid_coverage".
E           HINT:  Truncate table "billing_admission_receipt" at the same time, or use TRUNCATE ... CASCADE.

.venv/lib/python3.14/site-packages/psycopg/cursor.py:117: NotSupportedError

The above exception was the direct cause of the following exception:

request = <SubRequest '_django_db_helper' for <Function test_reservation_has_no_timeout_or_arbitrary_release_interface>>
django_db_setup = None
django_db_blocker = <pytest_django.plugin.DjangoDbBlocker object at 0x7d8c58045010>

    @pytest.fixture
    def _django_db_helper(
        request: pytest.FixtureRequest,
        django_db_setup: None,  # noqa: ARG001
        django_db_blocker: DjangoDbBlocker,
    ) -> Generator[None]:
        if is_django_unittest(request):
            yield
            return
    
        from django import VERSION
    
        marker = request.node.get_closest_marker("django_db")
        if marker:
            (
                transactional,
                reset_sequences,
                databases,
                serialized_rollback,
                available_apps,
            ) = validate_django_db(marker)
        else:
            (
                transactional,
                reset_sequences,
                databases,
                serialized_rollback,
                available_apps,
            ) = False, False, None, False, None
    
        transactional = (
            transactional
            or reset_sequences
            or ("transactional_db" in request.fixturenames or "live_server" in request.fixturenames)
        )
        reset_sequences = reset_sequences or ("django_db_reset_sequences" in request.fixturenames)
        serialized_rollback = serialized_rollback or (
            "django_db_serialized_rollback" in request.fixturenames
        )
    
        with django_db_blocker.unblock():
            import django.db
            import django.test
    
            if transactional:
                test_case_class = django.test.TransactionTestCase
            else:
                test_case_class = django.test.TestCase
    
            _reset_sequences = reset_sequences
            _serialized_rollback = serialized_rollback
            _databases = databases
            _available_apps = available_apps
    
            class PytestDjangoTestCase(test_case_class):  # type: ignore[misc,valid-type]
                reset_sequences = _reset_sequences
                serialized_rollback = _serialized_rollback
                if _databases is not None:
                    databases = _databases
                if _available_apps is not None:
                    available_apps = _available_apps
    
                # For non-transactional tests, skip executing `django.test.TestCase`'s
                # `setUpClass`/`tearDownClass`, only execute the super class ones.
                #
                # `TestCase`'s class setup manages the `setUpTestData`/class-level
                # transaction functionality. We don't use it; instead we (will) offer
                # our own alternatives. So it only adds overhead, and does some things
                # which conflict with our (planned) functionality, particularly, it
                # closes all database connections in `tearDownClass` which inhibits
                # wrapping tests in higher-scoped transactions.
                #
                # It's possible a new version of Django will add some unrelated
                # functionality to these methods, in which case skipping them completely
                # would not be desirable. Let's cross that bridge when we get there...
                if not transactional:
    
                    @classmethod
                    def setUpClass(cls) -> None:
                        super(django.test.TestCase, cls).setUpClass()
    
                    @classmethod
                    def tearDownClass(cls) -> None:
                        super(django.test.TestCase, cls).tearDownClass()
    
            PytestDjangoTestCase.setUpClass()
    
            test_case = PytestDjangoTestCase(methodName="__init__")
            if VERSION >= (6, 0):
                pre_setup_ran_eagerly = PytestDjangoTestCase._pre_setup_ran_eagerly
            else:
                pre_setup_ran_eagerly = getattr(PytestDjangoTestCase, "_pre_setup_ran_eagerly", False)
            if not pre_setup_ran_eagerly:
                # For a TransactionTestCase, setUpClass() has already run _pre_setup() and set
                # this flag to say so.
                test_case._pre_setup()
    
            yield
    
>           test_case._post_teardown()

.venv/lib/python3.14/site-packages/pytest_django/fixtures.py:305: 
_ _ _ _ _ _ _ _ _ _ _ _ _ _ _ _ _ _ _ _ _ _ _ _ _ _ _ _ _ _ _ _ _ _ _ _ _ _ _ _ 
.venv/lib/python3.14/site-packages/django/test/testcases.py:1231: in _post_teardown
    self._fixture_teardown()
.venv/lib/python3.14/site-packages/django/test/testcases.py:1266: in _fixture_teardown
    call_command(
.venv/lib/python3.14/site-packages/django/core/management/__init__.py:194: in call_command
    return command.execute(*args, **defaults)
           ^^^^^^^^^^^^^^^^^^^^^^^^^^^^^^^^^^
.venv/lib/python3.14/site-packages/django/core/management/base.py:464: in execute
    output = self.handle(*args, **options)
             ^^^^^^^^^^^^^^^^^^^^^^^^^^^^^
_ _ _ _ _ _ _ _ _ _ _ _ _ _ _ _ _ _ _ _ _ _ _ _ _ _ _ _ _ _ _ _ _ _ _ _ _ _ _ _ 

self = <django.core.management.commands.flush.Command object at 0x7d8c52978050>
options = {'verbosity': 0, 'settings': None, 'pythonpath': None, 'traceback': False, ...}

        def handle(self, **options):
            database = options["database"]
            connection = connections[database]
            verbosity = options["verbosity"]
            interactive = options["interactive"]
            # The following are stealth options used by Django's internals.
            reset_sequences = options.get("reset_sequences", True)
            allow_cascade = options.get("allow_cascade", False)
            inhibit_post_migrate = options.get("inhibit_post_migrate", False)
    
            self.style = no_style()
    
            # Import the 'management' module within each installed app, to register
            # dispatcher events.
            for app_config in apps.get_app_configs():
                try:
                    import_module(".management", app_config.name)
                except ImportError:
                    pass
    
            sql_list = sql_flush(
                self.style,
                connection,
                reset_sequences=reset_sequences,
                allow_cascade=allow_cascade,
            )
    
            if interactive:
                confirm = input("""You have requested a flush of the database.
    This will IRREVERSIBLY DESTROY all data currently in the "%s" database,
    and return each table to an empty state.
    Are you sure you want to do this?
    
        Type 'yes' to continue, or 'no' to cancel: """ % connection.settings_dict["NAME"])
            else:
                confirm = "yes"
    
            if confirm == "yes":
                try:
                    connection.ops.execute_sql_flush(sql_list)
                except Exception as exc:
>                   raise CommandError(
                        "Database %s couldn't be flushed. Possible reasons:\n"
                        "  * The database isn't running or isn't configured correctly.\n"
                        "  * At least one of the expected database tables doesn't exist.\n"
                        "  * The SQL was invalid.\n"
                        "Hint: Look at the output of 'django-admin sqlflush'. "
                        "That's the SQL this command wasn't able to run."
                        % (connection.settings_dict["NAME"],)
                    ) from exc
E                   django.core.management.base.CommandError: Database test_qualification couldn't be flushed. Possible reasons:
E                     * The database isn't running or isn't configured correctly.
E                     * At least one of the expected database tables doesn't exist.
E                     * The SQL was invalid.
E                   Hint: Look at the output of 'django-admin sqlflush'. That's the SQL this command wasn't able to run.

.venv/lib/python3.14/site-packages/django/core/management/commands/flush.py:73: CommandError
____ ERROR at setup of test_raw_issuer_rejects_corrupt_same_tenant_snapshot ____

self = <django.db.backends.utils.CursorWrapper object at 0x7d8c533f3d70>
sql = 'INSERT INTO "accounts_user" ("password", "last_login", "is_superuser", "id", "email", "first_name", "last_name", "is_staff", "is_active", "date_joined") VALUES (%s, %s, %s, %s, %s, %s, %s, %s, %s, %s)'
params = ('!ZZWT5zPZz9ooR9d4b0Aw2zv11ifucdYpV1sTtgSb', None, False, UUID('2d8428c4-69ef-4c4c-8835-42d4c3afd549'), 'reports@example.com', '', ...)
ignored_wrapper_args = (False, {'connection': <DatabaseWrapper vendor='postgresql' alias='default'>, 'cursor': <django.db.backends.utils.CursorWrapper object at 0x7d8c533f3d70>})

    def _execute(self, sql, params, *ignored_wrapper_args):
        # Raise a warning during app initialization (stored_app_configs is only
        # ever set during testing).
        if not apps.ready and not apps.stored_app_configs:
            warnings.warn(self.APPS_NOT_READY_WARNING_MSG, category=RuntimeWarning)
        self.db.validate_no_broken_transaction()
        with self.db.wrap_database_errors:
            if params is None:
                # params default might be backend specific.
                return self.cursor.execute(sql)
            else:
>               return self.cursor.execute(sql, params)
                       ^^^^^^^^^^^^^^^^^^^^^^^^^^^^^^^^

.venv/lib/python3.14/site-packages/django/db/backends/utils.py:105: 
_ _ _ _ _ _ _ _ _ _ _ _ _ _ _ _ _ _ _ _ _ _ _ _ _ _ _ _ _ _ _ _ _ _ _ _ _ _ _ _ 

self = <django.db.backends.postgresql.base.Cursor [closed] [IDLE] (host=qualification-db user=postgres database=test_qualification) at 0x7d8c538ba430>
query = 'INSERT INTO "accounts_user" ("password", "last_login", "is_superuser", "id", "email", "first_name", "last_name", "is_staff", "is_active", "date_joined") VALUES (%s, %s, %s, %s, %s, %s, %s, %s, %s, %s)'
params = ('!ZZWT5zPZz9ooR9d4b0Aw2zv11ifucdYpV1sTtgSb', None, False, UUID('2d8428c4-69ef-4c4c-8835-42d4c3afd549'), 'reports@example.com', '', ...)
prepare = None, binary = None

    def execute(
        self,
        query: Query,
        params: Params | None = None,
        *,
        prepare: bool | None = None,
        binary: bool | None = None,
    ) -> Self:
        """
        Execute a query or command to the database.
        """
        try:
            with self._conn.lock:
                self._conn.wait(
                    self._execute_gen(query, params, prepare=prepare, binary=binary)
                )
        except e._NO_TRACEBACK as ex:
>           raise ex.with_traceback(None)
E           psycopg.errors.UniqueViolation: duplicate key value violates unique constraint "accounts_user_email_key"
E           DETAIL:  Key (email)=(reports@example.com) already exists.

.venv/lib/python3.14/site-packages/psycopg/cursor.py:117: UniqueViolation

The above exception was the direct cause of the following exception:

client = <django.test.client.Client object at 0x7d8c526311d0>

    @pytest.fixture
    def report_context(client):
>       user = get_user_model().objects.create_user("reports@example.com")
               ^^^^^^^^^^^^^^^^^^^^^^^^^^^^^^^^^^^^^^^^^^^^^^^^^^^^^^^^^^^

tests/conftest.py:174: 
_ _ _ _ _ _ _ _ _ _ _ _ _ _ _ _ _ _ _ _ _ _ _ _ _ _ _ _ _ _ _ _ _ _ _ _ _ _ _ _ 
apps/accounts/managers.py:29: in create_user
    user.save(using=self._db)
.venv/lib/python3.14/site-packages/django/contrib/auth/base_user.py:65: in save
    super().save(*args, **kwargs)
.venv/lib/python3.14/site-packages/django/db/models/base.py:902: in save
    self.save_base(
.venv/lib/python3.14/site-packages/django/db/models/base.py:1008: in save_base
    updated = self._save_table(
.venv/lib/python3.14/site-packages/django/db/models/base.py:1169: in _save_table
    results = self._do_insert(
.venv/lib/python3.14/site-packages/django/db/models/base.py:1210: in _do_insert
    return manager._insert(
.venv/lib/python3.14/site-packages/django/db/models/manager.py:87: in manager_method
    return getattr(self.get_queryset(), name)(*args, **kwargs)
           ^^^^^^^^^^^^^^^^^^^^^^^^^^^^^^^^^^^^^^^^^^^^^^^^^^^
.venv/lib/python3.14/site-packages/django/db/models/query.py:1873: in _insert
    return query.get_compiler(using=using).execute_sql(returning_fields)
           ^^^^^^^^^^^^^^^^^^^^^^^^^^^^^^^^^^^^^^^^^^^^^^^^^^^^^^^^^^^^^
.venv/lib/python3.14/site-packages/django/db/models/sql/compiler.py:1882: in execute_sql
    cursor.execute(sql, params)
.venv/lib/python3.14/site-packages/django/db/backends/utils.py:79: in execute
    return self._execute_with_wrappers(
.venv/lib/python3.14/site-packages/django/db/backends/utils.py:92: in _execute_with_wrappers
    return executor(sql, params, many, context)
           ^^^^^^^^^^^^^^^^^^^^^^^^^^^^^^^^^^^^
.venv/lib/python3.14/site-packages/django/db/backends/utils.py:100: in _execute
    with self.db.wrap_database_errors:
         ^^^^^^^^^^^^^^^^^^^^^^^^^^^^
.venv/lib/python3.14/site-packages/django/db/utils.py:91: in __exit__
    raise dj_exc_value.with_traceback(traceback) from exc_value
.venv/lib/python3.14/site-packages/django/db/backends/utils.py:105: in _execute
    return self.cursor.execute(sql, params)
           ^^^^^^^^^^^^^^^^^^^^^^^^^^^^^^^^
_ _ _ _ _ _ _ _ _ _ _ _ _ _ _ _ _ _ _ _ _ _ _ _ _ _ _ _ _ _ _ _ _ _ _ _ _ _ _ _ 

self = <django.db.backends.postgresql.base.Cursor [closed] [IDLE] (host=qualification-db user=postgres database=test_qualification) at 0x7d8c538ba430>
query = 'INSERT INTO "accounts_user" ("password", "last_login", "is_superuser", "id", "email", "first_name", "last_name", "is_staff", "is_active", "date_joined") VALUES (%s, %s, %s, %s, %s, %s, %s, %s, %s, %s)'
params = ('!ZZWT5zPZz9ooR9d4b0Aw2zv11ifucdYpV1sTtgSb', None, False, UUID('2d8428c4-69ef-4c4c-8835-42d4c3afd549'), 'reports@example.com', '', ...)
prepare = None, binary = None

    def execute(
        self,
        query: Query,
        params: Params | None = None,
        *,
        prepare: bool | None = None,
        binary: bool | None = None,
    ) -> Self:
        """
        Execute a query or command to the database.
        """
        try:
            with self._conn.lock:
                self._conn.wait(
                    self._execute_gen(query, params, prepare=prepare, binary=binary)
                )
        except e._NO_TRACEBACK as ex:
>           raise ex.with_traceback(None)
E           django.db.utils.IntegrityError: duplicate key value violates unique constraint "accounts_user_email_key"
E           DETAIL:  Key (email)=(reports@example.com) already exists.

.venv/lib/python3.14/site-packages/psycopg/cursor.py:117: IntegrityError
__ ERROR at teardown of test_raw_issuer_rejects_corrupt_same_tenant_snapshot ___

self = <django.db.backends.utils.CursorWrapper object at 0x7d8c52ac22d0>
sql = 'TRUNCATE "auth_group_permissions", "core_known_entities", "core_health_controls", "billing_stripewebhookevent", "acco...zationmember", "report_artifacts", "integrations_providerconnection", "integrations_providerevent", "catalog_product";'
params = None
ignored_wrapper_args = (False, {'connection': <DatabaseWrapper vendor='postgresql' alias='default'>, 'cursor': <django.db.backends.utils.CursorWrapper object at 0x7d8c52ac22d0>})

    def _execute(self, sql, params, *ignored_wrapper_args):
        # Raise a warning during app initialization (stored_app_configs is only
        # ever set during testing).
        if not apps.ready and not apps.stored_app_configs:
            warnings.warn(self.APPS_NOT_READY_WARNING_MSG, category=RuntimeWarning)
        self.db.validate_no_broken_transaction()
        with self.db.wrap_database_errors:
            if params is None:
                # params default might be backend specific.
>               return self.cursor.execute(sql)
                       ^^^^^^^^^^^^^^^^^^^^^^^^

.venv/lib/python3.14/site-packages/django/db/backends/utils.py:103: 
_ _ _ _ _ _ _ _ _ _ _ _ _ _ _ _ _ _ _ _ _ _ _ _ _ _ _ _ _ _ _ _ _ _ _ _ _ _ _ _ 

self = <django.db.backends.postgresql.base.Cursor [closed] [IDLE] (host=qualification-db user=postgres database=test_qualification) at 0x7d8c538ba970>
query = 'TRUNCATE "auth_group_permissions", "core_known_entities", "core_health_controls", "billing_stripewebhookevent", "acco...zationmember", "report_artifacts", "integrations_providerconnection", "integrations_providerevent", "catalog_product";'
params = None, prepare = None, binary = None

    def execute(
        self,
        query: Query,
        params: Params | None = None,
        *,
        prepare: bool | None = None,
        binary: bool | None = None,
    ) -> Self:
        """
        Execute a query or command to the database.
        """
        try:
            with self._conn.lock:
                self._conn.wait(
                    self._execute_gen(query, params, prepare=prepare, binary=binary)
                )
        except e._NO_TRACEBACK as ex:
>           raise ex.with_traceback(None)
E           psycopg.errors.FeatureNotSupported: cannot truncate a table referenced in a foreign key constraint
E           DETAIL:  Table "billing_admission_receipt" references "billing_paid_coverage".
E           HINT:  Truncate table "billing_admission_receipt" at the same time, or use TRUNCATE ... CASCADE.

.venv/lib/python3.14/site-packages/psycopg/cursor.py:117: FeatureNotSupported

The above exception was the direct cause of the following exception:

self = <django.core.management.commands.flush.Command object at 0x7d8c52741860>
options = {'verbosity': 0, 'settings': None, 'pythonpath': None, 'traceback': False, ...}

        def handle(self, **options):
            database = options["database"]
            connection = connections[database]
            verbosity = options["verbosity"]
            interactive = options["interactive"]
            # The following are stealth options used by Django's internals.
            reset_sequences = options.get("reset_sequences", True)
            allow_cascade = options.get("allow_cascade", False)
            inhibit_post_migrate = options.get("inhibit_post_migrate", False)
    
            self.style = no_style()
    
            # Import the 'management' module within each installed app, to register
            # dispatcher events.
            for app_config in apps.get_app_configs():
                try:
                    import_module(".management", app_config.name)
                except ImportError:
                    pass
    
            sql_list = sql_flush(
                self.style,
                connection,
                reset_sequences=reset_sequences,
                allow_cascade=allow_cascade,
            )
    
            if interactive:
                confirm = input("""You have requested a flush of the database.
    This will IRREVERSIBLY DESTROY all data currently in the "%s" database,
    and return each table to an empty state.
    Are you sure you want to do this?
    
        Type 'yes' to continue, or 'no' to cancel: """ % connection.settings_dict["NAME"])
            else:
                confirm = "yes"
    
            if confirm == "yes":
                try:
>                   connection.ops.execute_sql_flush(sql_list)

.venv/lib/python3.14/site-packages/django/core/management/commands/flush.py:71: 
_ _ _ _ _ _ _ _ _ _ _ _ _ _ _ _ _ _ _ _ _ _ _ _ _ _ _ _ _ _ _ _ _ _ _ _ _ _ _ _ 
.venv/lib/python3.14/site-packages/django/db/backends/base/operations.py:473: in execute_sql_flush
    cursor.execute(sql)
.venv/lib/python3.14/site-packages/django/db/backends/utils.py:79: in execute
    return self._execute_with_wrappers(
.venv/lib/python3.14/site-packages/django/db/backends/utils.py:92: in _execute_with_wrappers
    return executor(sql, params, many, context)
           ^^^^^^^^^^^^^^^^^^^^^^^^^^^^^^^^^^^^
.venv/lib/python3.14/site-packages/django/db/backends/utils.py:100: in _execute
    with self.db.wrap_database_errors:
         ^^^^^^^^^^^^^^^^^^^^^^^^^^^^
.venv/lib/python3.14/site-packages/django/db/utils.py:91: in __exit__
    raise dj_exc_value.with_traceback(traceback) from exc_value
.venv/lib/python3.14/site-packages/django/db/backends/utils.py:103: in _execute
    return self.cursor.execute(sql)
           ^^^^^^^^^^^^^^^^^^^^^^^^
_ _ _ _ _ _ _ _ _ _ _ _ _ _ _ _ _ _ _ _ _ _ _ _ _ _ _ _ _ _ _ _ _ _ _ _ _ _ _ _ 

self = <django.db.backends.postgresql.base.Cursor [closed] [IDLE] (host=qualification-db user=postgres database=test_qualification) at 0x7d8c538ba970>
query = 'TRUNCATE "auth_group_permissions", "core_known_entities", "core_health_controls", "billing_stripewebhookevent", "acco...zationmember", "report_artifacts", "integrations_providerconnection", "integrations_providerevent", "catalog_product";'
params = None, prepare = None, binary = None

    def execute(
        self,
        query: Query,
        params: Params | None = None,
        *,
        prepare: bool | None = None,
        binary: bool | None = None,
    ) -> Self:
        """
        Execute a query or command to the database.
        """
        try:
            with self._conn.lock:
                self._conn.wait(
                    self._execute_gen(query, params, prepare=prepare, binary=binary)
                )
        except e._NO_TRACEBACK as ex:
>           raise ex.with_traceback(None)
E           django.db.utils.NotSupportedError: cannot truncate a table referenced in a foreign key constraint
E           DETAIL:  Table "billing_admission_receipt" references "billing_paid_coverage".
E           HINT:  Truncate table "billing_admission_receipt" at the same time, or use TRUNCATE ... CASCADE.

.venv/lib/python3.14/site-packages/psycopg/cursor.py:117: NotSupportedError

The above exception was the direct cause of the following exception:

request = <SubRequest '_django_db_helper' for <Function test_raw_issuer_rejects_corrupt_same_tenant_snapshot>>
django_db_setup = None
django_db_blocker = <pytest_django.plugin.DjangoDbBlocker object at 0x7d8c58045010>

    @pytest.fixture
    def _django_db_helper(
        request: pytest.FixtureRequest,
        django_db_setup: None,  # noqa: ARG001
        django_db_blocker: DjangoDbBlocker,
    ) -> Generator[None]:
        if is_django_unittest(request):
            yield
            return
    
        from django import VERSION
    
        marker = request.node.get_closest_marker("django_db")
        if marker:
            (
                transactional,
                reset_sequences,
                databases,
                serialized_rollback,
                available_apps,
            ) = validate_django_db(marker)
        else:
            (
                transactional,
                reset_sequences,
                databases,
                serialized_rollback,
                available_apps,
            ) = False, False, None, False, None
    
        transactional = (
            transactional
            or reset_sequences
            or ("transactional_db" in request.fixturenames or "live_server" in request.fixturenames)
        )
        reset_sequences = reset_sequences or ("django_db_reset_sequences" in request.fixturenames)
        serialized_rollback = serialized_rollback or (
            "django_db_serialized_rollback" in request.fixturenames
        )
    
        with django_db_blocker.unblock():
            import django.db
            import django.test
    
            if transactional:
                test_case_class = django.test.TransactionTestCase
            else:
                test_case_class = django.test.TestCase
    
            _reset_sequences = reset_sequences
            _serialized_rollback = serialized_rollback
            _databases = databases
            _available_apps = available_apps
    
            class PytestDjangoTestCase(test_case_class):  # type: ignore[misc,valid-type]
                reset_sequences = _reset_sequences
                serialized_rollback = _serialized_rollback
                if _databases is not None:
                    databases = _databases
                if _available_apps is not None:
                    available_apps = _available_apps
    
                # For non-transactional tests, skip executing `django.test.TestCase`'s
                # `setUpClass`/`tearDownClass`, only execute the super class ones.
                #
                # `TestCase`'s class setup manages the `setUpTestData`/class-level
                # transaction functionality. We don't use it; instead we (will) offer
                # our own alternatives. So it only adds overhead, and does some things
                # which conflict with our (planned) functionality, particularly, it
                # closes all database connections in `tearDownClass` which inhibits
                # wrapping tests in higher-scoped transactions.
                #
                # It's possible a new version of Django will add some unrelated
                # functionality to these methods, in which case skipping them completely
                # would not be desirable. Let's cross that bridge when we get there...
                if not transactional:
    
                    @classmethod
                    def setUpClass(cls) -> None:
                        super(django.test.TestCase, cls).setUpClass()
    
                    @classmethod
                    def tearDownClass(cls) -> None:
                        super(django.test.TestCase, cls).tearDownClass()
    
            PytestDjangoTestCase.setUpClass()
    
            test_case = PytestDjangoTestCase(methodName="__init__")
            if VERSION >= (6, 0):
                pre_setup_ran_eagerly = PytestDjangoTestCase._pre_setup_ran_eagerly
            else:
                pre_setup_ran_eagerly = getattr(PytestDjangoTestCase, "_pre_setup_ran_eagerly", False)
            if not pre_setup_ran_eagerly:
                # For a TransactionTestCase, setUpClass() has already run _pre_setup() and set
                # this flag to say so.
                test_case._pre_setup()
    
            yield
    
>           test_case._post_teardown()

.venv/lib/python3.14/site-packages/pytest_django/fixtures.py:305: 
_ _ _ _ _ _ _ _ _ _ _ _ _ _ _ _ _ _ _ _ _ _ _ _ _ _ _ _ _ _ _ _ _ _ _ _ _ _ _ _ 
.venv/lib/python3.14/site-packages/django/test/testcases.py:1231: in _post_teardown
    self._fixture_teardown()
.venv/lib/python3.14/site-packages/django/test/testcases.py:1266: in _fixture_teardown
    call_command(
.venv/lib/python3.14/site-packages/django/core/management/__init__.py:194: in call_command
    return command.execute(*args, **defaults)
           ^^^^^^^^^^^^^^^^^^^^^^^^^^^^^^^^^^
.venv/lib/python3.14/site-packages/django/core/management/base.py:464: in execute
    output = self.handle(*args, **options)
             ^^^^^^^^^^^^^^^^^^^^^^^^^^^^^
_ _ _ _ _ _ _ _ _ _ _ _ _ _ _ _ _ _ _ _ _ _ _ _ _ _ _ _ _ _ _ _ _ _ _ _ _ _ _ _ 

self = <django.core.management.commands.flush.Command object at 0x7d8c52741860>
options = {'verbosity': 0, 'settings': None, 'pythonpath': None, 'traceback': False, ...}

        def handle(self, **options):
            database = options["database"]
            connection = connections[database]
            verbosity = options["verbosity"]
            interactive = options["interactive"]
            # The following are stealth options used by Django's internals.
            reset_sequences = options.get("reset_sequences", True)
            allow_cascade = options.get("allow_cascade", False)
            inhibit_post_migrate = options.get("inhibit_post_migrate", False)
    
            self.style = no_style()
    
            # Import the 'management' module within each installed app, to register
            # dispatcher events.
            for app_config in apps.get_app_configs():
                try:
                    import_module(".management", app_config.name)
                except ImportError:
                    pass
    
            sql_list = sql_flush(
                self.style,
                connection,
                reset_sequences=reset_sequences,
                allow_cascade=allow_cascade,
            )
    
            if interactive:
                confirm = input("""You have requested a flush of the database.
    This will IRREVERSIBLY DESTROY all data currently in the "%s" database,
    and return each table to an empty state.
    Are you sure you want to do this?
    
        Type 'yes' to continue, or 'no' to cancel: """ % connection.settings_dict["NAME"])
            else:
                confirm = "yes"
    
            if confirm == "yes":
                try:
                    connection.ops.execute_sql_flush(sql_list)
                except Exception as exc:
>                   raise CommandError(
                        "Database %s couldn't be flushed. Possible reasons:\n"
                        "  * The database isn't running or isn't configured correctly.\n"
                        "  * At least one of the expected database tables doesn't exist.\n"
                        "  * The SQL was invalid.\n"
                        "Hint: Look at the output of 'django-admin sqlflush'. "
                        "That's the SQL this command wasn't able to run."
                        % (connection.settings_dict["NAME"],)
                    ) from exc
E                   django.core.management.base.CommandError: Database test_qualification couldn't be flushed. Possible reasons:
E                     * The database isn't running or isn't configured correctly.
E                     * At least one of the expected database tables doesn't exist.
E                     * The SQL was invalid.
E                   Hint: Look at the output of 'django-admin sqlflush'. That's the SQL this command wasn't able to run.

.venv/lib/python3.14/site-packages/django/core/management/commands/flush.py:73: CommandError
_ ERROR at setup of test_quota_counts_held_reservations_against_exact_admitted_interval _

self = <django.db.backends.utils.CursorWrapper object at 0x7d8c5275fa10>
sql = 'INSERT INTO "accounts_user" ("password", "last_login", "is_superuser", "id", "email", "first_name", "last_name", "is_staff", "is_active", "date_joined") VALUES (%s, %s, %s, %s, %s, %s, %s, %s, %s, %s)'
params = ('!G3TYxOHTVmjg11KfUUnA3vDZXkm98muTeh5l9r1U', None, False, UUID('f4f29339-92f1-4ae0-aebe-e5a81b0e4fcb'), 'reports@example.com', '', ...)
ignored_wrapper_args = (False, {'connection': <DatabaseWrapper vendor='postgresql' alias='default'>, 'cursor': <django.db.backends.utils.CursorWrapper object at 0x7d8c5275fa10>})

    def _execute(self, sql, params, *ignored_wrapper_args):
        # Raise a warning during app initialization (stored_app_configs is only
        # ever set during testing).
        if not apps.ready and not apps.stored_app_configs:
            warnings.warn(self.APPS_NOT_READY_WARNING_MSG, category=RuntimeWarning)
        self.db.validate_no_broken_transaction()
        with self.db.wrap_database_errors:
            if params is None:
                # params default might be backend specific.
                return self.cursor.execute(sql)
            else:
>               return self.cursor.execute(sql, params)
                       ^^^^^^^^^^^^^^^^^^^^^^^^^^^^^^^^

.venv/lib/python3.14/site-packages/django/db/backends/utils.py:105: 
_ _ _ _ _ _ _ _ _ _ _ _ _ _ _ _ _ _ _ _ _ _ _ _ _ _ _ _ _ _ _ _ _ _ _ _ _ _ _ _ 

self = <django.db.backends.postgresql.base.Cursor [closed] [IDLE] (host=qualification-db user=postgres database=test_qualification) at 0x7d8c538a3cb0>
query = 'INSERT INTO "accounts_user" ("password", "last_login", "is_superuser", "id", "email", "first_name", "last_name", "is_staff", "is_active", "date_joined") VALUES (%s, %s, %s, %s, %s, %s, %s, %s, %s, %s)'
params = ('!G3TYxOHTVmjg11KfUUnA3vDZXkm98muTeh5l9r1U', None, False, UUID('f4f29339-92f1-4ae0-aebe-e5a81b0e4fcb'), 'reports@example.com', '', ...)
prepare = None, binary = None

    def execute(
        self,
        query: Query,
        params: Params | None = None,
        *,
        prepare: bool | None = None,
        binary: bool | None = None,
    ) -> Self:
        """
        Execute a query or command to the database.
        """
        try:
            with self._conn.lock:
                self._conn.wait(
                    self._execute_gen(query, params, prepare=prepare, binary=binary)
                )
        except e._NO_TRACEBACK as ex:
>           raise ex.with_traceback(None)
E           psycopg.errors.UniqueViolation: duplicate key value violates unique constraint "accounts_user_email_key"
E           DETAIL:  Key (email)=(reports@example.com) already exists.

.venv/lib/python3.14/site-packages/psycopg/cursor.py:117: UniqueViolation

The above exception was the direct cause of the following exception:

client = <django.test.client.Client object at 0x7d8c52bade50>

    @pytest.fixture
    def report_context(client):
>       user = get_user_model().objects.create_user("reports@example.com")
               ^^^^^^^^^^^^^^^^^^^^^^^^^^^^^^^^^^^^^^^^^^^^^^^^^^^^^^^^^^^

tests/conftest.py:174: 
_ _ _ _ _ _ _ _ _ _ _ _ _ _ _ _ _ _ _ _ _ _ _ _ _ _ _ _ _ _ _ _ _ _ _ _ _ _ _ _ 
apps/accounts/managers.py:29: in create_user
    user.save(using=self._db)
.venv/lib/python3.14/site-packages/django/contrib/auth/base_user.py:65: in save
    super().save(*args, **kwargs)
.venv/lib/python3.14/site-packages/django/db/models/base.py:902: in save
    self.save_base(
.venv/lib/python3.14/site-packages/django/db/models/base.py:1008: in save_base
    updated = self._save_table(
.venv/lib/python3.14/site-packages/django/db/models/base.py:1169: in _save_table
    results = self._do_insert(
.venv/lib/python3.14/site-packages/django/db/models/base.py:1210: in _do_insert
    return manager._insert(
.venv/lib/python3.14/site-packages/django/db/models/manager.py:87: in manager_method
    return getattr(self.get_queryset(), name)(*args, **kwargs)
           ^^^^^^^^^^^^^^^^^^^^^^^^^^^^^^^^^^^^^^^^^^^^^^^^^^^
.venv/lib/python3.14/site-packages/django/db/models/query.py:1873: in _insert
    return query.get_compiler(using=using).execute_sql(returning_fields)
           ^^^^^^^^^^^^^^^^^^^^^^^^^^^^^^^^^^^^^^^^^^^^^^^^^^^^^^^^^^^^^
.venv/lib/python3.14/site-packages/django/db/models/sql/compiler.py:1882: in execute_sql
    cursor.execute(sql, params)
.venv/lib/python3.14/site-packages/django/db/backends/utils.py:79: in execute
    return self._execute_with_wrappers(
.venv/lib/python3.14/site-packages/django/db/backends/utils.py:92: in _execute_with_wrappers
    return executor(sql, params, many, context)
           ^^^^^^^^^^^^^^^^^^^^^^^^^^^^^^^^^^^^
.venv/lib/python3.14/site-packages/django/db/backends/utils.py:100: in _execute
    with self.db.wrap_database_errors:
         ^^^^^^^^^^^^^^^^^^^^^^^^^^^^
.venv/lib/python3.14/site-packages/django/db/utils.py:91: in __exit__
    raise dj_exc_value.with_traceback(traceback) from exc_value
.venv/lib/python3.14/site-packages/django/db/backends/utils.py:105: in _execute
    return self.cursor.execute(sql, params)
           ^^^^^^^^^^^^^^^^^^^^^^^^^^^^^^^^
_ _ _ _ _ _ _ _ _ _ _ _ _ _ _ _ _ _ _ _ _ _ _ _ _ _ _ _ _ _ _ _ _ _ _ _ _ _ _ _ 

self = <django.db.backends.postgresql.base.Cursor [closed] [IDLE] (host=qualification-db user=postgres database=test_qualification) at 0x7d8c538a3cb0>
query = 'INSERT INTO "accounts_user" ("password", "last_login", "is_superuser", "id", "email", "first_name", "last_name", "is_staff", "is_active", "date_joined") VALUES (%s, %s, %s, %s, %s, %s, %s, %s, %s, %s)'
params = ('!G3TYxOHTVmjg11KfUUnA3vDZXkm98muTeh5l9r1U', None, False, UUID('f4f29339-92f1-4ae0-aebe-e5a81b0e4fcb'), 'reports@example.com', '', ...)
prepare = None, binary = None

    def execute(
        self,
        query: Query,
        params: Params | None = None,
        *,
        prepare: bool | None = None,
        binary: bool | None = None,
    ) -> Self:
        """
        Execute a query or command to the database.
        """
        try:
            with self._conn.lock:
                self._conn.wait(
                    self._execute_gen(query, params, prepare=prepare, binary=binary)
                )
        except e._NO_TRACEBACK as ex:
>           raise ex.with_traceback(None)
E           django.db.utils.IntegrityError: duplicate key value violates unique constraint "accounts_user_email_key"
E           DETAIL:  Key (email)=(reports@example.com) already exists.

.venv/lib/python3.14/site-packages/psycopg/cursor.py:117: IntegrityError
_ ERROR at teardown of test_quota_counts_held_reservations_against_exact_admitted_interval _

self = <django.db.backends.utils.CursorWrapper object at 0x7d8c5275ecf0>
sql = 'TRUNCATE "auth_group_permissions", "core_known_entities", "core_health_controls", "billing_stripewebhookevent", "acco...zationmember", "report_artifacts", "integrations_providerconnection", "integrations_providerevent", "catalog_product";'
params = None
ignored_wrapper_args = (False, {'connection': <DatabaseWrapper vendor='postgresql' alias='default'>, 'cursor': <django.db.backends.utils.CursorWrapper object at 0x7d8c5275ecf0>})

    def _execute(self, sql, params, *ignored_wrapper_args):
        # Raise a warning during app initialization (stored_app_configs is only
        # ever set during testing).
        if not apps.ready and not apps.stored_app_configs:
            warnings.warn(self.APPS_NOT_READY_WARNING_MSG, category=RuntimeWarning)
        self.db.validate_no_broken_transaction()
        with self.db.wrap_database_errors:
            if params is None:
                # params default might be backend specific.
>               return self.cursor.execute(sql)
                       ^^^^^^^^^^^^^^^^^^^^^^^^

.venv/lib/python3.14/site-packages/django/db/backends/utils.py:103: 
_ _ _ _ _ _ _ _ _ _ _ _ _ _ _ _ _ _ _ _ _ _ _ _ _ _ _ _ _ _ _ _ _ _ _ _ _ _ _ _ 

self = <django.db.backends.postgresql.base.Cursor [closed] [IDLE] (host=qualification-db user=postgres database=test_qualification) at 0x7d8c538a0910>
query = 'TRUNCATE "auth_group_permissions", "core_known_entities", "core_health_controls", "billing_stripewebhookevent", "acco...zationmember", "report_artifacts", "integrations_providerconnection", "integrations_providerevent", "catalog_product";'
params = None, prepare = None, binary = None

    def execute(
        self,
        query: Query,
        params: Params | None = None,
        *,
        prepare: bool | None = None,
        binary: bool | None = None,
    ) -> Self:
        """
        Execute a query or command to the database.
        """
        try:
            with self._conn.lock:
                self._conn.wait(
                    self._execute_gen(query, params, prepare=prepare, binary=binary)
                )
        except e._NO_TRACEBACK as ex:
>           raise ex.with_traceback(None)
E           psycopg.errors.FeatureNotSupported: cannot truncate a table referenced in a foreign key constraint
E           DETAIL:  Table "billing_admission_receipt" references "billing_paid_coverage".
E           HINT:  Truncate table "billing_admission_receipt" at the same time, or use TRUNCATE ... CASCADE.

.venv/lib/python3.14/site-packages/psycopg/cursor.py:117: FeatureNotSupported

The above exception was the direct cause of the following exception:

self = <django.core.management.commands.flush.Command object at 0x7d8c527b2d60>
options = {'verbosity': 0, 'settings': None, 'pythonpath': None, 'traceback': False, ...}

        def handle(self, **options):
            database = options["database"]
            connection = connections[database]
            verbosity = options["verbosity"]
            interactive = options["interactive"]
            # The following are stealth options used by Django's internals.
            reset_sequences = options.get("reset_sequences", True)
            allow_cascade = options.get("allow_cascade", False)
            inhibit_post_migrate = options.get("inhibit_post_migrate", False)
    
            self.style = no_style()
    
            # Import the 'management' module within each installed app, to register
            # dispatcher events.
            for app_config in apps.get_app_configs():
                try:
                    import_module(".management", app_config.name)
                except ImportError:
                    pass
    
            sql_list = sql_flush(
                self.style,
                connection,
                reset_sequences=reset_sequences,
                allow_cascade=allow_cascade,
            )
    
            if interactive:
                confirm = input("""You have requested a flush of the database.
    This will IRREVERSIBLY DESTROY all data currently in the "%s" database,
    and return each table to an empty state.
    Are you sure you want to do this?
    
        Type 'yes' to continue, or 'no' to cancel: """ % connection.settings_dict["NAME"])
            else:
                confirm = "yes"
    
            if confirm == "yes":
                try:
>                   connection.ops.execute_sql_flush(sql_list)

.venv/lib/python3.14/site-packages/django/core/management/commands/flush.py:71: 
_ _ _ _ _ _ _ _ _ _ _ _ _ _ _ _ _ _ _ _ _ _ _ _ _ _ _ _ _ _ _ _ _ _ _ _ _ _ _ _ 
.venv/lib/python3.14/site-packages/django/db/backends/base/operations.py:473: in execute_sql_flush
    cursor.execute(sql)
.venv/lib/python3.14/site-packages/django/db/backends/utils.py:79: in execute
    return self._execute_with_wrappers(
.venv/lib/python3.14/site-packages/django/db/backends/utils.py:92: in _execute_with_wrappers
    return executor(sql, params, many, context)
           ^^^^^^^^^^^^^^^^^^^^^^^^^^^^^^^^^^^^
.venv/lib/python3.14/site-packages/django/db/backends/utils.py:100: in _execute
    with self.db.wrap_database_errors:
         ^^^^^^^^^^^^^^^^^^^^^^^^^^^^
.venv/lib/python3.14/site-packages/django/db/utils.py:91: in __exit__
    raise dj_exc_value.with_traceback(traceback) from exc_value
.venv/lib/python3.14/site-packages/django/db/backends/utils.py:103: in _execute
    return self.cursor.execute(sql)
           ^^^^^^^^^^^^^^^^^^^^^^^^
_ _ _ _ _ _ _ _ _ _ _ _ _ _ _ _ _ _ _ _ _ _ _ _ _ _ _ _ _ _ _ _ _ _ _ _ _ _ _ _ 

self = <django.db.backends.postgresql.base.Cursor [closed] [IDLE] (host=qualification-db user=postgres database=test_qualification) at 0x7d8c538a0910>
query = 'TRUNCATE "auth_group_permissions", "core_known_entities", "core_health_controls", "billing_stripewebhookevent", "acco...zationmember", "report_artifacts", "integrations_providerconnection", "integrations_providerevent", "catalog_product";'
params = None, prepare = None, binary = None

    def execute(
        self,
        query: Query,
        params: Params | None = None,
        *,
        prepare: bool | None = None,
        binary: bool | None = None,
    ) -> Self:
        """
        Execute a query or command to the database.
        """
        try:
            with self._conn.lock:
                self._conn.wait(
                    self._execute_gen(query, params, prepare=prepare, binary=binary)
                )
        except e._NO_TRACEBACK as ex:
>           raise ex.with_traceback(None)
E           django.db.utils.NotSupportedError: cannot truncate a table referenced in a foreign key constraint
E           DETAIL:  Table "billing_admission_receipt" references "billing_paid_coverage".
E           HINT:  Truncate table "billing_admission_receipt" at the same time, or use TRUNCATE ... CASCADE.

.venv/lib/python3.14/site-packages/psycopg/cursor.py:117: NotSupportedError

The above exception was the direct cause of the following exception:

request = <SubRequest '_django_db_helper' for <Function test_quota_counts_held_reservations_against_exact_admitted_interval>>
django_db_setup = None
django_db_blocker = <pytest_django.plugin.DjangoDbBlocker object at 0x7d8c58045010>

    @pytest.fixture
    def _django_db_helper(
        request: pytest.FixtureRequest,
        django_db_setup: None,  # noqa: ARG001
        django_db_blocker: DjangoDbBlocker,
    ) -> Generator[None]:
        if is_django_unittest(request):
            yield
            return
    
        from django import VERSION
    
        marker = request.node.get_closest_marker("django_db")
        if marker:
            (
                transactional,
                reset_sequences,
                databases,
                serialized_rollback,
                available_apps,
            ) = validate_django_db(marker)
        else:
            (
                transactional,
                reset_sequences,
                databases,
                serialized_rollback,
                available_apps,
            ) = False, False, None, False, None
    
        transactional = (
            transactional
            or reset_sequences
            or ("transactional_db" in request.fixturenames or "live_server" in request.fixturenames)
        )
        reset_sequences = reset_sequences or ("django_db_reset_sequences" in request.fixturenames)
        serialized_rollback = serialized_rollback or (
            "django_db_serialized_rollback" in request.fixturenames
        )
    
        with django_db_blocker.unblock():
            import django.db
            import django.test
    
            if transactional:
                test_case_class = django.test.TransactionTestCase
            else:
                test_case_class = django.test.TestCase
    
            _reset_sequences = reset_sequences
            _serialized_rollback = serialized_rollback
            _databases = databases
            _available_apps = available_apps
    
            class PytestDjangoTestCase(test_case_class):  # type: ignore[misc,valid-type]
                reset_sequences = _reset_sequences
                serialized_rollback = _serialized_rollback
                if _databases is not None:
                    databases = _databases
                if _available_apps is not None:
                    available_apps = _available_apps
    
                # For non-transactional tests, skip executing `django.test.TestCase`'s
                # `setUpClass`/`tearDownClass`, only execute the super class ones.
                #
                # `TestCase`'s class setup manages the `setUpTestData`/class-level
                # transaction functionality. We don't use it; instead we (will) offer
                # our own alternatives. So it only adds overhead, and does some things
                # which conflict with our (planned) functionality, particularly, it
                # closes all database connections in `tearDownClass` which inhibits
                # wrapping tests in higher-scoped transactions.
                #
                # It's possible a new version of Django will add some unrelated
                # functionality to these methods, in which case skipping them completely
                # would not be desirable. Let's cross that bridge when we get there...
                if not transactional:
    
                    @classmethod
                    def setUpClass(cls) -> None:
                        super(django.test.TestCase, cls).setUpClass()
    
                    @classmethod
                    def tearDownClass(cls) -> None:
                        super(django.test.TestCase, cls).tearDownClass()
    
            PytestDjangoTestCase.setUpClass()
    
            test_case = PytestDjangoTestCase(methodName="__init__")
            if VERSION >= (6, 0):
                pre_setup_ran_eagerly = PytestDjangoTestCase._pre_setup_ran_eagerly
            else:
                pre_setup_ran_eagerly = getattr(PytestDjangoTestCase, "_pre_setup_ran_eagerly", False)
            if not pre_setup_ran_eagerly:
                # For a TransactionTestCase, setUpClass() has already run _pre_setup() and set
                # this flag to say so.
                test_case._pre_setup()
    
            yield
    
>           test_case._post_teardown()

.venv/lib/python3.14/site-packages/pytest_django/fixtures.py:305: 
_ _ _ _ _ _ _ _ _ _ _ _ _ _ _ _ _ _ _ _ _ _ _ _ _ _ _ _ _ _ _ _ _ _ _ _ _ _ _ _ 
.venv/lib/python3.14/site-packages/django/test/testcases.py:1231: in _post_teardown
    self._fixture_teardown()
.venv/lib/python3.14/site-packages/django/test/testcases.py:1266: in _fixture_teardown
    call_command(
.venv/lib/python3.14/site-packages/django/core/management/__init__.py:194: in call_command
    return command.execute(*args, **defaults)
           ^^^^^^^^^^^^^^^^^^^^^^^^^^^^^^^^^^
.venv/lib/python3.14/site-packages/django/core/management/base.py:464: in execute
    output = self.handle(*args, **options)
             ^^^^^^^^^^^^^^^^^^^^^^^^^^^^^
_ _ _ _ _ _ _ _ _ _ _ _ _ _ _ _ _ _ _ _ _ _ _ _ _ _ _ _ _ _ _ _ _ _ _ _ _ _ _ _ 

self = <django.core.management.commands.flush.Command object at 0x7d8c527b2d60>
options = {'verbosity': 0, 'settings': None, 'pythonpath': None, 'traceback': False, ...}

        def handle(self, **options):
            database = options["database"]
            connection = connections[database]
            verbosity = options["verbosity"]
            interactive = options["interactive"]
            # The following are stealth options used by Django's internals.
            reset_sequences = options.get("reset_sequences", True)
            allow_cascade = options.get("allow_cascade", False)
            inhibit_post_migrate = options.get("inhibit_post_migrate", False)
    
            self.style = no_style()
    
            # Import the 'management' module within each installed app, to register
            # dispatcher events.
            for app_config in apps.get_app_configs():
                try:
                    import_module(".management", app_config.name)
                except ImportError:
                    pass
    
            sql_list = sql_flush(
                self.style,
                connection,
                reset_sequences=reset_sequences,
                allow_cascade=allow_cascade,
            )
    
            if interactive:
                confirm = input("""You have requested a flush of the database.
    This will IRREVERSIBLY DESTROY all data currently in the "%s" database,
    and return each table to an empty state.
    Are you sure you want to do this?
    
        Type 'yes' to continue, or 'no' to cancel: """ % connection.settings_dict["NAME"])
            else:
                confirm = "yes"
    
            if confirm == "yes":
                try:
                    connection.ops.execute_sql_flush(sql_list)
                except Exception as exc:
>                   raise CommandError(
                        "Database %s couldn't be flushed. Possible reasons:\n"
                        "  * The database isn't running or isn't configured correctly.\n"
                        "  * At least one of the expected database tables doesn't exist.\n"
                        "  * The SQL was invalid.\n"
                        "Hint: Look at the output of 'django-admin sqlflush'. "
                        "That's the SQL this command wasn't able to run."
                        % (connection.settings_dict["NAME"],)
                    ) from exc
E                   django.core.management.base.CommandError: Database test_qualification couldn't be flushed. Possible reasons:
E                     * The database isn't running or isn't configured correctly.
E                     * At least one of the expected database tables doesn't exist.
E                     * The SQL was invalid.
E                   Hint: Look at the output of 'django-admin sqlflush'. That's the SQL this command wasn't able to run.

.venv/lib/python3.14/site-packages/django/core/management/commands/flush.py:73: CommandError
_ ERROR at setup of test_storage_metadata_plus_reservation_has_exact_boundary[False] _

self = <django.db.backends.utils.CursorWrapper object at 0x7d8c53367950>
sql = 'INSERT INTO "accounts_user" ("password", "last_login", "is_superuser", "id", "email", "first_name", "last_name", "is_staff", "is_active", "date_joined") VALUES (%s, %s, %s, %s, %s, %s, %s, %s, %s, %s)'
params = ('!tS6LMBfPLbhehb8GIDsUtlDjEQ6YZc0AbncXkTht', None, False, UUID('fc6a545c-c5a3-4168-ab6a-29f5229a181d'), 'reports@example.com', '', ...)
ignored_wrapper_args = (False, {'connection': <DatabaseWrapper vendor='postgresql' alias='default'>, 'cursor': <django.db.backends.utils.CursorWrapper object at 0x7d8c53367950>})

    def _execute(self, sql, params, *ignored_wrapper_args):
        # Raise a warning during app initialization (stored_app_configs is only
        # ever set during testing).
        if not apps.ready and not apps.stored_app_configs:
            warnings.warn(self.APPS_NOT_READY_WARNING_MSG, category=RuntimeWarning)
        self.db.validate_no_broken_transaction()
        with self.db.wrap_database_errors:
            if params is None:
                # params default might be backend specific.
                return self.cursor.execute(sql)
            else:
>               return self.cursor.execute(sql, params)
                       ^^^^^^^^^^^^^^^^^^^^^^^^^^^^^^^^

.venv/lib/python3.14/site-packages/django/db/backends/utils.py:105: 
_ _ _ _ _ _ _ _ _ _ _ _ _ _ _ _ _ _ _ _ _ _ _ _ _ _ _ _ _ _ _ _ _ _ _ _ _ _ _ _ 

self = <django.db.backends.postgresql.base.Cursor [closed] [IDLE] (host=qualification-db user=postgres database=test_qualification) at 0x7d8c538a02f0>
query = 'INSERT INTO "accounts_user" ("password", "last_login", "is_superuser", "id", "email", "first_name", "last_name", "is_staff", "is_active", "date_joined") VALUES (%s, %s, %s, %s, %s, %s, %s, %s, %s, %s)'
params = ('!tS6LMBfPLbhehb8GIDsUtlDjEQ6YZc0AbncXkTht', None, False, UUID('fc6a545c-c5a3-4168-ab6a-29f5229a181d'), 'reports@example.com', '', ...)
prepare = None, binary = None

    def execute(
        self,
        query: Query,
        params: Params | None = None,
        *,
        prepare: bool | None = None,
        binary: bool | None = None,
    ) -> Self:
        """
        Execute a query or command to the database.
        """
        try:
            with self._conn.lock:
                self._conn.wait(
                    self._execute_gen(query, params, prepare=prepare, binary=binary)
                )
        except e._NO_TRACEBACK as ex:
>           raise ex.with_traceback(None)
E           psycopg.errors.UniqueViolation: duplicate key value violates unique constraint "accounts_user_email_key"
E           DETAIL:  Key (email)=(reports@example.com) already exists.

.venv/lib/python3.14/site-packages/psycopg/cursor.py:117: UniqueViolation

The above exception was the direct cause of the following exception:

client = <django.test.client.Client object at 0x7d8c5332bd90>

    @pytest.fixture
    def report_context(client):
>       user = get_user_model().objects.create_user("reports@example.com")
               ^^^^^^^^^^^^^^^^^^^^^^^^^^^^^^^^^^^^^^^^^^^^^^^^^^^^^^^^^^^

tests/conftest.py:174: 
_ _ _ _ _ _ _ _ _ _ _ _ _ _ _ _ _ _ _ _ _ _ _ _ _ _ _ _ _ _ _ _ _ _ _ _ _ _ _ _ 
apps/accounts/managers.py:29: in create_user
    user.save(using=self._db)
.venv/lib/python3.14/site-packages/django/contrib/auth/base_user.py:65: in save
    super().save(*args, **kwargs)
.venv/lib/python3.14/site-packages/django/db/models/base.py:902: in save
    self.save_base(
.venv/lib/python3.14/site-packages/django/db/models/base.py:1008: in save_base
    updated = self._save_table(
.venv/lib/python3.14/site-packages/django/db/models/base.py:1169: in _save_table
    results = self._do_insert(
.venv/lib/python3.14/site-packages/django/db/models/base.py:1210: in _do_insert
    return manager._insert(
.venv/lib/python3.14/site-packages/django/db/models/manager.py:87: in manager_method
    return getattr(self.get_queryset(), name)(*args, **kwargs)
           ^^^^^^^^^^^^^^^^^^^^^^^^^^^^^^^^^^^^^^^^^^^^^^^^^^^
.venv/lib/python3.14/site-packages/django/db/models/query.py:1873: in _insert
    return query.get_compiler(using=using).execute_sql(returning_fields)
           ^^^^^^^^^^^^^^^^^^^^^^^^^^^^^^^^^^^^^^^^^^^^^^^^^^^^^^^^^^^^^
.venv/lib/python3.14/site-packages/django/db/models/sql/compiler.py:1882: in execute_sql
    cursor.execute(sql, params)
.venv/lib/python3.14/site-packages/django/db/backends/utils.py:79: in execute
    return self._execute_with_wrappers(
.venv/lib/python3.14/site-packages/django/db/backends/utils.py:92: in _execute_with_wrappers
    return executor(sql, params, many, context)
           ^^^^^^^^^^^^^^^^^^^^^^^^^^^^^^^^^^^^
.venv/lib/python3.14/site-packages/django/db/backends/utils.py:100: in _execute
    with self.db.wrap_database_errors:
         ^^^^^^^^^^^^^^^^^^^^^^^^^^^^
.venv/lib/python3.14/site-packages/django/db/utils.py:91: in __exit__
    raise dj_exc_value.with_traceback(traceback) from exc_value
.venv/lib/python3.14/site-packages/django/db/backends/utils.py:105: in _execute
    return self.cursor.execute(sql, params)
           ^^^^^^^^^^^^^^^^^^^^^^^^^^^^^^^^
_ _ _ _ _ _ _ _ _ _ _ _ _ _ _ _ _ _ _ _ _ _ _ _ _ _ _ _ _ _ _ _ _ _ _ _ _ _ _ _ 

self = <django.db.backends.postgresql.base.Cursor [closed] [IDLE] (host=qualification-db user=postgres database=test_qualification) at 0x7d8c538a02f0>
query = 'INSERT INTO "accounts_user" ("password", "last_login", "is_superuser", "id", "email", "first_name", "last_name", "is_staff", "is_active", "date_joined") VALUES (%s, %s, %s, %s, %s, %s, %s, %s, %s, %s)'
params = ('!tS6LMBfPLbhehb8GIDsUtlDjEQ6YZc0AbncXkTht', None, False, UUID('fc6a545c-c5a3-4168-ab6a-29f5229a181d'), 'reports@example.com', '', ...)
prepare = None, binary = None

    def execute(
        self,
        query: Query,
        params: Params | None = None,
        *,
        prepare: bool | None = None,
        binary: bool | None = None,
    ) -> Self:
        """
        Execute a query or command to the database.
        """
        try:
            with self._conn.lock:
                self._conn.wait(
                    self._execute_gen(query, params, prepare=prepare, binary=binary)
                )
        except e._NO_TRACEBACK as ex:
>           raise ex.with_traceback(None)
E           django.db.utils.IntegrityError: duplicate key value violates unique constraint "accounts_user_email_key"
E           DETAIL:  Key (email)=(reports@example.com) already exists.

.venv/lib/python3.14/site-packages/psycopg/cursor.py:117: IntegrityError
_ ERROR at teardown of test_storage_metadata_plus_reservation_has_exact_boundary[False] _

self = <django.db.backends.utils.CursorWrapper object at 0x7d8c53366990>
sql = 'TRUNCATE "auth_group_permissions", "core_known_entities", "core_health_controls", "billing_stripewebhookevent", "acco...zationmember", "report_artifacts", "integrations_providerconnection", "integrations_providerevent", "catalog_product";'
params = None
ignored_wrapper_args = (False, {'connection': <DatabaseWrapper vendor='postgresql' alias='default'>, 'cursor': <django.db.backends.utils.CursorWrapper object at 0x7d8c53366990>})

    def _execute(self, sql, params, *ignored_wrapper_args):
        # Raise a warning during app initialization (stored_app_configs is only
        # ever set during testing).
        if not apps.ready and not apps.stored_app_configs:
            warnings.warn(self.APPS_NOT_READY_WARNING_MSG, category=RuntimeWarning)
        self.db.validate_no_broken_transaction()
        with self.db.wrap_database_errors:
            if params is None:
                # params default might be backend specific.
>               return self.cursor.execute(sql)
                       ^^^^^^^^^^^^^^^^^^^^^^^^

.venv/lib/python3.14/site-packages/django/db/backends/utils.py:103: 
_ _ _ _ _ _ _ _ _ _ _ _ _ _ _ _ _ _ _ _ _ _ _ _ _ _ _ _ _ _ _ _ _ _ _ _ _ _ _ _ 

self = <django.db.backends.postgresql.base.Cursor [closed] [IDLE] (host=qualification-db user=postgres database=test_qualification) at 0x7d8c527817f0>
query = 'TRUNCATE "auth_group_permissions", "core_known_entities", "core_health_controls", "billing_stripewebhookevent", "acco...zationmember", "report_artifacts", "integrations_providerconnection", "integrations_providerevent", "catalog_product";'
params = None, prepare = None, binary = None

    def execute(
        self,
        query: Query,
        params: Params | None = None,
        *,
        prepare: bool | None = None,
        binary: bool | None = None,
    ) -> Self:
        """
        Execute a query or command to the database.
        """
        try:
            with self._conn.lock:
                self._conn.wait(
                    self._execute_gen(query, params, prepare=prepare, binary=binary)
                )
        except e._NO_TRACEBACK as ex:
>           raise ex.with_traceback(None)
E           psycopg.errors.FeatureNotSupported: cannot truncate a table referenced in a foreign key constraint
E           DETAIL:  Table "billing_admission_receipt" references "billing_paid_coverage".
E           HINT:  Truncate table "billing_admission_receipt" at the same time, or use TRUNCATE ... CASCADE.

.venv/lib/python3.14/site-packages/psycopg/cursor.py:117: FeatureNotSupported

The above exception was the direct cause of the following exception:

self = <django.core.management.commands.flush.Command object at 0x7d8c53366630>
options = {'verbosity': 0, 'settings': None, 'pythonpath': None, 'traceback': False, ...}

        def handle(self, **options):
            database = options["database"]
            connection = connections[database]
            verbosity = options["verbosity"]
            interactive = options["interactive"]
            # The following are stealth options used by Django's internals.
            reset_sequences = options.get("reset_sequences", True)
            allow_cascade = options.get("allow_cascade", False)
            inhibit_post_migrate = options.get("inhibit_post_migrate", False)
    
            self.style = no_style()
    
            # Import the 'management' module within each installed app, to register
            # dispatcher events.
            for app_config in apps.get_app_configs():
                try:
                    import_module(".management", app_config.name)
                except ImportError:
                    pass
    
            sql_list = sql_flush(
                self.style,
                connection,
                reset_sequences=reset_sequences,
                allow_cascade=allow_cascade,
            )
    
            if interactive:
                confirm = input("""You have requested a flush of the database.
    This will IRREVERSIBLY DESTROY all data currently in the "%s" database,
    and return each table to an empty state.
    Are you sure you want to do this?
    
        Type 'yes' to continue, or 'no' to cancel: """ % connection.settings_dict["NAME"])
            else:
                confirm = "yes"
    
            if confirm == "yes":
                try:
>                   connection.ops.execute_sql_flush(sql_list)

.venv/lib/python3.14/site-packages/django/core/management/commands/flush.py:71: 
_ _ _ _ _ _ _ _ _ _ _ _ _ _ _ _ _ _ _ _ _ _ _ _ _ _ _ _ _ _ _ _ _ _ _ _ _ _ _ _ 
.venv/lib/python3.14/site-packages/django/db/backends/base/operations.py:473: in execute_sql_flush
    cursor.execute(sql)
.venv/lib/python3.14/site-packages/django/db/backends/utils.py:79: in execute
    return self._execute_with_wrappers(
.venv/lib/python3.14/site-packages/django/db/backends/utils.py:92: in _execute_with_wrappers
    return executor(sql, params, many, context)
           ^^^^^^^^^^^^^^^^^^^^^^^^^^^^^^^^^^^^
.venv/lib/python3.14/site-packages/django/db/backends/utils.py:100: in _execute
    with self.db.wrap_database_errors:
         ^^^^^^^^^^^^^^^^^^^^^^^^^^^^
.venv/lib/python3.14/site-packages/django/db/utils.py:91: in __exit__
    raise dj_exc_value.with_traceback(traceback) from exc_value
.venv/lib/python3.14/site-packages/django/db/backends/utils.py:103: in _execute
    return self.cursor.execute(sql)
           ^^^^^^^^^^^^^^^^^^^^^^^^
_ _ _ _ _ _ _ _ _ _ _ _ _ _ _ _ _ _ _ _ _ _ _ _ _ _ _ _ _ _ _ _ _ _ _ _ _ _ _ _ 

self = <django.db.backends.postgresql.base.Cursor [closed] [IDLE] (host=qualification-db user=postgres database=test_qualification) at 0x7d8c527817f0>
query = 'TRUNCATE "auth_group_permissions", "core_known_entities", "core_health_controls", "billing_stripewebhookevent", "acco...zationmember", "report_artifacts", "integrations_providerconnection", "integrations_providerevent", "catalog_product";'
params = None, prepare = None, binary = None

    def execute(
        self,
        query: Query,
        params: Params | None = None,
        *,
        prepare: bool | None = None,
        binary: bool | None = None,
    ) -> Self:
        """
        Execute a query or command to the database.
        """
        try:
            with self._conn.lock:
                self._conn.wait(
                    self._execute_gen(query, params, prepare=prepare, binary=binary)
                )
        except e._NO_TRACEBACK as ex:
>           raise ex.with_traceback(None)
E           django.db.utils.NotSupportedError: cannot truncate a table referenced in a foreign key constraint
E           DETAIL:  Table "billing_admission_receipt" references "billing_paid_coverage".
E           HINT:  Truncate table "billing_admission_receipt" at the same time, or use TRUNCATE ... CASCADE.

.venv/lib/python3.14/site-packages/psycopg/cursor.py:117: NotSupportedError

The above exception was the direct cause of the following exception:

request = <SubRequest '_django_db_helper' for <Function test_storage_metadata_plus_reservation_has_exact_boundary[False]>>
django_db_setup = None
django_db_blocker = <pytest_django.plugin.DjangoDbBlocker object at 0x7d8c58045010>

    @pytest.fixture
    def _django_db_helper(
        request: pytest.FixtureRequest,
        django_db_setup: None,  # noqa: ARG001
        django_db_blocker: DjangoDbBlocker,
    ) -> Generator[None]:
        if is_django_unittest(request):
            yield
            return
    
        from django import VERSION
    
        marker = request.node.get_closest_marker("django_db")
        if marker:
            (
                transactional,
                reset_sequences,
                databases,
                serialized_rollback,
                available_apps,
            ) = validate_django_db(marker)
        else:
            (
                transactional,
                reset_sequences,
                databases,
                serialized_rollback,
                available_apps,
            ) = False, False, None, False, None
    
        transactional = (
            transactional
            or reset_sequences
            or ("transactional_db" in request.fixturenames or "live_server" in request.fixturenames)
        )
        reset_sequences = reset_sequences or ("django_db_reset_sequences" in request.fixturenames)
        serialized_rollback = serialized_rollback or (
            "django_db_serialized_rollback" in request.fixturenames
        )
    
        with django_db_blocker.unblock():
            import django.db
            import django.test
    
            if transactional:
                test_case_class = django.test.TransactionTestCase
            else:
                test_case_class = django.test.TestCase
    
            _reset_sequences = reset_sequences
            _serialized_rollback = serialized_rollback
            _databases = databases
            _available_apps = available_apps
    
            class PytestDjangoTestCase(test_case_class):  # type: ignore[misc,valid-type]
                reset_sequences = _reset_sequences
                serialized_rollback = _serialized_rollback
                if _databases is not None:
                    databases = _databases
                if _available_apps is not None:
                    available_apps = _available_apps
    
                # For non-transactional tests, skip executing `django.test.TestCase`'s
                # `setUpClass`/`tearDownClass`, only execute the super class ones.
                #
                # `TestCase`'s class setup manages the `setUpTestData`/class-level
                # transaction functionality. We don't use it; instead we (will) offer
                # our own alternatives. So it only adds overhead, and does some things
                # which conflict with our (planned) functionality, particularly, it
                # closes all database connections in `tearDownClass` which inhibits
                # wrapping tests in higher-scoped transactions.
                #
                # It's possible a new version of Django will add some unrelated
                # functionality to these methods, in which case skipping them completely
                # would not be desirable. Let's cross that bridge when we get there...
                if not transactional:
    
                    @classmethod
                    def setUpClass(cls) -> None:
                        super(django.test.TestCase, cls).setUpClass()
    
                    @classmethod
                    def tearDownClass(cls) -> None:
                        super(django.test.TestCase, cls).tearDownClass()
    
            PytestDjangoTestCase.setUpClass()
    
            test_case = PytestDjangoTestCase(methodName="__init__")
            if VERSION >= (6, 0):
                pre_setup_ran_eagerly = PytestDjangoTestCase._pre_setup_ran_eagerly
            else:
                pre_setup_ran_eagerly = getattr(PytestDjangoTestCase, "_pre_setup_ran_eagerly", False)
            if not pre_setup_ran_eagerly:
                # For a TransactionTestCase, setUpClass() has already run _pre_setup() and set
                # this flag to say so.
                test_case._pre_setup()
    
            yield
    
>           test_case._post_teardown()

.venv/lib/python3.14/site-packages/pytest_django/fixtures.py:305: 
_ _ _ _ _ _ _ _ _ _ _ _ _ _ _ _ _ _ _ _ _ _ _ _ _ _ _ _ _ _ _ _ _ _ _ _ _ _ _ _ 
.venv/lib/python3.14/site-packages/django/test/testcases.py:1231: in _post_teardown
    self._fixture_teardown()
.venv/lib/python3.14/site-packages/django/test/testcases.py:1266: in _fixture_teardown
    call_command(
.venv/lib/python3.14/site-packages/django/core/management/__init__.py:194: in call_command
    return command.execute(*args, **defaults)
           ^^^^^^^^^^^^^^^^^^^^^^^^^^^^^^^^^^
.venv/lib/python3.14/site-packages/django/core/management/base.py:464: in execute
    output = self.handle(*args, **options)
             ^^^^^^^^^^^^^^^^^^^^^^^^^^^^^
_ _ _ _ _ _ _ _ _ _ _ _ _ _ _ _ _ _ _ _ _ _ _ _ _ _ _ _ _ _ _ _ _ _ _ _ _ _ _ _ 

self = <django.core.management.commands.flush.Command object at 0x7d8c53366630>
options = {'verbosity': 0, 'settings': None, 'pythonpath': None, 'traceback': False, ...}

        def handle(self, **options):
            database = options["database"]
            connection = connections[database]
            verbosity = options["verbosity"]
            interactive = options["interactive"]
            # The following are stealth options used by Django's internals.
            reset_sequences = options.get("reset_sequences", True)
            allow_cascade = options.get("allow_cascade", False)
            inhibit_post_migrate = options.get("inhibit_post_migrate", False)
    
            self.style = no_style()
    
            # Import the 'management' module within each installed app, to register
            # dispatcher events.
            for app_config in apps.get_app_configs():
                try:
                    import_module(".management", app_config.name)
                except ImportError:
                    pass
    
            sql_list = sql_flush(
                self.style,
                connection,
                reset_sequences=reset_sequences,
                allow_cascade=allow_cascade,
            )
    
            if interactive:
                confirm = input("""You have requested a flush of the database.
    This will IRREVERSIBLY DESTROY all data currently in the "%s" database,
    and return each table to an empty state.
    Are you sure you want to do this?
    
        Type 'yes' to continue, or 'no' to cancel: """ % connection.settings_dict["NAME"])
            else:
                confirm = "yes"
    
            if confirm == "yes":
                try:
                    connection.ops.execute_sql_flush(sql_list)
                except Exception as exc:
>                   raise CommandError(
                        "Database %s couldn't be flushed. Possible reasons:\n"
                        "  * The database isn't running or isn't configured correctly.\n"
                        "  * At least one of the expected database tables doesn't exist.\n"
                        "  * The SQL was invalid.\n"
                        "Hint: Look at the output of 'django-admin sqlflush'. "
                        "That's the SQL this command wasn't able to run."
                        % (connection.settings_dict["NAME"],)
                    ) from exc
E                   django.core.management.base.CommandError: Database test_qualification couldn't be flushed. Possible reasons:
E                     * The database isn't running or isn't configured correctly.
E                     * At least one of the expected database tables doesn't exist.
E                     * The SQL was invalid.
E                   Hint: Look at the output of 'django-admin sqlflush'. That's the SQL this command wasn't able to run.

.venv/lib/python3.14/site-packages/django/core/management/commands/flush.py:73: CommandError
_ ERROR at setup of test_storage_metadata_plus_reservation_has_exact_boundary[True] _

self = <django.db.backends.utils.CursorWrapper object at 0x7d8c527db530>
sql = 'INSERT INTO "accounts_user" ("password", "last_login", "is_superuser", "id", "email", "first_name", "last_name", "is_staff", "is_active", "date_joined") VALUES (%s, %s, %s, %s, %s, %s, %s, %s, %s, %s)'
params = ('!A5B41rdKIsEsUTP8oMxflKDIQw6d91XS92ui4RrI', None, False, UUID('9c25e06a-7c58-4958-977d-32ffea126e11'), 'reports@example.com', '', ...)
ignored_wrapper_args = (False, {'connection': <DatabaseWrapper vendor='postgresql' alias='default'>, 'cursor': <django.db.backends.utils.CursorWrapper object at 0x7d8c527db530>})

    def _execute(self, sql, params, *ignored_wrapper_args):
        # Raise a warning during app initialization (stored_app_configs is only
        # ever set during testing).
        if not apps.ready and not apps.stored_app_configs:
            warnings.warn(self.APPS_NOT_READY_WARNING_MSG, category=RuntimeWarning)
        self.db.validate_no_broken_transaction()
        with self.db.wrap_database_errors:
            if params is None:
                # params default might be backend specific.
                return self.cursor.execute(sql)
            else:
>               return self.cursor.execute(sql, params)
                       ^^^^^^^^^^^^^^^^^^^^^^^^^^^^^^^^

.venv/lib/python3.14/site-packages/django/db/backends/utils.py:105: 
_ _ _ _ _ _ _ _ _ _ _ _ _ _ _ _ _ _ _ _ _ _ _ _ _ _ _ _ _ _ _ _ _ _ _ _ _ _ _ _ 

self = <django.db.backends.postgresql.base.Cursor [closed] [IDLE] (host=qualification-db user=postgres database=test_qualification) at 0x7d8c52780d70>
query = 'INSERT INTO "accounts_user" ("password", "last_login", "is_superuser", "id", "email", "first_name", "last_name", "is_staff", "is_active", "date_joined") VALUES (%s, %s, %s, %s, %s, %s, %s, %s, %s, %s)'
params = ('!A5B41rdKIsEsUTP8oMxflKDIQw6d91XS92ui4RrI', None, False, UUID('9c25e06a-7c58-4958-977d-32ffea126e11'), 'reports@example.com', '', ...)
prepare = None, binary = None

    def execute(
        self,
        query: Query,
        params: Params | None = None,
        *,
        prepare: bool | None = None,
        binary: bool | None = None,
    ) -> Self:
        """
        Execute a query or command to the database.
        """
        try:
            with self._conn.lock:
                self._conn.wait(
                    self._execute_gen(query, params, prepare=prepare, binary=binary)
                )
        except e._NO_TRACEBACK as ex:
>           raise ex.with_traceback(None)
E           psycopg.errors.UniqueViolation: duplicate key value violates unique constraint "accounts_user_email_key"
E           DETAIL:  Key (email)=(reports@example.com) already exists.

.venv/lib/python3.14/site-packages/psycopg/cursor.py:117: UniqueViolation

The above exception was the direct cause of the following exception:

client = <django.test.client.Client object at 0x7d8c527520d0>

    @pytest.fixture
    def report_context(client):
>       user = get_user_model().objects.create_user("reports@example.com")
               ^^^^^^^^^^^^^^^^^^^^^^^^^^^^^^^^^^^^^^^^^^^^^^^^^^^^^^^^^^^

tests/conftest.py:174: 
_ _ _ _ _ _ _ _ _ _ _ _ _ _ _ _ _ _ _ _ _ _ _ _ _ _ _ _ _ _ _ _ _ _ _ _ _ _ _ _ 
apps/accounts/managers.py:29: in create_user
    user.save(using=self._db)
.venv/lib/python3.14/site-packages/django/contrib/auth/base_user.py:65: in save
    super().save(*args, **kwargs)
.venv/lib/python3.14/site-packages/django/db/models/base.py:902: in save
    self.save_base(
.venv/lib/python3.14/site-packages/django/db/models/base.py:1008: in save_base
    updated = self._save_table(
.venv/lib/python3.14/site-packages/django/db/models/base.py:1169: in _save_table
    results = self._do_insert(
.venv/lib/python3.14/site-packages/django/db/models/base.py:1210: in _do_insert
    return manager._insert(
.venv/lib/python3.14/site-packages/django/db/models/manager.py:87: in manager_method
    return getattr(self.get_queryset(), name)(*args, **kwargs)
           ^^^^^^^^^^^^^^^^^^^^^^^^^^^^^^^^^^^^^^^^^^^^^^^^^^^
.venv/lib/python3.14/site-packages/django/db/models/query.py:1873: in _insert
    return query.get_compiler(using=using).execute_sql(returning_fields)
           ^^^^^^^^^^^^^^^^^^^^^^^^^^^^^^^^^^^^^^^^^^^^^^^^^^^^^^^^^^^^^
.venv/lib/python3.14/site-packages/django/db/models/sql/compiler.py:1882: in execute_sql
    cursor.execute(sql, params)
.venv/lib/python3.14/site-packages/django/db/backends/utils.py:79: in execute
    return self._execute_with_wrappers(
.venv/lib/python3.14/site-packages/django/db/backends/utils.py:92: in _execute_with_wrappers
    return executor(sql, params, many, context)
           ^^^^^^^^^^^^^^^^^^^^^^^^^^^^^^^^^^^^
.venv/lib/python3.14/site-packages/django/db/backends/utils.py:100: in _execute
    with self.db.wrap_database_errors:
         ^^^^^^^^^^^^^^^^^^^^^^^^^^^^
.venv/lib/python3.14/site-packages/django/db/utils.py:91: in __exit__
    raise dj_exc_value.with_traceback(traceback) from exc_value
.venv/lib/python3.14/site-packages/django/db/backends/utils.py:105: in _execute
    return self.cursor.execute(sql, params)
           ^^^^^^^^^^^^^^^^^^^^^^^^^^^^^^^^
_ _ _ _ _ _ _ _ _ _ _ _ _ _ _ _ _ _ _ _ _ _ _ _ _ _ _ _ _ _ _ _ _ _ _ _ _ _ _ _ 

self = <django.db.backends.postgresql.base.Cursor [closed] [IDLE] (host=qualification-db user=postgres database=test_qualification) at 0x7d8c52780d70>
query = 'INSERT INTO "accounts_user" ("password", "last_login", "is_superuser", "id", "email", "first_name", "last_name", "is_staff", "is_active", "date_joined") VALUES (%s, %s, %s, %s, %s, %s, %s, %s, %s, %s)'
params = ('!A5B41rdKIsEsUTP8oMxflKDIQw6d91XS92ui4RrI', None, False, UUID('9c25e06a-7c58-4958-977d-32ffea126e11'), 'reports@example.com', '', ...)
prepare = None, binary = None

    def execute(
        self,
        query: Query,
        params: Params | None = None,
        *,
        prepare: bool | None = None,
        binary: bool | None = None,
    ) -> Self:
        """
        Execute a query or command to the database.
        """
        try:
            with self._conn.lock:
                self._conn.wait(
                    self._execute_gen(query, params, prepare=prepare, binary=binary)
                )
        except e._NO_TRACEBACK as ex:
>           raise ex.with_traceback(None)
E           django.db.utils.IntegrityError: duplicate key value violates unique constraint "accounts_user_email_key"
E           DETAIL:  Key (email)=(reports@example.com) already exists.

.venv/lib/python3.14/site-packages/psycopg/cursor.py:117: IntegrityError
_ ERROR at teardown of test_storage_metadata_plus_reservation_has_exact_boundary[True] _

self = <django.db.backends.utils.CursorWrapper object at 0x7d8c527dbfb0>
sql = 'TRUNCATE "auth_group_permissions", "core_known_entities", "core_health_controls", "billing_stripewebhookevent", "acco...zationmember", "report_artifacts", "integrations_providerconnection", "integrations_providerevent", "catalog_product";'
params = None
ignored_wrapper_args = (False, {'connection': <DatabaseWrapper vendor='postgresql' alias='default'>, 'cursor': <django.db.backends.utils.CursorWrapper object at 0x7d8c527dbfb0>})

    def _execute(self, sql, params, *ignored_wrapper_args):
        # Raise a warning during app initialization (stored_app_configs is only
        # ever set during testing).
        if not apps.ready and not apps.stored_app_configs:
            warnings.warn(self.APPS_NOT_READY_WARNING_MSG, category=RuntimeWarning)
        self.db.validate_no_broken_transaction()
        with self.db.wrap_database_errors:
            if params is None:
                # params default might be backend specific.
>               return self.cursor.execute(sql)
                       ^^^^^^^^^^^^^^^^^^^^^^^^

.venv/lib/python3.14/site-packages/django/db/backends/utils.py:103: 
_ _ _ _ _ _ _ _ _ _ _ _ _ _ _ _ _ _ _ _ _ _ _ _ _ _ _ _ _ _ _ _ _ _ _ _ _ _ _ _ 

self = <django.db.backends.postgresql.base.Cursor [closed] [IDLE] (host=qualification-db user=postgres database=test_qualification) at 0x7d8c527809f0>
query = 'TRUNCATE "auth_group_permissions", "core_known_entities", "core_health_controls", "billing_stripewebhookevent", "acco...zationmember", "report_artifacts", "integrations_providerconnection", "integrations_providerevent", "catalog_product";'
params = None, prepare = None, binary = None

    def execute(
        self,
        query: Query,
        params: Params | None = None,
        *,
        prepare: bool | None = None,
        binary: bool | None = None,
    ) -> Self:
        """
        Execute a query or command to the database.
        """
        try:
            with self._conn.lock:
                self._conn.wait(
                    self._execute_gen(query, params, prepare=prepare, binary=binary)
                )
        except e._NO_TRACEBACK as ex:
>           raise ex.with_traceback(None)
E           psycopg.errors.FeatureNotSupported: cannot truncate a table referenced in a foreign key constraint
E           DETAIL:  Table "billing_admission_receipt" references "billing_paid_coverage".
E           HINT:  Truncate table "billing_admission_receipt" at the same time, or use TRUNCATE ... CASCADE.

.venv/lib/python3.14/site-packages/psycopg/cursor.py:117: FeatureNotSupported

The above exception was the direct cause of the following exception:

self = <django.core.management.commands.flush.Command object at 0x7d8c527db830>
options = {'verbosity': 0, 'settings': None, 'pythonpath': None, 'traceback': False, ...}

        def handle(self, **options):
            database = options["database"]
            connection = connections[database]
            verbosity = options["verbosity"]
            interactive = options["interactive"]
            # The following are stealth options used by Django's internals.
            reset_sequences = options.get("reset_sequences", True)
            allow_cascade = options.get("allow_cascade", False)
            inhibit_post_migrate = options.get("inhibit_post_migrate", False)
    
            self.style = no_style()
    
            # Import the 'management' module within each installed app, to register
            # dispatcher events.
            for app_config in apps.get_app_configs():
                try:
                    import_module(".management", app_config.name)
                except ImportError:
                    pass
    
            sql_list = sql_flush(
                self.style,
                connection,
                reset_sequences=reset_sequences,
                allow_cascade=allow_cascade,
            )
    
            if interactive:
                confirm = input("""You have requested a flush of the database.
    This will IRREVERSIBLY DESTROY all data currently in the "%s" database,
    and return each table to an empty state.
    Are you sure you want to do this?
    
        Type 'yes' to continue, or 'no' to cancel: """ % connection.settings_dict["NAME"])
            else:
                confirm = "yes"
    
            if confirm == "yes":
                try:
>                   connection.ops.execute_sql_flush(sql_list)

.venv/lib/python3.14/site-packages/django/core/management/commands/flush.py:71: 
_ _ _ _ _ _ _ _ _ _ _ _ _ _ _ _ _ _ _ _ _ _ _ _ _ _ _ _ _ _ _ _ _ _ _ _ _ _ _ _ 
.venv/lib/python3.14/site-packages/django/db/backends/base/operations.py:473: in execute_sql_flush
    cursor.execute(sql)
.venv/lib/python3.14/site-packages/django/db/backends/utils.py:79: in execute
    return self._execute_with_wrappers(
.venv/lib/python3.14/site-packages/django/db/backends/utils.py:92: in _execute_with_wrappers
    return executor(sql, params, many, context)
           ^^^^^^^^^^^^^^^^^^^^^^^^^^^^^^^^^^^^
.venv/lib/python3.14/site-packages/django/db/backends/utils.py:100: in _execute
    with self.db.wrap_database_errors:
         ^^^^^^^^^^^^^^^^^^^^^^^^^^^^
.venv/lib/python3.14/site-packages/django/db/utils.py:91: in __exit__
    raise dj_exc_value.with_traceback(traceback) from exc_value
.venv/lib/python3.14/site-packages/django/db/backends/utils.py:103: in _execute
    return self.cursor.execute(sql)
           ^^^^^^^^^^^^^^^^^^^^^^^^
_ _ _ _ _ _ _ _ _ _ _ _ _ _ _ _ _ _ _ _ _ _ _ _ _ _ _ _ _ _ _ _ _ _ _ _ _ _ _ _ 

self = <django.db.backends.postgresql.base.Cursor [closed] [IDLE] (host=qualification-db user=postgres database=test_qualification) at 0x7d8c527809f0>
query = 'TRUNCATE "auth_group_permissions", "core_known_entities", "core_health_controls", "billing_stripewebhookevent", "acco...zationmember", "report_artifacts", "integrations_providerconnection", "integrations_providerevent", "catalog_product";'
params = None, prepare = None, binary = None

    def execute(
        self,
        query: Query,
        params: Params | None = None,
        *,
        prepare: bool | None = None,
        binary: bool | None = None,
    ) -> Self:
        """
        Execute a query or command to the database.
        """
        try:
            with self._conn.lock:
                self._conn.wait(
                    self._execute_gen(query, params, prepare=prepare, binary=binary)
                )
        except e._NO_TRACEBACK as ex:
>           raise ex.with_traceback(None)
E           django.db.utils.NotSupportedError: cannot truncate a table referenced in a foreign key constraint
E           DETAIL:  Table "billing_admission_receipt" references "billing_paid_coverage".
E           HINT:  Truncate table "billing_admission_receipt" at the same time, or use TRUNCATE ... CASCADE.

.venv/lib/python3.14/site-packages/psycopg/cursor.py:117: NotSupportedError

The above exception was the direct cause of the following exception:

request = <SubRequest '_django_db_helper' for <Function test_storage_metadata_plus_reservation_has_exact_boundary[True]>>
django_db_setup = None
django_db_blocker = <pytest_django.plugin.DjangoDbBlocker object at 0x7d8c58045010>

    @pytest.fixture
    def _django_db_helper(
        request: pytest.FixtureRequest,
        django_db_setup: None,  # noqa: ARG001
        django_db_blocker: DjangoDbBlocker,
    ) -> Generator[None]:
        if is_django_unittest(request):
            yield
            return
    
        from django import VERSION
    
        marker = request.node.get_closest_marker("django_db")
        if marker:
            (
                transactional,
                reset_sequences,
                databases,
                serialized_rollback,
                available_apps,
            ) = validate_django_db(marker)
        else:
            (
                transactional,
                reset_sequences,
                databases,
                serialized_rollback,
                available_apps,
            ) = False, False, None, False, None
    
        transactional = (
            transactional
            or reset_sequences
            or ("transactional_db" in request.fixturenames or "live_server" in request.fixturenames)
        )
        reset_sequences = reset_sequences or ("django_db_reset_sequences" in request.fixturenames)
        serialized_rollback = serialized_rollback or (
            "django_db_serialized_rollback" in request.fixturenames
        )
    
        with django_db_blocker.unblock():
            import django.db
            import django.test
    
            if transactional:
                test_case_class = django.test.TransactionTestCase
            else:
                test_case_class = django.test.TestCase
    
            _reset_sequences = reset_sequences
            _serialized_rollback = serialized_rollback
            _databases = databases
            _available_apps = available_apps
    
            class PytestDjangoTestCase(test_case_class):  # type: ignore[misc,valid-type]
                reset_sequences = _reset_sequences
                serialized_rollback = _serialized_rollback
                if _databases is not None:
                    databases = _databases
                if _available_apps is not None:
                    available_apps = _available_apps
    
                # For non-transactional tests, skip executing `django.test.TestCase`'s
                # `setUpClass`/`tearDownClass`, only execute the super class ones.
                #
                # `TestCase`'s class setup manages the `setUpTestData`/class-level
                # transaction functionality. We don't use it; instead we (will) offer
                # our own alternatives. So it only adds overhead, and does some things
                # which conflict with our (planned) functionality, particularly, it
                # closes all database connections in `tearDownClass` which inhibits
                # wrapping tests in higher-scoped transactions.
                #
                # It's possible a new version of Django will add some unrelated
                # functionality to these methods, in which case skipping them completely
                # would not be desirable. Let's cross that bridge when we get there...
                if not transactional:
    
                    @classmethod
                    def setUpClass(cls) -> None:
                        super(django.test.TestCase, cls).setUpClass()
    
                    @classmethod
                    def tearDownClass(cls) -> None:
                        super(django.test.TestCase, cls).tearDownClass()
    
            PytestDjangoTestCase.setUpClass()
    
            test_case = PytestDjangoTestCase(methodName="__init__")
            if VERSION >= (6, 0):
                pre_setup_ran_eagerly = PytestDjangoTestCase._pre_setup_ran_eagerly
            else:
                pre_setup_ran_eagerly = getattr(PytestDjangoTestCase, "_pre_setup_ran_eagerly", False)
            if not pre_setup_ran_eagerly:
                # For a TransactionTestCase, setUpClass() has already run _pre_setup() and set
                # this flag to say so.
                test_case._pre_setup()
    
            yield
    
>           test_case._post_teardown()

.venv/lib/python3.14/site-packages/pytest_django/fixtures.py:305: 
_ _ _ _ _ _ _ _ _ _ _ _ _ _ _ _ _ _ _ _ _ _ _ _ _ _ _ _ _ _ _ _ _ _ _ _ _ _ _ _ 
.venv/lib/python3.14/site-packages/django/test/testcases.py:1231: in _post_teardown
    self._fixture_teardown()
.venv/lib/python3.14/site-packages/django/test/testcases.py:1266: in _fixture_teardown
    call_command(
.venv/lib/python3.14/site-packages/django/core/management/__init__.py:194: in call_command
    return command.execute(*args, **defaults)
           ^^^^^^^^^^^^^^^^^^^^^^^^^^^^^^^^^^
.venv/lib/python3.14/site-packages/django/core/management/base.py:464: in execute
    output = self.handle(*args, **options)
             ^^^^^^^^^^^^^^^^^^^^^^^^^^^^^
_ _ _ _ _ _ _ _ _ _ _ _ _ _ _ _ _ _ _ _ _ _ _ _ _ _ _ _ _ _ _ _ _ _ _ _ _ _ _ _ 

self = <django.core.management.commands.flush.Command object at 0x7d8c527db830>
options = {'verbosity': 0, 'settings': None, 'pythonpath': None, 'traceback': False, ...}

        def handle(self, **options):
            database = options["database"]
            connection = connections[database]
            verbosity = options["verbosity"]
            interactive = options["interactive"]
            # The following are stealth options used by Django's internals.
            reset_sequences = options.get("reset_sequences", True)
            allow_cascade = options.get("allow_cascade", False)
            inhibit_post_migrate = options.get("inhibit_post_migrate", False)
    
            self.style = no_style()
    
            # Import the 'management' module within each installed app, to register
            # dispatcher events.
            for app_config in apps.get_app_configs():
                try:
                    import_module(".management", app_config.name)
                except ImportError:
                    pass
    
            sql_list = sql_flush(
                self.style,
                connection,
                reset_sequences=reset_sequences,
                allow_cascade=allow_cascade,
            )
    
            if interactive:
                confirm = input("""You have requested a flush of the database.
    This will IRREVERSIBLY DESTROY all data currently in the "%s" database,
    and return each table to an empty state.
    Are you sure you want to do this?
    
        Type 'yes' to continue, or 'no' to cancel: """ % connection.settings_dict["NAME"])
            else:
                confirm = "yes"
    
            if confirm == "yes":
                try:
                    connection.ops.execute_sql_flush(sql_list)
                except Exception as exc:
>                   raise CommandError(
                        "Database %s couldn't be flushed. Possible reasons:\n"
                        "  * The database isn't running or isn't configured correctly.\n"
                        "  * At least one of the expected database tables doesn't exist.\n"
                        "  * The SQL was invalid.\n"
                        "Hint: Look at the output of 'django-admin sqlflush'. "
                        "That's the SQL this command wasn't able to run."
                        % (connection.settings_dict["NAME"],)
                    ) from exc
E                   django.core.management.base.CommandError: Database test_qualification couldn't be flushed. Possible reasons:
E                     * The database isn't running or isn't configured correctly.
E                     * At least one of the expected database tables doesn't exist.
E                     * The SQL was invalid.
E                   Hint: Look at the output of 'django-admin sqlflush'. That's the SQL this command wasn't able to run.

.venv/lib/python3.14/site-packages/django/core/management/commands/flush.py:73: CommandError
_ ERROR at setup of test_concurrent_freeze_returns_one_pack_and_one_reservation _

self = <django.db.backends.utils.CursorWrapper object at 0x7d8c5333bb30>
sql = 'INSERT INTO "accounts_user" ("password", "last_login", "is_superuser", "id", "email", "first_name", "last_name", "is_staff", "is_active", "date_joined") VALUES (%s, %s, %s, %s, %s, %s, %s, %s, %s, %s)'
params = ('!M3LmZh8K1YAI7sPVGZT93xOQRf387EtvCmSeSMjr', None, False, UUID('cab9b297-aa8c-46ff-9a5a-17c10b7c6b21'), 'reports@example.com', '', ...)
ignored_wrapper_args = (False, {'connection': <DatabaseWrapper vendor='postgresql' alias='default'>, 'cursor': <django.db.backends.utils.CursorWrapper object at 0x7d8c5333bb30>})

    def _execute(self, sql, params, *ignored_wrapper_args):
        # Raise a warning during app initialization (stored_app_configs is only
        # ever set during testing).
        if not apps.ready and not apps.stored_app_configs:
            warnings.warn(self.APPS_NOT_READY_WARNING_MSG, category=RuntimeWarning)
        self.db.validate_no_broken_transaction()
        with self.db.wrap_database_errors:
            if params is None:
                # params default might be backend specific.
                return self.cursor.execute(sql)
            else:
>               return self.cursor.execute(sql, params)
                       ^^^^^^^^^^^^^^^^^^^^^^^^^^^^^^^^

.venv/lib/python3.14/site-packages/django/db/backends/utils.py:105: 
_ _ _ _ _ _ _ _ _ _ _ _ _ _ _ _ _ _ _ _ _ _ _ _ _ _ _ _ _ _ _ _ _ _ _ _ _ _ _ _ 

self = <django.db.backends.postgresql.base.Cursor [closed] [IDLE] (host=qualification-db user=postgres database=test_qualification) at 0x7d8c52781ef0>
query = 'INSERT INTO "accounts_user" ("password", "last_login", "is_superuser", "id", "email", "first_name", "last_name", "is_staff", "is_active", "date_joined") VALUES (%s, %s, %s, %s, %s, %s, %s, %s, %s, %s)'
params = ('!M3LmZh8K1YAI7sPVGZT93xOQRf387EtvCmSeSMjr', None, False, UUID('cab9b297-aa8c-46ff-9a5a-17c10b7c6b21'), 'reports@example.com', '', ...)
prepare = None, binary = None

    def execute(
        self,
        query: Query,
        params: Params | None = None,
        *,
        prepare: bool | None = None,
        binary: bool | None = None,
    ) -> Self:
        """
        Execute a query or command to the database.
        """
        try:
            with self._conn.lock:
                self._conn.wait(
                    self._execute_gen(query, params, prepare=prepare, binary=binary)
                )
        except e._NO_TRACEBACK as ex:
>           raise ex.with_traceback(None)
E           psycopg.errors.UniqueViolation: duplicate key value violates unique constraint "accounts_user_email_key"
E           DETAIL:  Key (email)=(reports@example.com) already exists.

.venv/lib/python3.14/site-packages/psycopg/cursor.py:117: UniqueViolation

The above exception was the direct cause of the following exception:

client = <django.test.client.Client object at 0x7d8c52750370>

    @pytest.fixture
    def report_context(client):
>       user = get_user_model().objects.create_user("reports@example.com")
               ^^^^^^^^^^^^^^^^^^^^^^^^^^^^^^^^^^^^^^^^^^^^^^^^^^^^^^^^^^^

tests/conftest.py:174: 
_ _ _ _ _ _ _ _ _ _ _ _ _ _ _ _ _ _ _ _ _ _ _ _ _ _ _ _ _ _ _ _ _ _ _ _ _ _ _ _ 
apps/accounts/managers.py:29: in create_user
    user.save(using=self._db)
.venv/lib/python3.14/site-packages/django/contrib/auth/base_user.py:65: in save
    super().save(*args, **kwargs)
.venv/lib/python3.14/site-packages/django/db/models/base.py:902: in save
    self.save_base(
.venv/lib/python3.14/site-packages/django/db/models/base.py:1008: in save_base
    updated = self._save_table(
.venv/lib/python3.14/site-packages/django/db/models/base.py:1169: in _save_table
    results = self._do_insert(
.venv/lib/python3.14/site-packages/django/db/models/base.py:1210: in _do_insert
    return manager._insert(
.venv/lib/python3.14/site-packages/django/db/models/manager.py:87: in manager_method
    return getattr(self.get_queryset(), name)(*args, **kwargs)
           ^^^^^^^^^^^^^^^^^^^^^^^^^^^^^^^^^^^^^^^^^^^^^^^^^^^
.venv/lib/python3.14/site-packages/django/db/models/query.py:1873: in _insert
    return query.get_compiler(using=using).execute_sql(returning_fields)
           ^^^^^^^^^^^^^^^^^^^^^^^^^^^^^^^^^^^^^^^^^^^^^^^^^^^^^^^^^^^^^
.venv/lib/python3.14/site-packages/django/db/models/sql/compiler.py:1882: in execute_sql
    cursor.execute(sql, params)
.venv/lib/python3.14/site-packages/django/db/backends/utils.py:79: in execute
    return self._execute_with_wrappers(
.venv/lib/python3.14/site-packages/django/db/backends/utils.py:92: in _execute_with_wrappers
    return executor(sql, params, many, context)
           ^^^^^^^^^^^^^^^^^^^^^^^^^^^^^^^^^^^^
.venv/lib/python3.14/site-packages/django/db/backends/utils.py:100: in _execute
    with self.db.wrap_database_errors:
         ^^^^^^^^^^^^^^^^^^^^^^^^^^^^
.venv/lib/python3.14/site-packages/django/db/utils.py:91: in __exit__
    raise dj_exc_value.with_traceback(traceback) from exc_value
.venv/lib/python3.14/site-packages/django/db/backends/utils.py:105: in _execute
    return self.cursor.execute(sql, params)
           ^^^^^^^^^^^^^^^^^^^^^^^^^^^^^^^^
_ _ _ _ _ _ _ _ _ _ _ _ _ _ _ _ _ _ _ _ _ _ _ _ _ _ _ _ _ _ _ _ _ _ _ _ _ _ _ _ 

self = <django.db.backends.postgresql.base.Cursor [closed] [IDLE] (host=qualification-db user=postgres database=test_qualification) at 0x7d8c52781ef0>
query = 'INSERT INTO "accounts_user" ("password", "last_login", "is_superuser", "id", "email", "first_name", "last_name", "is_staff", "is_active", "date_joined") VALUES (%s, %s, %s, %s, %s, %s, %s, %s, %s, %s)'
params = ('!M3LmZh8K1YAI7sPVGZT93xOQRf387EtvCmSeSMjr', None, False, UUID('cab9b297-aa8c-46ff-9a5a-17c10b7c6b21'), 'reports@example.com', '', ...)
prepare = None, binary = None

    def execute(
        self,
        query: Query,
        params: Params | None = None,
        *,
        prepare: bool | None = None,
        binary: bool | None = None,
    ) -> Self:
        """
        Execute a query or command to the database.
        """
        try:
            with self._conn.lock:
                self._conn.wait(
                    self._execute_gen(query, params, prepare=prepare, binary=binary)
                )
        except e._NO_TRACEBACK as ex:
>           raise ex.with_traceback(None)
E           django.db.utils.IntegrityError: duplicate key value violates unique constraint "accounts_user_email_key"
E           DETAIL:  Key (email)=(reports@example.com) already exists.

.venv/lib/python3.14/site-packages/psycopg/cursor.py:117: IntegrityError
_ ERROR at teardown of test_concurrent_freeze_returns_one_pack_and_one_reservation _

self = <django.db.backends.utils.CursorWrapper object at 0x7d8c5333be90>
sql = 'TRUNCATE "auth_group_permissions", "core_known_entities", "core_health_controls", "billing_stripewebhookevent", "acco...zationmember", "report_artifacts", "integrations_providerconnection", "integrations_providerevent", "catalog_product";'
params = None
ignored_wrapper_args = (False, {'connection': <DatabaseWrapper vendor='postgresql' alias='default'>, 'cursor': <django.db.backends.utils.CursorWrapper object at 0x7d8c5333be90>})

    def _execute(self, sql, params, *ignored_wrapper_args):
        # Raise a warning during app initialization (stored_app_configs is only
        # ever set during testing).
        if not apps.ready and not apps.stored_app_configs:
            warnings.warn(self.APPS_NOT_READY_WARNING_MSG, category=RuntimeWarning)
        self.db.validate_no_broken_transaction()
        with self.db.wrap_database_errors:
            if params is None:
                # params default might be backend specific.
>               return self.cursor.execute(sql)
                       ^^^^^^^^^^^^^^^^^^^^^^^^

.venv/lib/python3.14/site-packages/django/db/backends/utils.py:103: 
_ _ _ _ _ _ _ _ _ _ _ _ _ _ _ _ _ _ _ _ _ _ _ _ _ _ _ _ _ _ _ _ _ _ _ _ _ _ _ _ 

self = <django.db.backends.postgresql.base.Cursor [closed] [BAD] at 0x7d8c52781c50>
query = 'TRUNCATE "auth_group_permissions", "core_known_entities", "core_health_controls", "billing_stripewebhookevent", "acco...zationmember", "report_artifacts", "integrations_providerconnection", "integrations_providerevent", "catalog_product";'
params = None, prepare = None, binary = None

    def execute(
        self,
        query: Query,
        params: Params | None = None,
        *,
        prepare: bool | None = None,
        binary: bool | None = None,
    ) -> Self:
        """
        Execute a query or command to the database.
        """
        try:
            with self._conn.lock:
                self._conn.wait(
                    self._execute_gen(query, params, prepare=prepare, binary=binary)
                )
        except e._NO_TRACEBACK as ex:
>           raise ex.with_traceback(None)
E           psycopg.errors.FeatureNotSupported: cannot truncate a table referenced in a foreign key constraint
E           DETAIL:  Table "billing_admission_receipt" references "billing_paid_coverage".
E           HINT:  Truncate table "billing_admission_receipt" at the same time, or use TRUNCATE ... CASCADE.

.venv/lib/python3.14/site-packages/psycopg/cursor.py:117: FeatureNotSupported

The above exception was the direct cause of the following exception:

self = <django.core.management.commands.flush.Command object at 0x7d8c5333a690>
options = {'verbosity': 0, 'settings': None, 'pythonpath': None, 'traceback': False, ...}

        def handle(self, **options):
            database = options["database"]
            connection = connections[database]
            verbosity = options["verbosity"]
            interactive = options["interactive"]
            # The following are stealth options used by Django's internals.
            reset_sequences = options.get("reset_sequences", True)
            allow_cascade = options.get("allow_cascade", False)
            inhibit_post_migrate = options.get("inhibit_post_migrate", False)
    
            self.style = no_style()
    
            # Import the 'management' module within each installed app, to register
            # dispatcher events.
            for app_config in apps.get_app_configs():
                try:
                    import_module(".management", app_config.name)
                except ImportError:
                    pass
    
            sql_list = sql_flush(
                self.style,
                connection,
                reset_sequences=reset_sequences,
                allow_cascade=allow_cascade,
            )
    
            if interactive:
                confirm = input("""You have requested a flush of the database.
    This will IRREVERSIBLY DESTROY all data currently in the "%s" database,
    and return each table to an empty state.
    Are you sure you want to do this?
    
        Type 'yes' to continue, or 'no' to cancel: """ % connection.settings_dict["NAME"])
            else:
                confirm = "yes"
    
            if confirm == "yes":
                try:
>                   connection.ops.execute_sql_flush(sql_list)

.venv/lib/python3.14/site-packages/django/core/management/commands/flush.py:71: 
_ _ _ _ _ _ _ _ _ _ _ _ _ _ _ _ _ _ _ _ _ _ _ _ _ _ _ _ _ _ _ _ _ _ _ _ _ _ _ _ 
.venv/lib/python3.14/site-packages/django/db/backends/base/operations.py:473: in execute_sql_flush
    cursor.execute(sql)
.venv/lib/python3.14/site-packages/django/db/backends/utils.py:79: in execute
    return self._execute_with_wrappers(
.venv/lib/python3.14/site-packages/django/db/backends/utils.py:92: in _execute_with_wrappers
    return executor(sql, params, many, context)
           ^^^^^^^^^^^^^^^^^^^^^^^^^^^^^^^^^^^^
.venv/lib/python3.14/site-packages/django/db/backends/utils.py:100: in _execute
    with self.db.wrap_database_errors:
         ^^^^^^^^^^^^^^^^^^^^^^^^^^^^
.venv/lib/python3.14/site-packages/django/db/utils.py:91: in __exit__
    raise dj_exc_value.with_traceback(traceback) from exc_value
.venv/lib/python3.14/site-packages/django/db/backends/utils.py:103: in _execute
    return self.cursor.execute(sql)
           ^^^^^^^^^^^^^^^^^^^^^^^^
_ _ _ _ _ _ _ _ _ _ _ _ _ _ _ _ _ _ _ _ _ _ _ _ _ _ _ _ _ _ _ _ _ _ _ _ _ _ _ _ 

self = <django.db.backends.postgresql.base.Cursor [closed] [BAD] at 0x7d8c52781c50>
query = 'TRUNCATE "auth_group_permissions", "core_known_entities", "core_health_controls", "billing_stripewebhookevent", "acco...zationmember", "report_artifacts", "integrations_providerconnection", "integrations_providerevent", "catalog_product";'
params = None, prepare = None, binary = None

    def execute(
        self,
        query: Query,
        params: Params | None = None,
        *,
        prepare: bool | None = None,
        binary: bool | None = None,
    ) -> Self:
        """
        Execute a query or command to the database.
        """
        try:
            with self._conn.lock:
                self._conn.wait(
                    self._execute_gen(query, params, prepare=prepare, binary=binary)
                )
        except e._NO_TRACEBACK as ex:
>           raise ex.with_traceback(None)
E           django.db.utils.NotSupportedError: cannot truncate a table referenced in a foreign key constraint
E           DETAIL:  Table "billing_admission_receipt" references "billing_paid_coverage".
E           HINT:  Truncate table "billing_admission_receipt" at the same time, or use TRUNCATE ... CASCADE.

.venv/lib/python3.14/site-packages/psycopg/cursor.py:117: NotSupportedError

The above exception was the direct cause of the following exception:

request = <SubRequest '_django_db_helper' for <Function test_concurrent_freeze_returns_one_pack_and_one_reservation>>
django_db_setup = None
django_db_blocker = <pytest_django.plugin.DjangoDbBlocker object at 0x7d8c58045010>

    @pytest.fixture
    def _django_db_helper(
        request: pytest.FixtureRequest,
        django_db_setup: None,  # noqa: ARG001
        django_db_blocker: DjangoDbBlocker,
    ) -> Generator[None]:
        if is_django_unittest(request):
            yield
            return
    
        from django import VERSION
    
        marker = request.node.get_closest_marker("django_db")
        if marker:
            (
                transactional,
                reset_sequences,
                databases,
                serialized_rollback,
                available_apps,
            ) = validate_django_db(marker)
        else:
            (
                transactional,
                reset_sequences,
                databases,
                serialized_rollback,
                available_apps,
            ) = False, False, None, False, None
    
        transactional = (
            transactional
            or reset_sequences
            or ("transactional_db" in request.fixturenames or "live_server" in request.fixturenames)
        )
        reset_sequences = reset_sequences or ("django_db_reset_sequences" in request.fixturenames)
        serialized_rollback = serialized_rollback or (
            "django_db_serialized_rollback" in request.fixturenames
        )
    
        with django_db_blocker.unblock():
            import django.db
            import django.test
    
            if transactional:
                test_case_class = django.test.TransactionTestCase
            else:
                test_case_class = django.test.TestCase
    
            _reset_sequences = reset_sequences
            _serialized_rollback = serialized_rollback
            _databases = databases
            _available_apps = available_apps
    
            class PytestDjangoTestCase(test_case_class):  # type: ignore[misc,valid-type]
                reset_sequences = _reset_sequences
                serialized_rollback = _serialized_rollback
                if _databases is not None:
                    databases = _databases
                if _available_apps is not None:
                    available_apps = _available_apps
    
                # For non-transactional tests, skip executing `django.test.TestCase`'s
                # `setUpClass`/`tearDownClass`, only execute the super class ones.
                #
                # `TestCase`'s class setup manages the `setUpTestData`/class-level
                # transaction functionality. We don't use it; instead we (will) offer
                # our own alternatives. So it only adds overhead, and does some things
                # which conflict with our (planned) functionality, particularly, it
                # closes all database connections in `tearDownClass` which inhibits
                # wrapping tests in higher-scoped transactions.
                #
                # It's possible a new version of Django will add some unrelated
                # functionality to these methods, in which case skipping them completely
                # would not be desirable. Let's cross that bridge when we get there...
                if not transactional:
    
                    @classmethod
                    def setUpClass(cls) -> None:
                        super(django.test.TestCase, cls).setUpClass()
    
                    @classmethod
                    def tearDownClass(cls) -> None:
                        super(django.test.TestCase, cls).tearDownClass()
    
            PytestDjangoTestCase.setUpClass()
    
            test_case = PytestDjangoTestCase(methodName="__init__")
            if VERSION >= (6, 0):
                pre_setup_ran_eagerly = PytestDjangoTestCase._pre_setup_ran_eagerly
            else:
                pre_setup_ran_eagerly = getattr(PytestDjangoTestCase, "_pre_setup_ran_eagerly", False)
            if not pre_setup_ran_eagerly:
                # For a TransactionTestCase, setUpClass() has already run _pre_setup() and set
                # this flag to say so.
                test_case._pre_setup()
    
            yield
    
>           test_case._post_teardown()

.venv/lib/python3.14/site-packages/pytest_django/fixtures.py:305: 
_ _ _ _ _ _ _ _ _ _ _ _ _ _ _ _ _ _ _ _ _ _ _ _ _ _ _ _ _ _ _ _ _ _ _ _ _ _ _ _ 
.venv/lib/python3.14/site-packages/django/test/testcases.py:1231: in _post_teardown
    self._fixture_teardown()
.venv/lib/python3.14/site-packages/django/test/testcases.py:1266: in _fixture_teardown
    call_command(
.venv/lib/python3.14/site-packages/django/core/management/__init__.py:194: in call_command
    return command.execute(*args, **defaults)
           ^^^^^^^^^^^^^^^^^^^^^^^^^^^^^^^^^^
.venv/lib/python3.14/site-packages/django/core/management/base.py:464: in execute
    output = self.handle(*args, **options)
             ^^^^^^^^^^^^^^^^^^^^^^^^^^^^^
_ _ _ _ _ _ _ _ _ _ _ _ _ _ _ _ _ _ _ _ _ _ _ _ _ _ _ _ _ _ _ _ _ _ _ _ _ _ _ _ 

self = <django.core.management.commands.flush.Command object at 0x7d8c5333a690>
options = {'verbosity': 0, 'settings': None, 'pythonpath': None, 'traceback': False, ...}

        def handle(self, **options):
            database = options["database"]
            connection = connections[database]
            verbosity = options["verbosity"]
            interactive = options["interactive"]
            # The following are stealth options used by Django's internals.
            reset_sequences = options.get("reset_sequences", True)
            allow_cascade = options.get("allow_cascade", False)
            inhibit_post_migrate = options.get("inhibit_post_migrate", False)
    
            self.style = no_style()
    
            # Import the 'management' module within each installed app, to register
            # dispatcher events.
            for app_config in apps.get_app_configs():
                try:
                    import_module(".management", app_config.name)
                except ImportError:
                    pass
    
            sql_list = sql_flush(
                self.style,
                connection,
                reset_sequences=reset_sequences,
                allow_cascade=allow_cascade,
            )
    
            if interactive:
                confirm = input("""You have requested a flush of the database.
    This will IRREVERSIBLY DESTROY all data currently in the "%s" database,
    and return each table to an empty state.
    Are you sure you want to do this?
    
        Type 'yes' to continue, or 'no' to cancel: """ % connection.settings_dict["NAME"])
            else:
                confirm = "yes"
    
            if confirm == "yes":
                try:
                    connection.ops.execute_sql_flush(sql_list)
                except Exception as exc:
>                   raise CommandError(
                        "Database %s couldn't be flushed. Possible reasons:\n"
                        "  * The database isn't running or isn't configured correctly.\n"
                        "  * At least one of the expected database tables doesn't exist.\n"
                        "  * The SQL was invalid.\n"
                        "Hint: Look at the output of 'django-admin sqlflush'. "
                        "That's the SQL this command wasn't able to run."
                        % (connection.settings_dict["NAME"],)
                    ) from exc
E                   django.core.management.base.CommandError: Database test_qualification couldn't be flushed. Possible reasons:
E                     * The database isn't running or isn't configured correctly.
E                     * At least one of the expected database tables doesn't exist.
E                     * The SQL was invalid.
E                   Hint: Look at the output of 'django-admin sqlflush'. That's the SQL this command wasn't able to run.

.venv/lib/python3.14/site-packages/django/core/management/commands/flush.py:73: CommandError
=============================== warnings summary ===============================
tests/test_review_cycle_authority.py::test_concurrent_freeze_returns_one_pack_and_one_reservation
  /app:0: PytestWarning: Error when trying to teardown test databases: OperationalError('database "test_qualification" is being accessed by other users\nDETAIL:  There are 2 other sessions using the database.')

-- Docs: https://docs.pytest.org/en/stable/how-to/capture-warnings.html
=========================== short test summary info ============================
ERROR tests/test_review_cycle_authority.py::test_initial_freeze_is_atomic_immutable_and_honest_about_empty_decisions
ERROR tests/test_review_cycle_authority.py::test_app_raw_admission_and_mutation_are_denied[review_cycles]
ERROR tests/test_review_cycle_authority.py::test_app_raw_admission_and_mutation_are_denied[review_cycles]
ERROR tests/test_review_cycle_authority.py::test_app_raw_admission_and_mutation_are_denied[review_cycle_events]
ERROR tests/test_review_cycle_authority.py::test_app_raw_admission_and_mutation_are_denied[review_cycle_events]
ERROR tests/test_review_cycle_authority.py::test_app_raw_admission_and_mutation_are_denied[review_pack_identities]
ERROR tests/test_review_cycle_authority.py::test_app_raw_admission_and_mutation_are_denied[review_pack_identities]
ERROR tests/test_review_cycle_authority.py::test_app_raw_admission_and_mutation_are_denied[review_capacity_reservations]
ERROR tests/test_review_cycle_authority.py::test_app_raw_admission_and_mutation_are_denied[review_capacity_reservations]
ERROR tests/test_review_cycle_authority.py::test_app_raw_admission_and_mutation_are_denied[review_reservation_events]
ERROR tests/test_review_cycle_authority.py::test_app_raw_admission_and_mutation_are_denied[review_reservation_events]
ERROR tests/test_review_cycle_authority.py::test_worker_has_no_review_table_access[review_cycles]
ERROR tests/test_review_cycle_authority.py::test_worker_has_no_review_table_access[review_cycle_events]
ERROR tests/test_review_cycle_authority.py::test_worker_has_no_review_table_access[review_pack_identities]
ERROR tests/test_review_cycle_authority.py::test_worker_has_no_review_table_access[review_capacity_reservations]
ERROR tests/test_review_cycle_authority.py::test_worker_has_no_review_table_access[review_reservation_events]
ERROR tests/test_review_cycle_authority.py::test_owner_role_in_another_workspace_does_not_authorize_review_reads
ERROR tests/test_review_cycle_authority.py::test_owner_role_in_another_workspace_does_not_authorize_review_reads
ERROR tests/test_review_cycle_authority.py::test_unadmitted_billing_authority_blocks_freeze_without_partial_events
ERROR tests/test_review_cycle_authority.py::test_unadmitted_billing_authority_blocks_freeze_without_partial_events
ERROR tests/test_review_cycle_authority.py::test_pause_fences_freeze_and_keeps_open_identity
ERROR tests/test_review_cycle_authority.py::test_pause_fences_freeze_and_keeps_open_identity
ERROR tests/test_review_cycle_authority.py::test_one_open_and_one_frozen_pending_are_enforced
ERROR tests/test_review_cycle_authority.py::test_one_open_and_one_frozen_pending_are_enforced
ERROR tests/test_review_cycle_authority.py::test_revision_cas_rejects_aliases_and_stale_state[0]
ERROR tests/test_review_cycle_authority.py::test_revision_cas_rejects_aliases_and_stale_state[0]
ERROR tests/test_review_cycle_authority.py::test_revision_cas_rejects_aliases_and_stale_state[2]
ERROR tests/test_review_cycle_authority.py::test_revision_cas_rejects_aliases_and_stale_state[2]
ERROR tests/test_review_cycle_authority.py::test_revision_cas_rejects_aliases_and_stale_state[3]
ERROR tests/test_review_cycle_authority.py::test_revision_cas_rejects_aliases_and_stale_state[3]
ERROR tests/test_review_cycle_authority.py::test_revision_cas_rejects_aliases_and_stale_state[True]
ERROR tests/test_review_cycle_authority.py::test_revision_cas_rejects_aliases_and_stale_state[True]
ERROR tests/test_review_cycle_authority.py::test_revision_cas_rejects_aliases_and_stale_state[1]
ERROR tests/test_review_cycle_authority.py::test_revision_cas_rejects_aliases_and_stale_state[1]
ERROR tests/test_review_cycle_authority.py::test_revision_cas_rejects_aliases_and_stale_state[None]
ERROR tests/test_review_cycle_authority.py::test_revision_cas_rejects_aliases_and_stale_state[None]
ERROR tests/test_review_cycle_authority.py::test_baseline_promotion_is_explicitly_not_admitted
ERROR tests/test_review_cycle_authority.py::test_baseline_promotion_is_explicitly_not_admitted
ERROR tests/test_review_cycle_authority.py::test_server_manifest_cannot_be_supplied_by_caller
ERROR tests/test_review_cycle_authority.py::test_server_manifest_cannot_be_supplied_by_caller
ERROR tests/test_review_cycle_authority.py::test_reservation_has_no_timeout_or_arbitrary_release_interface
ERROR tests/test_review_cycle_authority.py::test_reservation_has_no_timeout_or_arbitrary_release_interface
ERROR tests/test_review_cycle_authority.py::test_raw_issuer_rejects_corrupt_same_tenant_snapshot
ERROR tests/test_review_cycle_authority.py::test_raw_issuer_rejects_corrupt_same_tenant_snapshot
ERROR tests/test_review_cycle_authority.py::test_quota_counts_held_reservations_against_exact_admitted_interval
ERROR tests/test_review_cycle_authority.py::test_quota_counts_held_reservations_against_exact_admitted_interval
ERROR tests/test_review_cycle_authority.py::test_storage_metadata_plus_reservation_has_exact_boundary[False]
ERROR tests/test_review_cycle_authority.py::test_storage_metadata_plus_reservation_has_exact_boundary[False]
ERROR tests/test_review_cycle_authority.py::test_storage_metadata_plus_reservation_has_exact_boundary[True]
ERROR tests/test_review_cycle_authority.py::test_storage_metadata_plus_reservation_has_exact_boundary[True]
ERROR tests/test_review_cycle_authority.py::test_concurrent_freeze_returns_one_pack_and_one_reservation
ERROR tests/test_review_cycle_authority.py::test_concurrent_freeze_returns_one_pack_and_one_reservation
6 passed, 1 warning, 52 errors in 23.72s
