Operations to perform:
  Apply all migrations: accounts, assessments, audit, auth, billing, catalog, contenttypes, imports, integrations, inventory, jobs, organizations, policies, reports, reviews, sessions
Running migrations:
  Applying contenttypes.0001_initial... OK
  Applying contenttypes.0002_remove_content_type_name... OK
  Applying auth.0001_initial... OK
  Applying auth.0002_alter_permission_name_max_length... OK
  Applying auth.0003_alter_user_email_max_length... OK
  Applying auth.0004_alter_user_username_opts... OK
  Applying auth.0005_alter_user_last_login_null... OK
  Applying auth.0006_require_contenttypes_0002... OK
  Applying auth.0007_alter_validators_add_error_messages... OK
  Applying auth.0008_alter_user_username_max_length... OK
  Applying auth.0009_alter_user_last_name_max_length... OK
  Applying auth.0010_alter_group_name_max_length... OK
  Applying auth.0011_update_proxy_permissions... OK
  Applying auth.0012_alter_user_first_name_max_length... OK
  Applying accounts.0001_initial... OK
  Applying sessions.0001_initial... OK
  Applying organizations.0001_initial... OK
  Applying inventory.0001_initial... OK
  Applying inventory.0002_database_security... OK
  Applying catalog.0001_initial... OK
  Applying inventory.0003_remove_inventoryitem_product_id_and_more... OK
  Applying assessments.0001_initial... OK
  Applying assessments.0002_snapshot_security... OK
  Applying audit.0001_initial... OK
  Applying audit.0002_audit_security... OK
  Applying reports.0001_initial... OK
  Applying reports.0002_report_security... OK
  Applying reports.0003_reportartifact... OK
  Applying reports.0004_reportartifact_security... OK
  Applying organizations.0002_public_onboarding... OK
  Applying organizations.0003_workflow_profile... OK
  Applying jobs.0001_initial... OK
  Applying jobs.0002_job_security... OK
  Applying jobs.0003_recovery_receipts... OK
  Applying jobs.0004_receipt_admission... OK
  Applying jobs.0005_atomic_recovery_admission... OK
  Applying jobs.0006_corecontrol_workflowschedule_actioncardrevision_and_more... OK
  Applying jobs.0007_core_workflow_security... OK
  Applying jobs.0008_worker_transition_authority... OK
  Applying billing.0001_initial... OK
  Applying billing.0002_stripewebhookevent... OK
  Applying billing.0003_founderslot... OK
  Applying billing.0004_founderslot_reservation_token... OK
  Applying billing.0005_billing_security... OK
  Applying jobs.0009_core_issuance_authority... OK
  Applying jobs.0010_job_input_admission... OK
  Applying jobs.0011_action_card_issuance... OK
  Applying jobs.0012_core_authority_successor... OK
  Applying billing.0006_paid_coverage... OK
  Applying billing.0007_ingester_effects... OK
  Applying billing.0008_checkout_intent... OK
  Applying catalog.0002_catalog_security... OK
  Applying imports.0001_initial... OK
  Applying imports.0002_import_staging_security... OK
  Applying integrations.0001_initial... OK
  Applying integrations.0002_providerconnection_providerattempt_providerevent_and_more... OK
  Applying inventory.0004_discovery_evidence... OK
  Applying inventory.0005_discovery_security... OK
  Applying inventory.0006_detectionevidence_inventory_item_and_more... OK
  Applying inventory.0007_inventoryitem_declared_fields... OK
  Applying jobs.0013_paid_entitlement... OK
  Applying policies.0001_initial... OK
  Applying policies.0002_organization_rule_security... OK
  Applying policies.0003_remove_organizationrule_unique_organization_rule_name_and_more... OK
  Applying reviews.0001_initial... OK
............................................E.E.E.E.E.E.E.E.E.E.E.E.E.E. [ 66%]
E.E.E.E.E.E.E.E.EFE....................                                  [100%]
==================================== ERRORS ====================================
_ ERROR at teardown of test_assessment_snapshots_are_tenant_isolated_and_append_only _

self = <django.db.backends.utils.CursorWrapper object at 0x7d7ad6ea2330>
sql = 'SELECT "review_artifact_requests"."id" FROM "review_artifact_requests" WHERE "review_artifact_requests"."organization_id" IN (%s, %s)'
params = (UUID('a1ea2d80-3f77-4a3e-a55d-33134ed0cfbb'), UUID('faadb04b-1835-4c3b-8f61-3b1d0706fa43'))
ignored_wrapper_args = (False, {'connection': <DatabaseWrapper vendor='postgresql' alias='default'>, 'cursor': <django.db.backends.utils.CursorWrapper object at 0x7d7ad6ea2330>})

    def _execute(self, sql, params, *ignored_wrapper_args):
        # Raise a warning during app initialization (stored_app_configs is only
        # ever set during testing).
        if not apps.ready and not apps.stored_app_configs:
            warnings.warn(self.APPS_NOT_READY_WARNING_MSG, category=RuntimeWarning)
        self.db.validate_no_broken_transaction()
        with self.db.wrap_database_errors:
            if params is None:
                # params default might be backend specific.
                return self.cursor.execute(sql)
            else:
>               return self.cursor.execute(sql, params)
                       ^^^^^^^^^^^^^^^^^^^^^^^^^^^^^^^^

.venv/lib/python3.14/site-packages/django/db/backends/utils.py:105: 
_ _ _ _ _ _ _ _ _ _ _ _ _ _ _ _ _ _ _ _ _ _ _ _ _ _ _ _ _ _ _ _ _ _ _ _ _ _ _ _ 

self = <django.db.backends.postgresql.base.Cursor [closed] [BAD] at 0x7d7ad6ba6a50>
query = 'SELECT "review_artifact_requests"."id" FROM "review_artifact_requests" WHERE "review_artifact_requests"."organization_id" IN (%s, %s)'
params = (UUID('a1ea2d80-3f77-4a3e-a55d-33134ed0cfbb'), UUID('faadb04b-1835-4c3b-8f61-3b1d0706fa43'))
prepare = None, binary = None

    def execute(
        self,
        query: Query,
        params: Params | None = None,
        *,
        prepare: bool | None = None,
        binary: bool | None = None,
    ) -> Self:
        """
        Execute a query or command to the database.
        """
        try:
            with self._conn.lock:
                self._conn.wait(
                    self._execute_gen(query, params, prepare=prepare, binary=binary)
                )
        except e._NO_TRACEBACK as ex:
>           raise ex.with_traceback(None)
E           psycopg.errors.UndefinedTable: relation "review_artifact_requests" does not exist
E           LINE 1: SELECT "review_artifact_requests"."id" FROM "review_artifact...
E                                                               ^

.venv/lib/python3.14/site-packages/psycopg/cursor.py:117: UndefinedTable

The above exception was the direct cause of the following exception:

    @pytest.fixture
    def isolation_fixture():
        user_model = get_user_model()
        user_a = user_model.objects.create_user("rls-a@example.com")
        user_b = user_model.objects.create_user("rls-b@example.com")
        organization_a = Organization.objects.create(name="RLS Firm A")
        organization_b = Organization.objects.create(name="RLS Firm B")
        OrganizationMember.objects.create(
            user=user_a,
            organization=organization_a,
            role=OrganizationMember.Role.OWNER,
        )
        OrganizationMember.objects.create(
            user=user_b,
            organization=organization_b,
            role=OrganizationMember.Role.OWNER,
        )
        item_a = InventoryItem.objects.create(
            organization=organization_a,
            display_name="Inventory A",
            vendor_name="Vendor A",
        )
        item_b = InventoryItem.objects.create(
            organization=organization_b,
            display_name="Inventory B",
            vendor_name="Vendor B",
        )
        fixture = IsolationFixture(
            user_a.id,
            user_b.id,
            organization_a.id,
            organization_b.id,
            item_a.id,
            item_b.id,
        )
        yield fixture
        with connections["default"].cursor() as cursor:
            cursor.execute(
                "TRUNCATE TABLE reports, audit_events, "
                "audit_merkle_blocks, audit_chain_heads, "
                "assessment_snapshots, billing_admission_receipt, "
                "billing_paid_coverage CASCADE"
            )
        BackgroundJob.objects.all().delete()
        from apps.billing.models import Subscription
    
        Subscription.objects.filter(
            organization_id__in=[fixture.organization_a_id, fixture.organization_b_id]
        ).delete()
        OrganizationRule.objects.all().delete()
        InventoryItem.objects.all().delete()
        OrganizationMember.objects.all().delete()
>       Organization.objects.all().delete()

tests/test_rls.py:106: 
_ _ _ _ _ _ _ _ _ _ _ _ _ _ _ _ _ _ _ _ _ _ _ _ _ _ _ _ _ _ _ _ _ _ _ _ _ _ _ _ 
.venv/lib/python3.14/site-packages/django/db/models/query.py:1200: in delete
    collector.collect(del_query)
.venv/lib/python3.14/site-packages/django/db/models/deletion.py:343: in collect
    if getattr(on_delete, "lazy_sub_objs", False) or sub_objs:
                                                     ^^^^^^^^
.venv/lib/python3.14/site-packages/django/db/models/query.py:400: in __bool__
    self._fetch_all()
.venv/lib/python3.14/site-packages/django/db/models/query.py:1954: in _fetch_all
    self._result_cache = list(self._iterable_class(self))
                         ^^^^^^^^^^^^^^^^^^^^^^^^^^^^^^^^
.venv/lib/python3.14/site-packages/django/db/models/query.py:93: in __iter__
    results = compiler.execute_sql(
.venv/lib/python3.14/site-packages/django/db/models/sql/compiler.py:1623: in execute_sql
    cursor.execute(sql, params)
.venv/lib/python3.14/site-packages/django/db/backends/utils.py:79: in execute
    return self._execute_with_wrappers(
.venv/lib/python3.14/site-packages/django/db/backends/utils.py:92: in _execute_with_wrappers
    return executor(sql, params, many, context)
           ^^^^^^^^^^^^^^^^^^^^^^^^^^^^^^^^^^^^
.venv/lib/python3.14/site-packages/django/db/backends/utils.py:100: in _execute
    with self.db.wrap_database_errors:
         ^^^^^^^^^^^^^^^^^^^^^^^^^^^^
.venv/lib/python3.14/site-packages/django/db/utils.py:91: in __exit__
    raise dj_exc_value.with_traceback(traceback) from exc_value
.venv/lib/python3.14/site-packages/django/db/backends/utils.py:105: in _execute
    return self.cursor.execute(sql, params)
           ^^^^^^^^^^^^^^^^^^^^^^^^^^^^^^^^
_ _ _ _ _ _ _ _ _ _ _ _ _ _ _ _ _ _ _ _ _ _ _ _ _ _ _ _ _ _ _ _ _ _ _ _ _ _ _ _ 

self = <django.db.backends.postgresql.base.Cursor [closed] [BAD] at 0x7d7ad6ba6a50>
query = 'SELECT "review_artifact_requests"."id" FROM "review_artifact_requests" WHERE "review_artifact_requests"."organization_id" IN (%s, %s)'
params = (UUID('a1ea2d80-3f77-4a3e-a55d-33134ed0cfbb'), UUID('faadb04b-1835-4c3b-8f61-3b1d0706fa43'))
prepare = None, binary = None

    def execute(
        self,
        query: Query,
        params: Params | None = None,
        *,
        prepare: bool | None = None,
        binary: bool | None = None,
    ) -> Self:
        """
        Execute a query or command to the database.
        """
        try:
            with self._conn.lock:
                self._conn.wait(
                    self._execute_gen(query, params, prepare=prepare, binary=binary)
                )
        except e._NO_TRACEBACK as ex:
>           raise ex.with_traceback(None)
E           django.db.utils.ProgrammingError: relation "review_artifact_requests" does not exist
E           LINE 1: SELECT "review_artifact_requests"."id" FROM "review_artifact...
E                                                               ^

.venv/lib/python3.14/site-packages/psycopg/cursor.py:117: ProgrammingError
_ ERROR at teardown of test_reports_are_tenant_isolated_and_runtime_immutable __

self = <django.db.backends.utils.CursorWrapper object at 0x7d7ad52ad3d0>
sql = 'SELECT "review_artifact_requests"."id" FROM "review_artifact_requests" WHERE "review_artifact_requests"."organization_id" IN (%s, %s)'
params = (UUID('020f2641-808b-4145-a5f0-e1bcc4f325b4'), UUID('77035905-0cfe-4070-9032-37b346488bcf'))
ignored_wrapper_args = (False, {'connection': <DatabaseWrapper vendor='postgresql' alias='default'>, 'cursor': <django.db.backends.utils.CursorWrapper object at 0x7d7ad52ad3d0>})

    def _execute(self, sql, params, *ignored_wrapper_args):
        # Raise a warning during app initialization (stored_app_configs is only
        # ever set during testing).
        if not apps.ready and not apps.stored_app_configs:
            warnings.warn(self.APPS_NOT_READY_WARNING_MSG, category=RuntimeWarning)
        self.db.validate_no_broken_transaction()
        with self.db.wrap_database_errors:
            if params is None:
                # params default might be backend specific.
                return self.cursor.execute(sql)
            else:
>               return self.cursor.execute(sql, params)
                       ^^^^^^^^^^^^^^^^^^^^^^^^^^^^^^^^

.venv/lib/python3.14/site-packages/django/db/backends/utils.py:105: 
_ _ _ _ _ _ _ _ _ _ _ _ _ _ _ _ _ _ _ _ _ _ _ _ _ _ _ _ _ _ _ _ _ _ _ _ _ _ _ _ 

self = <django.db.backends.postgresql.base.Cursor [closed] [BAD] at 0x7d7ad68fdc50>
query = 'SELECT "review_artifact_requests"."id" FROM "review_artifact_requests" WHERE "review_artifact_requests"."organization_id" IN (%s, %s)'
params = (UUID('020f2641-808b-4145-a5f0-e1bcc4f325b4'), UUID('77035905-0cfe-4070-9032-37b346488bcf'))
prepare = None, binary = None

    def execute(
        self,
        query: Query,
        params: Params | None = None,
        *,
        prepare: bool | None = None,
        binary: bool | None = None,
    ) -> Self:
        """
        Execute a query or command to the database.
        """
        try:
            with self._conn.lock:
                self._conn.wait(
                    self._execute_gen(query, params, prepare=prepare, binary=binary)
                )
        except e._NO_TRACEBACK as ex:
>           raise ex.with_traceback(None)
E           psycopg.errors.UndefinedTable: relation "review_artifact_requests" does not exist
E           LINE 1: SELECT "review_artifact_requests"."id" FROM "review_artifact...
E                                                               ^

.venv/lib/python3.14/site-packages/psycopg/cursor.py:117: UndefinedTable

The above exception was the direct cause of the following exception:

    @pytest.fixture
    def isolation_fixture():
        user_model = get_user_model()
        user_a = user_model.objects.create_user("rls-a@example.com")
        user_b = user_model.objects.create_user("rls-b@example.com")
        organization_a = Organization.objects.create(name="RLS Firm A")
        organization_b = Organization.objects.create(name="RLS Firm B")
        OrganizationMember.objects.create(
            user=user_a,
            organization=organization_a,
            role=OrganizationMember.Role.OWNER,
        )
        OrganizationMember.objects.create(
            user=user_b,
            organization=organization_b,
            role=OrganizationMember.Role.OWNER,
        )
        item_a = InventoryItem.objects.create(
            organization=organization_a,
            display_name="Inventory A",
            vendor_name="Vendor A",
        )
        item_b = InventoryItem.objects.create(
            organization=organization_b,
            display_name="Inventory B",
            vendor_name="Vendor B",
        )
        fixture = IsolationFixture(
            user_a.id,
            user_b.id,
            organization_a.id,
            organization_b.id,
            item_a.id,
            item_b.id,
        )
        yield fixture
        with connections["default"].cursor() as cursor:
            cursor.execute(
                "TRUNCATE TABLE reports, audit_events, "
                "audit_merkle_blocks, audit_chain_heads, "
                "assessment_snapshots, billing_admission_receipt, "
                "billing_paid_coverage CASCADE"
            )
        BackgroundJob.objects.all().delete()
        from apps.billing.models import Subscription
    
        Subscription.objects.filter(
            organization_id__in=[fixture.organization_a_id, fixture.organization_b_id]
        ).delete()
        OrganizationRule.objects.all().delete()
        InventoryItem.objects.all().delete()
        OrganizationMember.objects.all().delete()
>       Organization.objects.all().delete()

tests/test_rls.py:106: 
_ _ _ _ _ _ _ _ _ _ _ _ _ _ _ _ _ _ _ _ _ _ _ _ _ _ _ _ _ _ _ _ _ _ _ _ _ _ _ _ 
.venv/lib/python3.14/site-packages/django/db/models/query.py:1200: in delete
    collector.collect(del_query)
.venv/lib/python3.14/site-packages/django/db/models/deletion.py:343: in collect
    if getattr(on_delete, "lazy_sub_objs", False) or sub_objs:
                                                     ^^^^^^^^
.venv/lib/python3.14/site-packages/django/db/models/query.py:400: in __bool__
    self._fetch_all()
.venv/lib/python3.14/site-packages/django/db/models/query.py:1954: in _fetch_all
    self._result_cache = list(self._iterable_class(self))
                         ^^^^^^^^^^^^^^^^^^^^^^^^^^^^^^^^
.venv/lib/python3.14/site-packages/django/db/models/query.py:93: in __iter__
    results = compiler.execute_sql(
.venv/lib/python3.14/site-packages/django/db/models/sql/compiler.py:1623: in execute_sql
    cursor.execute(sql, params)
.venv/lib/python3.14/site-packages/django/db/backends/utils.py:79: in execute
    return self._execute_with_wrappers(
.venv/lib/python3.14/site-packages/django/db/backends/utils.py:92: in _execute_with_wrappers
    return executor(sql, params, many, context)
           ^^^^^^^^^^^^^^^^^^^^^^^^^^^^^^^^^^^^
.venv/lib/python3.14/site-packages/django/db/backends/utils.py:100: in _execute
    with self.db.wrap_database_errors:
         ^^^^^^^^^^^^^^^^^^^^^^^^^^^^
.venv/lib/python3.14/site-packages/django/db/utils.py:91: in __exit__
    raise dj_exc_value.with_traceback(traceback) from exc_value
.venv/lib/python3.14/site-packages/django/db/backends/utils.py:105: in _execute
    return self.cursor.execute(sql, params)
           ^^^^^^^^^^^^^^^^^^^^^^^^^^^^^^^^
_ _ _ _ _ _ _ _ _ _ _ _ _ _ _ _ _ _ _ _ _ _ _ _ _ _ _ _ _ _ _ _ _ _ _ _ _ _ _ _ 

self = <django.db.backends.postgresql.base.Cursor [closed] [BAD] at 0x7d7ad68fdc50>
query = 'SELECT "review_artifact_requests"."id" FROM "review_artifact_requests" WHERE "review_artifact_requests"."organization_id" IN (%s, %s)'
params = (UUID('020f2641-808b-4145-a5f0-e1bcc4f325b4'), UUID('77035905-0cfe-4070-9032-37b346488bcf'))
prepare = None, binary = None

    def execute(
        self,
        query: Query,
        params: Params | None = None,
        *,
        prepare: bool | None = None,
        binary: bool | None = None,
    ) -> Self:
        """
        Execute a query or command to the database.
        """
        try:
            with self._conn.lock:
                self._conn.wait(
                    self._execute_gen(query, params, prepare=prepare, binary=binary)
                )
        except e._NO_TRACEBACK as ex:
>           raise ex.with_traceback(None)
E           django.db.utils.ProgrammingError: relation "review_artifact_requests" does not exist
E           LINE 1: SELECT "review_artifact_requests"."id" FROM "review_artifact...
E                                                               ^

.venv/lib/python3.14/site-packages/psycopg/cursor.py:117: ProgrammingError
______ ERROR at teardown of test_report_service_uses_restricted_app_role _______

self = <django.db.backends.utils.CursorWrapper object at 0x7d7ad52ade50>
sql = 'SELECT "review_artifact_requests"."id" FROM "review_artifact_requests" WHERE "review_artifact_requests"."job_id" IN (%s)'
params = (UUID('e885eae4-69a2-44da-a197-c01e29b5ce27'),)
ignored_wrapper_args = (False, {'connection': <DatabaseWrapper vendor='postgresql' alias='default'>, 'cursor': <django.db.backends.utils.CursorWrapper object at 0x7d7ad52ade50>})

    def _execute(self, sql, params, *ignored_wrapper_args):
        # Raise a warning during app initialization (stored_app_configs is only
        # ever set during testing).
        if not apps.ready and not apps.stored_app_configs:
            warnings.warn(self.APPS_NOT_READY_WARNING_MSG, category=RuntimeWarning)
        self.db.validate_no_broken_transaction()
        with self.db.wrap_database_errors:
            if params is None:
                # params default might be backend specific.
                return self.cursor.execute(sql)
            else:
>               return self.cursor.execute(sql, params)
                       ^^^^^^^^^^^^^^^^^^^^^^^^^^^^^^^^

.venv/lib/python3.14/site-packages/django/db/backends/utils.py:105: 
_ _ _ _ _ _ _ _ _ _ _ _ _ _ _ _ _ _ _ _ _ _ _ _ _ _ _ _ _ _ _ _ _ _ _ _ _ _ _ _ 

self = <django.db.backends.postgresql.base.Cursor [closed] [BAD] at 0x7d7ad68fd0f0>
query = 'SELECT "review_artifact_requests"."id" FROM "review_artifact_requests" WHERE "review_artifact_requests"."job_id" IN (%s)'
params = (UUID('e885eae4-69a2-44da-a197-c01e29b5ce27'),), prepare = None
binary = None

    def execute(
        self,
        query: Query,
        params: Params | None = None,
        *,
        prepare: bool | None = None,
        binary: bool | None = None,
    ) -> Self:
        """
        Execute a query or command to the database.
        """
        try:
            with self._conn.lock:
                self._conn.wait(
                    self._execute_gen(query, params, prepare=prepare, binary=binary)
                )
        except e._NO_TRACEBACK as ex:
>           raise ex.with_traceback(None)
E           psycopg.errors.UndefinedTable: relation "review_artifact_requests" does not exist
E           LINE 1: SELECT "review_artifact_requests"."id" FROM "review_artifact...
E                                                               ^

.venv/lib/python3.14/site-packages/psycopg/cursor.py:117: UndefinedTable

The above exception was the direct cause of the following exception:

    @pytest.fixture
    def isolation_fixture():
        user_model = get_user_model()
        user_a = user_model.objects.create_user("rls-a@example.com")
        user_b = user_model.objects.create_user("rls-b@example.com")
        organization_a = Organization.objects.create(name="RLS Firm A")
        organization_b = Organization.objects.create(name="RLS Firm B")
        OrganizationMember.objects.create(
            user=user_a,
            organization=organization_a,
            role=OrganizationMember.Role.OWNER,
        )
        OrganizationMember.objects.create(
            user=user_b,
            organization=organization_b,
            role=OrganizationMember.Role.OWNER,
        )
        item_a = InventoryItem.objects.create(
            organization=organization_a,
            display_name="Inventory A",
            vendor_name="Vendor A",
        )
        item_b = InventoryItem.objects.create(
            organization=organization_b,
            display_name="Inventory B",
            vendor_name="Vendor B",
        )
        fixture = IsolationFixture(
            user_a.id,
            user_b.id,
            organization_a.id,
            organization_b.id,
            item_a.id,
            item_b.id,
        )
        yield fixture
        with connections["default"].cursor() as cursor:
            cursor.execute(
                "TRUNCATE TABLE reports, audit_events, "
                "audit_merkle_blocks, audit_chain_heads, "
                "assessment_snapshots, billing_admission_receipt, "
                "billing_paid_coverage CASCADE"
            )
>       BackgroundJob.objects.all().delete()

tests/test_rls.py:97: 
_ _ _ _ _ _ _ _ _ _ _ _ _ _ _ _ _ _ _ _ _ _ _ _ _ _ _ _ _ _ _ _ _ _ _ _ _ _ _ _ 
.venv/lib/python3.14/site-packages/django/db/models/query.py:1200: in delete
    collector.collect(del_query)
.venv/lib/python3.14/site-packages/django/db/models/deletion.py:343: in collect
    if getattr(on_delete, "lazy_sub_objs", False) or sub_objs:
                                                     ^^^^^^^^
.venv/lib/python3.14/site-packages/django/db/models/query.py:400: in __bool__
    self._fetch_all()
.venv/lib/python3.14/site-packages/django/db/models/query.py:1954: in _fetch_all
    self._result_cache = list(self._iterable_class(self))
                         ^^^^^^^^^^^^^^^^^^^^^^^^^^^^^^^^
.venv/lib/python3.14/site-packages/django/db/models/query.py:93: in __iter__
    results = compiler.execute_sql(
.venv/lib/python3.14/site-packages/django/db/models/sql/compiler.py:1623: in execute_sql
    cursor.execute(sql, params)
.venv/lib/python3.14/site-packages/django/db/backends/utils.py:79: in execute
    return self._execute_with_wrappers(
.venv/lib/python3.14/site-packages/django/db/backends/utils.py:92: in _execute_with_wrappers
    return executor(sql, params, many, context)
           ^^^^^^^^^^^^^^^^^^^^^^^^^^^^^^^^^^^^
.venv/lib/python3.14/site-packages/django/db/backends/utils.py:100: in _execute
    with self.db.wrap_database_errors:
         ^^^^^^^^^^^^^^^^^^^^^^^^^^^^
.venv/lib/python3.14/site-packages/django/db/utils.py:91: in __exit__
    raise dj_exc_value.with_traceback(traceback) from exc_value
.venv/lib/python3.14/site-packages/django/db/backends/utils.py:105: in _execute
    return self.cursor.execute(sql, params)
           ^^^^^^^^^^^^^^^^^^^^^^^^^^^^^^^^
_ _ _ _ _ _ _ _ _ _ _ _ _ _ _ _ _ _ _ _ _ _ _ _ _ _ _ _ _ _ _ _ _ _ _ _ _ _ _ _ 

self = <django.db.backends.postgresql.base.Cursor [closed] [BAD] at 0x7d7ad68fd0f0>
query = 'SELECT "review_artifact_requests"."id" FROM "review_artifact_requests" WHERE "review_artifact_requests"."job_id" IN (%s)'
params = (UUID('e885eae4-69a2-44da-a197-c01e29b5ce27'),), prepare = None
binary = None

    def execute(
        self,
        query: Query,
        params: Params | None = None,
        *,
        prepare: bool | None = None,
        binary: bool | None = None,
    ) -> Self:
        """
        Execute a query or command to the database.
        """
        try:
            with self._conn.lock:
                self._conn.wait(
                    self._execute_gen(query, params, prepare=prepare, binary=binary)
                )
        except e._NO_TRACEBACK as ex:
>           raise ex.with_traceback(None)
E           django.db.utils.ProgrammingError: relation "review_artifact_requests" does not exist
E           LINE 1: SELECT "review_artifact_requests"."id" FROM "review_artifact...
E                                                               ^

.venv/lib/python3.14/site-packages/psycopg/cursor.py:117: ProgrammingError
_ ERROR at teardown of test_app_role_cannot_link_report_to_another_tenants_snapshot _

self = <django.db.backends.utils.CursorWrapper object at 0x7d7ad6995730>
sql = 'SELECT "review_artifact_requests"."id" FROM "review_artifact_requests" WHERE "review_artifact_requests"."organization_id" IN (%s, %s)'
params = (UUID('78132364-5599-4bc9-b688-ba11a9d63706'), UUID('cd89db64-9e3a-4c1d-a55a-ee763d601036'))
ignored_wrapper_args = (False, {'connection': <DatabaseWrapper vendor='postgresql' alias='default'>, 'cursor': <django.db.backends.utils.CursorWrapper object at 0x7d7ad6995730>})

    def _execute(self, sql, params, *ignored_wrapper_args):
        # Raise a warning during app initialization (stored_app_configs is only
        # ever set during testing).
        if not apps.ready and not apps.stored_app_configs:
            warnings.warn(self.APPS_NOT_READY_WARNING_MSG, category=RuntimeWarning)
        self.db.validate_no_broken_transaction()
        with self.db.wrap_database_errors:
            if params is None:
                # params default might be backend specific.
                return self.cursor.execute(sql)
            else:
>               return self.cursor.execute(sql, params)
                       ^^^^^^^^^^^^^^^^^^^^^^^^^^^^^^^^

.venv/lib/python3.14/site-packages/django/db/backends/utils.py:105: 
_ _ _ _ _ _ _ _ _ _ _ _ _ _ _ _ _ _ _ _ _ _ _ _ _ _ _ _ _ _ _ _ _ _ _ _ _ _ _ _ 

self = <django.db.backends.postgresql.base.Cursor [closed] [BAD] at 0x7d7ad68fc4b0>
query = 'SELECT "review_artifact_requests"."id" FROM "review_artifact_requests" WHERE "review_artifact_requests"."organization_id" IN (%s, %s)'
params = (UUID('78132364-5599-4bc9-b688-ba11a9d63706'), UUID('cd89db64-9e3a-4c1d-a55a-ee763d601036'))
prepare = None, binary = None

    def execute(
        self,
        query: Query,
        params: Params | None = None,
        *,
        prepare: bool | None = None,
        binary: bool | None = None,
    ) -> Self:
        """
        Execute a query or command to the database.
        """
        try:
            with self._conn.lock:
                self._conn.wait(
                    self._execute_gen(query, params, prepare=prepare, binary=binary)
                )
        except e._NO_TRACEBACK as ex:
>           raise ex.with_traceback(None)
E           psycopg.errors.UndefinedTable: relation "review_artifact_requests" does not exist
E           LINE 1: SELECT "review_artifact_requests"."id" FROM "review_artifact...
E                                                               ^

.venv/lib/python3.14/site-packages/psycopg/cursor.py:117: UndefinedTable

The above exception was the direct cause of the following exception:

    @pytest.fixture
    def isolation_fixture():
        user_model = get_user_model()
        user_a = user_model.objects.create_user("rls-a@example.com")
        user_b = user_model.objects.create_user("rls-b@example.com")
        organization_a = Organization.objects.create(name="RLS Firm A")
        organization_b = Organization.objects.create(name="RLS Firm B")
        OrganizationMember.objects.create(
            user=user_a,
            organization=organization_a,
            role=OrganizationMember.Role.OWNER,
        )
        OrganizationMember.objects.create(
            user=user_b,
            organization=organization_b,
            role=OrganizationMember.Role.OWNER,
        )
        item_a = InventoryItem.objects.create(
            organization=organization_a,
            display_name="Inventory A",
            vendor_name="Vendor A",
        )
        item_b = InventoryItem.objects.create(
            organization=organization_b,
            display_name="Inventory B",
            vendor_name="Vendor B",
        )
        fixture = IsolationFixture(
            user_a.id,
            user_b.id,
            organization_a.id,
            organization_b.id,
            item_a.id,
            item_b.id,
        )
        yield fixture
        with connections["default"].cursor() as cursor:
            cursor.execute(
                "TRUNCATE TABLE reports, audit_events, "
                "audit_merkle_blocks, audit_chain_heads, "
                "assessment_snapshots, billing_admission_receipt, "
                "billing_paid_coverage CASCADE"
            )
        BackgroundJob.objects.all().delete()
        from apps.billing.models import Subscription
    
        Subscription.objects.filter(
            organization_id__in=[fixture.organization_a_id, fixture.organization_b_id]
        ).delete()
        OrganizationRule.objects.all().delete()
        InventoryItem.objects.all().delete()
        OrganizationMember.objects.all().delete()
>       Organization.objects.all().delete()

tests/test_rls.py:106: 
_ _ _ _ _ _ _ _ _ _ _ _ _ _ _ _ _ _ _ _ _ _ _ _ _ _ _ _ _ _ _ _ _ _ _ _ _ _ _ _ 
.venv/lib/python3.14/site-packages/django/db/models/query.py:1200: in delete
    collector.collect(del_query)
.venv/lib/python3.14/site-packages/django/db/models/deletion.py:343: in collect
    if getattr(on_delete, "lazy_sub_objs", False) or sub_objs:
                                                     ^^^^^^^^
.venv/lib/python3.14/site-packages/django/db/models/query.py:400: in __bool__
    self._fetch_all()
.venv/lib/python3.14/site-packages/django/db/models/query.py:1954: in _fetch_all
    self._result_cache = list(self._iterable_class(self))
                         ^^^^^^^^^^^^^^^^^^^^^^^^^^^^^^^^
.venv/lib/python3.14/site-packages/django/db/models/query.py:93: in __iter__
    results = compiler.execute_sql(
.venv/lib/python3.14/site-packages/django/db/models/sql/compiler.py:1623: in execute_sql
    cursor.execute(sql, params)
.venv/lib/python3.14/site-packages/django/db/backends/utils.py:79: in execute
    return self._execute_with_wrappers(
.venv/lib/python3.14/site-packages/django/db/backends/utils.py:92: in _execute_with_wrappers
    return executor(sql, params, many, context)
           ^^^^^^^^^^^^^^^^^^^^^^^^^^^^^^^^^^^^
.venv/lib/python3.14/site-packages/django/db/backends/utils.py:100: in _execute
    with self.db.wrap_database_errors:
         ^^^^^^^^^^^^^^^^^^^^^^^^^^^^
.venv/lib/python3.14/site-packages/django/db/utils.py:91: in __exit__
    raise dj_exc_value.with_traceback(traceback) from exc_value
.venv/lib/python3.14/site-packages/django/db/backends/utils.py:105: in _execute
    return self.cursor.execute(sql, params)
           ^^^^^^^^^^^^^^^^^^^^^^^^^^^^^^^^
_ _ _ _ _ _ _ _ _ _ _ _ _ _ _ _ _ _ _ _ _ _ _ _ _ _ _ _ _ _ _ _ _ _ _ _ _ _ _ _ 

self = <django.db.backends.postgresql.base.Cursor [closed] [BAD] at 0x7d7ad68fc4b0>
query = 'SELECT "review_artifact_requests"."id" FROM "review_artifact_requests" WHERE "review_artifact_requests"."organization_id" IN (%s, %s)'
params = (UUID('78132364-5599-4bc9-b688-ba11a9d63706'), UUID('cd89db64-9e3a-4c1d-a55a-ee763d601036'))
prepare = None, binary = None

    def execute(
        self,
        query: Query,
        params: Params | None = None,
        *,
        prepare: bool | None = None,
        binary: bool | None = None,
    ) -> Self:
        """
        Execute a query or command to the database.
        """
        try:
            with self._conn.lock:
                self._conn.wait(
                    self._execute_gen(query, params, prepare=prepare, binary=binary)
                )
        except e._NO_TRACEBACK as ex:
>           raise ex.with_traceback(None)
E           django.db.utils.ProgrammingError: relation "review_artifact_requests" does not exist
E           LINE 1: SELECT "review_artifact_requests"."id" FROM "review_artifact...
E                                                               ^

.venv/lib/python3.14/site-packages/psycopg/cursor.py:117: ProgrammingError
_ ERROR at teardown of test_organization_rules_are_tenant_isolated_for_app_and_worker _

self = <django.db.backends.utils.CursorWrapper object at 0x7d7ad6997cb0>
sql = 'SELECT "review_artifact_requests"."id" FROM "review_artifact_requests" WHERE "review_artifact_requests"."organization_id" IN (%s, %s)'
params = (UUID('952d6392-3671-4f26-8e36-4eaa0d44ccc4'), UUID('644e77e3-9361-47f6-a9c9-22a5f31816ad'))
ignored_wrapper_args = (False, {'connection': <DatabaseWrapper vendor='postgresql' alias='default'>, 'cursor': <django.db.backends.utils.CursorWrapper object at 0x7d7ad6997cb0>})

    def _execute(self, sql, params, *ignored_wrapper_args):
        # Raise a warning during app initialization (stored_app_configs is only
        # ever set during testing).
        if not apps.ready and not apps.stored_app_configs:
            warnings.warn(self.APPS_NOT_READY_WARNING_MSG, category=RuntimeWarning)
        self.db.validate_no_broken_transaction()
        with self.db.wrap_database_errors:
            if params is None:
                # params default might be backend specific.
                return self.cursor.execute(sql)
            else:
>               return self.cursor.execute(sql, params)
                       ^^^^^^^^^^^^^^^^^^^^^^^^^^^^^^^^

.venv/lib/python3.14/site-packages/django/db/backends/utils.py:105: 
_ _ _ _ _ _ _ _ _ _ _ _ _ _ _ _ _ _ _ _ _ _ _ _ _ _ _ _ _ _ _ _ _ _ _ _ _ _ _ _ 

self = <django.db.backends.postgresql.base.Cursor [closed] [BAD] at 0x7d7ad68fcad0>
query = 'SELECT "review_artifact_requests"."id" FROM "review_artifact_requests" WHERE "review_artifact_requests"."organization_id" IN (%s, %s)'
params = (UUID('952d6392-3671-4f26-8e36-4eaa0d44ccc4'), UUID('644e77e3-9361-47f6-a9c9-22a5f31816ad'))
prepare = None, binary = None

    def execute(
        self,
        query: Query,
        params: Params | None = None,
        *,
        prepare: bool | None = None,
        binary: bool | None = None,
    ) -> Self:
        """
        Execute a query or command to the database.
        """
        try:
            with self._conn.lock:
                self._conn.wait(
                    self._execute_gen(query, params, prepare=prepare, binary=binary)
                )
        except e._NO_TRACEBACK as ex:
>           raise ex.with_traceback(None)
E           psycopg.errors.UndefinedTable: relation "review_artifact_requests" does not exist
E           LINE 1: SELECT "review_artifact_requests"."id" FROM "review_artifact...
E                                                               ^

.venv/lib/python3.14/site-packages/psycopg/cursor.py:117: UndefinedTable

The above exception was the direct cause of the following exception:

    @pytest.fixture
    def isolation_fixture():
        user_model = get_user_model()
        user_a = user_model.objects.create_user("rls-a@example.com")
        user_b = user_model.objects.create_user("rls-b@example.com")
        organization_a = Organization.objects.create(name="RLS Firm A")
        organization_b = Organization.objects.create(name="RLS Firm B")
        OrganizationMember.objects.create(
            user=user_a,
            organization=organization_a,
            role=OrganizationMember.Role.OWNER,
        )
        OrganizationMember.objects.create(
            user=user_b,
            organization=organization_b,
            role=OrganizationMember.Role.OWNER,
        )
        item_a = InventoryItem.objects.create(
            organization=organization_a,
            display_name="Inventory A",
            vendor_name="Vendor A",
        )
        item_b = InventoryItem.objects.create(
            organization=organization_b,
            display_name="Inventory B",
            vendor_name="Vendor B",
        )
        fixture = IsolationFixture(
            user_a.id,
            user_b.id,
            organization_a.id,
            organization_b.id,
            item_a.id,
            item_b.id,
        )
        yield fixture
        with connections["default"].cursor() as cursor:
            cursor.execute(
                "TRUNCATE TABLE reports, audit_events, "
                "audit_merkle_blocks, audit_chain_heads, "
                "assessment_snapshots, billing_admission_receipt, "
                "billing_paid_coverage CASCADE"
            )
        BackgroundJob.objects.all().delete()
        from apps.billing.models import Subscription
    
        Subscription.objects.filter(
            organization_id__in=[fixture.organization_a_id, fixture.organization_b_id]
        ).delete()
        OrganizationRule.objects.all().delete()
        InventoryItem.objects.all().delete()
        OrganizationMember.objects.all().delete()
>       Organization.objects.all().delete()

tests/test_rls.py:106: 
_ _ _ _ _ _ _ _ _ _ _ _ _ _ _ _ _ _ _ _ _ _ _ _ _ _ _ _ _ _ _ _ _ _ _ _ _ _ _ _ 
.venv/lib/python3.14/site-packages/django/db/models/query.py:1200: in delete
    collector.collect(del_query)
.venv/lib/python3.14/site-packages/django/db/models/deletion.py:343: in collect
    if getattr(on_delete, "lazy_sub_objs", False) or sub_objs:
                                                     ^^^^^^^^
.venv/lib/python3.14/site-packages/django/db/models/query.py:400: in __bool__
    self._fetch_all()
.venv/lib/python3.14/site-packages/django/db/models/query.py:1954: in _fetch_all
    self._result_cache = list(self._iterable_class(self))
                         ^^^^^^^^^^^^^^^^^^^^^^^^^^^^^^^^
.venv/lib/python3.14/site-packages/django/db/models/query.py:93: in __iter__
    results = compiler.execute_sql(
.venv/lib/python3.14/site-packages/django/db/models/sql/compiler.py:1623: in execute_sql
    cursor.execute(sql, params)
.venv/lib/python3.14/site-packages/django/db/backends/utils.py:79: in execute
    return self._execute_with_wrappers(
.venv/lib/python3.14/site-packages/django/db/backends/utils.py:92: in _execute_with_wrappers
    return executor(sql, params, many, context)
           ^^^^^^^^^^^^^^^^^^^^^^^^^^^^^^^^^^^^
.venv/lib/python3.14/site-packages/django/db/backends/utils.py:100: in _execute
    with self.db.wrap_database_errors:
         ^^^^^^^^^^^^^^^^^^^^^^^^^^^^
.venv/lib/python3.14/site-packages/django/db/utils.py:91: in __exit__
    raise dj_exc_value.with_traceback(traceback) from exc_value
.venv/lib/python3.14/site-packages/django/db/backends/utils.py:105: in _execute
    return self.cursor.execute(sql, params)
           ^^^^^^^^^^^^^^^^^^^^^^^^^^^^^^^^
_ _ _ _ _ _ _ _ _ _ _ _ _ _ _ _ _ _ _ _ _ _ _ _ _ _ _ _ _ _ _ _ _ _ _ _ _ _ _ _ 

self = <django.db.backends.postgresql.base.Cursor [closed] [BAD] at 0x7d7ad68fcad0>
query = 'SELECT "review_artifact_requests"."id" FROM "review_artifact_requests" WHERE "review_artifact_requests"."organization_id" IN (%s, %s)'
params = (UUID('952d6392-3671-4f26-8e36-4eaa0d44ccc4'), UUID('644e77e3-9361-47f6-a9c9-22a5f31816ad'))
prepare = None, binary = None

    def execute(
        self,
        query: Query,
        params: Params | None = None,
        *,
        prepare: bool | None = None,
        binary: bool | None = None,
    ) -> Self:
        """
        Execute a query or command to the database.
        """
        try:
            with self._conn.lock:
                self._conn.wait(
                    self._execute_gen(query, params, prepare=prepare, binary=binary)
                )
        except e._NO_TRACEBACK as ex:
>           raise ex.with_traceback(None)
E           django.db.utils.ProgrammingError: relation "review_artifact_requests" does not exist
E           LINE 1: SELECT "review_artifact_requests"."id" FROM "review_artifact...
E                                                               ^

.venv/lib/python3.14/site-packages/psycopg/cursor.py:117: ProgrammingError
_ ERROR at teardown of test_identity_bootstrap_exposes_only_the_users_own_membership _

self = <django.db.backends.utils.CursorWrapper object at 0x7d7ad6976750>
sql = 'SELECT "review_artifact_requests"."id" FROM "review_artifact_requests" WHERE "review_artifact_requests"."organization_id" IN (%s, %s)'
params = (UUID('f830bd88-faea-482c-8db8-1721d8405672'), UUID('07148f4d-6b9d-4ef3-861c-ff8bb8b7424b'))
ignored_wrapper_args = (False, {'connection': <DatabaseWrapper vendor='postgresql' alias='default'>, 'cursor': <django.db.backends.utils.CursorWrapper object at 0x7d7ad6976750>})

    def _execute(self, sql, params, *ignored_wrapper_args):
        # Raise a warning during app initialization (stored_app_configs is only
        # ever set during testing).
        if not apps.ready and not apps.stored_app_configs:
            warnings.warn(self.APPS_NOT_READY_WARNING_MSG, category=RuntimeWarning)
        self.db.validate_no_broken_transaction()
        with self.db.wrap_database_errors:
            if params is None:
                # params default might be backend specific.
                return self.cursor.execute(sql)
            else:
>               return self.cursor.execute(sql, params)
                       ^^^^^^^^^^^^^^^^^^^^^^^^^^^^^^^^

.venv/lib/python3.14/site-packages/django/db/backends/utils.py:105: 
_ _ _ _ _ _ _ _ _ _ _ _ _ _ _ _ _ _ _ _ _ _ _ _ _ _ _ _ _ _ _ _ _ _ _ _ _ _ _ _ 

self = <django.db.backends.postgresql.base.Cursor [closed] [BAD] at 0x7d7ad69fd2b0>
query = 'SELECT "review_artifact_requests"."id" FROM "review_artifact_requests" WHERE "review_artifact_requests"."organization_id" IN (%s, %s)'
params = (UUID('f830bd88-faea-482c-8db8-1721d8405672'), UUID('07148f4d-6b9d-4ef3-861c-ff8bb8b7424b'))
prepare = None, binary = None

    def execute(
        self,
        query: Query,
        params: Params | None = None,
        *,
        prepare: bool | None = None,
        binary: bool | None = None,
    ) -> Self:
        """
        Execute a query or command to the database.
        """
        try:
            with self._conn.lock:
                self._conn.wait(
                    self._execute_gen(query, params, prepare=prepare, binary=binary)
                )
        except e._NO_TRACEBACK as ex:
>           raise ex.with_traceback(None)
E           psycopg.errors.UndefinedTable: relation "review_artifact_requests" does not exist
E           LINE 1: SELECT "review_artifact_requests"."id" FROM "review_artifact...
E                                                               ^

.venv/lib/python3.14/site-packages/psycopg/cursor.py:117: UndefinedTable

The above exception was the direct cause of the following exception:

    @pytest.fixture
    def isolation_fixture():
        user_model = get_user_model()
        user_a = user_model.objects.create_user("rls-a@example.com")
        user_b = user_model.objects.create_user("rls-b@example.com")
        organization_a = Organization.objects.create(name="RLS Firm A")
        organization_b = Organization.objects.create(name="RLS Firm B")
        OrganizationMember.objects.create(
            user=user_a,
            organization=organization_a,
            role=OrganizationMember.Role.OWNER,
        )
        OrganizationMember.objects.create(
            user=user_b,
            organization=organization_b,
            role=OrganizationMember.Role.OWNER,
        )
        item_a = InventoryItem.objects.create(
            organization=organization_a,
            display_name="Inventory A",
            vendor_name="Vendor A",
        )
        item_b = InventoryItem.objects.create(
            organization=organization_b,
            display_name="Inventory B",
            vendor_name="Vendor B",
        )
        fixture = IsolationFixture(
            user_a.id,
            user_b.id,
            organization_a.id,
            organization_b.id,
            item_a.id,
            item_b.id,
        )
        yield fixture
        with connections["default"].cursor() as cursor:
            cursor.execute(
                "TRUNCATE TABLE reports, audit_events, "
                "audit_merkle_blocks, audit_chain_heads, "
                "assessment_snapshots, billing_admission_receipt, "
                "billing_paid_coverage CASCADE"
            )
        BackgroundJob.objects.all().delete()
        from apps.billing.models import Subscription
    
        Subscription.objects.filter(
            organization_id__in=[fixture.organization_a_id, fixture.organization_b_id]
        ).delete()
        OrganizationRule.objects.all().delete()
        InventoryItem.objects.all().delete()
        OrganizationMember.objects.all().delete()
>       Organization.objects.all().delete()

tests/test_rls.py:106: 
_ _ _ _ _ _ _ _ _ _ _ _ _ _ _ _ _ _ _ _ _ _ _ _ _ _ _ _ _ _ _ _ _ _ _ _ _ _ _ _ 
.venv/lib/python3.14/site-packages/django/db/models/query.py:1200: in delete
    collector.collect(del_query)
.venv/lib/python3.14/site-packages/django/db/models/deletion.py:343: in collect
    if getattr(on_delete, "lazy_sub_objs", False) or sub_objs:
                                                     ^^^^^^^^
.venv/lib/python3.14/site-packages/django/db/models/query.py:400: in __bool__
    self._fetch_all()
.venv/lib/python3.14/site-packages/django/db/models/query.py:1954: in _fetch_all
    self._result_cache = list(self._iterable_class(self))
                         ^^^^^^^^^^^^^^^^^^^^^^^^^^^^^^^^
.venv/lib/python3.14/site-packages/django/db/models/query.py:93: in __iter__
    results = compiler.execute_sql(
.venv/lib/python3.14/site-packages/django/db/models/sql/compiler.py:1623: in execute_sql
    cursor.execute(sql, params)
.venv/lib/python3.14/site-packages/django/db/backends/utils.py:79: in execute
    return self._execute_with_wrappers(
.venv/lib/python3.14/site-packages/django/db/backends/utils.py:92: in _execute_with_wrappers
    return executor(sql, params, many, context)
           ^^^^^^^^^^^^^^^^^^^^^^^^^^^^^^^^^^^^
.venv/lib/python3.14/site-packages/django/db/backends/utils.py:100: in _execute
    with self.db.wrap_database_errors:
         ^^^^^^^^^^^^^^^^^^^^^^^^^^^^
.venv/lib/python3.14/site-packages/django/db/utils.py:91: in __exit__
    raise dj_exc_value.with_traceback(traceback) from exc_value
.venv/lib/python3.14/site-packages/django/db/backends/utils.py:105: in _execute
    return self.cursor.execute(sql, params)
           ^^^^^^^^^^^^^^^^^^^^^^^^^^^^^^^^
_ _ _ _ _ _ _ _ _ _ _ _ _ _ _ _ _ _ _ _ _ _ _ _ _ _ _ _ _ _ _ _ _ _ _ _ _ _ _ _ 

self = <django.db.backends.postgresql.base.Cursor [closed] [BAD] at 0x7d7ad69fd2b0>
query = 'SELECT "review_artifact_requests"."id" FROM "review_artifact_requests" WHERE "review_artifact_requests"."organization_id" IN (%s, %s)'
params = (UUID('f830bd88-faea-482c-8db8-1721d8405672'), UUID('07148f4d-6b9d-4ef3-861c-ff8bb8b7424b'))
prepare = None, binary = None

    def execute(
        self,
        query: Query,
        params: Params | None = None,
        *,
        prepare: bool | None = None,
        binary: bool | None = None,
    ) -> Self:
        """
        Execute a query or command to the database.
        """
        try:
            with self._conn.lock:
                self._conn.wait(
                    self._execute_gen(query, params, prepare=prepare, binary=binary)
                )
        except e._NO_TRACEBACK as ex:
>           raise ex.with_traceback(None)
E           django.db.utils.ProgrammingError: relation "review_artifact_requests" does not exist
E           LINE 1: SELECT "review_artifact_requests"."id" FROM "review_artifact...
E                                                               ^

.venv/lib/python3.14/site-packages/psycopg/cursor.py:117: ProgrammingError
_ ERROR at teardown of test_public_onboarding_works_under_restricted_app_role __

self = <django.db.backends.utils.CursorWrapper object at 0x7d7ad6b7c9b0>
sql = 'SELECT "review_artifact_requests"."id" FROM "review_artifact_requests" WHERE "review_artifact_requests"."organization_id" IN (%s, %s, %s)'
params = (UUID('fd7c7bbb-8bbb-4419-8d7e-2415e7fe2433'), UUID('18909558-d873-40f3-a2fe-40cbcec5b376'), UUID('936dab95-a1f1-4500-98da-39f048e21343'))
ignored_wrapper_args = (False, {'connection': <DatabaseWrapper vendor='postgresql' alias='default'>, 'cursor': <django.db.backends.utils.CursorWrapper object at 0x7d7ad6b7c9b0>})

    def _execute(self, sql, params, *ignored_wrapper_args):
        # Raise a warning during app initialization (stored_app_configs is only
        # ever set during testing).
        if not apps.ready and not apps.stored_app_configs:
            warnings.warn(self.APPS_NOT_READY_WARNING_MSG, category=RuntimeWarning)
        self.db.validate_no_broken_transaction()
        with self.db.wrap_database_errors:
            if params is None:
                # params default might be backend specific.
                return self.cursor.execute(sql)
            else:
>               return self.cursor.execute(sql, params)
                       ^^^^^^^^^^^^^^^^^^^^^^^^^^^^^^^^

.venv/lib/python3.14/site-packages/django/db/backends/utils.py:105: 
_ _ _ _ _ _ _ _ _ _ _ _ _ _ _ _ _ _ _ _ _ _ _ _ _ _ _ _ _ _ _ _ _ _ _ _ _ _ _ _ 

self = <django.db.backends.postgresql.base.Cursor [closed] [BAD] at 0x7d7ad6ceab30>
query = 'SELECT "review_artifact_requests"."id" FROM "review_artifact_requests" WHERE "review_artifact_requests"."organization_id" IN (%s, %s, %s)'
params = (UUID('fd7c7bbb-8bbb-4419-8d7e-2415e7fe2433'), UUID('18909558-d873-40f3-a2fe-40cbcec5b376'), UUID('936dab95-a1f1-4500-98da-39f048e21343'))
prepare = None, binary = None

    def execute(
        self,
        query: Query,
        params: Params | None = None,
        *,
        prepare: bool | None = None,
        binary: bool | None = None,
    ) -> Self:
        """
        Execute a query or command to the database.
        """
        try:
            with self._conn.lock:
                self._conn.wait(
                    self._execute_gen(query, params, prepare=prepare, binary=binary)
                )
        except e._NO_TRACEBACK as ex:
>           raise ex.with_traceback(None)
E           psycopg.errors.UndefinedTable: relation "review_artifact_requests" does not exist
E           LINE 1: SELECT "review_artifact_requests"."id" FROM "review_artifact...
E                                                               ^

.venv/lib/python3.14/site-packages/psycopg/cursor.py:117: UndefinedTable

The above exception was the direct cause of the following exception:

    @pytest.fixture
    def isolation_fixture():
        user_model = get_user_model()
        user_a = user_model.objects.create_user("rls-a@example.com")
        user_b = user_model.objects.create_user("rls-b@example.com")
        organization_a = Organization.objects.create(name="RLS Firm A")
        organization_b = Organization.objects.create(name="RLS Firm B")
        OrganizationMember.objects.create(
            user=user_a,
            organization=organization_a,
            role=OrganizationMember.Role.OWNER,
        )
        OrganizationMember.objects.create(
            user=user_b,
            organization=organization_b,
            role=OrganizationMember.Role.OWNER,
        )
        item_a = InventoryItem.objects.create(
            organization=organization_a,
            display_name="Inventory A",
            vendor_name="Vendor A",
        )
        item_b = InventoryItem.objects.create(
            organization=organization_b,
            display_name="Inventory B",
            vendor_name="Vendor B",
        )
        fixture = IsolationFixture(
            user_a.id,
            user_b.id,
            organization_a.id,
            organization_b.id,
            item_a.id,
            item_b.id,
        )
        yield fixture
        with connections["default"].cursor() as cursor:
            cursor.execute(
                "TRUNCATE TABLE reports, audit_events, "
                "audit_merkle_blocks, audit_chain_heads, "
                "assessment_snapshots, billing_admission_receipt, "
                "billing_paid_coverage CASCADE"
            )
        BackgroundJob.objects.all().delete()
        from apps.billing.models import Subscription
    
        Subscription.objects.filter(
            organization_id__in=[fixture.organization_a_id, fixture.organization_b_id]
        ).delete()
        OrganizationRule.objects.all().delete()
        InventoryItem.objects.all().delete()
        OrganizationMember.objects.all().delete()
>       Organization.objects.all().delete()

tests/test_rls.py:106: 
_ _ _ _ _ _ _ _ _ _ _ _ _ _ _ _ _ _ _ _ _ _ _ _ _ _ _ _ _ _ _ _ _ _ _ _ _ _ _ _ 
.venv/lib/python3.14/site-packages/django/db/models/query.py:1200: in delete
    collector.collect(del_query)
.venv/lib/python3.14/site-packages/django/db/models/deletion.py:343: in collect
    if getattr(on_delete, "lazy_sub_objs", False) or sub_objs:
                                                     ^^^^^^^^
.venv/lib/python3.14/site-packages/django/db/models/query.py:400: in __bool__
    self._fetch_all()
.venv/lib/python3.14/site-packages/django/db/models/query.py:1954: in _fetch_all
    self._result_cache = list(self._iterable_class(self))
                         ^^^^^^^^^^^^^^^^^^^^^^^^^^^^^^^^
.venv/lib/python3.14/site-packages/django/db/models/query.py:93: in __iter__
    results = compiler.execute_sql(
.venv/lib/python3.14/site-packages/django/db/models/sql/compiler.py:1623: in execute_sql
    cursor.execute(sql, params)
.venv/lib/python3.14/site-packages/django/db/backends/utils.py:79: in execute
    return self._execute_with_wrappers(
.venv/lib/python3.14/site-packages/django/db/backends/utils.py:92: in _execute_with_wrappers
    return executor(sql, params, many, context)
           ^^^^^^^^^^^^^^^^^^^^^^^^^^^^^^^^^^^^
.venv/lib/python3.14/site-packages/django/db/backends/utils.py:100: in _execute
    with self.db.wrap_database_errors:
         ^^^^^^^^^^^^^^^^^^^^^^^^^^^^
.venv/lib/python3.14/site-packages/django/db/utils.py:91: in __exit__
    raise dj_exc_value.with_traceback(traceback) from exc_value
.venv/lib/python3.14/site-packages/django/db/backends/utils.py:105: in _execute
    return self.cursor.execute(sql, params)
           ^^^^^^^^^^^^^^^^^^^^^^^^^^^^^^^^
_ _ _ _ _ _ _ _ _ _ _ _ _ _ _ _ _ _ _ _ _ _ _ _ _ _ _ _ _ _ _ _ _ _ _ _ _ _ _ _ 

self = <django.db.backends.postgresql.base.Cursor [closed] [BAD] at 0x7d7ad6ceab30>
query = 'SELECT "review_artifact_requests"."id" FROM "review_artifact_requests" WHERE "review_artifact_requests"."organization_id" IN (%s, %s, %s)'
params = (UUID('fd7c7bbb-8bbb-4419-8d7e-2415e7fe2433'), UUID('18909558-d873-40f3-a2fe-40cbcec5b376'), UUID('936dab95-a1f1-4500-98da-39f048e21343'))
prepare = None, binary = None

    def execute(
        self,
        query: Query,
        params: Params | None = None,
        *,
        prepare: bool | None = None,
        binary: bool | None = None,
    ) -> Self:
        """
        Execute a query or command to the database.
        """
        try:
            with self._conn.lock:
                self._conn.wait(
                    self._execute_gen(query, params, prepare=prepare, binary=binary)
                )
        except e._NO_TRACEBACK as ex:
>           raise ex.with_traceback(None)
E           django.db.utils.ProgrammingError: relation "review_artifact_requests" does not exist
E           LINE 1: SELECT "review_artifact_requests"."id" FROM "review_artifact...
E                                                               ^

.venv/lib/python3.14/site-packages/psycopg/cursor.py:117: ProgrammingError
_ ERROR at teardown of test_public_registration_cannot_create_privileged_account _

self = <django.db.backends.utils.CursorWrapper object at 0x7d7ad6a04ad0>
sql = 'SELECT "review_artifact_requests"."id" FROM "review_artifact_requests" WHERE "review_artifact_requests"."organization_id" IN (%s, %s)'
params = (UUID('43f53b05-d08c-4470-9547-25a28d54d87e'), UUID('5bcc0f24-881c-4ff6-9b7a-8f43f925f0eb'))
ignored_wrapper_args = (False, {'connection': <DatabaseWrapper vendor='postgresql' alias='default'>, 'cursor': <django.db.backends.utils.CursorWrapper object at 0x7d7ad6a04ad0>})

    def _execute(self, sql, params, *ignored_wrapper_args):
        # Raise a warning during app initialization (stored_app_configs is only
        # ever set during testing).
        if not apps.ready and not apps.stored_app_configs:
            warnings.warn(self.APPS_NOT_READY_WARNING_MSG, category=RuntimeWarning)
        self.db.validate_no_broken_transaction()
        with self.db.wrap_database_errors:
            if params is None:
                # params default might be backend specific.
                return self.cursor.execute(sql)
            else:
>               return self.cursor.execute(sql, params)
                       ^^^^^^^^^^^^^^^^^^^^^^^^^^^^^^^^

.venv/lib/python3.14/site-packages/django/db/backends/utils.py:105: 
_ _ _ _ _ _ _ _ _ _ _ _ _ _ _ _ _ _ _ _ _ _ _ _ _ _ _ _ _ _ _ _ _ _ _ _ _ _ _ _ 

self = <django.db.backends.postgresql.base.Cursor [closed] [BAD] at 0x7d7ad69fdfd0>
query = 'SELECT "review_artifact_requests"."id" FROM "review_artifact_requests" WHERE "review_artifact_requests"."organization_id" IN (%s, %s)'
params = (UUID('43f53b05-d08c-4470-9547-25a28d54d87e'), UUID('5bcc0f24-881c-4ff6-9b7a-8f43f925f0eb'))
prepare = None, binary = None

    def execute(
        self,
        query: Query,
        params: Params | None = None,
        *,
        prepare: bool | None = None,
        binary: bool | None = None,
    ) -> Self:
        """
        Execute a query or command to the database.
        """
        try:
            with self._conn.lock:
                self._conn.wait(
                    self._execute_gen(query, params, prepare=prepare, binary=binary)
                )
        except e._NO_TRACEBACK as ex:
>           raise ex.with_traceback(None)
E           psycopg.errors.UndefinedTable: relation "review_artifact_requests" does not exist
E           LINE 1: SELECT "review_artifact_requests"."id" FROM "review_artifact...
E                                                               ^

.venv/lib/python3.14/site-packages/psycopg/cursor.py:117: UndefinedTable

The above exception was the direct cause of the following exception:

    @pytest.fixture
    def isolation_fixture():
        user_model = get_user_model()
        user_a = user_model.objects.create_user("rls-a@example.com")
        user_b = user_model.objects.create_user("rls-b@example.com")
        organization_a = Organization.objects.create(name="RLS Firm A")
        organization_b = Organization.objects.create(name="RLS Firm B")
        OrganizationMember.objects.create(
            user=user_a,
            organization=organization_a,
            role=OrganizationMember.Role.OWNER,
        )
        OrganizationMember.objects.create(
            user=user_b,
            organization=organization_b,
            role=OrganizationMember.Role.OWNER,
        )
        item_a = InventoryItem.objects.create(
            organization=organization_a,
            display_name="Inventory A",
            vendor_name="Vendor A",
        )
        item_b = InventoryItem.objects.create(
            organization=organization_b,
            display_name="Inventory B",
            vendor_name="Vendor B",
        )
        fixture = IsolationFixture(
            user_a.id,
            user_b.id,
            organization_a.id,
            organization_b.id,
            item_a.id,
            item_b.id,
        )
        yield fixture
        with connections["default"].cursor() as cursor:
            cursor.execute(
                "TRUNCATE TABLE reports, audit_events, "
                "audit_merkle_blocks, audit_chain_heads, "
                "assessment_snapshots, billing_admission_receipt, "
                "billing_paid_coverage CASCADE"
            )
        BackgroundJob.objects.all().delete()
        from apps.billing.models import Subscription
    
        Subscription.objects.filter(
            organization_id__in=[fixture.organization_a_id, fixture.organization_b_id]
        ).delete()
        OrganizationRule.objects.all().delete()
        InventoryItem.objects.all().delete()
        OrganizationMember.objects.all().delete()
>       Organization.objects.all().delete()

tests/test_rls.py:106: 
_ _ _ _ _ _ _ _ _ _ _ _ _ _ _ _ _ _ _ _ _ _ _ _ _ _ _ _ _ _ _ _ _ _ _ _ _ _ _ _ 
.venv/lib/python3.14/site-packages/django/db/models/query.py:1200: in delete
    collector.collect(del_query)
.venv/lib/python3.14/site-packages/django/db/models/deletion.py:343: in collect
    if getattr(on_delete, "lazy_sub_objs", False) or sub_objs:
                                                     ^^^^^^^^
.venv/lib/python3.14/site-packages/django/db/models/query.py:400: in __bool__
    self._fetch_all()
.venv/lib/python3.14/site-packages/django/db/models/query.py:1954: in _fetch_all
    self._result_cache = list(self._iterable_class(self))
                         ^^^^^^^^^^^^^^^^^^^^^^^^^^^^^^^^
.venv/lib/python3.14/site-packages/django/db/models/query.py:93: in __iter__
    results = compiler.execute_sql(
.venv/lib/python3.14/site-packages/django/db/models/sql/compiler.py:1623: in execute_sql
    cursor.execute(sql, params)
.venv/lib/python3.14/site-packages/django/db/backends/utils.py:79: in execute
    return self._execute_with_wrappers(
.venv/lib/python3.14/site-packages/django/db/backends/utils.py:92: in _execute_with_wrappers
    return executor(sql, params, many, context)
           ^^^^^^^^^^^^^^^^^^^^^^^^^^^^^^^^^^^^
.venv/lib/python3.14/site-packages/django/db/backends/utils.py:100: in _execute
    with self.db.wrap_database_errors:
         ^^^^^^^^^^^^^^^^^^^^^^^^^^^^
.venv/lib/python3.14/site-packages/django/db/utils.py:91: in __exit__
    raise dj_exc_value.with_traceback(traceback) from exc_value
.venv/lib/python3.14/site-packages/django/db/backends/utils.py:105: in _execute
    return self.cursor.execute(sql, params)
           ^^^^^^^^^^^^^^^^^^^^^^^^^^^^^^^^
_ _ _ _ _ _ _ _ _ _ _ _ _ _ _ _ _ _ _ _ _ _ _ _ _ _ _ _ _ _ _ _ _ _ _ _ _ _ _ _ 

self = <django.db.backends.postgresql.base.Cursor [closed] [BAD] at 0x7d7ad69fdfd0>
query = 'SELECT "review_artifact_requests"."id" FROM "review_artifact_requests" WHERE "review_artifact_requests"."organization_id" IN (%s, %s)'
params = (UUID('43f53b05-d08c-4470-9547-25a28d54d87e'), UUID('5bcc0f24-881c-4ff6-9b7a-8f43f925f0eb'))
prepare = None, binary = None

    def execute(
        self,
        query: Query,
        params: Params | None = None,
        *,
        prepare: bool | None = None,
        binary: bool | None = None,
    ) -> Self:
        """
        Execute a query or command to the database.
        """
        try:
            with self._conn.lock:
                self._conn.wait(
                    self._execute_gen(query, params, prepare=prepare, binary=binary)
                )
        except e._NO_TRACEBACK as ex:
>           raise ex.with_traceback(None)
E           django.db.utils.ProgrammingError: relation "review_artifact_requests" does not exist
E           LINE 1: SELECT "review_artifact_requests"."id" FROM "review_artifact...
E                                                               ^

.venv/lib/python3.14/site-packages/psycopg/cursor.py:117: ProgrammingError
_ ERROR at teardown of test_onboarding_does_not_grant_direct_membership_insert _

self = <django.db.backends.utils.CursorWrapper object at 0x7d7ad6a05550>
sql = 'SELECT "review_artifact_requests"."id" FROM "review_artifact_requests" WHERE "review_artifact_requests"."organization_id" IN (%s, %s)'
params = (UUID('12b70e67-66d1-4cb9-ba0f-27e57ec39d2e'), UUID('56959d84-fe9e-4a4a-9a89-54d4142a7ab8'))
ignored_wrapper_args = (False, {'connection': <DatabaseWrapper vendor='postgresql' alias='default'>, 'cursor': <django.db.backends.utils.CursorWrapper object at 0x7d7ad6a05550>})

    def _execute(self, sql, params, *ignored_wrapper_args):
        # Raise a warning during app initialization (stored_app_configs is only
        # ever set during testing).
        if not apps.ready and not apps.stored_app_configs:
            warnings.warn(self.APPS_NOT_READY_WARNING_MSG, category=RuntimeWarning)
        self.db.validate_no_broken_transaction()
        with self.db.wrap_database_errors:
            if params is None:
                # params default might be backend specific.
                return self.cursor.execute(sql)
            else:
>               return self.cursor.execute(sql, params)
                       ^^^^^^^^^^^^^^^^^^^^^^^^^^^^^^^^

.venv/lib/python3.14/site-packages/django/db/backends/utils.py:105: 
_ _ _ _ _ _ _ _ _ _ _ _ _ _ _ _ _ _ _ _ _ _ _ _ _ _ _ _ _ _ _ _ _ _ _ _ _ _ _ _ 

self = <django.db.backends.postgresql.base.Cursor [closed] [BAD] at 0x7d7ad69fedd0>
query = 'SELECT "review_artifact_requests"."id" FROM "review_artifact_requests" WHERE "review_artifact_requests"."organization_id" IN (%s, %s)'
params = (UUID('12b70e67-66d1-4cb9-ba0f-27e57ec39d2e'), UUID('56959d84-fe9e-4a4a-9a89-54d4142a7ab8'))
prepare = None, binary = None

    def execute(
        self,
        query: Query,
        params: Params | None = None,
        *,
        prepare: bool | None = None,
        binary: bool | None = None,
    ) -> Self:
        """
        Execute a query or command to the database.
        """
        try:
            with self._conn.lock:
                self._conn.wait(
                    self._execute_gen(query, params, prepare=prepare, binary=binary)
                )
        except e._NO_TRACEBACK as ex:
>           raise ex.with_traceback(None)
E           psycopg.errors.UndefinedTable: relation "review_artifact_requests" does not exist
E           LINE 1: SELECT "review_artifact_requests"."id" FROM "review_artifact...
E                                                               ^

.venv/lib/python3.14/site-packages/psycopg/cursor.py:117: UndefinedTable

The above exception was the direct cause of the following exception:

    @pytest.fixture
    def isolation_fixture():
        user_model = get_user_model()
        user_a = user_model.objects.create_user("rls-a@example.com")
        user_b = user_model.objects.create_user("rls-b@example.com")
        organization_a = Organization.objects.create(name="RLS Firm A")
        organization_b = Organization.objects.create(name="RLS Firm B")
        OrganizationMember.objects.create(
            user=user_a,
            organization=organization_a,
            role=OrganizationMember.Role.OWNER,
        )
        OrganizationMember.objects.create(
            user=user_b,
            organization=organization_b,
            role=OrganizationMember.Role.OWNER,
        )
        item_a = InventoryItem.objects.create(
            organization=organization_a,
            display_name="Inventory A",
            vendor_name="Vendor A",
        )
        item_b = InventoryItem.objects.create(
            organization=organization_b,
            display_name="Inventory B",
            vendor_name="Vendor B",
        )
        fixture = IsolationFixture(
            user_a.id,
            user_b.id,
            organization_a.id,
            organization_b.id,
            item_a.id,
            item_b.id,
        )
        yield fixture
        with connections["default"].cursor() as cursor:
            cursor.execute(
                "TRUNCATE TABLE reports, audit_events, "
                "audit_merkle_blocks, audit_chain_heads, "
                "assessment_snapshots, billing_admission_receipt, "
                "billing_paid_coverage CASCADE"
            )
        BackgroundJob.objects.all().delete()
        from apps.billing.models import Subscription
    
        Subscription.objects.filter(
            organization_id__in=[fixture.organization_a_id, fixture.organization_b_id]
        ).delete()
        OrganizationRule.objects.all().delete()
        InventoryItem.objects.all().delete()
        OrganizationMember.objects.all().delete()
>       Organization.objects.all().delete()

tests/test_rls.py:106: 
_ _ _ _ _ _ _ _ _ _ _ _ _ _ _ _ _ _ _ _ _ _ _ _ _ _ _ _ _ _ _ _ _ _ _ _ _ _ _ _ 
.venv/lib/python3.14/site-packages/django/db/models/query.py:1200: in delete
    collector.collect(del_query)
.venv/lib/python3.14/site-packages/django/db/models/deletion.py:343: in collect
    if getattr(on_delete, "lazy_sub_objs", False) or sub_objs:
                                                     ^^^^^^^^
.venv/lib/python3.14/site-packages/django/db/models/query.py:400: in __bool__
    self._fetch_all()
.venv/lib/python3.14/site-packages/django/db/models/query.py:1954: in _fetch_all
    self._result_cache = list(self._iterable_class(self))
                         ^^^^^^^^^^^^^^^^^^^^^^^^^^^^^^^^
.venv/lib/python3.14/site-packages/django/db/models/query.py:93: in __iter__
    results = compiler.execute_sql(
.venv/lib/python3.14/site-packages/django/db/models/sql/compiler.py:1623: in execute_sql
    cursor.execute(sql, params)
.venv/lib/python3.14/site-packages/django/db/backends/utils.py:79: in execute
    return self._execute_with_wrappers(
.venv/lib/python3.14/site-packages/django/db/backends/utils.py:92: in _execute_with_wrappers
    return executor(sql, params, many, context)
           ^^^^^^^^^^^^^^^^^^^^^^^^^^^^^^^^^^^^
.venv/lib/python3.14/site-packages/django/db/backends/utils.py:100: in _execute
    with self.db.wrap_database_errors:
         ^^^^^^^^^^^^^^^^^^^^^^^^^^^^
.venv/lib/python3.14/site-packages/django/db/utils.py:91: in __exit__
    raise dj_exc_value.with_traceback(traceback) from exc_value
.venv/lib/python3.14/site-packages/django/db/backends/utils.py:105: in _execute
    return self.cursor.execute(sql, params)
           ^^^^^^^^^^^^^^^^^^^^^^^^^^^^^^^^
_ _ _ _ _ _ _ _ _ _ _ _ _ _ _ _ _ _ _ _ _ _ _ _ _ _ _ _ _ _ _ _ _ _ _ _ _ _ _ _ 

self = <django.db.backends.postgresql.base.Cursor [closed] [BAD] at 0x7d7ad69fedd0>
query = 'SELECT "review_artifact_requests"."id" FROM "review_artifact_requests" WHERE "review_artifact_requests"."organization_id" IN (%s, %s)'
params = (UUID('12b70e67-66d1-4cb9-ba0f-27e57ec39d2e'), UUID('56959d84-fe9e-4a4a-9a89-54d4142a7ab8'))
prepare = None, binary = None

    def execute(
        self,
        query: Query,
        params: Params | None = None,
        *,
        prepare: bool | None = None,
        binary: bool | None = None,
    ) -> Self:
        """
        Execute a query or command to the database.
        """
        try:
            with self._conn.lock:
                self._conn.wait(
                    self._execute_gen(query, params, prepare=prepare, binary=binary)
                )
        except e._NO_TRACEBACK as ex:
>           raise ex.with_traceback(None)
E           django.db.utils.ProgrammingError: relation "review_artifact_requests" does not exist
E           LINE 1: SELECT "review_artifact_requests"."id" FROM "review_artifact...
E                                                               ^

.venv/lib/python3.14/site-packages/psycopg/cursor.py:117: ProgrammingError
_________ ERROR at teardown of test_worker_cannot_provision_workspace __________

self = <django.db.backends.utils.CursorWrapper object at 0x7d7ad4f29f70>
sql = 'SELECT "review_artifact_requests"."id" FROM "review_artifact_requests" WHERE "review_artifact_requests"."organization_id" IN (%s, %s)'
params = (UUID('a00735c0-62bc-4c80-92b2-cee5141f8986'), UUID('e6d8b7ed-980e-401a-8571-77e54f816f02'))
ignored_wrapper_args = (False, {'connection': <DatabaseWrapper vendor='postgresql' alias='default'>, 'cursor': <django.db.backends.utils.CursorWrapper object at 0x7d7ad4f29f70>})

    def _execute(self, sql, params, *ignored_wrapper_args):
        # Raise a warning during app initialization (stored_app_configs is only
        # ever set during testing).
        if not apps.ready and not apps.stored_app_configs:
            warnings.warn(self.APPS_NOT_READY_WARNING_MSG, category=RuntimeWarning)
        self.db.validate_no_broken_transaction()
        with self.db.wrap_database_errors:
            if params is None:
                # params default might be backend specific.
                return self.cursor.execute(sql)
            else:
>               return self.cursor.execute(sql, params)
                       ^^^^^^^^^^^^^^^^^^^^^^^^^^^^^^^^

.venv/lib/python3.14/site-packages/django/db/backends/utils.py:105: 
_ _ _ _ _ _ _ _ _ _ _ _ _ _ _ _ _ _ _ _ _ _ _ _ _ _ _ _ _ _ _ _ _ _ _ _ _ _ _ _ 

self = <django.db.backends.postgresql.base.Cursor [closed] [BAD] at 0x7d7ad69fdfd0>
query = 'SELECT "review_artifact_requests"."id" FROM "review_artifact_requests" WHERE "review_artifact_requests"."organization_id" IN (%s, %s)'
params = (UUID('a00735c0-62bc-4c80-92b2-cee5141f8986'), UUID('e6d8b7ed-980e-401a-8571-77e54f816f02'))
prepare = None, binary = None

    def execute(
        self,
        query: Query,
        params: Params | None = None,
        *,
        prepare: bool | None = None,
        binary: bool | None = None,
    ) -> Self:
        """
        Execute a query or command to the database.
        """
        try:
            with self._conn.lock:
                self._conn.wait(
                    self._execute_gen(query, params, prepare=prepare, binary=binary)
                )
        except e._NO_TRACEBACK as ex:
>           raise ex.with_traceback(None)
E           psycopg.errors.UndefinedTable: relation "review_artifact_requests" does not exist
E           LINE 1: SELECT "review_artifact_requests"."id" FROM "review_artifact...
E                                                               ^

.venv/lib/python3.14/site-packages/psycopg/cursor.py:117: UndefinedTable

The above exception was the direct cause of the following exception:

    @pytest.fixture
    def isolation_fixture():
        user_model = get_user_model()
        user_a = user_model.objects.create_user("rls-a@example.com")
        user_b = user_model.objects.create_user("rls-b@example.com")
        organization_a = Organization.objects.create(name="RLS Firm A")
        organization_b = Organization.objects.create(name="RLS Firm B")
        OrganizationMember.objects.create(
            user=user_a,
            organization=organization_a,
            role=OrganizationMember.Role.OWNER,
        )
        OrganizationMember.objects.create(
            user=user_b,
            organization=organization_b,
            role=OrganizationMember.Role.OWNER,
        )
        item_a = InventoryItem.objects.create(
            organization=organization_a,
            display_name="Inventory A",
            vendor_name="Vendor A",
        )
        item_b = InventoryItem.objects.create(
            organization=organization_b,
            display_name="Inventory B",
            vendor_name="Vendor B",
        )
        fixture = IsolationFixture(
            user_a.id,
            user_b.id,
            organization_a.id,
            organization_b.id,
            item_a.id,
            item_b.id,
        )
        yield fixture
        with connections["default"].cursor() as cursor:
            cursor.execute(
                "TRUNCATE TABLE reports, audit_events, "
                "audit_merkle_blocks, audit_chain_heads, "
                "assessment_snapshots, billing_admission_receipt, "
                "billing_paid_coverage CASCADE"
            )
        BackgroundJob.objects.all().delete()
        from apps.billing.models import Subscription
    
        Subscription.objects.filter(
            organization_id__in=[fixture.organization_a_id, fixture.organization_b_id]
        ).delete()
        OrganizationRule.objects.all().delete()
        InventoryItem.objects.all().delete()
        OrganizationMember.objects.all().delete()
>       Organization.objects.all().delete()

tests/test_rls.py:106: 
_ _ _ _ _ _ _ _ _ _ _ _ _ _ _ _ _ _ _ _ _ _ _ _ _ _ _ _ _ _ _ _ _ _ _ _ _ _ _ _ 
.venv/lib/python3.14/site-packages/django/db/models/query.py:1200: in delete
    collector.collect(del_query)
.venv/lib/python3.14/site-packages/django/db/models/deletion.py:343: in collect
    if getattr(on_delete, "lazy_sub_objs", False) or sub_objs:
                                                     ^^^^^^^^
.venv/lib/python3.14/site-packages/django/db/models/query.py:400: in __bool__
    self._fetch_all()
.venv/lib/python3.14/site-packages/django/db/models/query.py:1954: in _fetch_all
    self._result_cache = list(self._iterable_class(self))
                         ^^^^^^^^^^^^^^^^^^^^^^^^^^^^^^^^
.venv/lib/python3.14/site-packages/django/db/models/query.py:93: in __iter__
    results = compiler.execute_sql(
.venv/lib/python3.14/site-packages/django/db/models/sql/compiler.py:1623: in execute_sql
    cursor.execute(sql, params)
.venv/lib/python3.14/site-packages/django/db/backends/utils.py:79: in execute
    return self._execute_with_wrappers(
.venv/lib/python3.14/site-packages/django/db/backends/utils.py:92: in _execute_with_wrappers
    return executor(sql, params, many, context)
           ^^^^^^^^^^^^^^^^^^^^^^^^^^^^^^^^^^^^
.venv/lib/python3.14/site-packages/django/db/backends/utils.py:100: in _execute
    with self.db.wrap_database_errors:
         ^^^^^^^^^^^^^^^^^^^^^^^^^^^^
.venv/lib/python3.14/site-packages/django/db/utils.py:91: in __exit__
    raise dj_exc_value.with_traceback(traceback) from exc_value
.venv/lib/python3.14/site-packages/django/db/backends/utils.py:105: in _execute
    return self.cursor.execute(sql, params)
           ^^^^^^^^^^^^^^^^^^^^^^^^^^^^^^^^
_ _ _ _ _ _ _ _ _ _ _ _ _ _ _ _ _ _ _ _ _ _ _ _ _ _ _ _ _ _ _ _ _ _ _ _ _ _ _ _ 

self = <django.db.backends.postgresql.base.Cursor [closed] [BAD] at 0x7d7ad69fdfd0>
query = 'SELECT "review_artifact_requests"."id" FROM "review_artifact_requests" WHERE "review_artifact_requests"."organization_id" IN (%s, %s)'
params = (UUID('a00735c0-62bc-4c80-92b2-cee5141f8986'), UUID('e6d8b7ed-980e-401a-8571-77e54f816f02'))
prepare = None, binary = None

    def execute(
        self,
        query: Query,
        params: Params | None = None,
        *,
        prepare: bool | None = None,
        binary: bool | None = None,
    ) -> Self:
        """
        Execute a query or command to the database.
        """
        try:
            with self._conn.lock:
                self._conn.wait(
                    self._execute_gen(query, params, prepare=prepare, binary=binary)
                )
        except e._NO_TRACEBACK as ex:
>           raise ex.with_traceback(None)
E           django.db.utils.ProgrammingError: relation "review_artifact_requests" does not exist
E           LINE 1: SELECT "review_artifact_requests"."id" FROM "review_artifact...
E                                                               ^

.venv/lib/python3.14/site-packages/psycopg/cursor.py:117: ProgrammingError
_ ERROR at teardown of test_app_role_unfiltered_orm_and_raw_sql_are_tenant_isolated _

self = <django.db.backends.utils.CursorWrapper object at 0x7d7ad697eed0>
sql = 'SELECT "review_artifact_requests"."id" FROM "review_artifact_requests" WHERE "review_artifact_requests"."organization_id" IN (%s, %s)'
params = (UUID('4dadf603-206d-4d3c-8c23-26088dc0d6bc'), UUID('7d204602-3c88-4460-9e6c-2440574dbb47'))
ignored_wrapper_args = (False, {'connection': <DatabaseWrapper vendor='postgresql' alias='default'>, 'cursor': <django.db.backends.utils.CursorWrapper object at 0x7d7ad697eed0>})

    def _execute(self, sql, params, *ignored_wrapper_args):
        # Raise a warning during app initialization (stored_app_configs is only
        # ever set during testing).
        if not apps.ready and not apps.stored_app_configs:
            warnings.warn(self.APPS_NOT_READY_WARNING_MSG, category=RuntimeWarning)
        self.db.validate_no_broken_transaction()
        with self.db.wrap_database_errors:
            if params is None:
                # params default might be backend specific.
                return self.cursor.execute(sql)
            else:
>               return self.cursor.execute(sql, params)
                       ^^^^^^^^^^^^^^^^^^^^^^^^^^^^^^^^

.venv/lib/python3.14/site-packages/django/db/backends/utils.py:105: 
_ _ _ _ _ _ _ _ _ _ _ _ _ _ _ _ _ _ _ _ _ _ _ _ _ _ _ _ _ _ _ _ _ _ _ _ _ _ _ _ 

self = <django.db.backends.postgresql.base.Cursor [closed] [BAD] at 0x7d7ad69ff690>
query = 'SELECT "review_artifact_requests"."id" FROM "review_artifact_requests" WHERE "review_artifact_requests"."organization_id" IN (%s, %s)'
params = (UUID('4dadf603-206d-4d3c-8c23-26088dc0d6bc'), UUID('7d204602-3c88-4460-9e6c-2440574dbb47'))
prepare = None, binary = None

    def execute(
        self,
        query: Query,
        params: Params | None = None,
        *,
        prepare: bool | None = None,
        binary: bool | None = None,
    ) -> Self:
        """
        Execute a query or command to the database.
        """
        try:
            with self._conn.lock:
                self._conn.wait(
                    self._execute_gen(query, params, prepare=prepare, binary=binary)
                )
        except e._NO_TRACEBACK as ex:
>           raise ex.with_traceback(None)
E           psycopg.errors.UndefinedTable: relation "review_artifact_requests" does not exist
E           LINE 1: SELECT "review_artifact_requests"."id" FROM "review_artifact...
E                                                               ^

.venv/lib/python3.14/site-packages/psycopg/cursor.py:117: UndefinedTable

The above exception was the direct cause of the following exception:

    @pytest.fixture
    def isolation_fixture():
        user_model = get_user_model()
        user_a = user_model.objects.create_user("rls-a@example.com")
        user_b = user_model.objects.create_user("rls-b@example.com")
        organization_a = Organization.objects.create(name="RLS Firm A")
        organization_b = Organization.objects.create(name="RLS Firm B")
        OrganizationMember.objects.create(
            user=user_a,
            organization=organization_a,
            role=OrganizationMember.Role.OWNER,
        )
        OrganizationMember.objects.create(
            user=user_b,
            organization=organization_b,
            role=OrganizationMember.Role.OWNER,
        )
        item_a = InventoryItem.objects.create(
            organization=organization_a,
            display_name="Inventory A",
            vendor_name="Vendor A",
        )
        item_b = InventoryItem.objects.create(
            organization=organization_b,
            display_name="Inventory B",
            vendor_name="Vendor B",
        )
        fixture = IsolationFixture(
            user_a.id,
            user_b.id,
            organization_a.id,
            organization_b.id,
            item_a.id,
            item_b.id,
        )
        yield fixture
        with connections["default"].cursor() as cursor:
            cursor.execute(
                "TRUNCATE TABLE reports, audit_events, "
                "audit_merkle_blocks, audit_chain_heads, "
                "assessment_snapshots, billing_admission_receipt, "
                "billing_paid_coverage CASCADE"
            )
        BackgroundJob.objects.all().delete()
        from apps.billing.models import Subscription
    
        Subscription.objects.filter(
            organization_id__in=[fixture.organization_a_id, fixture.organization_b_id]
        ).delete()
        OrganizationRule.objects.all().delete()
        InventoryItem.objects.all().delete()
        OrganizationMember.objects.all().delete()
>       Organization.objects.all().delete()

tests/test_rls.py:106: 
_ _ _ _ _ _ _ _ _ _ _ _ _ _ _ _ _ _ _ _ _ _ _ _ _ _ _ _ _ _ _ _ _ _ _ _ _ _ _ _ 
.venv/lib/python3.14/site-packages/django/db/models/query.py:1200: in delete
    collector.collect(del_query)
.venv/lib/python3.14/site-packages/django/db/models/deletion.py:343: in collect
    if getattr(on_delete, "lazy_sub_objs", False) or sub_objs:
                                                     ^^^^^^^^
.venv/lib/python3.14/site-packages/django/db/models/query.py:400: in __bool__
    self._fetch_all()
.venv/lib/python3.14/site-packages/django/db/models/query.py:1954: in _fetch_all
    self._result_cache = list(self._iterable_class(self))
                         ^^^^^^^^^^^^^^^^^^^^^^^^^^^^^^^^
.venv/lib/python3.14/site-packages/django/db/models/query.py:93: in __iter__
    results = compiler.execute_sql(
.venv/lib/python3.14/site-packages/django/db/models/sql/compiler.py:1623: in execute_sql
    cursor.execute(sql, params)
.venv/lib/python3.14/site-packages/django/db/backends/utils.py:79: in execute
    return self._execute_with_wrappers(
.venv/lib/python3.14/site-packages/django/db/backends/utils.py:92: in _execute_with_wrappers
    return executor(sql, params, many, context)
           ^^^^^^^^^^^^^^^^^^^^^^^^^^^^^^^^^^^^
.venv/lib/python3.14/site-packages/django/db/backends/utils.py:100: in _execute
    with self.db.wrap_database_errors:
         ^^^^^^^^^^^^^^^^^^^^^^^^^^^^
.venv/lib/python3.14/site-packages/django/db/utils.py:91: in __exit__
    raise dj_exc_value.with_traceback(traceback) from exc_value
.venv/lib/python3.14/site-packages/django/db/backends/utils.py:105: in _execute
    return self.cursor.execute(sql, params)
           ^^^^^^^^^^^^^^^^^^^^^^^^^^^^^^^^
_ _ _ _ _ _ _ _ _ _ _ _ _ _ _ _ _ _ _ _ _ _ _ _ _ _ _ _ _ _ _ _ _ _ _ _ _ _ _ _ 

self = <django.db.backends.postgresql.base.Cursor [closed] [BAD] at 0x7d7ad69ff690>
query = 'SELECT "review_artifact_requests"."id" FROM "review_artifact_requests" WHERE "review_artifact_requests"."organization_id" IN (%s, %s)'
params = (UUID('4dadf603-206d-4d3c-8c23-26088dc0d6bc'), UUID('7d204602-3c88-4460-9e6c-2440574dbb47'))
prepare = None, binary = None

    def execute(
        self,
        query: Query,
        params: Params | None = None,
        *,
        prepare: bool | None = None,
        binary: bool | None = None,
    ) -> Self:
        """
        Execute a query or command to the database.
        """
        try:
            with self._conn.lock:
                self._conn.wait(
                    self._execute_gen(query, params, prepare=prepare, binary=binary)
                )
        except e._NO_TRACEBACK as ex:
>           raise ex.with_traceback(None)
E           django.db.utils.ProgrammingError: relation "review_artifact_requests" does not exist
E           LINE 1: SELECT "review_artifact_requests"."id" FROM "review_artifact...
E                                                               ^

.venv/lib/python3.14/site-packages/psycopg/cursor.py:117: ProgrammingError
_ ERROR at teardown of test_direct_cross_tenant_primary_key_lookup_is_inaccessible _

self = <django.db.backends.utils.CursorWrapper object at 0x7d7ad6975370>
sql = 'SELECT "review_artifact_requests"."id" FROM "review_artifact_requests" WHERE "review_artifact_requests"."organization_id" IN (%s, %s)'
params = (UUID('0e9cc522-e659-4e01-aec9-d46f66aeacdc'), UUID('1de4ab13-c423-4c75-90a8-2e5db009e04b'))
ignored_wrapper_args = (False, {'connection': <DatabaseWrapper vendor='postgresql' alias='default'>, 'cursor': <django.db.backends.utils.CursorWrapper object at 0x7d7ad6975370>})

    def _execute(self, sql, params, *ignored_wrapper_args):
        # Raise a warning during app initialization (stored_app_configs is only
        # ever set during testing).
        if not apps.ready and not apps.stored_app_configs:
            warnings.warn(self.APPS_NOT_READY_WARNING_MSG, category=RuntimeWarning)
        self.db.validate_no_broken_transaction()
        with self.db.wrap_database_errors:
            if params is None:
                # params default might be backend specific.
                return self.cursor.execute(sql)
            else:
>               return self.cursor.execute(sql, params)
                       ^^^^^^^^^^^^^^^^^^^^^^^^^^^^^^^^

.venv/lib/python3.14/site-packages/django/db/backends/utils.py:105: 
_ _ _ _ _ _ _ _ _ _ _ _ _ _ _ _ _ _ _ _ _ _ _ _ _ _ _ _ _ _ _ _ _ _ _ _ _ _ _ _ 

self = <django.db.backends.postgresql.base.Cursor [closed] [BAD] at 0x7d7ad6ba7a10>
query = 'SELECT "review_artifact_requests"."id" FROM "review_artifact_requests" WHERE "review_artifact_requests"."organization_id" IN (%s, %s)'
params = (UUID('0e9cc522-e659-4e01-aec9-d46f66aeacdc'), UUID('1de4ab13-c423-4c75-90a8-2e5db009e04b'))
prepare = None, binary = None

    def execute(
        self,
        query: Query,
        params: Params | None = None,
        *,
        prepare: bool | None = None,
        binary: bool | None = None,
    ) -> Self:
        """
        Execute a query or command to the database.
        """
        try:
            with self._conn.lock:
                self._conn.wait(
                    self._execute_gen(query, params, prepare=prepare, binary=binary)
                )
        except e._NO_TRACEBACK as ex:
>           raise ex.with_traceback(None)
E           psycopg.errors.UndefinedTable: relation "review_artifact_requests" does not exist
E           LINE 1: SELECT "review_artifact_requests"."id" FROM "review_artifact...
E                                                               ^

.venv/lib/python3.14/site-packages/psycopg/cursor.py:117: UndefinedTable

The above exception was the direct cause of the following exception:

    @pytest.fixture
    def isolation_fixture():
        user_model = get_user_model()
        user_a = user_model.objects.create_user("rls-a@example.com")
        user_b = user_model.objects.create_user("rls-b@example.com")
        organization_a = Organization.objects.create(name="RLS Firm A")
        organization_b = Organization.objects.create(name="RLS Firm B")
        OrganizationMember.objects.create(
            user=user_a,
            organization=organization_a,
            role=OrganizationMember.Role.OWNER,
        )
        OrganizationMember.objects.create(
            user=user_b,
            organization=organization_b,
            role=OrganizationMember.Role.OWNER,
        )
        item_a = InventoryItem.objects.create(
            organization=organization_a,
            display_name="Inventory A",
            vendor_name="Vendor A",
        )
        item_b = InventoryItem.objects.create(
            organization=organization_b,
            display_name="Inventory B",
            vendor_name="Vendor B",
        )
        fixture = IsolationFixture(
            user_a.id,
            user_b.id,
            organization_a.id,
            organization_b.id,
            item_a.id,
            item_b.id,
        )
        yield fixture
        with connections["default"].cursor() as cursor:
            cursor.execute(
                "TRUNCATE TABLE reports, audit_events, "
                "audit_merkle_blocks, audit_chain_heads, "
                "assessment_snapshots, billing_admission_receipt, "
                "billing_paid_coverage CASCADE"
            )
        BackgroundJob.objects.all().delete()
        from apps.billing.models import Subscription
    
        Subscription.objects.filter(
            organization_id__in=[fixture.organization_a_id, fixture.organization_b_id]
        ).delete()
        OrganizationRule.objects.all().delete()
        InventoryItem.objects.all().delete()
        OrganizationMember.objects.all().delete()
>       Organization.objects.all().delete()

tests/test_rls.py:106: 
_ _ _ _ _ _ _ _ _ _ _ _ _ _ _ _ _ _ _ _ _ _ _ _ _ _ _ _ _ _ _ _ _ _ _ _ _ _ _ _ 
.venv/lib/python3.14/site-packages/django/db/models/query.py:1200: in delete
    collector.collect(del_query)
.venv/lib/python3.14/site-packages/django/db/models/deletion.py:343: in collect
    if getattr(on_delete, "lazy_sub_objs", False) or sub_objs:
                                                     ^^^^^^^^
.venv/lib/python3.14/site-packages/django/db/models/query.py:400: in __bool__
    self._fetch_all()
.venv/lib/python3.14/site-packages/django/db/models/query.py:1954: in _fetch_all
    self._result_cache = list(self._iterable_class(self))
                         ^^^^^^^^^^^^^^^^^^^^^^^^^^^^^^^^
.venv/lib/python3.14/site-packages/django/db/models/query.py:93: in __iter__
    results = compiler.execute_sql(
.venv/lib/python3.14/site-packages/django/db/models/sql/compiler.py:1623: in execute_sql
    cursor.execute(sql, params)
.venv/lib/python3.14/site-packages/django/db/backends/utils.py:79: in execute
    return self._execute_with_wrappers(
.venv/lib/python3.14/site-packages/django/db/backends/utils.py:92: in _execute_with_wrappers
    return executor(sql, params, many, context)
           ^^^^^^^^^^^^^^^^^^^^^^^^^^^^^^^^^^^^
.venv/lib/python3.14/site-packages/django/db/backends/utils.py:100: in _execute
    with self.db.wrap_database_errors:
         ^^^^^^^^^^^^^^^^^^^^^^^^^^^^
.venv/lib/python3.14/site-packages/django/db/utils.py:91: in __exit__
    raise dj_exc_value.with_traceback(traceback) from exc_value
.venv/lib/python3.14/site-packages/django/db/backends/utils.py:105: in _execute
    return self.cursor.execute(sql, params)
           ^^^^^^^^^^^^^^^^^^^^^^^^^^^^^^^^
_ _ _ _ _ _ _ _ _ _ _ _ _ _ _ _ _ _ _ _ _ _ _ _ _ _ _ _ _ _ _ _ _ _ _ _ _ _ _ _ 

self = <django.db.backends.postgresql.base.Cursor [closed] [BAD] at 0x7d7ad6ba7a10>
query = 'SELECT "review_artifact_requests"."id" FROM "review_artifact_requests" WHERE "review_artifact_requests"."organization_id" IN (%s, %s)'
params = (UUID('0e9cc522-e659-4e01-aec9-d46f66aeacdc'), UUID('1de4ab13-c423-4c75-90a8-2e5db009e04b'))
prepare = None, binary = None

    def execute(
        self,
        query: Query,
        params: Params | None = None,
        *,
        prepare: bool | None = None,
        binary: bool | None = None,
    ) -> Self:
        """
        Execute a query or command to the database.
        """
        try:
            with self._conn.lock:
                self._conn.wait(
                    self._execute_gen(query, params, prepare=prepare, binary=binary)
                )
        except e._NO_TRACEBACK as ex:
>           raise ex.with_traceback(None)
E           django.db.utils.ProgrammingError: relation "review_artifact_requests" does not exist
E           LINE 1: SELECT "review_artifact_requests"."id" FROM "review_artifact...
E                                                               ^

.venv/lib/python3.14/site-packages/psycopg/cursor.py:117: ProgrammingError
__________ ERROR at teardown of test_cross_tenant_insert_is_rejected ___________

self = <django.db.backends.utils.CursorWrapper object at 0x7d7ad5683e90>
sql = 'SELECT "review_artifact_requests"."id" FROM "review_artifact_requests" WHERE "review_artifact_requests"."organization_id" IN (%s, %s)'
params = (UUID('28556dc5-5f79-4840-a2d9-c5f6cceefe7b'), UUID('4b856d12-3c83-4d0c-afd5-9442016cf330'))
ignored_wrapper_args = (False, {'connection': <DatabaseWrapper vendor='postgresql' alias='default'>, 'cursor': <django.db.backends.utils.CursorWrapper object at 0x7d7ad5683e90>})

    def _execute(self, sql, params, *ignored_wrapper_args):
        # Raise a warning during app initialization (stored_app_configs is only
        # ever set during testing).
        if not apps.ready and not apps.stored_app_configs:
            warnings.warn(self.APPS_NOT_READY_WARNING_MSG, category=RuntimeWarning)
        self.db.validate_no_broken_transaction()
        with self.db.wrap_database_errors:
            if params is None:
                # params default might be backend specific.
                return self.cursor.execute(sql)
            else:
>               return self.cursor.execute(sql, params)
                       ^^^^^^^^^^^^^^^^^^^^^^^^^^^^^^^^

.venv/lib/python3.14/site-packages/django/db/backends/utils.py:105: 
_ _ _ _ _ _ _ _ _ _ _ _ _ _ _ _ _ _ _ _ _ _ _ _ _ _ _ _ _ _ _ _ _ _ _ _ _ _ _ _ 

self = <django.db.backends.postgresql.base.Cursor [closed] [BAD] at 0x7d7ad6508590>
query = 'SELECT "review_artifact_requests"."id" FROM "review_artifact_requests" WHERE "review_artifact_requests"."organization_id" IN (%s, %s)'
params = (UUID('28556dc5-5f79-4840-a2d9-c5f6cceefe7b'), UUID('4b856d12-3c83-4d0c-afd5-9442016cf330'))
prepare = None, binary = None

    def execute(
        self,
        query: Query,
        params: Params | None = None,
        *,
        prepare: bool | None = None,
        binary: bool | None = None,
    ) -> Self:
        """
        Execute a query or command to the database.
        """
        try:
            with self._conn.lock:
                self._conn.wait(
                    self._execute_gen(query, params, prepare=prepare, binary=binary)
                )
        except e._NO_TRACEBACK as ex:
>           raise ex.with_traceback(None)
E           psycopg.errors.UndefinedTable: relation "review_artifact_requests" does not exist
E           LINE 1: SELECT "review_artifact_requests"."id" FROM "review_artifact...
E                                                               ^

.venv/lib/python3.14/site-packages/psycopg/cursor.py:117: UndefinedTable

The above exception was the direct cause of the following exception:

    @pytest.fixture
    def isolation_fixture():
        user_model = get_user_model()
        user_a = user_model.objects.create_user("rls-a@example.com")
        user_b = user_model.objects.create_user("rls-b@example.com")
        organization_a = Organization.objects.create(name="RLS Firm A")
        organization_b = Organization.objects.create(name="RLS Firm B")
        OrganizationMember.objects.create(
            user=user_a,
            organization=organization_a,
            role=OrganizationMember.Role.OWNER,
        )
        OrganizationMember.objects.create(
            user=user_b,
            organization=organization_b,
            role=OrganizationMember.Role.OWNER,
        )
        item_a = InventoryItem.objects.create(
            organization=organization_a,
            display_name="Inventory A",
            vendor_name="Vendor A",
        )
        item_b = InventoryItem.objects.create(
            organization=organization_b,
            display_name="Inventory B",
            vendor_name="Vendor B",
        )
        fixture = IsolationFixture(
            user_a.id,
            user_b.id,
            organization_a.id,
            organization_b.id,
            item_a.id,
            item_b.id,
        )
        yield fixture
        with connections["default"].cursor() as cursor:
            cursor.execute(
                "TRUNCATE TABLE reports, audit_events, "
                "audit_merkle_blocks, audit_chain_heads, "
                "assessment_snapshots, billing_admission_receipt, "
                "billing_paid_coverage CASCADE"
            )
        BackgroundJob.objects.all().delete()
        from apps.billing.models import Subscription
    
        Subscription.objects.filter(
            organization_id__in=[fixture.organization_a_id, fixture.organization_b_id]
        ).delete()
        OrganizationRule.objects.all().delete()
        InventoryItem.objects.all().delete()
        OrganizationMember.objects.all().delete()
>       Organization.objects.all().delete()

tests/test_rls.py:106: 
_ _ _ _ _ _ _ _ _ _ _ _ _ _ _ _ _ _ _ _ _ _ _ _ _ _ _ _ _ _ _ _ _ _ _ _ _ _ _ _ 
.venv/lib/python3.14/site-packages/django/db/models/query.py:1200: in delete
    collector.collect(del_query)
.venv/lib/python3.14/site-packages/django/db/models/deletion.py:343: in collect
    if getattr(on_delete, "lazy_sub_objs", False) or sub_objs:
                                                     ^^^^^^^^
.venv/lib/python3.14/site-packages/django/db/models/query.py:400: in __bool__
    self._fetch_all()
.venv/lib/python3.14/site-packages/django/db/models/query.py:1954: in _fetch_all
    self._result_cache = list(self._iterable_class(self))
                         ^^^^^^^^^^^^^^^^^^^^^^^^^^^^^^^^
.venv/lib/python3.14/site-packages/django/db/models/query.py:93: in __iter__
    results = compiler.execute_sql(
.venv/lib/python3.14/site-packages/django/db/models/sql/compiler.py:1623: in execute_sql
    cursor.execute(sql, params)
.venv/lib/python3.14/site-packages/django/db/backends/utils.py:79: in execute
    return self._execute_with_wrappers(
.venv/lib/python3.14/site-packages/django/db/backends/utils.py:92: in _execute_with_wrappers
    return executor(sql, params, many, context)
           ^^^^^^^^^^^^^^^^^^^^^^^^^^^^^^^^^^^^
.venv/lib/python3.14/site-packages/django/db/backends/utils.py:100: in _execute
    with self.db.wrap_database_errors:
         ^^^^^^^^^^^^^^^^^^^^^^^^^^^^
.venv/lib/python3.14/site-packages/django/db/utils.py:91: in __exit__
    raise dj_exc_value.with_traceback(traceback) from exc_value
.venv/lib/python3.14/site-packages/django/db/backends/utils.py:105: in _execute
    return self.cursor.execute(sql, params)
           ^^^^^^^^^^^^^^^^^^^^^^^^^^^^^^^^
_ _ _ _ _ _ _ _ _ _ _ _ _ _ _ _ _ _ _ _ _ _ _ _ _ _ _ _ _ _ _ _ _ _ _ _ _ _ _ _ 

self = <django.db.backends.postgresql.base.Cursor [closed] [BAD] at 0x7d7ad6508590>
query = 'SELECT "review_artifact_requests"."id" FROM "review_artifact_requests" WHERE "review_artifact_requests"."organization_id" IN (%s, %s)'
params = (UUID('28556dc5-5f79-4840-a2d9-c5f6cceefe7b'), UUID('4b856d12-3c83-4d0c-afd5-9442016cf330'))
prepare = None, binary = None

    def execute(
        self,
        query: Query,
        params: Params | None = None,
        *,
        prepare: bool | None = None,
        binary: bool | None = None,
    ) -> Self:
        """
        Execute a query or command to the database.
        """
        try:
            with self._conn.lock:
                self._conn.wait(
                    self._execute_gen(query, params, prepare=prepare, binary=binary)
                )
        except e._NO_TRACEBACK as ex:
>           raise ex.with_traceback(None)
E           django.db.utils.ProgrammingError: relation "review_artifact_requests" does not exist
E           LINE 1: SELECT "review_artifact_requests"."id" FROM "review_artifact...
E                                                               ^

.venv/lib/python3.14/site-packages/psycopg/cursor.py:117: ProgrammingError
________ ERROR at teardown of test_cross_tenant_update_affects_no_rows _________

self = <django.db.backends.utils.CursorWrapper object at 0x7d7ad6997cb0>
sql = 'SELECT "review_artifact_requests"."id" FROM "review_artifact_requests" WHERE "review_artifact_requests"."organization_id" IN (%s, %s)'
params = (UUID('604c35a2-fa35-463c-84f7-bd132baf2613'), UUID('43f15a78-7a6e-406d-aa06-cdb8b9c8b001'))
ignored_wrapper_args = (False, {'connection': <DatabaseWrapper vendor='postgresql' alias='default'>, 'cursor': <django.db.backends.utils.CursorWrapper object at 0x7d7ad6997cb0>})

    def _execute(self, sql, params, *ignored_wrapper_args):
        # Raise a warning during app initialization (stored_app_configs is only
        # ever set during testing).
        if not apps.ready and not apps.stored_app_configs:
            warnings.warn(self.APPS_NOT_READY_WARNING_MSG, category=RuntimeWarning)
        self.db.validate_no_broken_transaction()
        with self.db.wrap_database_errors:
            if params is None:
                # params default might be backend specific.
                return self.cursor.execute(sql)
            else:
>               return self.cursor.execute(sql, params)
                       ^^^^^^^^^^^^^^^^^^^^^^^^^^^^^^^^

.venv/lib/python3.14/site-packages/django/db/backends/utils.py:105: 
_ _ _ _ _ _ _ _ _ _ _ _ _ _ _ _ _ _ _ _ _ _ _ _ _ _ _ _ _ _ _ _ _ _ _ _ _ _ _ _ 

self = <django.db.backends.postgresql.base.Cursor [closed] [BAD] at 0x7d7ad6ba5b70>
query = 'SELECT "review_artifact_requests"."id" FROM "review_artifact_requests" WHERE "review_artifact_requests"."organization_id" IN (%s, %s)'
params = (UUID('604c35a2-fa35-463c-84f7-bd132baf2613'), UUID('43f15a78-7a6e-406d-aa06-cdb8b9c8b001'))
prepare = None, binary = None

    def execute(
        self,
        query: Query,
        params: Params | None = None,
        *,
        prepare: bool | None = None,
        binary: bool | None = None,
    ) -> Self:
        """
        Execute a query or command to the database.
        """
        try:
            with self._conn.lock:
                self._conn.wait(
                    self._execute_gen(query, params, prepare=prepare, binary=binary)
                )
        except e._NO_TRACEBACK as ex:
>           raise ex.with_traceback(None)
E           psycopg.errors.UndefinedTable: relation "review_artifact_requests" does not exist
E           LINE 1: SELECT "review_artifact_requests"."id" FROM "review_artifact...
E                                                               ^

.venv/lib/python3.14/site-packages/psycopg/cursor.py:117: UndefinedTable

The above exception was the direct cause of the following exception:

    @pytest.fixture
    def isolation_fixture():
        user_model = get_user_model()
        user_a = user_model.objects.create_user("rls-a@example.com")
        user_b = user_model.objects.create_user("rls-b@example.com")
        organization_a = Organization.objects.create(name="RLS Firm A")
        organization_b = Organization.objects.create(name="RLS Firm B")
        OrganizationMember.objects.create(
            user=user_a,
            organization=organization_a,
            role=OrganizationMember.Role.OWNER,
        )
        OrganizationMember.objects.create(
            user=user_b,
            organization=organization_b,
            role=OrganizationMember.Role.OWNER,
        )
        item_a = InventoryItem.objects.create(
            organization=organization_a,
            display_name="Inventory A",
            vendor_name="Vendor A",
        )
        item_b = InventoryItem.objects.create(
            organization=organization_b,
            display_name="Inventory B",
            vendor_name="Vendor B",
        )
        fixture = IsolationFixture(
            user_a.id,
            user_b.id,
            organization_a.id,
            organization_b.id,
            item_a.id,
            item_b.id,
        )
        yield fixture
        with connections["default"].cursor() as cursor:
            cursor.execute(
                "TRUNCATE TABLE reports, audit_events, "
                "audit_merkle_blocks, audit_chain_heads, "
                "assessment_snapshots, billing_admission_receipt, "
                "billing_paid_coverage CASCADE"
            )
        BackgroundJob.objects.all().delete()
        from apps.billing.models import Subscription
    
        Subscription.objects.filter(
            organization_id__in=[fixture.organization_a_id, fixture.organization_b_id]
        ).delete()
        OrganizationRule.objects.all().delete()
        InventoryItem.objects.all().delete()
        OrganizationMember.objects.all().delete()
>       Organization.objects.all().delete()

tests/test_rls.py:106: 
_ _ _ _ _ _ _ _ _ _ _ _ _ _ _ _ _ _ _ _ _ _ _ _ _ _ _ _ _ _ _ _ _ _ _ _ _ _ _ _ 
.venv/lib/python3.14/site-packages/django/db/models/query.py:1200: in delete
    collector.collect(del_query)
.venv/lib/python3.14/site-packages/django/db/models/deletion.py:343: in collect
    if getattr(on_delete, "lazy_sub_objs", False) or sub_objs:
                                                     ^^^^^^^^
.venv/lib/python3.14/site-packages/django/db/models/query.py:400: in __bool__
    self._fetch_all()
.venv/lib/python3.14/site-packages/django/db/models/query.py:1954: in _fetch_all
    self._result_cache = list(self._iterable_class(self))
                         ^^^^^^^^^^^^^^^^^^^^^^^^^^^^^^^^
.venv/lib/python3.14/site-packages/django/db/models/query.py:93: in __iter__
    results = compiler.execute_sql(
.venv/lib/python3.14/site-packages/django/db/models/sql/compiler.py:1623: in execute_sql
    cursor.execute(sql, params)
.venv/lib/python3.14/site-packages/django/db/backends/utils.py:79: in execute
    return self._execute_with_wrappers(
.venv/lib/python3.14/site-packages/django/db/backends/utils.py:92: in _execute_with_wrappers
    return executor(sql, params, many, context)
           ^^^^^^^^^^^^^^^^^^^^^^^^^^^^^^^^^^^^
.venv/lib/python3.14/site-packages/django/db/backends/utils.py:100: in _execute
    with self.db.wrap_database_errors:
         ^^^^^^^^^^^^^^^^^^^^^^^^^^^^
.venv/lib/python3.14/site-packages/django/db/utils.py:91: in __exit__
    raise dj_exc_value.with_traceback(traceback) from exc_value
.venv/lib/python3.14/site-packages/django/db/backends/utils.py:105: in _execute
    return self.cursor.execute(sql, params)
           ^^^^^^^^^^^^^^^^^^^^^^^^^^^^^^^^
_ _ _ _ _ _ _ _ _ _ _ _ _ _ _ _ _ _ _ _ _ _ _ _ _ _ _ _ _ _ _ _ _ _ _ _ _ _ _ _ 

self = <django.db.backends.postgresql.base.Cursor [closed] [BAD] at 0x7d7ad6ba5b70>
query = 'SELECT "review_artifact_requests"."id" FROM "review_artifact_requests" WHERE "review_artifact_requests"."organization_id" IN (%s, %s)'
params = (UUID('604c35a2-fa35-463c-84f7-bd132baf2613'), UUID('43f15a78-7a6e-406d-aa06-cdb8b9c8b001'))
prepare = None, binary = None

    def execute(
        self,
        query: Query,
        params: Params | None = None,
        *,
        prepare: bool | None = None,
        binary: bool | None = None,
    ) -> Self:
        """
        Execute a query or command to the database.
        """
        try:
            with self._conn.lock:
                self._conn.wait(
                    self._execute_gen(query, params, prepare=prepare, binary=binary)
                )
        except e._NO_TRACEBACK as ex:
>           raise ex.with_traceback(None)
E           django.db.utils.ProgrammingError: relation "review_artifact_requests" does not exist
E           LINE 1: SELECT "review_artifact_requests"."id" FROM "review_artifact...
E                                                               ^

.venv/lib/python3.14/site-packages/psycopg/cursor.py:117: ProgrammingError
________ ERROR at teardown of test_missing_tenant_context_fails_closed _________

self = <django.db.backends.utils.CursorWrapper object at 0x7d7ad6fbc530>
sql = 'SELECT "review_artifact_requests"."id" FROM "review_artifact_requests" WHERE "review_artifact_requests"."organization_id" IN (%s, %s)'
params = (UUID('184ae901-6722-4a25-ae0a-5d9600915cb9'), UUID('f2effa64-272e-4656-865b-43bebb9c9a8d'))
ignored_wrapper_args = (False, {'connection': <DatabaseWrapper vendor='postgresql' alias='default'>, 'cursor': <django.db.backends.utils.CursorWrapper object at 0x7d7ad6fbc530>})

    def _execute(self, sql, params, *ignored_wrapper_args):
        # Raise a warning during app initialization (stored_app_configs is only
        # ever set during testing).
        if not apps.ready and not apps.stored_app_configs:
            warnings.warn(self.APPS_NOT_READY_WARNING_MSG, category=RuntimeWarning)
        self.db.validate_no_broken_transaction()
        with self.db.wrap_database_errors:
            if params is None:
                # params default might be backend specific.
                return self.cursor.execute(sql)
            else:
>               return self.cursor.execute(sql, params)
                       ^^^^^^^^^^^^^^^^^^^^^^^^^^^^^^^^

.venv/lib/python3.14/site-packages/django/db/backends/utils.py:105: 
_ _ _ _ _ _ _ _ _ _ _ _ _ _ _ _ _ _ _ _ _ _ _ _ _ _ _ _ _ _ _ _ _ _ _ _ _ _ _ _ 

self = <django.db.backends.postgresql.base.Cursor [closed] [BAD] at 0x7d7ad705b930>
query = 'SELECT "review_artifact_requests"."id" FROM "review_artifact_requests" WHERE "review_artifact_requests"."organization_id" IN (%s, %s)'
params = (UUID('184ae901-6722-4a25-ae0a-5d9600915cb9'), UUID('f2effa64-272e-4656-865b-43bebb9c9a8d'))
prepare = None, binary = None

    def execute(
        self,
        query: Query,
        params: Params | None = None,
        *,
        prepare: bool | None = None,
        binary: bool | None = None,
    ) -> Self:
        """
        Execute a query or command to the database.
        """
        try:
            with self._conn.lock:
                self._conn.wait(
                    self._execute_gen(query, params, prepare=prepare, binary=binary)
                )
        except e._NO_TRACEBACK as ex:
>           raise ex.with_traceback(None)
E           psycopg.errors.UndefinedTable: relation "review_artifact_requests" does not exist
E           LINE 1: SELECT "review_artifact_requests"."id" FROM "review_artifact...
E                                                               ^

.venv/lib/python3.14/site-packages/psycopg/cursor.py:117: UndefinedTable

The above exception was the direct cause of the following exception:

    @pytest.fixture
    def isolation_fixture():
        user_model = get_user_model()
        user_a = user_model.objects.create_user("rls-a@example.com")
        user_b = user_model.objects.create_user("rls-b@example.com")
        organization_a = Organization.objects.create(name="RLS Firm A")
        organization_b = Organization.objects.create(name="RLS Firm B")
        OrganizationMember.objects.create(
            user=user_a,
            organization=organization_a,
            role=OrganizationMember.Role.OWNER,
        )
        OrganizationMember.objects.create(
            user=user_b,
            organization=organization_b,
            role=OrganizationMember.Role.OWNER,
        )
        item_a = InventoryItem.objects.create(
            organization=organization_a,
            display_name="Inventory A",
            vendor_name="Vendor A",
        )
        item_b = InventoryItem.objects.create(
            organization=organization_b,
            display_name="Inventory B",
            vendor_name="Vendor B",
        )
        fixture = IsolationFixture(
            user_a.id,
            user_b.id,
            organization_a.id,
            organization_b.id,
            item_a.id,
            item_b.id,
        )
        yield fixture
        with connections["default"].cursor() as cursor:
            cursor.execute(
                "TRUNCATE TABLE reports, audit_events, "
                "audit_merkle_blocks, audit_chain_heads, "
                "assessment_snapshots, billing_admission_receipt, "
                "billing_paid_coverage CASCADE"
            )
        BackgroundJob.objects.all().delete()
        from apps.billing.models import Subscription
    
        Subscription.objects.filter(
            organization_id__in=[fixture.organization_a_id, fixture.organization_b_id]
        ).delete()
        OrganizationRule.objects.all().delete()
        InventoryItem.objects.all().delete()
        OrganizationMember.objects.all().delete()
>       Organization.objects.all().delete()

tests/test_rls.py:106: 
_ _ _ _ _ _ _ _ _ _ _ _ _ _ _ _ _ _ _ _ _ _ _ _ _ _ _ _ _ _ _ _ _ _ _ _ _ _ _ _ 
.venv/lib/python3.14/site-packages/django/db/models/query.py:1200: in delete
    collector.collect(del_query)
.venv/lib/python3.14/site-packages/django/db/models/deletion.py:343: in collect
    if getattr(on_delete, "lazy_sub_objs", False) or sub_objs:
                                                     ^^^^^^^^
.venv/lib/python3.14/site-packages/django/db/models/query.py:400: in __bool__
    self._fetch_all()
.venv/lib/python3.14/site-packages/django/db/models/query.py:1954: in _fetch_all
    self._result_cache = list(self._iterable_class(self))
                         ^^^^^^^^^^^^^^^^^^^^^^^^^^^^^^^^
.venv/lib/python3.14/site-packages/django/db/models/query.py:93: in __iter__
    results = compiler.execute_sql(
.venv/lib/python3.14/site-packages/django/db/models/sql/compiler.py:1623: in execute_sql
    cursor.execute(sql, params)
.venv/lib/python3.14/site-packages/django/db/backends/utils.py:79: in execute
    return self._execute_with_wrappers(
.venv/lib/python3.14/site-packages/django/db/backends/utils.py:92: in _execute_with_wrappers
    return executor(sql, params, many, context)
           ^^^^^^^^^^^^^^^^^^^^^^^^^^^^^^^^^^^^
.venv/lib/python3.14/site-packages/django/db/backends/utils.py:100: in _execute
    with self.db.wrap_database_errors:
         ^^^^^^^^^^^^^^^^^^^^^^^^^^^^
.venv/lib/python3.14/site-packages/django/db/utils.py:91: in __exit__
    raise dj_exc_value.with_traceback(traceback) from exc_value
.venv/lib/python3.14/site-packages/django/db/backends/utils.py:105: in _execute
    return self.cursor.execute(sql, params)
           ^^^^^^^^^^^^^^^^^^^^^^^^^^^^^^^^
_ _ _ _ _ _ _ _ _ _ _ _ _ _ _ _ _ _ _ _ _ _ _ _ _ _ _ _ _ _ _ _ _ _ _ _ _ _ _ _ 

self = <django.db.backends.postgresql.base.Cursor [closed] [BAD] at 0x7d7ad705b930>
query = 'SELECT "review_artifact_requests"."id" FROM "review_artifact_requests" WHERE "review_artifact_requests"."organization_id" IN (%s, %s)'
params = (UUID('184ae901-6722-4a25-ae0a-5d9600915cb9'), UUID('f2effa64-272e-4656-865b-43bebb9c9a8d'))
prepare = None, binary = None

    def execute(
        self,
        query: Query,
        params: Params | None = None,
        *,
        prepare: bool | None = None,
        binary: bool | None = None,
    ) -> Self:
        """
        Execute a query or command to the database.
        """
        try:
            with self._conn.lock:
                self._conn.wait(
                    self._execute_gen(query, params, prepare=prepare, binary=binary)
                )
        except e._NO_TRACEBACK as ex:
>           raise ex.with_traceback(None)
E           django.db.utils.ProgrammingError: relation "review_artifact_requests" does not exist
E           LINE 1: SELECT "review_artifact_requests"."id" FROM "review_artifact...
E                                                               ^

.venv/lib/python3.14/site-packages/psycopg/cursor.py:117: ProgrammingError
_ ERROR at teardown of test_context_on_default_connection_does_not_unlock_app_runtime _

self = <django.db.backends.utils.CursorWrapper object at 0x7d7ad6fbddf0>
sql = 'SELECT "review_artifact_requests"."id" FROM "review_artifact_requests" WHERE "review_artifact_requests"."organization_id" IN (%s, %s)'
params = (UUID('dc85ecad-8f85-41b4-a959-d4e8316d0993'), UUID('2d752f59-fcd4-47ef-abc2-1ffdfbd17f4d'))
ignored_wrapper_args = (False, {'connection': <DatabaseWrapper vendor='postgresql' alias='default'>, 'cursor': <django.db.backends.utils.CursorWrapper object at 0x7d7ad6fbddf0>})

    def _execute(self, sql, params, *ignored_wrapper_args):
        # Raise a warning during app initialization (stored_app_configs is only
        # ever set during testing).
        if not apps.ready and not apps.stored_app_configs:
            warnings.warn(self.APPS_NOT_READY_WARNING_MSG, category=RuntimeWarning)
        self.db.validate_no_broken_transaction()
        with self.db.wrap_database_errors:
            if params is None:
                # params default might be backend specific.
                return self.cursor.execute(sql)
            else:
>               return self.cursor.execute(sql, params)
                       ^^^^^^^^^^^^^^^^^^^^^^^^^^^^^^^^

.venv/lib/python3.14/site-packages/django/db/backends/utils.py:105: 
_ _ _ _ _ _ _ _ _ _ _ _ _ _ _ _ _ _ _ _ _ _ _ _ _ _ _ _ _ _ _ _ _ _ _ _ _ _ _ _ 

self = <django.db.backends.postgresql.base.Cursor [closed] [BAD] at 0x7d7ad705aa50>
query = 'SELECT "review_artifact_requests"."id" FROM "review_artifact_requests" WHERE "review_artifact_requests"."organization_id" IN (%s, %s)'
params = (UUID('dc85ecad-8f85-41b4-a959-d4e8316d0993'), UUID('2d752f59-fcd4-47ef-abc2-1ffdfbd17f4d'))
prepare = None, binary = None

    def execute(
        self,
        query: Query,
        params: Params | None = None,
        *,
        prepare: bool | None = None,
        binary: bool | None = None,
    ) -> Self:
        """
        Execute a query or command to the database.
        """
        try:
            with self._conn.lock:
                self._conn.wait(
                    self._execute_gen(query, params, prepare=prepare, binary=binary)
                )
        except e._NO_TRACEBACK as ex:
>           raise ex.with_traceback(None)
E           psycopg.errors.UndefinedTable: relation "review_artifact_requests" does not exist
E           LINE 1: SELECT "review_artifact_requests"."id" FROM "review_artifact...
E                                                               ^

.venv/lib/python3.14/site-packages/psycopg/cursor.py:117: UndefinedTable

The above exception was the direct cause of the following exception:

    @pytest.fixture
    def isolation_fixture():
        user_model = get_user_model()
        user_a = user_model.objects.create_user("rls-a@example.com")
        user_b = user_model.objects.create_user("rls-b@example.com")
        organization_a = Organization.objects.create(name="RLS Firm A")
        organization_b = Organization.objects.create(name="RLS Firm B")
        OrganizationMember.objects.create(
            user=user_a,
            organization=organization_a,
            role=OrganizationMember.Role.OWNER,
        )
        OrganizationMember.objects.create(
            user=user_b,
            organization=organization_b,
            role=OrganizationMember.Role.OWNER,
        )
        item_a = InventoryItem.objects.create(
            organization=organization_a,
            display_name="Inventory A",
            vendor_name="Vendor A",
        )
        item_b = InventoryItem.objects.create(
            organization=organization_b,
            display_name="Inventory B",
            vendor_name="Vendor B",
        )
        fixture = IsolationFixture(
            user_a.id,
            user_b.id,
            organization_a.id,
            organization_b.id,
            item_a.id,
            item_b.id,
        )
        yield fixture
        with connections["default"].cursor() as cursor:
            cursor.execute(
                "TRUNCATE TABLE reports, audit_events, "
                "audit_merkle_blocks, audit_chain_heads, "
                "assessment_snapshots, billing_admission_receipt, "
                "billing_paid_coverage CASCADE"
            )
        BackgroundJob.objects.all().delete()
        from apps.billing.models import Subscription
    
        Subscription.objects.filter(
            organization_id__in=[fixture.organization_a_id, fixture.organization_b_id]
        ).delete()
        OrganizationRule.objects.all().delete()
        InventoryItem.objects.all().delete()
        OrganizationMember.objects.all().delete()
>       Organization.objects.all().delete()

tests/test_rls.py:106: 
_ _ _ _ _ _ _ _ _ _ _ _ _ _ _ _ _ _ _ _ _ _ _ _ _ _ _ _ _ _ _ _ _ _ _ _ _ _ _ _ 
.venv/lib/python3.14/site-packages/django/db/models/query.py:1200: in delete
    collector.collect(del_query)
.venv/lib/python3.14/site-packages/django/db/models/deletion.py:343: in collect
    if getattr(on_delete, "lazy_sub_objs", False) or sub_objs:
                                                     ^^^^^^^^
.venv/lib/python3.14/site-packages/django/db/models/query.py:400: in __bool__
    self._fetch_all()
.venv/lib/python3.14/site-packages/django/db/models/query.py:1954: in _fetch_all
    self._result_cache = list(self._iterable_class(self))
                         ^^^^^^^^^^^^^^^^^^^^^^^^^^^^^^^^
.venv/lib/python3.14/site-packages/django/db/models/query.py:93: in __iter__
    results = compiler.execute_sql(
.venv/lib/python3.14/site-packages/django/db/models/sql/compiler.py:1623: in execute_sql
    cursor.execute(sql, params)
.venv/lib/python3.14/site-packages/django/db/backends/utils.py:79: in execute
    return self._execute_with_wrappers(
.venv/lib/python3.14/site-packages/django/db/backends/utils.py:92: in _execute_with_wrappers
    return executor(sql, params, many, context)
           ^^^^^^^^^^^^^^^^^^^^^^^^^^^^^^^^^^^^
.venv/lib/python3.14/site-packages/django/db/backends/utils.py:100: in _execute
    with self.db.wrap_database_errors:
         ^^^^^^^^^^^^^^^^^^^^^^^^^^^^
.venv/lib/python3.14/site-packages/django/db/utils.py:91: in __exit__
    raise dj_exc_value.with_traceback(traceback) from exc_value
.venv/lib/python3.14/site-packages/django/db/backends/utils.py:105: in _execute
    return self.cursor.execute(sql, params)
           ^^^^^^^^^^^^^^^^^^^^^^^^^^^^^^^^
_ _ _ _ _ _ _ _ _ _ _ _ _ _ _ _ _ _ _ _ _ _ _ _ _ _ _ _ _ _ _ _ _ _ _ _ _ _ _ _ 

self = <django.db.backends.postgresql.base.Cursor [closed] [BAD] at 0x7d7ad705aa50>
query = 'SELECT "review_artifact_requests"."id" FROM "review_artifact_requests" WHERE "review_artifact_requests"."organization_id" IN (%s, %s)'
params = (UUID('dc85ecad-8f85-41b4-a959-d4e8316d0993'), UUID('2d752f59-fcd4-47ef-abc2-1ffdfbd17f4d'))
prepare = None, binary = None

    def execute(
        self,
        query: Query,
        params: Params | None = None,
        *,
        prepare: bool | None = None,
        binary: bool | None = None,
    ) -> Self:
        """
        Execute a query or command to the database.
        """
        try:
            with self._conn.lock:
                self._conn.wait(
                    self._execute_gen(query, params, prepare=prepare, binary=binary)
                )
        except e._NO_TRACEBACK as ex:
>           raise ex.with_traceback(None)
E           django.db.utils.ProgrammingError: relation "review_artifact_requests" does not exist
E           LINE 1: SELECT "review_artifact_requests"."id" FROM "review_artifact...
E                                                               ^

.venv/lib/python3.14/site-packages/psycopg/cursor.py:117: ProgrammingError
_ ERROR at teardown of test_worker_role_cannot_read_another_tenants_business_rows _

self = <django.db.backends.utils.CursorWrapper object at 0x7d7ad6ab7830>
sql = 'SELECT "review_artifact_requests"."id" FROM "review_artifact_requests" WHERE "review_artifact_requests"."organization_id" IN (%s, %s)'
params = (UUID('ad0216c8-cda5-4a8e-8d8a-5ec00741a5c1'), UUID('af666bb4-d549-4b04-9eb9-0f3fbb386de1'))
ignored_wrapper_args = (False, {'connection': <DatabaseWrapper vendor='postgresql' alias='default'>, 'cursor': <django.db.backends.utils.CursorWrapper object at 0x7d7ad6ab7830>})

    def _execute(self, sql, params, *ignored_wrapper_args):
        # Raise a warning during app initialization (stored_app_configs is only
        # ever set during testing).
        if not apps.ready and not apps.stored_app_configs:
            warnings.warn(self.APPS_NOT_READY_WARNING_MSG, category=RuntimeWarning)
        self.db.validate_no_broken_transaction()
        with self.db.wrap_database_errors:
            if params is None:
                # params default might be backend specific.
                return self.cursor.execute(sql)
            else:
>               return self.cursor.execute(sql, params)
                       ^^^^^^^^^^^^^^^^^^^^^^^^^^^^^^^^

.venv/lib/python3.14/site-packages/django/db/backends/utils.py:105: 
_ _ _ _ _ _ _ _ _ _ _ _ _ _ _ _ _ _ _ _ _ _ _ _ _ _ _ _ _ _ _ _ _ _ _ _ _ _ _ _ 

self = <django.db.backends.postgresql.base.Cursor [closed] [BAD] at 0x7d7ad705b930>
query = 'SELECT "review_artifact_requests"."id" FROM "review_artifact_requests" WHERE "review_artifact_requests"."organization_id" IN (%s, %s)'
params = (UUID('ad0216c8-cda5-4a8e-8d8a-5ec00741a5c1'), UUID('af666bb4-d549-4b04-9eb9-0f3fbb386de1'))
prepare = None, binary = None

    def execute(
        self,
        query: Query,
        params: Params | None = None,
        *,
        prepare: bool | None = None,
        binary: bool | None = None,
    ) -> Self:
        """
        Execute a query or command to the database.
        """
        try:
            with self._conn.lock:
                self._conn.wait(
                    self._execute_gen(query, params, prepare=prepare, binary=binary)
                )
        except e._NO_TRACEBACK as ex:
>           raise ex.with_traceback(None)
E           psycopg.errors.UndefinedTable: relation "review_artifact_requests" does not exist
E           LINE 1: SELECT "review_artifact_requests"."id" FROM "review_artifact...
E                                                               ^

.venv/lib/python3.14/site-packages/psycopg/cursor.py:117: UndefinedTable

The above exception was the direct cause of the following exception:

    @pytest.fixture
    def isolation_fixture():
        user_model = get_user_model()
        user_a = user_model.objects.create_user("rls-a@example.com")
        user_b = user_model.objects.create_user("rls-b@example.com")
        organization_a = Organization.objects.create(name="RLS Firm A")
        organization_b = Organization.objects.create(name="RLS Firm B")
        OrganizationMember.objects.create(
            user=user_a,
            organization=organization_a,
            role=OrganizationMember.Role.OWNER,
        )
        OrganizationMember.objects.create(
            user=user_b,
            organization=organization_b,
            role=OrganizationMember.Role.OWNER,
        )
        item_a = InventoryItem.objects.create(
            organization=organization_a,
            display_name="Inventory A",
            vendor_name="Vendor A",
        )
        item_b = InventoryItem.objects.create(
            organization=organization_b,
            display_name="Inventory B",
            vendor_name="Vendor B",
        )
        fixture = IsolationFixture(
            user_a.id,
            user_b.id,
            organization_a.id,
            organization_b.id,
            item_a.id,
            item_b.id,
        )
        yield fixture
        with connections["default"].cursor() as cursor:
            cursor.execute(
                "TRUNCATE TABLE reports, audit_events, "
                "audit_merkle_blocks, audit_chain_heads, "
                "assessment_snapshots, billing_admission_receipt, "
                "billing_paid_coverage CASCADE"
            )
        BackgroundJob.objects.all().delete()
        from apps.billing.models import Subscription
    
        Subscription.objects.filter(
            organization_id__in=[fixture.organization_a_id, fixture.organization_b_id]
        ).delete()
        OrganizationRule.objects.all().delete()
        InventoryItem.objects.all().delete()
        OrganizationMember.objects.all().delete()
>       Organization.objects.all().delete()

tests/test_rls.py:106: 
_ _ _ _ _ _ _ _ _ _ _ _ _ _ _ _ _ _ _ _ _ _ _ _ _ _ _ _ _ _ _ _ _ _ _ _ _ _ _ _ 
.venv/lib/python3.14/site-packages/django/db/models/query.py:1200: in delete
    collector.collect(del_query)
.venv/lib/python3.14/site-packages/django/db/models/deletion.py:343: in collect
    if getattr(on_delete, "lazy_sub_objs", False) or sub_objs:
                                                     ^^^^^^^^
.venv/lib/python3.14/site-packages/django/db/models/query.py:400: in __bool__
    self._fetch_all()
.venv/lib/python3.14/site-packages/django/db/models/query.py:1954: in _fetch_all
    self._result_cache = list(self._iterable_class(self))
                         ^^^^^^^^^^^^^^^^^^^^^^^^^^^^^^^^
.venv/lib/python3.14/site-packages/django/db/models/query.py:93: in __iter__
    results = compiler.execute_sql(
.venv/lib/python3.14/site-packages/django/db/models/sql/compiler.py:1623: in execute_sql
    cursor.execute(sql, params)
.venv/lib/python3.14/site-packages/django/db/backends/utils.py:79: in execute
    return self._execute_with_wrappers(
.venv/lib/python3.14/site-packages/django/db/backends/utils.py:92: in _execute_with_wrappers
    return executor(sql, params, many, context)
           ^^^^^^^^^^^^^^^^^^^^^^^^^^^^^^^^^^^^
.venv/lib/python3.14/site-packages/django/db/backends/utils.py:100: in _execute
    with self.db.wrap_database_errors:
         ^^^^^^^^^^^^^^^^^^^^^^^^^^^^
.venv/lib/python3.14/site-packages/django/db/utils.py:91: in __exit__
    raise dj_exc_value.with_traceback(traceback) from exc_value
.venv/lib/python3.14/site-packages/django/db/backends/utils.py:105: in _execute
    return self.cursor.execute(sql, params)
           ^^^^^^^^^^^^^^^^^^^^^^^^^^^^^^^^
_ _ _ _ _ _ _ _ _ _ _ _ _ _ _ _ _ _ _ _ _ _ _ _ _ _ _ _ _ _ _ _ _ _ _ _ _ _ _ _ 

self = <django.db.backends.postgresql.base.Cursor [closed] [BAD] at 0x7d7ad705b930>
query = 'SELECT "review_artifact_requests"."id" FROM "review_artifact_requests" WHERE "review_artifact_requests"."organization_id" IN (%s, %s)'
params = (UUID('ad0216c8-cda5-4a8e-8d8a-5ec00741a5c1'), UUID('af666bb4-d549-4b04-9eb9-0f3fbb386de1'))
prepare = None, binary = None

    def execute(
        self,
        query: Query,
        params: Params | None = None,
        *,
        prepare: bool | None = None,
        binary: bool | None = None,
    ) -> Self:
        """
        Execute a query or command to the database.
        """
        try:
            with self._conn.lock:
                self._conn.wait(
                    self._execute_gen(query, params, prepare=prepare, binary=binary)
                )
        except e._NO_TRACEBACK as ex:
>           raise ex.with_traceback(None)
E           django.db.utils.ProgrammingError: relation "review_artifact_requests" does not exist
E           LINE 1: SELECT "review_artifact_requests"."id" FROM "review_artifact...
E                                                               ^

.venv/lib/python3.14/site-packages/psycopg/cursor.py:117: ProgrammingError
___ ERROR at teardown of test_csv_staging_is_tenant_isolated_under_app_role ____

self = <django.db.backends.utils.CursorWrapper object at 0x7d7ad6727710>
sql = 'SELECT "review_artifact_requests"."id" FROM "review_artifact_requests" WHERE "review_artifact_requests"."organization_id" IN (%s, %s)'
params = (UUID('bd77e63c-c3df-4473-97af-48164f0ab151'), UUID('22e619e8-1657-4dcc-9b21-104778d95d3a'))
ignored_wrapper_args = (False, {'connection': <DatabaseWrapper vendor='postgresql' alias='default'>, 'cursor': <django.db.backends.utils.CursorWrapper object at 0x7d7ad6727710>})

    def _execute(self, sql, params, *ignored_wrapper_args):
        # Raise a warning during app initialization (stored_app_configs is only
        # ever set during testing).
        if not apps.ready and not apps.stored_app_configs:
            warnings.warn(self.APPS_NOT_READY_WARNING_MSG, category=RuntimeWarning)
        self.db.validate_no_broken_transaction()
        with self.db.wrap_database_errors:
            if params is None:
                # params default might be backend specific.
                return self.cursor.execute(sql)
            else:
>               return self.cursor.execute(sql, params)
                       ^^^^^^^^^^^^^^^^^^^^^^^^^^^^^^^^

.venv/lib/python3.14/site-packages/django/db/backends/utils.py:105: 
_ _ _ _ _ _ _ _ _ _ _ _ _ _ _ _ _ _ _ _ _ _ _ _ _ _ _ _ _ _ _ _ _ _ _ _ _ _ _ _ 

self = <django.db.backends.postgresql.base.Cursor [closed] [BAD] at 0x7d7ad72f2eb0>
query = 'SELECT "review_artifact_requests"."id" FROM "review_artifact_requests" WHERE "review_artifact_requests"."organization_id" IN (%s, %s)'
params = (UUID('bd77e63c-c3df-4473-97af-48164f0ab151'), UUID('22e619e8-1657-4dcc-9b21-104778d95d3a'))
prepare = None, binary = None

    def execute(
        self,
        query: Query,
        params: Params | None = None,
        *,
        prepare: bool | None = None,
        binary: bool | None = None,
    ) -> Self:
        """
        Execute a query or command to the database.
        """
        try:
            with self._conn.lock:
                self._conn.wait(
                    self._execute_gen(query, params, prepare=prepare, binary=binary)
                )
        except e._NO_TRACEBACK as ex:
>           raise ex.with_traceback(None)
E           psycopg.errors.UndefinedTable: relation "review_artifact_requests" does not exist
E           LINE 1: SELECT "review_artifact_requests"."id" FROM "review_artifact...
E                                                               ^

.venv/lib/python3.14/site-packages/psycopg/cursor.py:117: UndefinedTable

The above exception was the direct cause of the following exception:

    @pytest.fixture
    def isolation_fixture():
        user_model = get_user_model()
        user_a = user_model.objects.create_user("rls-a@example.com")
        user_b = user_model.objects.create_user("rls-b@example.com")
        organization_a = Organization.objects.create(name="RLS Firm A")
        organization_b = Organization.objects.create(name="RLS Firm B")
        OrganizationMember.objects.create(
            user=user_a,
            organization=organization_a,
            role=OrganizationMember.Role.OWNER,
        )
        OrganizationMember.objects.create(
            user=user_b,
            organization=organization_b,
            role=OrganizationMember.Role.OWNER,
        )
        item_a = InventoryItem.objects.create(
            organization=organization_a,
            display_name="Inventory A",
            vendor_name="Vendor A",
        )
        item_b = InventoryItem.objects.create(
            organization=organization_b,
            display_name="Inventory B",
            vendor_name="Vendor B",
        )
        fixture = IsolationFixture(
            user_a.id,
            user_b.id,
            organization_a.id,
            organization_b.id,
            item_a.id,
            item_b.id,
        )
        yield fixture
        with connections["default"].cursor() as cursor:
            cursor.execute(
                "TRUNCATE TABLE reports, audit_events, "
                "audit_merkle_blocks, audit_chain_heads, "
                "assessment_snapshots, billing_admission_receipt, "
                "billing_paid_coverage CASCADE"
            )
        BackgroundJob.objects.all().delete()
        from apps.billing.models import Subscription
    
        Subscription.objects.filter(
            organization_id__in=[fixture.organization_a_id, fixture.organization_b_id]
        ).delete()
        OrganizationRule.objects.all().delete()
        InventoryItem.objects.all().delete()
        OrganizationMember.objects.all().delete()
>       Organization.objects.all().delete()

tests/test_rls.py:106: 
_ _ _ _ _ _ _ _ _ _ _ _ _ _ _ _ _ _ _ _ _ _ _ _ _ _ _ _ _ _ _ _ _ _ _ _ _ _ _ _ 
.venv/lib/python3.14/site-packages/django/db/models/query.py:1200: in delete
    collector.collect(del_query)
.venv/lib/python3.14/site-packages/django/db/models/deletion.py:343: in collect
    if getattr(on_delete, "lazy_sub_objs", False) or sub_objs:
                                                     ^^^^^^^^
.venv/lib/python3.14/site-packages/django/db/models/query.py:400: in __bool__
    self._fetch_all()
.venv/lib/python3.14/site-packages/django/db/models/query.py:1954: in _fetch_all
    self._result_cache = list(self._iterable_class(self))
                         ^^^^^^^^^^^^^^^^^^^^^^^^^^^^^^^^
.venv/lib/python3.14/site-packages/django/db/models/query.py:93: in __iter__
    results = compiler.execute_sql(
.venv/lib/python3.14/site-packages/django/db/models/sql/compiler.py:1623: in execute_sql
    cursor.execute(sql, params)
.venv/lib/python3.14/site-packages/django/db/backends/utils.py:79: in execute
    return self._execute_with_wrappers(
.venv/lib/python3.14/site-packages/django/db/backends/utils.py:92: in _execute_with_wrappers
    return executor(sql, params, many, context)
           ^^^^^^^^^^^^^^^^^^^^^^^^^^^^^^^^^^^^
.venv/lib/python3.14/site-packages/django/db/backends/utils.py:100: in _execute
    with self.db.wrap_database_errors:
         ^^^^^^^^^^^^^^^^^^^^^^^^^^^^
.venv/lib/python3.14/site-packages/django/db/utils.py:91: in __exit__
    raise dj_exc_value.with_traceback(traceback) from exc_value
.venv/lib/python3.14/site-packages/django/db/backends/utils.py:105: in _execute
    return self.cursor.execute(sql, params)
           ^^^^^^^^^^^^^^^^^^^^^^^^^^^^^^^^
_ _ _ _ _ _ _ _ _ _ _ _ _ _ _ _ _ _ _ _ _ _ _ _ _ _ _ _ _ _ _ _ _ _ _ _ _ _ _ _ 

self = <django.db.backends.postgresql.base.Cursor [closed] [BAD] at 0x7d7ad72f2eb0>
query = 'SELECT "review_artifact_requests"."id" FROM "review_artifact_requests" WHERE "review_artifact_requests"."organization_id" IN (%s, %s)'
params = (UUID('bd77e63c-c3df-4473-97af-48164f0ab151'), UUID('22e619e8-1657-4dcc-9b21-104778d95d3a'))
prepare = None, binary = None

    def execute(
        self,
        query: Query,
        params: Params | None = None,
        *,
        prepare: bool | None = None,
        binary: bool | None = None,
    ) -> Self:
        """
        Execute a query or command to the database.
        """
        try:
            with self._conn.lock:
                self._conn.wait(
                    self._execute_gen(query, params, prepare=prepare, binary=binary)
                )
        except e._NO_TRACEBACK as ex:
>           raise ex.with_traceback(None)
E           django.db.utils.ProgrammingError: relation "review_artifact_requests" does not exist
E           LINE 1: SELECT "review_artifact_requests"."id" FROM "review_artifact...
E                                                               ^

.venv/lib/python3.14/site-packages/psycopg/cursor.py:117: ProgrammingError
_ ERROR at teardown of test_background_jobs_are_tenant_scoped_for_app_runtime __

self = <django.db.backends.utils.CursorWrapper object at 0x7d7ad6fbce90>
sql = 'SELECT "review_artifact_requests"."id" FROM "review_artifact_requests" WHERE "review_artifact_requests"."job_id" IN (%s, %s)'
params = (UUID('366cd6bf-895b-4e1e-90c5-445f548124d0'), UUID('acb259e6-4e57-470e-8ea3-c11b6ae2400f'))
ignored_wrapper_args = (False, {'connection': <DatabaseWrapper vendor='postgresql' alias='default'>, 'cursor': <django.db.backends.utils.CursorWrapper object at 0x7d7ad6fbce90>})

    def _execute(self, sql, params, *ignored_wrapper_args):
        # Raise a warning during app initialization (stored_app_configs is only
        # ever set during testing).
        if not apps.ready and not apps.stored_app_configs:
            warnings.warn(self.APPS_NOT_READY_WARNING_MSG, category=RuntimeWarning)
        self.db.validate_no_broken_transaction()
        with self.db.wrap_database_errors:
            if params is None:
                # params default might be backend specific.
                return self.cursor.execute(sql)
            else:
>               return self.cursor.execute(sql, params)
                       ^^^^^^^^^^^^^^^^^^^^^^^^^^^^^^^^

.venv/lib/python3.14/site-packages/django/db/backends/utils.py:105: 
_ _ _ _ _ _ _ _ _ _ _ _ _ _ _ _ _ _ _ _ _ _ _ _ _ _ _ _ _ _ _ _ _ _ _ _ _ _ _ _ 

self = <django.db.backends.postgresql.base.Cursor [closed] [BAD] at 0x7d7ad705a0b0>
query = 'SELECT "review_artifact_requests"."id" FROM "review_artifact_requests" WHERE "review_artifact_requests"."job_id" IN (%s, %s)'
params = (UUID('366cd6bf-895b-4e1e-90c5-445f548124d0'), UUID('acb259e6-4e57-470e-8ea3-c11b6ae2400f'))
prepare = None, binary = None

    def execute(
        self,
        query: Query,
        params: Params | None = None,
        *,
        prepare: bool | None = None,
        binary: bool | None = None,
    ) -> Self:
        """
        Execute a query or command to the database.
        """
        try:
            with self._conn.lock:
                self._conn.wait(
                    self._execute_gen(query, params, prepare=prepare, binary=binary)
                )
        except e._NO_TRACEBACK as ex:
>           raise ex.with_traceback(None)
E           psycopg.errors.UndefinedTable: relation "review_artifact_requests" does not exist
E           LINE 1: SELECT "review_artifact_requests"."id" FROM "review_artifact...
E                                                               ^

.venv/lib/python3.14/site-packages/psycopg/cursor.py:117: UndefinedTable

The above exception was the direct cause of the following exception:

    @pytest.fixture
    def isolation_fixture():
        user_model = get_user_model()
        user_a = user_model.objects.create_user("rls-a@example.com")
        user_b = user_model.objects.create_user("rls-b@example.com")
        organization_a = Organization.objects.create(name="RLS Firm A")
        organization_b = Organization.objects.create(name="RLS Firm B")
        OrganizationMember.objects.create(
            user=user_a,
            organization=organization_a,
            role=OrganizationMember.Role.OWNER,
        )
        OrganizationMember.objects.create(
            user=user_b,
            organization=organization_b,
            role=OrganizationMember.Role.OWNER,
        )
        item_a = InventoryItem.objects.create(
            organization=organization_a,
            display_name="Inventory A",
            vendor_name="Vendor A",
        )
        item_b = InventoryItem.objects.create(
            organization=organization_b,
            display_name="Inventory B",
            vendor_name="Vendor B",
        )
        fixture = IsolationFixture(
            user_a.id,
            user_b.id,
            organization_a.id,
            organization_b.id,
            item_a.id,
            item_b.id,
        )
        yield fixture
        with connections["default"].cursor() as cursor:
            cursor.execute(
                "TRUNCATE TABLE reports, audit_events, "
                "audit_merkle_blocks, audit_chain_heads, "
                "assessment_snapshots, billing_admission_receipt, "
                "billing_paid_coverage CASCADE"
            )
>       BackgroundJob.objects.all().delete()

tests/test_rls.py:97: 
_ _ _ _ _ _ _ _ _ _ _ _ _ _ _ _ _ _ _ _ _ _ _ _ _ _ _ _ _ _ _ _ _ _ _ _ _ _ _ _ 
.venv/lib/python3.14/site-packages/django/db/models/query.py:1200: in delete
    collector.collect(del_query)
.venv/lib/python3.14/site-packages/django/db/models/deletion.py:343: in collect
    if getattr(on_delete, "lazy_sub_objs", False) or sub_objs:
                                                     ^^^^^^^^
.venv/lib/python3.14/site-packages/django/db/models/query.py:400: in __bool__
    self._fetch_all()
.venv/lib/python3.14/site-packages/django/db/models/query.py:1954: in _fetch_all
    self._result_cache = list(self._iterable_class(self))
                         ^^^^^^^^^^^^^^^^^^^^^^^^^^^^^^^^
.venv/lib/python3.14/site-packages/django/db/models/query.py:93: in __iter__
    results = compiler.execute_sql(
.venv/lib/python3.14/site-packages/django/db/models/sql/compiler.py:1623: in execute_sql
    cursor.execute(sql, params)
.venv/lib/python3.14/site-packages/django/db/backends/utils.py:79: in execute
    return self._execute_with_wrappers(
.venv/lib/python3.14/site-packages/django/db/backends/utils.py:92: in _execute_with_wrappers
    return executor(sql, params, many, context)
           ^^^^^^^^^^^^^^^^^^^^^^^^^^^^^^^^^^^^
.venv/lib/python3.14/site-packages/django/db/backends/utils.py:100: in _execute
    with self.db.wrap_database_errors:
         ^^^^^^^^^^^^^^^^^^^^^^^^^^^^
.venv/lib/python3.14/site-packages/django/db/utils.py:91: in __exit__
    raise dj_exc_value.with_traceback(traceback) from exc_value
.venv/lib/python3.14/site-packages/django/db/backends/utils.py:105: in _execute
    return self.cursor.execute(sql, params)
           ^^^^^^^^^^^^^^^^^^^^^^^^^^^^^^^^
_ _ _ _ _ _ _ _ _ _ _ _ _ _ _ _ _ _ _ _ _ _ _ _ _ _ _ _ _ _ _ _ _ _ _ _ _ _ _ _ 

self = <django.db.backends.postgresql.base.Cursor [closed] [BAD] at 0x7d7ad705a0b0>
query = 'SELECT "review_artifact_requests"."id" FROM "review_artifact_requests" WHERE "review_artifact_requests"."job_id" IN (%s, %s)'
params = (UUID('366cd6bf-895b-4e1e-90c5-445f548124d0'), UUID('acb259e6-4e57-470e-8ea3-c11b6ae2400f'))
prepare = None, binary = None

    def execute(
        self,
        query: Query,
        params: Params | None = None,
        *,
        prepare: bool | None = None,
        binary: bool | None = None,
    ) -> Self:
        """
        Execute a query or command to the database.
        """
        try:
            with self._conn.lock:
                self._conn.wait(
                    self._execute_gen(query, params, prepare=prepare, binary=binary)
                )
        except e._NO_TRACEBACK as ex:
>           raise ex.with_traceback(None)
E           django.db.utils.ProgrammingError: relation "review_artifact_requests" does not exist
E           LINE 1: SELECT "review_artifact_requests"."id" FROM "review_artifact...
E                                                               ^

.venv/lib/python3.14/site-packages/psycopg/cursor.py:117: ProgrammingError
_ ERROR at teardown of test_app_runtime_cannot_insert_background_job_for_another_tenant _

self = <django.db.backends.utils.CursorWrapper object at 0x7d7ad6fbeed0>
sql = 'SELECT "review_artifact_requests"."id" FROM "review_artifact_requests" WHERE "review_artifact_requests"."organization_id" IN (%s, %s)'
params = (UUID('2f464b76-71dc-4d6b-ae9a-fd0f63b89a51'), UUID('d665cbd6-130d-48ac-93d6-53c28d747768'))
ignored_wrapper_args = (False, {'connection': <DatabaseWrapper vendor='postgresql' alias='default'>, 'cursor': <django.db.backends.utils.CursorWrapper object at 0x7d7ad6fbeed0>})

    def _execute(self, sql, params, *ignored_wrapper_args):
        # Raise a warning during app initialization (stored_app_configs is only
        # ever set during testing).
        if not apps.ready and not apps.stored_app_configs:
            warnings.warn(self.APPS_NOT_READY_WARNING_MSG, category=RuntimeWarning)
        self.db.validate_no_broken_transaction()
        with self.db.wrap_database_errors:
            if params is None:
                # params default might be backend specific.
                return self.cursor.execute(sql)
            else:
>               return self.cursor.execute(sql, params)
                       ^^^^^^^^^^^^^^^^^^^^^^^^^^^^^^^^

.venv/lib/python3.14/site-packages/django/db/backends/utils.py:105: 
_ _ _ _ _ _ _ _ _ _ _ _ _ _ _ _ _ _ _ _ _ _ _ _ _ _ _ _ _ _ _ _ _ _ _ _ _ _ _ _ 

self = <django.db.backends.postgresql.base.Cursor [closed] [BAD] at 0x7d7ad72f1550>
query = 'SELECT "review_artifact_requests"."id" FROM "review_artifact_requests" WHERE "review_artifact_requests"."organization_id" IN (%s, %s)'
params = (UUID('2f464b76-71dc-4d6b-ae9a-fd0f63b89a51'), UUID('d665cbd6-130d-48ac-93d6-53c28d747768'))
prepare = None, binary = None

    def execute(
        self,
        query: Query,
        params: Params | None = None,
        *,
        prepare: bool | None = None,
        binary: bool | None = None,
    ) -> Self:
        """
        Execute a query or command to the database.
        """
        try:
            with self._conn.lock:
                self._conn.wait(
                    self._execute_gen(query, params, prepare=prepare, binary=binary)
                )
        except e._NO_TRACEBACK as ex:
>           raise ex.with_traceback(None)
E           psycopg.errors.UndefinedTable: relation "review_artifact_requests" does not exist
E           LINE 1: SELECT "review_artifact_requests"."id" FROM "review_artifact...
E                                                               ^

.venv/lib/python3.14/site-packages/psycopg/cursor.py:117: UndefinedTable

The above exception was the direct cause of the following exception:

    @pytest.fixture
    def isolation_fixture():
        user_model = get_user_model()
        user_a = user_model.objects.create_user("rls-a@example.com")
        user_b = user_model.objects.create_user("rls-b@example.com")
        organization_a = Organization.objects.create(name="RLS Firm A")
        organization_b = Organization.objects.create(name="RLS Firm B")
        OrganizationMember.objects.create(
            user=user_a,
            organization=organization_a,
            role=OrganizationMember.Role.OWNER,
        )
        OrganizationMember.objects.create(
            user=user_b,
            organization=organization_b,
            role=OrganizationMember.Role.OWNER,
        )
        item_a = InventoryItem.objects.create(
            organization=organization_a,
            display_name="Inventory A",
            vendor_name="Vendor A",
        )
        item_b = InventoryItem.objects.create(
            organization=organization_b,
            display_name="Inventory B",
            vendor_name="Vendor B",
        )
        fixture = IsolationFixture(
            user_a.id,
            user_b.id,
            organization_a.id,
            organization_b.id,
            item_a.id,
            item_b.id,
        )
        yield fixture
        with connections["default"].cursor() as cursor:
            cursor.execute(
                "TRUNCATE TABLE reports, audit_events, "
                "audit_merkle_blocks, audit_chain_heads, "
                "assessment_snapshots, billing_admission_receipt, "
                "billing_paid_coverage CASCADE"
            )
        BackgroundJob.objects.all().delete()
        from apps.billing.models import Subscription
    
        Subscription.objects.filter(
            organization_id__in=[fixture.organization_a_id, fixture.organization_b_id]
        ).delete()
        OrganizationRule.objects.all().delete()
        InventoryItem.objects.all().delete()
        OrganizationMember.objects.all().delete()
>       Organization.objects.all().delete()

tests/test_rls.py:106: 
_ _ _ _ _ _ _ _ _ _ _ _ _ _ _ _ _ _ _ _ _ _ _ _ _ _ _ _ _ _ _ _ _ _ _ _ _ _ _ _ 
.venv/lib/python3.14/site-packages/django/db/models/query.py:1200: in delete
    collector.collect(del_query)
.venv/lib/python3.14/site-packages/django/db/models/deletion.py:343: in collect
    if getattr(on_delete, "lazy_sub_objs", False) or sub_objs:
                                                     ^^^^^^^^
.venv/lib/python3.14/site-packages/django/db/models/query.py:400: in __bool__
    self._fetch_all()
.venv/lib/python3.14/site-packages/django/db/models/query.py:1954: in _fetch_all
    self._result_cache = list(self._iterable_class(self))
                         ^^^^^^^^^^^^^^^^^^^^^^^^^^^^^^^^
.venv/lib/python3.14/site-packages/django/db/models/query.py:93: in __iter__
    results = compiler.execute_sql(
.venv/lib/python3.14/site-packages/django/db/models/sql/compiler.py:1623: in execute_sql
    cursor.execute(sql, params)
.venv/lib/python3.14/site-packages/django/db/backends/utils.py:79: in execute
    return self._execute_with_wrappers(
.venv/lib/python3.14/site-packages/django/db/backends/utils.py:92: in _execute_with_wrappers
    return executor(sql, params, many, context)
           ^^^^^^^^^^^^^^^^^^^^^^^^^^^^^^^^^^^^
.venv/lib/python3.14/site-packages/django/db/backends/utils.py:100: in _execute
    with self.db.wrap_database_errors:
         ^^^^^^^^^^^^^^^^^^^^^^^^^^^^
.venv/lib/python3.14/site-packages/django/db/utils.py:91: in __exit__
    raise dj_exc_value.with_traceback(traceback) from exc_value
.venv/lib/python3.14/site-packages/django/db/backends/utils.py:105: in _execute
    return self.cursor.execute(sql, params)
           ^^^^^^^^^^^^^^^^^^^^^^^^^^^^^^^^
_ _ _ _ _ _ _ _ _ _ _ _ _ _ _ _ _ _ _ _ _ _ _ _ _ _ _ _ _ _ _ _ _ _ _ _ _ _ _ _ 

self = <django.db.backends.postgresql.base.Cursor [closed] [BAD] at 0x7d7ad72f1550>
query = 'SELECT "review_artifact_requests"."id" FROM "review_artifact_requests" WHERE "review_artifact_requests"."organization_id" IN (%s, %s)'
params = (UUID('2f464b76-71dc-4d6b-ae9a-fd0f63b89a51'), UUID('d665cbd6-130d-48ac-93d6-53c28d747768'))
prepare = None, binary = None

    def execute(
        self,
        query: Query,
        params: Params | None = None,
        *,
        prepare: bool | None = None,
        binary: bool | None = None,
    ) -> Self:
        """
        Execute a query or command to the database.
        """
        try:
            with self._conn.lock:
                self._conn.wait(
                    self._execute_gen(query, params, prepare=prepare, binary=binary)
                )
        except e._NO_TRACEBACK as ex:
>           raise ex.with_traceback(None)
E           django.db.utils.ProgrammingError: relation "review_artifact_requests" does not exist
E           LINE 1: SELECT "review_artifact_requests"."id" FROM "review_artifact...
E                                                               ^

.venv/lib/python3.14/site-packages/psycopg/cursor.py:117: ProgrammingError
_ ERROR at teardown of test_app_runtime_has_no_background_job_update_authority _

self = <django.db.backends.utils.CursorWrapper object at 0x7d7ad6726c90>
sql = 'SELECT "review_artifact_requests"."id" FROM "review_artifact_requests" WHERE "review_artifact_requests"."job_id" IN (%s)'
params = (UUID('bdac02c6-3a4c-4194-9294-c5015118bb54'),)
ignored_wrapper_args = (False, {'connection': <DatabaseWrapper vendor='postgresql' alias='default'>, 'cursor': <django.db.backends.utils.CursorWrapper object at 0x7d7ad6726c90>})

    def _execute(self, sql, params, *ignored_wrapper_args):
        # Raise a warning during app initialization (stored_app_configs is only
        # ever set during testing).
        if not apps.ready and not apps.stored_app_configs:
            warnings.warn(self.APPS_NOT_READY_WARNING_MSG, category=RuntimeWarning)
        self.db.validate_no_broken_transaction()
        with self.db.wrap_database_errors:
            if params is None:
                # params default might be backend specific.
                return self.cursor.execute(sql)
            else:
>               return self.cursor.execute(sql, params)
                       ^^^^^^^^^^^^^^^^^^^^^^^^^^^^^^^^

.venv/lib/python3.14/site-packages/django/db/backends/utils.py:105: 
_ _ _ _ _ _ _ _ _ _ _ _ _ _ _ _ _ _ _ _ _ _ _ _ _ _ _ _ _ _ _ _ _ _ _ _ _ _ _ _ 

self = <django.db.backends.postgresql.base.Cursor [closed] [BAD] at 0x7d7ad72f1e10>
query = 'SELECT "review_artifact_requests"."id" FROM "review_artifact_requests" WHERE "review_artifact_requests"."job_id" IN (%s)'
params = (UUID('bdac02c6-3a4c-4194-9294-c5015118bb54'),), prepare = None
binary = None

    def execute(
        self,
        query: Query,
        params: Params | None = None,
        *,
        prepare: bool | None = None,
        binary: bool | None = None,
    ) -> Self:
        """
        Execute a query or command to the database.
        """
        try:
            with self._conn.lock:
                self._conn.wait(
                    self._execute_gen(query, params, prepare=prepare, binary=binary)
                )
        except e._NO_TRACEBACK as ex:
>           raise ex.with_traceback(None)
E           psycopg.errors.UndefinedTable: relation "review_artifact_requests" does not exist
E           LINE 1: SELECT "review_artifact_requests"."id" FROM "review_artifact...
E                                                               ^

.venv/lib/python3.14/site-packages/psycopg/cursor.py:117: UndefinedTable

The above exception was the direct cause of the following exception:

    @pytest.fixture
    def isolation_fixture():
        user_model = get_user_model()
        user_a = user_model.objects.create_user("rls-a@example.com")
        user_b = user_model.objects.create_user("rls-b@example.com")
        organization_a = Organization.objects.create(name="RLS Firm A")
        organization_b = Organization.objects.create(name="RLS Firm B")
        OrganizationMember.objects.create(
            user=user_a,
            organization=organization_a,
            role=OrganizationMember.Role.OWNER,
        )
        OrganizationMember.objects.create(
            user=user_b,
            organization=organization_b,
            role=OrganizationMember.Role.OWNER,
        )
        item_a = InventoryItem.objects.create(
            organization=organization_a,
            display_name="Inventory A",
            vendor_name="Vendor A",
        )
        item_b = InventoryItem.objects.create(
            organization=organization_b,
            display_name="Inventory B",
            vendor_name="Vendor B",
        )
        fixture = IsolationFixture(
            user_a.id,
            user_b.id,
            organization_a.id,
            organization_b.id,
            item_a.id,
            item_b.id,
        )
        yield fixture
        with connections["default"].cursor() as cursor:
            cursor.execute(
                "TRUNCATE TABLE reports, audit_events, "
                "audit_merkle_blocks, audit_chain_heads, "
                "assessment_snapshots, billing_admission_receipt, "
                "billing_paid_coverage CASCADE"
            )
>       BackgroundJob.objects.all().delete()

tests/test_rls.py:97: 
_ _ _ _ _ _ _ _ _ _ _ _ _ _ _ _ _ _ _ _ _ _ _ _ _ _ _ _ _ _ _ _ _ _ _ _ _ _ _ _ 
.venv/lib/python3.14/site-packages/django/db/models/query.py:1200: in delete
    collector.collect(del_query)
.venv/lib/python3.14/site-packages/django/db/models/deletion.py:343: in collect
    if getattr(on_delete, "lazy_sub_objs", False) or sub_objs:
                                                     ^^^^^^^^
.venv/lib/python3.14/site-packages/django/db/models/query.py:400: in __bool__
    self._fetch_all()
.venv/lib/python3.14/site-packages/django/db/models/query.py:1954: in _fetch_all
    self._result_cache = list(self._iterable_class(self))
                         ^^^^^^^^^^^^^^^^^^^^^^^^^^^^^^^^
.venv/lib/python3.14/site-packages/django/db/models/query.py:93: in __iter__
    results = compiler.execute_sql(
.venv/lib/python3.14/site-packages/django/db/models/sql/compiler.py:1623: in execute_sql
    cursor.execute(sql, params)
.venv/lib/python3.14/site-packages/django/db/backends/utils.py:79: in execute
    return self._execute_with_wrappers(
.venv/lib/python3.14/site-packages/django/db/backends/utils.py:92: in _execute_with_wrappers
    return executor(sql, params, many, context)
           ^^^^^^^^^^^^^^^^^^^^^^^^^^^^^^^^^^^^
.venv/lib/python3.14/site-packages/django/db/backends/utils.py:100: in _execute
    with self.db.wrap_database_errors:
         ^^^^^^^^^^^^^^^^^^^^^^^^^^^^
.venv/lib/python3.14/site-packages/django/db/utils.py:91: in __exit__
    raise dj_exc_value.with_traceback(traceback) from exc_value
.venv/lib/python3.14/site-packages/django/db/backends/utils.py:105: in _execute
    return self.cursor.execute(sql, params)
           ^^^^^^^^^^^^^^^^^^^^^^^^^^^^^^^^
_ _ _ _ _ _ _ _ _ _ _ _ _ _ _ _ _ _ _ _ _ _ _ _ _ _ _ _ _ _ _ _ _ _ _ _ _ _ _ _ 

self = <django.db.backends.postgresql.base.Cursor [closed] [BAD] at 0x7d7ad72f1e10>
query = 'SELECT "review_artifact_requests"."id" FROM "review_artifact_requests" WHERE "review_artifact_requests"."job_id" IN (%s)'
params = (UUID('bdac02c6-3a4c-4194-9294-c5015118bb54'),), prepare = None
binary = None

    def execute(
        self,
        query: Query,
        params: Params | None = None,
        *,
        prepare: bool | None = None,
        binary: bool | None = None,
    ) -> Self:
        """
        Execute a query or command to the database.
        """
        try:
            with self._conn.lock:
                self._conn.wait(
                    self._execute_gen(query, params, prepare=prepare, binary=binary)
                )
        except e._NO_TRACEBACK as ex:
>           raise ex.with_traceback(None)
E           django.db.utils.ProgrammingError: relation "review_artifact_requests" does not exist
E           LINE 1: SELECT "review_artifact_requests"."id" FROM "review_artifact...
E                                                               ^

.venv/lib/python3.14/site-packages/psycopg/cursor.py:117: ProgrammingError
_ ERROR at teardown of test_worker_runtime_can_claim_across_tenants_without_tenant_context _

self = <django.db.backends.utils.CursorWrapper object at 0x7d7ad6a799d0>
sql = 'SELECT "review_artifact_requests"."id" FROM "review_artifact_requests" WHERE "review_artifact_requests"."job_id" IN (%s, %s)'
params = (UUID('e7a7e941-d939-4093-b913-da2b3aa0cce8'), UUID('78c2a3e1-5905-4de0-8c52-a489cdb56a63'))
ignored_wrapper_args = (False, {'connection': <DatabaseWrapper vendor='postgresql' alias='default'>, 'cursor': <django.db.backends.utils.CursorWrapper object at 0x7d7ad6a799d0>})

    def _execute(self, sql, params, *ignored_wrapper_args):
        # Raise a warning during app initialization (stored_app_configs is only
        # ever set during testing).
        if not apps.ready and not apps.stored_app_configs:
            warnings.warn(self.APPS_NOT_READY_WARNING_MSG, category=RuntimeWarning)
        self.db.validate_no_broken_transaction()
        with self.db.wrap_database_errors:
            if params is None:
                # params default might be backend specific.
                return self.cursor.execute(sql)
            else:
>               return self.cursor.execute(sql, params)
                       ^^^^^^^^^^^^^^^^^^^^^^^^^^^^^^^^

.venv/lib/python3.14/site-packages/django/db/backends/utils.py:105: 
_ _ _ _ _ _ _ _ _ _ _ _ _ _ _ _ _ _ _ _ _ _ _ _ _ _ _ _ _ _ _ _ _ _ _ _ _ _ _ _ 

self = <django.db.backends.postgresql.base.Cursor [closed] [BAD] at 0x7d7ad78c20b0>
query = 'SELECT "review_artifact_requests"."id" FROM "review_artifact_requests" WHERE "review_artifact_requests"."job_id" IN (%s, %s)'
params = (UUID('e7a7e941-d939-4093-b913-da2b3aa0cce8'), UUID('78c2a3e1-5905-4de0-8c52-a489cdb56a63'))
prepare = None, binary = None

    def execute(
        self,
        query: Query,
        params: Params | None = None,
        *,
        prepare: bool | None = None,
        binary: bool | None = None,
    ) -> Self:
        """
        Execute a query or command to the database.
        """
        try:
            with self._conn.lock:
                self._conn.wait(
                    self._execute_gen(query, params, prepare=prepare, binary=binary)
                )
        except e._NO_TRACEBACK as ex:
>           raise ex.with_traceback(None)
E           psycopg.errors.UndefinedTable: relation "review_artifact_requests" does not exist
E           LINE 1: SELECT "review_artifact_requests"."id" FROM "review_artifact...
E                                                               ^

.venv/lib/python3.14/site-packages/psycopg/cursor.py:117: UndefinedTable

The above exception was the direct cause of the following exception:

    @pytest.fixture
    def isolation_fixture():
        user_model = get_user_model()
        user_a = user_model.objects.create_user("rls-a@example.com")
        user_b = user_model.objects.create_user("rls-b@example.com")
        organization_a = Organization.objects.create(name="RLS Firm A")
        organization_b = Organization.objects.create(name="RLS Firm B")
        OrganizationMember.objects.create(
            user=user_a,
            organization=organization_a,
            role=OrganizationMember.Role.OWNER,
        )
        OrganizationMember.objects.create(
            user=user_b,
            organization=organization_b,
            role=OrganizationMember.Role.OWNER,
        )
        item_a = InventoryItem.objects.create(
            organization=organization_a,
            display_name="Inventory A",
            vendor_name="Vendor A",
        )
        item_b = InventoryItem.objects.create(
            organization=organization_b,
            display_name="Inventory B",
            vendor_name="Vendor B",
        )
        fixture = IsolationFixture(
            user_a.id,
            user_b.id,
            organization_a.id,
            organization_b.id,
            item_a.id,
            item_b.id,
        )
        yield fixture
        with connections["default"].cursor() as cursor:
            cursor.execute(
                "TRUNCATE TABLE reports, audit_events, "
                "audit_merkle_blocks, audit_chain_heads, "
                "assessment_snapshots, billing_admission_receipt, "
                "billing_paid_coverage CASCADE"
            )
>       BackgroundJob.objects.all().delete()

tests/test_rls.py:97: 
_ _ _ _ _ _ _ _ _ _ _ _ _ _ _ _ _ _ _ _ _ _ _ _ _ _ _ _ _ _ _ _ _ _ _ _ _ _ _ _ 
.venv/lib/python3.14/site-packages/django/db/models/query.py:1200: in delete
    collector.collect(del_query)
.venv/lib/python3.14/site-packages/django/db/models/deletion.py:343: in collect
    if getattr(on_delete, "lazy_sub_objs", False) or sub_objs:
                                                     ^^^^^^^^
.venv/lib/python3.14/site-packages/django/db/models/query.py:400: in __bool__
    self._fetch_all()
.venv/lib/python3.14/site-packages/django/db/models/query.py:1954: in _fetch_all
    self._result_cache = list(self._iterable_class(self))
                         ^^^^^^^^^^^^^^^^^^^^^^^^^^^^^^^^
.venv/lib/python3.14/site-packages/django/db/models/query.py:93: in __iter__
    results = compiler.execute_sql(
.venv/lib/python3.14/site-packages/django/db/models/sql/compiler.py:1623: in execute_sql
    cursor.execute(sql, params)
.venv/lib/python3.14/site-packages/django/db/backends/utils.py:79: in execute
    return self._execute_with_wrappers(
.venv/lib/python3.14/site-packages/django/db/backends/utils.py:92: in _execute_with_wrappers
    return executor(sql, params, many, context)
           ^^^^^^^^^^^^^^^^^^^^^^^^^^^^^^^^^^^^
.venv/lib/python3.14/site-packages/django/db/backends/utils.py:100: in _execute
    with self.db.wrap_database_errors:
         ^^^^^^^^^^^^^^^^^^^^^^^^^^^^
.venv/lib/python3.14/site-packages/django/db/utils.py:91: in __exit__
    raise dj_exc_value.with_traceback(traceback) from exc_value
.venv/lib/python3.14/site-packages/django/db/backends/utils.py:105: in _execute
    return self.cursor.execute(sql, params)
           ^^^^^^^^^^^^^^^^^^^^^^^^^^^^^^^^
_ _ _ _ _ _ _ _ _ _ _ _ _ _ _ _ _ _ _ _ _ _ _ _ _ _ _ _ _ _ _ _ _ _ _ _ _ _ _ _ 

self = <django.db.backends.postgresql.base.Cursor [closed] [BAD] at 0x7d7ad78c20b0>
query = 'SELECT "review_artifact_requests"."id" FROM "review_artifact_requests" WHERE "review_artifact_requests"."job_id" IN (%s, %s)'
params = (UUID('e7a7e941-d939-4093-b913-da2b3aa0cce8'), UUID('78c2a3e1-5905-4de0-8c52-a489cdb56a63'))
prepare = None, binary = None

    def execute(
        self,
        query: Query,
        params: Params | None = None,
        *,
        prepare: bool | None = None,
        binary: bool | None = None,
    ) -> Self:
        """
        Execute a query or command to the database.
        """
        try:
            with self._conn.lock:
                self._conn.wait(
                    self._execute_gen(query, params, prepare=prepare, binary=binary)
                )
        except e._NO_TRACEBACK as ex:
>           raise ex.with_traceback(None)
E           django.db.utils.ProgrammingError: relation "review_artifact_requests" does not exist
E           LINE 1: SELECT "review_artifact_requests"."id" FROM "review_artifact...
E                                                               ^

.venv/lib/python3.14/site-packages/psycopg/cursor.py:117: ProgrammingError
_ ERROR at teardown of test_worker_queue_scope_does_not_unlock_business_table_scope _

self = <django.db.backends.utils.CursorWrapper object at 0x7d7ad6a78c50>
sql = 'SELECT "review_artifact_requests"."id" FROM "review_artifact_requests" WHERE "review_artifact_requests"."job_id" IN (%s, %s)'
params = (UUID('0668f7dd-ab88-46f4-92e8-0ab1c887d7e1'), UUID('2d258cd5-04fc-460f-94fc-59b8551cd606'))
ignored_wrapper_args = (False, {'connection': <DatabaseWrapper vendor='postgresql' alias='default'>, 'cursor': <django.db.backends.utils.CursorWrapper object at 0x7d7ad6a78c50>})

    def _execute(self, sql, params, *ignored_wrapper_args):
        # Raise a warning during app initialization (stored_app_configs is only
        # ever set during testing).
        if not apps.ready and not apps.stored_app_configs:
            warnings.warn(self.APPS_NOT_READY_WARNING_MSG, category=RuntimeWarning)
        self.db.validate_no_broken_transaction()
        with self.db.wrap_database_errors:
            if params is None:
                # params default might be backend specific.
                return self.cursor.execute(sql)
            else:
>               return self.cursor.execute(sql, params)
                       ^^^^^^^^^^^^^^^^^^^^^^^^^^^^^^^^

.venv/lib/python3.14/site-packages/django/db/backends/utils.py:105: 
_ _ _ _ _ _ _ _ _ _ _ _ _ _ _ _ _ _ _ _ _ _ _ _ _ _ _ _ _ _ _ _ _ _ _ _ _ _ _ _ 

self = <django.db.backends.postgresql.base.Cursor [closed] [BAD] at 0x7d7ad78c2b30>
query = 'SELECT "review_artifact_requests"."id" FROM "review_artifact_requests" WHERE "review_artifact_requests"."job_id" IN (%s, %s)'
params = (UUID('0668f7dd-ab88-46f4-92e8-0ab1c887d7e1'), UUID('2d258cd5-04fc-460f-94fc-59b8551cd606'))
prepare = None, binary = None

    def execute(
        self,
        query: Query,
        params: Params | None = None,
        *,
        prepare: bool | None = None,
        binary: bool | None = None,
    ) -> Self:
        """
        Execute a query or command to the database.
        """
        try:
            with self._conn.lock:
                self._conn.wait(
                    self._execute_gen(query, params, prepare=prepare, binary=binary)
                )
        except e._NO_TRACEBACK as ex:
>           raise ex.with_traceback(None)
E           psycopg.errors.UndefinedTable: relation "review_artifact_requests" does not exist
E           LINE 1: SELECT "review_artifact_requests"."id" FROM "review_artifact...
E                                                               ^

.venv/lib/python3.14/site-packages/psycopg/cursor.py:117: UndefinedTable

The above exception was the direct cause of the following exception:

    @pytest.fixture
    def isolation_fixture():
        user_model = get_user_model()
        user_a = user_model.objects.create_user("rls-a@example.com")
        user_b = user_model.objects.create_user("rls-b@example.com")
        organization_a = Organization.objects.create(name="RLS Firm A")
        organization_b = Organization.objects.create(name="RLS Firm B")
        OrganizationMember.objects.create(
            user=user_a,
            organization=organization_a,
            role=OrganizationMember.Role.OWNER,
        )
        OrganizationMember.objects.create(
            user=user_b,
            organization=organization_b,
            role=OrganizationMember.Role.OWNER,
        )
        item_a = InventoryItem.objects.create(
            organization=organization_a,
            display_name="Inventory A",
            vendor_name="Vendor A",
        )
        item_b = InventoryItem.objects.create(
            organization=organization_b,
            display_name="Inventory B",
            vendor_name="Vendor B",
        )
        fixture = IsolationFixture(
            user_a.id,
            user_b.id,
            organization_a.id,
            organization_b.id,
            item_a.id,
            item_b.id,
        )
        yield fixture
        with connections["default"].cursor() as cursor:
            cursor.execute(
                "TRUNCATE TABLE reports, audit_events, "
                "audit_merkle_blocks, audit_chain_heads, "
                "assessment_snapshots, billing_admission_receipt, "
                "billing_paid_coverage CASCADE"
            )
>       BackgroundJob.objects.all().delete()

tests/test_rls.py:97: 
_ _ _ _ _ _ _ _ _ _ _ _ _ _ _ _ _ _ _ _ _ _ _ _ _ _ _ _ _ _ _ _ _ _ _ _ _ _ _ _ 
.venv/lib/python3.14/site-packages/django/db/models/query.py:1200: in delete
    collector.collect(del_query)
.venv/lib/python3.14/site-packages/django/db/models/deletion.py:343: in collect
    if getattr(on_delete, "lazy_sub_objs", False) or sub_objs:
                                                     ^^^^^^^^
.venv/lib/python3.14/site-packages/django/db/models/query.py:400: in __bool__
    self._fetch_all()
.venv/lib/python3.14/site-packages/django/db/models/query.py:1954: in _fetch_all
    self._result_cache = list(self._iterable_class(self))
                         ^^^^^^^^^^^^^^^^^^^^^^^^^^^^^^^^
.venv/lib/python3.14/site-packages/django/db/models/query.py:93: in __iter__
    results = compiler.execute_sql(
.venv/lib/python3.14/site-packages/django/db/models/sql/compiler.py:1623: in execute_sql
    cursor.execute(sql, params)
.venv/lib/python3.14/site-packages/django/db/backends/utils.py:79: in execute
    return self._execute_with_wrappers(
.venv/lib/python3.14/site-packages/django/db/backends/utils.py:92: in _execute_with_wrappers
    return executor(sql, params, many, context)
           ^^^^^^^^^^^^^^^^^^^^^^^^^^^^^^^^^^^^
.venv/lib/python3.14/site-packages/django/db/backends/utils.py:100: in _execute
    with self.db.wrap_database_errors:
         ^^^^^^^^^^^^^^^^^^^^^^^^^^^^
.venv/lib/python3.14/site-packages/django/db/utils.py:91: in __exit__
    raise dj_exc_value.with_traceback(traceback) from exc_value
.venv/lib/python3.14/site-packages/django/db/backends/utils.py:105: in _execute
    return self.cursor.execute(sql, params)
           ^^^^^^^^^^^^^^^^^^^^^^^^^^^^^^^^
_ _ _ _ _ _ _ _ _ _ _ _ _ _ _ _ _ _ _ _ _ _ _ _ _ _ _ _ _ _ _ _ _ _ _ _ _ _ _ _ 

self = <django.db.backends.postgresql.base.Cursor [closed] [BAD] at 0x7d7ad78c2b30>
query = 'SELECT "review_artifact_requests"."id" FROM "review_artifact_requests" WHERE "review_artifact_requests"."job_id" IN (%s, %s)'
params = (UUID('0668f7dd-ab88-46f4-92e8-0ab1c887d7e1'), UUID('2d258cd5-04fc-460f-94fc-59b8551cd606'))
prepare = None, binary = None

    def execute(
        self,
        query: Query,
        params: Params | None = None,
        *,
        prepare: bool | None = None,
        binary: bool | None = None,
    ) -> Self:
        """
        Execute a query or command to the database.
        """
        try:
            with self._conn.lock:
                self._conn.wait(
                    self._execute_gen(query, params, prepare=prepare, binary=binary)
                )
        except e._NO_TRACEBACK as ex:
>           raise ex.with_traceback(None)
E           django.db.utils.ProgrammingError: relation "review_artifact_requests" does not exist
E           LINE 1: SELECT "review_artifact_requests"."id" FROM "review_artifact...
E                                                               ^

.venv/lib/python3.14/site-packages/psycopg/cursor.py:117: ProgrammingError
_ ERROR at teardown of test_report_artifacts_are_tenant_isolated_and_runtime_immutable _

self = <django.db.backends.utils.CursorWrapper object at 0x7d7ad6726bd0>
sql = 'SELECT "review_artifact_requests"."id" FROM "review_artifact_requests" WHERE "review_artifact_requests"."organization_id" IN (%s, %s)'
params = (UUID('d317c6c3-d946-407b-8279-a1ce987796c4'), UUID('e3cd99a6-d5b0-4685-89f5-37358f49ac17'))
ignored_wrapper_args = (False, {'connection': <DatabaseWrapper vendor='postgresql' alias='default'>, 'cursor': <django.db.backends.utils.CursorWrapper object at 0x7d7ad6726bd0>})

    def _execute(self, sql, params, *ignored_wrapper_args):
        # Raise a warning during app initialization (stored_app_configs is only
        # ever set during testing).
        if not apps.ready and not apps.stored_app_configs:
            warnings.warn(self.APPS_NOT_READY_WARNING_MSG, category=RuntimeWarning)
        self.db.validate_no_broken_transaction()
        with self.db.wrap_database_errors:
            if params is None:
                # params default might be backend specific.
                return self.cursor.execute(sql)
            else:
>               return self.cursor.execute(sql, params)
                       ^^^^^^^^^^^^^^^^^^^^^^^^^^^^^^^^

.venv/lib/python3.14/site-packages/django/db/backends/utils.py:105: 
_ _ _ _ _ _ _ _ _ _ _ _ _ _ _ _ _ _ _ _ _ _ _ _ _ _ _ _ _ _ _ _ _ _ _ _ _ _ _ _ 

self = <django.db.backends.postgresql.base.Cursor [closed] [BAD] at 0x7d7ad78c35b0>
query = 'SELECT "review_artifact_requests"."id" FROM "review_artifact_requests" WHERE "review_artifact_requests"."organization_id" IN (%s, %s)'
params = (UUID('d317c6c3-d946-407b-8279-a1ce987796c4'), UUID('e3cd99a6-d5b0-4685-89f5-37358f49ac17'))
prepare = None, binary = None

    def execute(
        self,
        query: Query,
        params: Params | None = None,
        *,
        prepare: bool | None = None,
        binary: bool | None = None,
    ) -> Self:
        """
        Execute a query or command to the database.
        """
        try:
            with self._conn.lock:
                self._conn.wait(
                    self._execute_gen(query, params, prepare=prepare, binary=binary)
                )
        except e._NO_TRACEBACK as ex:
>           raise ex.with_traceback(None)
E           psycopg.errors.UndefinedTable: relation "review_artifact_requests" does not exist
E           LINE 1: SELECT "review_artifact_requests"."id" FROM "review_artifact...
E                                                               ^

.venv/lib/python3.14/site-packages/psycopg/cursor.py:117: UndefinedTable

The above exception was the direct cause of the following exception:

    @pytest.fixture
    def isolation_fixture():
        user_model = get_user_model()
        user_a = user_model.objects.create_user("rls-a@example.com")
        user_b = user_model.objects.create_user("rls-b@example.com")
        organization_a = Organization.objects.create(name="RLS Firm A")
        organization_b = Organization.objects.create(name="RLS Firm B")
        OrganizationMember.objects.create(
            user=user_a,
            organization=organization_a,
            role=OrganizationMember.Role.OWNER,
        )
        OrganizationMember.objects.create(
            user=user_b,
            organization=organization_b,
            role=OrganizationMember.Role.OWNER,
        )
        item_a = InventoryItem.objects.create(
            organization=organization_a,
            display_name="Inventory A",
            vendor_name="Vendor A",
        )
        item_b = InventoryItem.objects.create(
            organization=organization_b,
            display_name="Inventory B",
            vendor_name="Vendor B",
        )
        fixture = IsolationFixture(
            user_a.id,
            user_b.id,
            organization_a.id,
            organization_b.id,
            item_a.id,
            item_b.id,
        )
        yield fixture
        with connections["default"].cursor() as cursor:
            cursor.execute(
                "TRUNCATE TABLE reports, audit_events, "
                "audit_merkle_blocks, audit_chain_heads, "
                "assessment_snapshots, billing_admission_receipt, "
                "billing_paid_coverage CASCADE"
            )
        BackgroundJob.objects.all().delete()
        from apps.billing.models import Subscription
    
        Subscription.objects.filter(
            organization_id__in=[fixture.organization_a_id, fixture.organization_b_id]
        ).delete()
        OrganizationRule.objects.all().delete()
        InventoryItem.objects.all().delete()
        OrganizationMember.objects.all().delete()
>       Organization.objects.all().delete()

tests/test_rls.py:106: 
_ _ _ _ _ _ _ _ _ _ _ _ _ _ _ _ _ _ _ _ _ _ _ _ _ _ _ _ _ _ _ _ _ _ _ _ _ _ _ _ 
.venv/lib/python3.14/site-packages/django/db/models/query.py:1200: in delete
    collector.collect(del_query)
.venv/lib/python3.14/site-packages/django/db/models/deletion.py:343: in collect
    if getattr(on_delete, "lazy_sub_objs", False) or sub_objs:
                                                     ^^^^^^^^
.venv/lib/python3.14/site-packages/django/db/models/query.py:400: in __bool__
    self._fetch_all()
.venv/lib/python3.14/site-packages/django/db/models/query.py:1954: in _fetch_all
    self._result_cache = list(self._iterable_class(self))
                         ^^^^^^^^^^^^^^^^^^^^^^^^^^^^^^^^
.venv/lib/python3.14/site-packages/django/db/models/query.py:93: in __iter__
    results = compiler.execute_sql(
.venv/lib/python3.14/site-packages/django/db/models/sql/compiler.py:1623: in execute_sql
    cursor.execute(sql, params)
.venv/lib/python3.14/site-packages/django/db/backends/utils.py:79: in execute
    return self._execute_with_wrappers(
.venv/lib/python3.14/site-packages/django/db/backends/utils.py:92: in _execute_with_wrappers
    return executor(sql, params, many, context)
           ^^^^^^^^^^^^^^^^^^^^^^^^^^^^^^^^^^^^
.venv/lib/python3.14/site-packages/django/db/backends/utils.py:100: in _execute
    with self.db.wrap_database_errors:
         ^^^^^^^^^^^^^^^^^^^^^^^^^^^^
.venv/lib/python3.14/site-packages/django/db/utils.py:91: in __exit__
    raise dj_exc_value.with_traceback(traceback) from exc_value
.venv/lib/python3.14/site-packages/django/db/backends/utils.py:105: in _execute
    return self.cursor.execute(sql, params)
           ^^^^^^^^^^^^^^^^^^^^^^^^^^^^^^^^
_ _ _ _ _ _ _ _ _ _ _ _ _ _ _ _ _ _ _ _ _ _ _ _ _ _ _ _ _ _ _ _ _ _ _ _ _ _ _ _ 

self = <django.db.backends.postgresql.base.Cursor [closed] [BAD] at 0x7d7ad78c35b0>
query = 'SELECT "review_artifact_requests"."id" FROM "review_artifact_requests" WHERE "review_artifact_requests"."organization_id" IN (%s, %s)'
params = (UUID('d317c6c3-d946-407b-8279-a1ce987796c4'), UUID('e3cd99a6-d5b0-4685-89f5-37358f49ac17'))
prepare = None, binary = None

    def execute(
        self,
        query: Query,
        params: Params | None = None,
        *,
        prepare: bool | None = None,
        binary: bool | None = None,
    ) -> Self:
        """
        Execute a query or command to the database.
        """
        try:
            with self._conn.lock:
                self._conn.wait(
                    self._execute_gen(query, params, prepare=prepare, binary=binary)
                )
        except e._NO_TRACEBACK as ex:
>           raise ex.with_traceback(None)
E           django.db.utils.ProgrammingError: relation "review_artifact_requests" does not exist
E           LINE 1: SELECT "review_artifact_requests"."id" FROM "review_artifact...
E                                                               ^

.venv/lib/python3.14/site-packages/psycopg/cursor.py:117: ProgrammingError
=================================== FAILURES ===================================
_______ test_report_artifacts_are_tenant_isolated_and_runtime_immutable ________

isolation_fixture = IsolationFixture(user_a_id=UUID('1d9f5c8e-8b51-4b3e-bac6-8ed0d385ae7a'), user_b_id=UUID('faa91d68-05ec-4e39-b5f2-2591f...ac17'), item_a_id=UUID('866b0f5a-d5a4-4654-a634-a04e52fef4f8'), item_b_id=UUID('4b475c09-0216-4754-9a82-ec8db43e95e1'))

    def test_report_artifacts_are_tenant_isolated_and_runtime_immutable(
        isolation_fixture,
    ):
        fixture = isolation_fixture
    
        def make_snapshot(organization_id, user_id, label):
            payload = {"tenant": label}
            return AssessmentSnapshot.objects.create(
                organization_id=organization_id,
                created_by_id=user_id,
                captured_at=datetime(2026, 9, 4, tzinfo=UTC),
                input_payload=payload,
                result_payload=payload,
                input_sha256=canonical_sha256(payload),
                result_sha256=canonical_sha256(payload),
            )
    
        def make_report(
            organization_id,
            user_id,
            snapshot,
            sequence,
            identifier,
            organization_name,
        ):
            return Report.objects.create(
                organization_id=organization_id,
                assessment_snapshot=snapshot,
                sequence=sequence,
                identifier_year=2026,
                report_identifier=identifier,
                organization_display_name=organization_name,
                created_by_id=user_id,
            )
    
        snapshot_a = make_snapshot(
            fixture.organization_a_id,
            fixture.user_a_id,
            "artifact-a",
        )
        snapshot_b = make_snapshot(
            fixture.organization_b_id,
            fixture.user_b_id,
            "artifact-b",
        )
        snapshot_app_insert = make_snapshot(
            fixture.organization_a_id,
            fixture.user_a_id,
            "artifact-app-insert",
        )
        snapshot_worker_insert = make_snapshot(
            fixture.organization_a_id,
            fixture.user_a_id,
            "artifact-worker-insert",
        )
        snapshot_cross_tenant = make_snapshot(
            fixture.organization_b_id,
            fixture.user_b_id,
            "artifact-cross-tenant",
        )
    
        report_a = make_report(
            fixture.organization_a_id,
            fixture.user_a_id,
            snapshot_a,
            910001,
            "AL-2026-910001",
            "RLS Firm A",
        )
        report_b = make_report(
            fixture.organization_b_id,
            fixture.user_b_id,
            snapshot_b,
            910002,
            "AL-2026-910002",
            "RLS Firm B",
        )
        report_app_insert = make_report(
            fixture.organization_a_id,
            fixture.user_a_id,
            snapshot_app_insert,
            910003,
            "AL-2026-910003",
            "RLS Firm A",
        )
        report_worker_insert = make_report(
            fixture.organization_a_id,
            fixture.user_a_id,
            snapshot_worker_insert,
            910004,
            "AL-2026-910004",
            "RLS Firm A",
        )
        report_cross_tenant = make_report(
            fixture.organization_b_id,
            fixture.user_b_id,
            snapshot_cross_tenant,
            910005,
            "AL-2026-910005",
            "RLS Firm B",
        )
    
        artifact_a = ReportArtifact.objects.create(
            organization_id=fixture.organization_a_id,
            report=report_a,
            assessment_snapshot=snapshot_a,
            object_key=build_pdf_object_key(
                organization_id=fixture.organization_a_id,
                assessment_snapshot_id=snapshot_a.id,
                report_id=report_a.id,
            ),
            content_type="application/pdf",
            sha256="a" * 64,
            size_bytes=100,
        )
    
        artifact_b = ReportArtifact.objects.create(
            organization_id=fixture.organization_b_id,
            report=report_b,
            assessment_snapshot=snapshot_b,
            object_key=build_pdf_object_key(
                organization_id=fixture.organization_b_id,
                assessment_snapshot_id=snapshot_b.id,
                report_id=report_b.id,
            ),
            content_type="application/pdf",
            sha256="b" * 64,
            size_bytes=200,
        )
    
        # ------------------------------------------------------------
        # App role: Tenant A can read only Tenant A.
        # Tenant B remains hidden even with its exact UUID/object key.
        # ------------------------------------------------------------
    
        with tenant_transaction(
            fixture.organization_a_id,
            using="app_runtime",
        ):
            visible_ids = set(
                ReportArtifact.objects.using("app_runtime").values_list(
                    "id",
                    flat=True,
                )
            )
    
            assert visible_ids == {artifact_a.id}
    
            assert (
                not ReportArtifact.objects.using("app_runtime")
                .filter(id=artifact_b.id)
                .exists()
            )
    
            assert (
                not ReportArtifact.objects.using("app_runtime")
                .filter(object_key=artifact_b.object_key)
                .exists()
            )
    
        # ------------------------------------------------------------
        # App role: INSERT is denied.
        # ------------------------------------------------------------
    
        with pytest.raises(DatabaseError) as captured:
            with tenant_transaction(
                fixture.organization_a_id,
                using="app_runtime",
            ):
                ReportArtifact.objects.using("app_runtime").create(
                    organization_id=fixture.organization_a_id,
                    report_id=report_app_insert.id,
                    assessment_snapshot_id=snapshot_app_insert.id,
                    object_key=build_pdf_object_key(
                        organization_id=fixture.organization_a_id,
                        assessment_snapshot_id=snapshot_app_insert.id,
                        report_id=report_app_insert.id,
                    ),
                    content_type="application/pdf",
                    sha256="c" * 64,
                    size_bytes=300,
                )
    
        assert_insufficient_privilege(captured)
    
        # ------------------------------------------------------------
        # App role: UPDATE is denied.
        # ------------------------------------------------------------
    
        with pytest.raises(DatabaseError) as captured:
            with tenant_transaction(
                fixture.organization_a_id,
                using="app_runtime",
            ):
                ReportArtifact.objects.using("app_runtime").filter(id=artifact_a.id).update(
                    size_bytes=999
                )
    
        assert_insufficient_privilege(captured)
    
        # ------------------------------------------------------------
        # App role: DELETE is denied.
        # ------------------------------------------------------------
    
        with pytest.raises(DatabaseError) as captured:
            with tenant_transaction(
                fixture.organization_a_id,
                using="app_runtime",
            ):
                ReportArtifact.objects.using("app_runtime").filter(
                    id=artifact_a.id
                ).delete()
    
>       assert_insufficient_privilege(captured)

tests/test_rls.py:1094: 
_ _ _ _ _ _ _ _ _ _ _ _ _ _ _ _ _ _ _ _ _ _ _ _ _ _ _ _ _ _ _ _ _ _ _ _ _ _ _ _ 

captured = <ExceptionInfo ProgrammingError('relation "review_pack_completions" does not exist\nLINE 1: ...payload", "review_pack_completions"."sha256" FROM "review_pa...\n                                                             ^') tblen=13>

    def assert_insufficient_privilege(captured) -> None:
        assert isinstance(captured.value, DatabaseError)
>       assert isinstance(captured.value.__cause__, psycopg.errors.InsufficientPrivilege)
E       assert False
E        +  where False = isinstance(UndefinedTable('relation "review_pack_completions" does not exist\nLINE 1: ...payload", "review_pack_completions"."sha256" FROM "review_pa...\n                                                             ^'), <class 'psycopg.errors.InsufficientPrivilege'>)
E        +    where UndefinedTable('relation "review_pack_completions" does not exist\nLINE 1: ...payload", "review_pack_completions"."sha256" FROM "review_pa...\n                                                             ^') = ProgrammingError('relation "review_pack_completions" does not exist\nLINE 1: ...payload", "review_pack_completions"."sha256" FROM "review_pa...\n                                                             ^').__cause__
E        +      where ProgrammingError('relation "review_pack_completions" does not exist\nLINE 1: ...payload", "review_pack_completions"."sha256" FROM "review_pa...\n                                                             ^') = <ExceptionInfo ProgrammingError('relation "review_pack_completions" does not exist\nLINE 1: ...payload", "review_pack_completions"."sha256" FROM "review_pa...\n                                                             ^') tblen=13>.value
E        +    and   <class 'psycopg.errors.InsufficientPrivilege'> = <module 'psycopg.errors' from '/app/.venv/lib/python3.14/site-packages/psycopg/errors.py'>.InsufficientPrivilege
E        +      where <module 'psycopg.errors' from '/app/.venv/lib/python3.14/site-packages/psycopg/errors.py'> = psycopg.errors

tests/test_rls.py:112: AssertionError
=============================== warnings summary ===============================
tests/test_billing_founder_cancellation_authority.py: 3 warnings
tests/test_billing_portal_cancellation.py: 2 warnings
tests/test_billing_tenant_authority.py: 10 warnings
tests/test_public_signup.py: 11 warnings
  /app/.venv/lib/python3.14/site-packages/django/core/handlers/base.py:61: UserWarning: No directory at: /app/staticfiles/
    mw_instance = middleware(adapted_handler)

-- Docs: https://docs.pytest.org/en/stable/how-to/capture-warnings.html
=========================== short test summary info ============================
FAILED tests/test_rls.py::test_report_artifacts_are_tenant_isolated_and_runtime_immutable
ERROR tests/test_rls.py::test_assessment_snapshots_are_tenant_isolated_and_append_only
ERROR tests/test_rls.py::test_reports_are_tenant_isolated_and_runtime_immutable
ERROR tests/test_rls.py::test_report_service_uses_restricted_app_role - djang...
ERROR tests/test_rls.py::test_app_role_cannot_link_report_to_another_tenants_snapshot
ERROR tests/test_rls.py::test_organization_rules_are_tenant_isolated_for_app_and_worker
ERROR tests/test_rls.py::test_identity_bootstrap_exposes_only_the_users_own_membership
ERROR tests/test_rls.py::test_public_onboarding_works_under_restricted_app_role
ERROR tests/test_rls.py::test_public_registration_cannot_create_privileged_account
ERROR tests/test_rls.py::test_onboarding_does_not_grant_direct_membership_insert
ERROR tests/test_rls.py::test_worker_cannot_provision_workspace - django.db.u...
ERROR tests/test_rls.py::test_app_role_unfiltered_orm_and_raw_sql_are_tenant_isolated
ERROR tests/test_rls.py::test_direct_cross_tenant_primary_key_lookup_is_inaccessible
ERROR tests/test_rls.py::test_cross_tenant_insert_is_rejected - django.db.uti...
ERROR tests/test_rls.py::test_cross_tenant_update_affects_no_rows - django.db...
ERROR tests/test_rls.py::test_missing_tenant_context_fails_closed - django.db...
ERROR tests/test_rls.py::test_context_on_default_connection_does_not_unlock_app_runtime
ERROR tests/test_rls.py::test_worker_role_cannot_read_another_tenants_business_rows
ERROR tests/test_rls.py::test_csv_staging_is_tenant_isolated_under_app_role
ERROR tests/test_rls.py::test_background_jobs_are_tenant_scoped_for_app_runtime
ERROR tests/test_rls.py::test_app_runtime_cannot_insert_background_job_for_another_tenant
ERROR tests/test_rls.py::test_app_runtime_has_no_background_job_update_authority
ERROR tests/test_rls.py::test_worker_runtime_can_claim_across_tenants_without_tenant_context
ERROR tests/test_rls.py::test_worker_queue_scope_does_not_unlock_business_table_scope
ERROR tests/test_rls.py::test_report_artifacts_are_tenant_isolated_and_runtime_immutable
1 failed, 86 passed, 26 warnings, 24 errors in 55.50s
