Operations to perform:
  Apply all migrations: accounts, assessments, audit, auth, billing, catalog, contenttypes, imports, integrations, inventory, jobs, organizations, policies, reports, reviews, sessions
Running migrations:
  Applying contenttypes.0001_initial... OK
  Applying contenttypes.0002_remove_content_type_name... OK
  Applying auth.0001_initial... OK
  Applying auth.0002_alter_permission_name_max_length... OK
  Applying auth.0003_alter_user_email_max_length... OK
  Applying auth.0004_alter_user_username_opts... OK
  Applying auth.0005_alter_user_last_login_null... OK
  Applying auth.0006_require_contenttypes_0002... OK
  Applying auth.0007_alter_validators_add_error_messages... OK
  Applying auth.0008_alter_user_username_max_length... OK
  Applying auth.0009_alter_user_last_name_max_length... OK
  Applying auth.0010_alter_group_name_max_length... OK
  Applying auth.0011_update_proxy_permissions... OK
  Applying auth.0012_alter_user_first_name_max_length... OK
  Applying accounts.0001_initial... OK
  Applying sessions.0001_initial... OK
  Applying organizations.0001_initial... OK
  Applying inventory.0001_initial... OK
  Applying inventory.0002_database_security... OK
  Applying catalog.0001_initial... OK
  Applying inventory.0003_remove_inventoryitem_product_id_and_more... OK
  Applying assessments.0001_initial... OK
  Applying assessments.0002_snapshot_security... OK
  Applying audit.0001_initial... OK
  Applying audit.0002_audit_security... OK
  Applying reports.0001_initial... OK
  Applying reports.0002_report_security... OK
  Applying reports.0003_reportartifact... OK
  Applying reports.0004_reportartifact_security... OK
  Applying organizations.0002_public_onboarding... OK
  Applying organizations.0003_workflow_profile... OK
  Applying jobs.0001_initial... OK
  Applying jobs.0002_job_security... OK
  Applying jobs.0003_recovery_receipts... OK
  Applying jobs.0004_receipt_admission... OK
  Applying jobs.0005_atomic_recovery_admission... OK
  Applying jobs.0006_corecontrol_workflowschedule_actioncardrevision_and_more... OK
  Applying jobs.0007_core_workflow_security... OK
  Applying jobs.0008_worker_transition_authority... OK
  Applying billing.0001_initial... OK
  Applying billing.0002_stripewebhookevent... OK
  Applying billing.0003_founderslot... OK
  Applying billing.0004_founderslot_reservation_token... OK
  Applying billing.0005_billing_security... OK
  Applying jobs.0009_core_issuance_authority... OK
  Applying jobs.0010_job_input_admission... OK
  Applying jobs.0011_action_card_issuance... OK
  Applying jobs.0012_core_authority_successor... OK
  Applying billing.0006_paid_coverage... OK
  Applying billing.0007_ingester_effects... OK
  Applying catalog.0002_catalog_security... OK
  Applying imports.0001_initial... OK
  Applying imports.0002_import_staging_security... OK
  Applying integrations.0001_initial... OK
  Applying integrations.0002_providerconnection_providerattempt_providerevent_and_more... OK
  Applying inventory.0004_discovery_evidence... OK
  Applying inventory.0005_discovery_security... OK
  Applying inventory.0006_detectionevidence_inventory_item_and_more... OK
  Applying inventory.0007_inventoryitem_declared_fields... OK
  Applying jobs.0013_paid_entitlement... OK
  Applying policies.0001_initial... OK
  Applying policies.0002_organization_rule_security... OK
  Applying policies.0003_remove_organizationrule_unique_organization_rule_name_and_more... OK
  Applying reviews.0001_initial... OK
.EEEEEEEEEEEEEEEEEEEEEEEEE                                               [100%]
==================================== ERRORS ====================================
_ ERROR at teardown of test_original_signed_invoice_creates_standard_generation_and_atomic_receipt _

self = <django.db.backends.utils.CursorWrapper object at 0x704a00c525d0>
sql = 'TRUNCATE "core_action_card_revisions", "job_recovery_receipts", "core_workflow_schedules", "integrations_quickbooksat...attempt", "core_workflow_runs", "auth_permission", "integrations_quickbooksevent", "django_session", "catalog_vendor";'
params = None
ignored_wrapper_args = (False, {'connection': <DatabaseWrapper vendor='postgresql' alias='default'>, 'cursor': <django.db.backends.utils.CursorWrapper object at 0x704a00c525d0>})

    def _execute(self, sql, params, *ignored_wrapper_args):
        # Raise a warning during app initialization (stored_app_configs is only
        # ever set during testing).
        if not apps.ready and not apps.stored_app_configs:
            warnings.warn(self.APPS_NOT_READY_WARNING_MSG, category=RuntimeWarning)
        self.db.validate_no_broken_transaction()
        with self.db.wrap_database_errors:
            if params is None:
                # params default might be backend specific.
>               return self.cursor.execute(sql)
                       ^^^^^^^^^^^^^^^^^^^^^^^^

.venv/lib/python3.14/site-packages/django/db/backends/utils.py:103: 
_ _ _ _ _ _ _ _ _ _ _ _ _ _ _ _ _ _ _ _ _ _ _ _ _ _ _ _ _ _ _ _ _ _ _ _ _ _ _ _ 

self = <django.db.backends.postgresql.base.Cursor [closed] [IDLE] (host=qualification-db user=postgres database=test_qualification) at 0x704a014ba7b0>
query = 'TRUNCATE "core_action_card_revisions", "job_recovery_receipts", "core_workflow_schedules", "integrations_quickbooksat...attempt", "core_workflow_runs", "auth_permission", "integrations_quickbooksevent", "django_session", "catalog_vendor";'
params = None, prepare = None, binary = None

    def execute(
        self,
        query: Query,
        params: Params | None = None,
        *,
        prepare: bool | None = None,
        binary: bool | None = None,
    ) -> Self:
        """
        Execute a query or command to the database.
        """
        try:
            with self._conn.lock:
                self._conn.wait(
                    self._execute_gen(query, params, prepare=prepare, binary=binary)
                )
        except e._NO_TRACEBACK as ex:
>           raise ex.with_traceback(None)
E           psycopg.errors.FeatureNotSupported: cannot truncate a table referenced in a foreign key constraint
E           DETAIL:  Table "billing_admission_receipt" references "billing_paid_coverage".
E           HINT:  Truncate table "billing_admission_receipt" at the same time, or use TRUNCATE ... CASCADE.

.venv/lib/python3.14/site-packages/psycopg/cursor.py:117: FeatureNotSupported

The above exception was the direct cause of the following exception:

self = <django.core.management.commands.flush.Command object at 0x704a0113fb60>
options = {'verbosity': 0, 'settings': None, 'pythonpath': None, 'traceback': False, ...}

        def handle(self, **options):
            database = options["database"]
            connection = connections[database]
            verbosity = options["verbosity"]
            interactive = options["interactive"]
            # The following are stealth options used by Django's internals.
            reset_sequences = options.get("reset_sequences", True)
            allow_cascade = options.get("allow_cascade", False)
            inhibit_post_migrate = options.get("inhibit_post_migrate", False)
    
            self.style = no_style()
    
            # Import the 'management' module within each installed app, to register
            # dispatcher events.
            for app_config in apps.get_app_configs():
                try:
                    import_module(".management", app_config.name)
                except ImportError:
                    pass
    
            sql_list = sql_flush(
                self.style,
                connection,
                reset_sequences=reset_sequences,
                allow_cascade=allow_cascade,
            )
    
            if interactive:
                confirm = input("""You have requested a flush of the database.
    This will IRREVERSIBLY DESTROY all data currently in the "%s" database,
    and return each table to an empty state.
    Are you sure you want to do this?
    
        Type 'yes' to continue, or 'no' to cancel: """ % connection.settings_dict["NAME"])
            else:
                confirm = "yes"
    
            if confirm == "yes":
                try:
>                   connection.ops.execute_sql_flush(sql_list)

.venv/lib/python3.14/site-packages/django/core/management/commands/flush.py:71: 
_ _ _ _ _ _ _ _ _ _ _ _ _ _ _ _ _ _ _ _ _ _ _ _ _ _ _ _ _ _ _ _ _ _ _ _ _ _ _ _ 
.venv/lib/python3.14/site-packages/django/db/backends/base/operations.py:473: in execute_sql_flush
    cursor.execute(sql)
.venv/lib/python3.14/site-packages/django/db/backends/utils.py:79: in execute
    return self._execute_with_wrappers(
.venv/lib/python3.14/site-packages/django/db/backends/utils.py:92: in _execute_with_wrappers
    return executor(sql, params, many, context)
           ^^^^^^^^^^^^^^^^^^^^^^^^^^^^^^^^^^^^
.venv/lib/python3.14/site-packages/django/db/backends/utils.py:100: in _execute
    with self.db.wrap_database_errors:
         ^^^^^^^^^^^^^^^^^^^^^^^^^^^^
.venv/lib/python3.14/site-packages/django/db/utils.py:91: in __exit__
    raise dj_exc_value.with_traceback(traceback) from exc_value
.venv/lib/python3.14/site-packages/django/db/backends/utils.py:103: in _execute
    return self.cursor.execute(sql)
           ^^^^^^^^^^^^^^^^^^^^^^^^
_ _ _ _ _ _ _ _ _ _ _ _ _ _ _ _ _ _ _ _ _ _ _ _ _ _ _ _ _ _ _ _ _ _ _ _ _ _ _ _ 

self = <django.db.backends.postgresql.base.Cursor [closed] [IDLE] (host=qualification-db user=postgres database=test_qualification) at 0x704a014ba7b0>
query = 'TRUNCATE "core_action_card_revisions", "job_recovery_receipts", "core_workflow_schedules", "integrations_quickbooksat...attempt", "core_workflow_runs", "auth_permission", "integrations_quickbooksevent", "django_session", "catalog_vendor";'
params = None, prepare = None, binary = None

    def execute(
        self,
        query: Query,
        params: Params | None = None,
        *,
        prepare: bool | None = None,
        binary: bool | None = None,
    ) -> Self:
        """
        Execute a query or command to the database.
        """
        try:
            with self._conn.lock:
                self._conn.wait(
                    self._execute_gen(query, params, prepare=prepare, binary=binary)
                )
        except e._NO_TRACEBACK as ex:
>           raise ex.with_traceback(None)
E           django.db.utils.NotSupportedError: cannot truncate a table referenced in a foreign key constraint
E           DETAIL:  Table "billing_admission_receipt" references "billing_paid_coverage".
E           HINT:  Truncate table "billing_admission_receipt" at the same time, or use TRUNCATE ... CASCADE.

.venv/lib/python3.14/site-packages/psycopg/cursor.py:117: NotSupportedError

The above exception was the direct cause of the following exception:

request = <SubRequest '_django_db_helper' for <Function test_original_signed_invoice_creates_standard_generation_and_atomic_receipt>>
django_db_setup = None
django_db_blocker = <pytest_django.plugin.DjangoDbBlocker object at 0x704a05d7d010>

    @pytest.fixture
    def _django_db_helper(
        request: pytest.FixtureRequest,
        django_db_setup: None,  # noqa: ARG001
        django_db_blocker: DjangoDbBlocker,
    ) -> Generator[None]:
        if is_django_unittest(request):
            yield
            return
    
        from django import VERSION
    
        marker = request.node.get_closest_marker("django_db")
        if marker:
            (
                transactional,
                reset_sequences,
                databases,
                serialized_rollback,
                available_apps,
            ) = validate_django_db(marker)
        else:
            (
                transactional,
                reset_sequences,
                databases,
                serialized_rollback,
                available_apps,
            ) = False, False, None, False, None
    
        transactional = (
            transactional
            or reset_sequences
            or ("transactional_db" in request.fixturenames or "live_server" in request.fixturenames)
        )
        reset_sequences = reset_sequences or ("django_db_reset_sequences" in request.fixturenames)
        serialized_rollback = serialized_rollback or (
            "django_db_serialized_rollback" in request.fixturenames
        )
    
        with django_db_blocker.unblock():
            import django.db
            import django.test
    
            if transactional:
                test_case_class = django.test.TransactionTestCase
            else:
                test_case_class = django.test.TestCase
    
            _reset_sequences = reset_sequences
            _serialized_rollback = serialized_rollback
            _databases = databases
            _available_apps = available_apps
    
            class PytestDjangoTestCase(test_case_class):  # type: ignore[misc,valid-type]
                reset_sequences = _reset_sequences
                serialized_rollback = _serialized_rollback
                if _databases is not None:
                    databases = _databases
                if _available_apps is not None:
                    available_apps = _available_apps
    
                # For non-transactional tests, skip executing `django.test.TestCase`'s
                # `setUpClass`/`tearDownClass`, only execute the super class ones.
                #
                # `TestCase`'s class setup manages the `setUpTestData`/class-level
                # transaction functionality. We don't use it; instead we (will) offer
                # our own alternatives. So it only adds overhead, and does some things
                # which conflict with our (planned) functionality, particularly, it
                # closes all database connections in `tearDownClass` which inhibits
                # wrapping tests in higher-scoped transactions.
                #
                # It's possible a new version of Django will add some unrelated
                # functionality to these methods, in which case skipping them completely
                # would not be desirable. Let's cross that bridge when we get there...
                if not transactional:
    
                    @classmethod
                    def setUpClass(cls) -> None:
                        super(django.test.TestCase, cls).setUpClass()
    
                    @classmethod
                    def tearDownClass(cls) -> None:
                        super(django.test.TestCase, cls).tearDownClass()
    
            PytestDjangoTestCase.setUpClass()
    
            test_case = PytestDjangoTestCase(methodName="__init__")
            if VERSION >= (6, 0):
                pre_setup_ran_eagerly = PytestDjangoTestCase._pre_setup_ran_eagerly
            else:
                pre_setup_ran_eagerly = getattr(PytestDjangoTestCase, "_pre_setup_ran_eagerly", False)
            if not pre_setup_ran_eagerly:
                # For a TransactionTestCase, setUpClass() has already run _pre_setup() and set
                # this flag to say so.
                test_case._pre_setup()
    
            yield
    
>           test_case._post_teardown()

.venv/lib/python3.14/site-packages/pytest_django/fixtures.py:305: 
_ _ _ _ _ _ _ _ _ _ _ _ _ _ _ _ _ _ _ _ _ _ _ _ _ _ _ _ _ _ _ _ _ _ _ _ _ _ _ _ 
.venv/lib/python3.14/site-packages/django/test/testcases.py:1231: in _post_teardown
    self._fixture_teardown()
.venv/lib/python3.14/site-packages/django/test/testcases.py:1266: in _fixture_teardown
    call_command(
.venv/lib/python3.14/site-packages/django/core/management/__init__.py:194: in call_command
    return command.execute(*args, **defaults)
           ^^^^^^^^^^^^^^^^^^^^^^^^^^^^^^^^^^
.venv/lib/python3.14/site-packages/django/core/management/base.py:464: in execute
    output = self.handle(*args, **options)
             ^^^^^^^^^^^^^^^^^^^^^^^^^^^^^
_ _ _ _ _ _ _ _ _ _ _ _ _ _ _ _ _ _ _ _ _ _ _ _ _ _ _ _ _ _ _ _ _ _ _ _ _ _ _ _ 

self = <django.core.management.commands.flush.Command object at 0x704a0113fb60>
options = {'verbosity': 0, 'settings': None, 'pythonpath': None, 'traceback': False, ...}

        def handle(self, **options):
            database = options["database"]
            connection = connections[database]
            verbosity = options["verbosity"]
            interactive = options["interactive"]
            # The following are stealth options used by Django's internals.
            reset_sequences = options.get("reset_sequences", True)
            allow_cascade = options.get("allow_cascade", False)
            inhibit_post_migrate = options.get("inhibit_post_migrate", False)
    
            self.style = no_style()
    
            # Import the 'management' module within each installed app, to register
            # dispatcher events.
            for app_config in apps.get_app_configs():
                try:
                    import_module(".management", app_config.name)
                except ImportError:
                    pass
    
            sql_list = sql_flush(
                self.style,
                connection,
                reset_sequences=reset_sequences,
                allow_cascade=allow_cascade,
            )
    
            if interactive:
                confirm = input("""You have requested a flush of the database.
    This will IRREVERSIBLY DESTROY all data currently in the "%s" database,
    and return each table to an empty state.
    Are you sure you want to do this?
    
        Type 'yes' to continue, or 'no' to cancel: """ % connection.settings_dict["NAME"])
            else:
                confirm = "yes"
    
            if confirm == "yes":
                try:
                    connection.ops.execute_sql_flush(sql_list)
                except Exception as exc:
>                   raise CommandError(
                        "Database %s couldn't be flushed. Possible reasons:\n"
                        "  * The database isn't running or isn't configured correctly.\n"
                        "  * At least one of the expected database tables doesn't exist.\n"
                        "  * The SQL was invalid.\n"
                        "Hint: Look at the output of 'django-admin sqlflush'. "
                        "That's the SQL this command wasn't able to run."
                        % (connection.settings_dict["NAME"],)
                    ) from exc
E                   django.core.management.base.CommandError: Database test_qualification couldn't be flushed. Possible reasons:
E                     * The database isn't running or isn't configured correctly.
E                     * At least one of the expected database tables doesn't exist.
E                     * The SQL was invalid.
E                   Hint: Look at the output of 'django-admin sqlflush'. That's the SQL this command wasn't able to run.

.venv/lib/python3.14/site-packages/django/core/management/commands/flush.py:73: CommandError
_ ERROR at setup of test_bad_service_secret_fails_before_signature_or_provider[] _

self = <django.db.backends.utils.CursorWrapper object at 0x704a002f3f50>
sql = 'INSERT INTO "accounts_user" ("password", "last_login", "is_superuser", "id", "email", "first_name", "last_name", "is_staff", "is_active", "date_joined") VALUES (%s, %s, %s, %s, %s, %s, %s, %s, %s, %s)'
params = ('!hPLloshkdSJVyoOERwCpKLdte1KQjKC7dMkzacuP', None, False, UUID('643e8240-89c4-42c3-875a-24b4859db264'), 'admission-service@example.invalid', '', ...)
ignored_wrapper_args = (False, {'connection': <DatabaseWrapper vendor='postgresql' alias='default'>, 'cursor': <django.db.backends.utils.CursorWrapper object at 0x704a002f3f50>})

    def _execute(self, sql, params, *ignored_wrapper_args):
        # Raise a warning during app initialization (stored_app_configs is only
        # ever set during testing).
        if not apps.ready and not apps.stored_app_configs:
            warnings.warn(self.APPS_NOT_READY_WARNING_MSG, category=RuntimeWarning)
        self.db.validate_no_broken_transaction()
        with self.db.wrap_database_errors:
            if params is None:
                # params default might be backend specific.
                return self.cursor.execute(sql)
            else:
>               return self.cursor.execute(sql, params)
                       ^^^^^^^^^^^^^^^^^^^^^^^^^^^^^^^^

.venv/lib/python3.14/site-packages/django/db/backends/utils.py:105: 
_ _ _ _ _ _ _ _ _ _ _ _ _ _ _ _ _ _ _ _ _ _ _ _ _ _ _ _ _ _ _ _ _ _ _ _ _ _ _ _ 

self = <django.db.backends.postgresql.base.Cursor [closed] [IDLE] (host=qualification-db user=postgres database=test_qualification) at 0x704a001d4130>
query = 'INSERT INTO "accounts_user" ("password", "last_login", "is_superuser", "id", "email", "first_name", "last_name", "is_staff", "is_active", "date_joined") VALUES (%s, %s, %s, %s, %s, %s, %s, %s, %s, %s)'
params = ('!hPLloshkdSJVyoOERwCpKLdte1KQjKC7dMkzacuP', None, False, UUID('643e8240-89c4-42c3-875a-24b4859db264'), 'admission-service@example.invalid', '', ...)
prepare = None, binary = None

    def execute(
        self,
        query: Query,
        params: Params | None = None,
        *,
        prepare: bool | None = None,
        binary: bool | None = None,
    ) -> Self:
        """
        Execute a query or command to the database.
        """
        try:
            with self._conn.lock:
                self._conn.wait(
                    self._execute_gen(query, params, prepare=prepare, binary=binary)
                )
        except e._NO_TRACEBACK as ex:
>           raise ex.with_traceback(None)
E           psycopg.errors.UniqueViolation: duplicate key value violates unique constraint "accounts_user_email_key"
E           DETAIL:  Key (email)=(admission-service@example.invalid) already exists.

.venv/lib/python3.14/site-packages/psycopg/cursor.py:117: UniqueViolation

The above exception was the direct cause of the following exception:

settings = <pytest_django.fixtures.Settings object at 0x704a001e7390>
monkeypatch = <_pytest.monkeypatch.MonkeyPatch object at 0x704a00c4ec30>
paid_observations = ({'id': 'in_qualified', 'object': 'invoice', 'status': 'paid', 'customer': 'cus_qualified', ...}, {'id': 'sub_qualifie...ied', 'quantity': 1, 'price': {'id': 'price_core_99', 'active': True, 'currency': 'usd', 'unit_amount': 9900, ...}}]}})

    @pytest.fixture
    def service(settings, monkeypatch, paid_observations):
        settings.BILLING_ADMISSION_WEBHOOK_SECRET = "whsec_synthetic_qualification"
        settings.BILLING_ADMISSION_STRIPE_KEY = "rk_test_synthetic_qualification"
        settings.BILLING_ADMISSION_ACCOUNT_ID = "acct_qualified"
        settings.BILLING_ADMISSION_LIVEMODE = False
        invoice, provider_subscription = paid_observations
>       user = get_user_model().objects.create_user(email="admission-service@example.invalid")
               ^^^^^^^^^^^^^^^^^^^^^^^^^^^^^^^^^^^^^^^^^^^^^^^^^^^^^^^^^^^^^^^^^^^^^^^^^^^^^^^

tests/test_billing_admission_service.py:41: 
_ _ _ _ _ _ _ _ _ _ _ _ _ _ _ _ _ _ _ _ _ _ _ _ _ _ _ _ _ _ _ _ _ _ _ _ _ _ _ _ 
apps/accounts/managers.py:29: in create_user
    user.save(using=self._db)
.venv/lib/python3.14/site-packages/django/contrib/auth/base_user.py:65: in save
    super().save(*args, **kwargs)
.venv/lib/python3.14/site-packages/django/db/models/base.py:902: in save
    self.save_base(
.venv/lib/python3.14/site-packages/django/db/models/base.py:1008: in save_base
    updated = self._save_table(
.venv/lib/python3.14/site-packages/django/db/models/base.py:1169: in _save_table
    results = self._do_insert(
.venv/lib/python3.14/site-packages/django/db/models/base.py:1210: in _do_insert
    return manager._insert(
.venv/lib/python3.14/site-packages/django/db/models/manager.py:87: in manager_method
    return getattr(self.get_queryset(), name)(*args, **kwargs)
           ^^^^^^^^^^^^^^^^^^^^^^^^^^^^^^^^^^^^^^^^^^^^^^^^^^^
.venv/lib/python3.14/site-packages/django/db/models/query.py:1873: in _insert
    return query.get_compiler(using=using).execute_sql(returning_fields)
           ^^^^^^^^^^^^^^^^^^^^^^^^^^^^^^^^^^^^^^^^^^^^^^^^^^^^^^^^^^^^^
.venv/lib/python3.14/site-packages/django/db/models/sql/compiler.py:1882: in execute_sql
    cursor.execute(sql, params)
.venv/lib/python3.14/site-packages/django/db/backends/utils.py:79: in execute
    return self._execute_with_wrappers(
.venv/lib/python3.14/site-packages/django/db/backends/utils.py:92: in _execute_with_wrappers
    return executor(sql, params, many, context)
           ^^^^^^^^^^^^^^^^^^^^^^^^^^^^^^^^^^^^
.venv/lib/python3.14/site-packages/django/db/backends/utils.py:100: in _execute
    with self.db.wrap_database_errors:
         ^^^^^^^^^^^^^^^^^^^^^^^^^^^^
.venv/lib/python3.14/site-packages/django/db/utils.py:91: in __exit__
    raise dj_exc_value.with_traceback(traceback) from exc_value
.venv/lib/python3.14/site-packages/django/db/backends/utils.py:105: in _execute
    return self.cursor.execute(sql, params)
           ^^^^^^^^^^^^^^^^^^^^^^^^^^^^^^^^
_ _ _ _ _ _ _ _ _ _ _ _ _ _ _ _ _ _ _ _ _ _ _ _ _ _ _ _ _ _ _ _ _ _ _ _ _ _ _ _ 

self = <django.db.backends.postgresql.base.Cursor [closed] [IDLE] (host=qualification-db user=postgres database=test_qualification) at 0x704a001d4130>
query = 'INSERT INTO "accounts_user" ("password", "last_login", "is_superuser", "id", "email", "first_name", "last_name", "is_staff", "is_active", "date_joined") VALUES (%s, %s, %s, %s, %s, %s, %s, %s, %s, %s)'
params = ('!hPLloshkdSJVyoOERwCpKLdte1KQjKC7dMkzacuP', None, False, UUID('643e8240-89c4-42c3-875a-24b4859db264'), 'admission-service@example.invalid', '', ...)
prepare = None, binary = None

    def execute(
        self,
        query: Query,
        params: Params | None = None,
        *,
        prepare: bool | None = None,
        binary: bool | None = None,
    ) -> Self:
        """
        Execute a query or command to the database.
        """
        try:
            with self._conn.lock:
                self._conn.wait(
                    self._execute_gen(query, params, prepare=prepare, binary=binary)
                )
        except e._NO_TRACEBACK as ex:
>           raise ex.with_traceback(None)
E           django.db.utils.IntegrityError: duplicate key value violates unique constraint "accounts_user_email_key"
E           DETAIL:  Key (email)=(admission-service@example.invalid) already exists.

.venv/lib/python3.14/site-packages/psycopg/cursor.py:117: IntegrityError
_ ERROR at teardown of test_bad_service_secret_fails_before_signature_or_provider[] _

self = <django.db.backends.utils.CursorWrapper object at 0x704a0043cc50>
sql = 'TRUNCATE "core_action_card_revisions", "job_recovery_receipts", "core_workflow_schedules", "integrations_quickbooksat...attempt", "core_workflow_runs", "auth_permission", "integrations_quickbooksevent", "django_session", "catalog_vendor";'
params = None
ignored_wrapper_args = (False, {'connection': <DatabaseWrapper vendor='postgresql' alias='default'>, 'cursor': <django.db.backends.utils.CursorWrapper object at 0x704a0043cc50>})

    def _execute(self, sql, params, *ignored_wrapper_args):
        # Raise a warning during app initialization (stored_app_configs is only
        # ever set during testing).
        if not apps.ready and not apps.stored_app_configs:
            warnings.warn(self.APPS_NOT_READY_WARNING_MSG, category=RuntimeWarning)
        self.db.validate_no_broken_transaction()
        with self.db.wrap_database_errors:
            if params is None:
                # params default might be backend specific.
>               return self.cursor.execute(sql)
                       ^^^^^^^^^^^^^^^^^^^^^^^^

.venv/lib/python3.14/site-packages/django/db/backends/utils.py:103: 
_ _ _ _ _ _ _ _ _ _ _ _ _ _ _ _ _ _ _ _ _ _ _ _ _ _ _ _ _ _ _ _ _ _ _ _ _ _ _ _ 

self = <django.db.backends.postgresql.base.Cursor [closed] [IDLE] (host=qualification-db user=postgres database=test_qualification) at 0x704a00c63bd0>
query = 'TRUNCATE "core_action_card_revisions", "job_recovery_receipts", "core_workflow_schedules", "integrations_quickbooksat...attempt", "core_workflow_runs", "auth_permission", "integrations_quickbooksevent", "django_session", "catalog_vendor";'
params = None, prepare = None, binary = None

    def execute(
        self,
        query: Query,
        params: Params | None = None,
        *,
        prepare: bool | None = None,
        binary: bool | None = None,
    ) -> Self:
        """
        Execute a query or command to the database.
        """
        try:
            with self._conn.lock:
                self._conn.wait(
                    self._execute_gen(query, params, prepare=prepare, binary=binary)
                )
        except e._NO_TRACEBACK as ex:
>           raise ex.with_traceback(None)
E           psycopg.errors.FeatureNotSupported: cannot truncate a table referenced in a foreign key constraint
E           DETAIL:  Table "billing_admission_receipt" references "billing_paid_coverage".
E           HINT:  Truncate table "billing_admission_receipt" at the same time, or use TRUNCATE ... CASCADE.

.venv/lib/python3.14/site-packages/psycopg/cursor.py:117: FeatureNotSupported

The above exception was the direct cause of the following exception:

self = <django.core.management.commands.flush.Command object at 0x704a00b1c910>
options = {'verbosity': 0, 'settings': None, 'pythonpath': None, 'traceback': False, ...}

        def handle(self, **options):
            database = options["database"]
            connection = connections[database]
            verbosity = options["verbosity"]
            interactive = options["interactive"]
            # The following are stealth options used by Django's internals.
            reset_sequences = options.get("reset_sequences", True)
            allow_cascade = options.get("allow_cascade", False)
            inhibit_post_migrate = options.get("inhibit_post_migrate", False)
    
            self.style = no_style()
    
            # Import the 'management' module within each installed app, to register
            # dispatcher events.
            for app_config in apps.get_app_configs():
                try:
                    import_module(".management", app_config.name)
                except ImportError:
                    pass
    
            sql_list = sql_flush(
                self.style,
                connection,
                reset_sequences=reset_sequences,
                allow_cascade=allow_cascade,
            )
    
            if interactive:
                confirm = input("""You have requested a flush of the database.
    This will IRREVERSIBLY DESTROY all data currently in the "%s" database,
    and return each table to an empty state.
    Are you sure you want to do this?
    
        Type 'yes' to continue, or 'no' to cancel: """ % connection.settings_dict["NAME"])
            else:
                confirm = "yes"
    
            if confirm == "yes":
                try:
>                   connection.ops.execute_sql_flush(sql_list)

.venv/lib/python3.14/site-packages/django/core/management/commands/flush.py:71: 
_ _ _ _ _ _ _ _ _ _ _ _ _ _ _ _ _ _ _ _ _ _ _ _ _ _ _ _ _ _ _ _ _ _ _ _ _ _ _ _ 
.venv/lib/python3.14/site-packages/django/db/backends/base/operations.py:473: in execute_sql_flush
    cursor.execute(sql)
.venv/lib/python3.14/site-packages/django/db/backends/utils.py:79: in execute
    return self._execute_with_wrappers(
.venv/lib/python3.14/site-packages/django/db/backends/utils.py:92: in _execute_with_wrappers
    return executor(sql, params, many, context)
           ^^^^^^^^^^^^^^^^^^^^^^^^^^^^^^^^^^^^
.venv/lib/python3.14/site-packages/django/db/backends/utils.py:100: in _execute
    with self.db.wrap_database_errors:
         ^^^^^^^^^^^^^^^^^^^^^^^^^^^^
.venv/lib/python3.14/site-packages/django/db/utils.py:91: in __exit__
    raise dj_exc_value.with_traceback(traceback) from exc_value
.venv/lib/python3.14/site-packages/django/db/backends/utils.py:103: in _execute
    return self.cursor.execute(sql)
           ^^^^^^^^^^^^^^^^^^^^^^^^
_ _ _ _ _ _ _ _ _ _ _ _ _ _ _ _ _ _ _ _ _ _ _ _ _ _ _ _ _ _ _ _ _ _ _ _ _ _ _ _ 

self = <django.db.backends.postgresql.base.Cursor [closed] [IDLE] (host=qualification-db user=postgres database=test_qualification) at 0x704a00c63bd0>
query = 'TRUNCATE "core_action_card_revisions", "job_recovery_receipts", "core_workflow_schedules", "integrations_quickbooksat...attempt", "core_workflow_runs", "auth_permission", "integrations_quickbooksevent", "django_session", "catalog_vendor";'
params = None, prepare = None, binary = None

    def execute(
        self,
        query: Query,
        params: Params | None = None,
        *,
        prepare: bool | None = None,
        binary: bool | None = None,
    ) -> Self:
        """
        Execute a query or command to the database.
        """
        try:
            with self._conn.lock:
                self._conn.wait(
                    self._execute_gen(query, params, prepare=prepare, binary=binary)
                )
        except e._NO_TRACEBACK as ex:
>           raise ex.with_traceback(None)
E           django.db.utils.NotSupportedError: cannot truncate a table referenced in a foreign key constraint
E           DETAIL:  Table "billing_admission_receipt" references "billing_paid_coverage".
E           HINT:  Truncate table "billing_admission_receipt" at the same time, or use TRUNCATE ... CASCADE.

.venv/lib/python3.14/site-packages/psycopg/cursor.py:117: NotSupportedError

The above exception was the direct cause of the following exception:

request = <SubRequest '_django_db_helper' for <Function test_bad_service_secret_fails_before_signature_or_provider[]>>
django_db_setup = None
django_db_blocker = <pytest_django.plugin.DjangoDbBlocker object at 0x704a05d7d010>

    @pytest.fixture
    def _django_db_helper(
        request: pytest.FixtureRequest,
        django_db_setup: None,  # noqa: ARG001
        django_db_blocker: DjangoDbBlocker,
    ) -> Generator[None]:
        if is_django_unittest(request):
            yield
            return
    
        from django import VERSION
    
        marker = request.node.get_closest_marker("django_db")
        if marker:
            (
                transactional,
                reset_sequences,
                databases,
                serialized_rollback,
                available_apps,
            ) = validate_django_db(marker)
        else:
            (
                transactional,
                reset_sequences,
                databases,
                serialized_rollback,
                available_apps,
            ) = False, False, None, False, None
    
        transactional = (
            transactional
            or reset_sequences
            or ("transactional_db" in request.fixturenames or "live_server" in request.fixturenames)
        )
        reset_sequences = reset_sequences or ("django_db_reset_sequences" in request.fixturenames)
        serialized_rollback = serialized_rollback or (
            "django_db_serialized_rollback" in request.fixturenames
        )
    
        with django_db_blocker.unblock():
            import django.db
            import django.test
    
            if transactional:
                test_case_class = django.test.TransactionTestCase
            else:
                test_case_class = django.test.TestCase
    
            _reset_sequences = reset_sequences
            _serialized_rollback = serialized_rollback
            _databases = databases
            _available_apps = available_apps
    
            class PytestDjangoTestCase(test_case_class):  # type: ignore[misc,valid-type]
                reset_sequences = _reset_sequences
                serialized_rollback = _serialized_rollback
                if _databases is not None:
                    databases = _databases
                if _available_apps is not None:
                    available_apps = _available_apps
    
                # For non-transactional tests, skip executing `django.test.TestCase`'s
                # `setUpClass`/`tearDownClass`, only execute the super class ones.
                #
                # `TestCase`'s class setup manages the `setUpTestData`/class-level
                # transaction functionality. We don't use it; instead we (will) offer
                # our own alternatives. So it only adds overhead, and does some things
                # which conflict with our (planned) functionality, particularly, it
                # closes all database connections in `tearDownClass` which inhibits
                # wrapping tests in higher-scoped transactions.
                #
                # It's possible a new version of Django will add some unrelated
                # functionality to these methods, in which case skipping them completely
                # would not be desirable. Let's cross that bridge when we get there...
                if not transactional:
    
                    @classmethod
                    def setUpClass(cls) -> None:
                        super(django.test.TestCase, cls).setUpClass()
    
                    @classmethod
                    def tearDownClass(cls) -> None:
                        super(django.test.TestCase, cls).tearDownClass()
    
            PytestDjangoTestCase.setUpClass()
    
            test_case = PytestDjangoTestCase(methodName="__init__")
            if VERSION >= (6, 0):
                pre_setup_ran_eagerly = PytestDjangoTestCase._pre_setup_ran_eagerly
            else:
                pre_setup_ran_eagerly = getattr(PytestDjangoTestCase, "_pre_setup_ran_eagerly", False)
            if not pre_setup_ran_eagerly:
                # For a TransactionTestCase, setUpClass() has already run _pre_setup() and set
                # this flag to say so.
                test_case._pre_setup()
    
            yield
    
>           test_case._post_teardown()

.venv/lib/python3.14/site-packages/pytest_django/fixtures.py:305: 
_ _ _ _ _ _ _ _ _ _ _ _ _ _ _ _ _ _ _ _ _ _ _ _ _ _ _ _ _ _ _ _ _ _ _ _ _ _ _ _ 
.venv/lib/python3.14/site-packages/django/test/testcases.py:1231: in _post_teardown
    self._fixture_teardown()
.venv/lib/python3.14/site-packages/django/test/testcases.py:1266: in _fixture_teardown
    call_command(
.venv/lib/python3.14/site-packages/django/core/management/__init__.py:194: in call_command
    return command.execute(*args, **defaults)
           ^^^^^^^^^^^^^^^^^^^^^^^^^^^^^^^^^^
.venv/lib/python3.14/site-packages/django/core/management/base.py:464: in execute
    output = self.handle(*args, **options)
             ^^^^^^^^^^^^^^^^^^^^^^^^^^^^^
_ _ _ _ _ _ _ _ _ _ _ _ _ _ _ _ _ _ _ _ _ _ _ _ _ _ _ _ _ _ _ _ _ _ _ _ _ _ _ _ 

self = <django.core.management.commands.flush.Command object at 0x704a00b1c910>
options = {'verbosity': 0, 'settings': None, 'pythonpath': None, 'traceback': False, ...}

        def handle(self, **options):
            database = options["database"]
            connection = connections[database]
            verbosity = options["verbosity"]
            interactive = options["interactive"]
            # The following are stealth options used by Django's internals.
            reset_sequences = options.get("reset_sequences", True)
            allow_cascade = options.get("allow_cascade", False)
            inhibit_post_migrate = options.get("inhibit_post_migrate", False)
    
            self.style = no_style()
    
            # Import the 'management' module within each installed app, to register
            # dispatcher events.
            for app_config in apps.get_app_configs():
                try:
                    import_module(".management", app_config.name)
                except ImportError:
                    pass
    
            sql_list = sql_flush(
                self.style,
                connection,
                reset_sequences=reset_sequences,
                allow_cascade=allow_cascade,
            )
    
            if interactive:
                confirm = input("""You have requested a flush of the database.
    This will IRREVERSIBLY DESTROY all data currently in the "%s" database,
    and return each table to an empty state.
    Are you sure you want to do this?
    
        Type 'yes' to continue, or 'no' to cancel: """ % connection.settings_dict["NAME"])
            else:
                confirm = "yes"
    
            if confirm == "yes":
                try:
                    connection.ops.execute_sql_flush(sql_list)
                except Exception as exc:
>                   raise CommandError(
                        "Database %s couldn't be flushed. Possible reasons:\n"
                        "  * The database isn't running or isn't configured correctly.\n"
                        "  * At least one of the expected database tables doesn't exist.\n"
                        "  * The SQL was invalid.\n"
                        "Hint: Look at the output of 'django-admin sqlflush'. "
                        "That's the SQL this command wasn't able to run."
                        % (connection.settings_dict["NAME"],)
                    ) from exc
E                   django.core.management.base.CommandError: Database test_qualification couldn't be flushed. Possible reasons:
E                     * The database isn't running or isn't configured correctly.
E                     * At least one of the expected database tables doesn't exist.
E                     * The SQL was invalid.
E                   Hint: Look at the output of 'django-admin sqlflush'. That's the SQL this command wasn't able to run.

.venv/lib/python3.14/site-packages/django/core/management/commands/flush.py:73: CommandError
_ ERROR at setup of test_bad_service_secret_fails_before_signature_or_provider[whsec_] _

self = <django.db.backends.utils.CursorWrapper object at 0x704a00adfd70>
sql = 'INSERT INTO "accounts_user" ("password", "last_login", "is_superuser", "id", "email", "first_name", "last_name", "is_staff", "is_active", "date_joined") VALUES (%s, %s, %s, %s, %s, %s, %s, %s, %s, %s)'
params = ('!Ofa29WYZ9hL46tkJ62dzWDcOniZqRbhjB30iUOrW', None, False, UUID('412fff41-b8dd-49f5-9e24-8183997267ff'), 'admission-service@example.invalid', '', ...)
ignored_wrapper_args = (False, {'connection': <DatabaseWrapper vendor='postgresql' alias='default'>, 'cursor': <django.db.backends.utils.CursorWrapper object at 0x704a00adfd70>})

    def _execute(self, sql, params, *ignored_wrapper_args):
        # Raise a warning during app initialization (stored_app_configs is only
        # ever set during testing).
        if not apps.ready and not apps.stored_app_configs:
            warnings.warn(self.APPS_NOT_READY_WARNING_MSG, category=RuntimeWarning)
        self.db.validate_no_broken_transaction()
        with self.db.wrap_database_errors:
            if params is None:
                # params default might be backend specific.
                return self.cursor.execute(sql)
            else:
>               return self.cursor.execute(sql, params)
                       ^^^^^^^^^^^^^^^^^^^^^^^^^^^^^^^^

.venv/lib/python3.14/site-packages/django/db/backends/utils.py:105: 
_ _ _ _ _ _ _ _ _ _ _ _ _ _ _ _ _ _ _ _ _ _ _ _ _ _ _ _ _ _ _ _ _ _ _ _ _ _ _ _ 

self = <django.db.backends.postgresql.base.Cursor [closed] [IDLE] (host=qualification-db user=postgres database=test_qualification) at 0x704a001d51d0>
query = 'INSERT INTO "accounts_user" ("password", "last_login", "is_superuser", "id", "email", "first_name", "last_name", "is_staff", "is_active", "date_joined") VALUES (%s, %s, %s, %s, %s, %s, %s, %s, %s, %s)'
params = ('!Ofa29WYZ9hL46tkJ62dzWDcOniZqRbhjB30iUOrW', None, False, UUID('412fff41-b8dd-49f5-9e24-8183997267ff'), 'admission-service@example.invalid', '', ...)
prepare = None, binary = None

    def execute(
        self,
        query: Query,
        params: Params | None = None,
        *,
        prepare: bool | None = None,
        binary: bool | None = None,
    ) -> Self:
        """
        Execute a query or command to the database.
        """
        try:
            with self._conn.lock:
                self._conn.wait(
                    self._execute_gen(query, params, prepare=prepare, binary=binary)
                )
        except e._NO_TRACEBACK as ex:
>           raise ex.with_traceback(None)
E           psycopg.errors.UniqueViolation: duplicate key value violates unique constraint "accounts_user_email_key"
E           DETAIL:  Key (email)=(admission-service@example.invalid) already exists.

.venv/lib/python3.14/site-packages/psycopg/cursor.py:117: UniqueViolation

The above exception was the direct cause of the following exception:

settings = <pytest_django.fixtures.Settings object at 0x704a00b1d450>
monkeypatch = <_pytest.monkeypatch.MonkeyPatch object at 0x7049fffccd10>
paid_observations = ({'id': 'in_qualified', 'object': 'invoice', 'status': 'paid', 'customer': 'cus_qualified', ...}, {'id': 'sub_qualifie...ied', 'quantity': 1, 'price': {'id': 'price_core_99', 'active': True, 'currency': 'usd', 'unit_amount': 9900, ...}}]}})

    @pytest.fixture
    def service(settings, monkeypatch, paid_observations):
        settings.BILLING_ADMISSION_WEBHOOK_SECRET = "whsec_synthetic_qualification"
        settings.BILLING_ADMISSION_STRIPE_KEY = "rk_test_synthetic_qualification"
        settings.BILLING_ADMISSION_ACCOUNT_ID = "acct_qualified"
        settings.BILLING_ADMISSION_LIVEMODE = False
        invoice, provider_subscription = paid_observations
>       user = get_user_model().objects.create_user(email="admission-service@example.invalid")
               ^^^^^^^^^^^^^^^^^^^^^^^^^^^^^^^^^^^^^^^^^^^^^^^^^^^^^^^^^^^^^^^^^^^^^^^^^^^^^^^

tests/test_billing_admission_service.py:41: 
_ _ _ _ _ _ _ _ _ _ _ _ _ _ _ _ _ _ _ _ _ _ _ _ _ _ _ _ _ _ _ _ _ _ _ _ _ _ _ _ 
apps/accounts/managers.py:29: in create_user
    user.save(using=self._db)
.venv/lib/python3.14/site-packages/django/contrib/auth/base_user.py:65: in save
    super().save(*args, **kwargs)
.venv/lib/python3.14/site-packages/django/db/models/base.py:902: in save
    self.save_base(
.venv/lib/python3.14/site-packages/django/db/models/base.py:1008: in save_base
    updated = self._save_table(
.venv/lib/python3.14/site-packages/django/db/models/base.py:1169: in _save_table
    results = self._do_insert(
.venv/lib/python3.14/site-packages/django/db/models/base.py:1210: in _do_insert
    return manager._insert(
.venv/lib/python3.14/site-packages/django/db/models/manager.py:87: in manager_method
    return getattr(self.get_queryset(), name)(*args, **kwargs)
           ^^^^^^^^^^^^^^^^^^^^^^^^^^^^^^^^^^^^^^^^^^^^^^^^^^^
.venv/lib/python3.14/site-packages/django/db/models/query.py:1873: in _insert
    return query.get_compiler(using=using).execute_sql(returning_fields)
           ^^^^^^^^^^^^^^^^^^^^^^^^^^^^^^^^^^^^^^^^^^^^^^^^^^^^^^^^^^^^^
.venv/lib/python3.14/site-packages/django/db/models/sql/compiler.py:1882: in execute_sql
    cursor.execute(sql, params)
.venv/lib/python3.14/site-packages/django/db/backends/utils.py:79: in execute
    return self._execute_with_wrappers(
.venv/lib/python3.14/site-packages/django/db/backends/utils.py:92: in _execute_with_wrappers
    return executor(sql, params, many, context)
           ^^^^^^^^^^^^^^^^^^^^^^^^^^^^^^^^^^^^
.venv/lib/python3.14/site-packages/django/db/backends/utils.py:100: in _execute
    with self.db.wrap_database_errors:
         ^^^^^^^^^^^^^^^^^^^^^^^^^^^^
.venv/lib/python3.14/site-packages/django/db/utils.py:91: in __exit__
    raise dj_exc_value.with_traceback(traceback) from exc_value
.venv/lib/python3.14/site-packages/django/db/backends/utils.py:105: in _execute
    return self.cursor.execute(sql, params)
           ^^^^^^^^^^^^^^^^^^^^^^^^^^^^^^^^
_ _ _ _ _ _ _ _ _ _ _ _ _ _ _ _ _ _ _ _ _ _ _ _ _ _ _ _ _ _ _ _ _ _ _ _ _ _ _ _ 

self = <django.db.backends.postgresql.base.Cursor [closed] [IDLE] (host=qualification-db user=postgres database=test_qualification) at 0x704a001d51d0>
query = 'INSERT INTO "accounts_user" ("password", "last_login", "is_superuser", "id", "email", "first_name", "last_name", "is_staff", "is_active", "date_joined") VALUES (%s, %s, %s, %s, %s, %s, %s, %s, %s, %s)'
params = ('!Ofa29WYZ9hL46tkJ62dzWDcOniZqRbhjB30iUOrW', None, False, UUID('412fff41-b8dd-49f5-9e24-8183997267ff'), 'admission-service@example.invalid', '', ...)
prepare = None, binary = None

    def execute(
        self,
        query: Query,
        params: Params | None = None,
        *,
        prepare: bool | None = None,
        binary: bool | None = None,
    ) -> Self:
        """
        Execute a query or command to the database.
        """
        try:
            with self._conn.lock:
                self._conn.wait(
                    self._execute_gen(query, params, prepare=prepare, binary=binary)
                )
        except e._NO_TRACEBACK as ex:
>           raise ex.with_traceback(None)
E           django.db.utils.IntegrityError: duplicate key value violates unique constraint "accounts_user_email_key"
E           DETAIL:  Key (email)=(admission-service@example.invalid) already exists.

.venv/lib/python3.14/site-packages/psycopg/cursor.py:117: IntegrityError
_ ERROR at teardown of test_bad_service_secret_fails_before_signature_or_provider[whsec_] _

self = <django.db.backends.utils.CursorWrapper object at 0x704a004328d0>
sql = 'TRUNCATE "core_action_card_revisions", "job_recovery_receipts", "core_workflow_schedules", "integrations_quickbooksat...attempt", "core_workflow_runs", "auth_permission", "integrations_quickbooksevent", "django_session", "catalog_vendor";'
params = None
ignored_wrapper_args = (False, {'connection': <DatabaseWrapper vendor='postgresql' alias='default'>, 'cursor': <django.db.backends.utils.CursorWrapper object at 0x704a004328d0>})

    def _execute(self, sql, params, *ignored_wrapper_args):
        # Raise a warning during app initialization (stored_app_configs is only
        # ever set during testing).
        if not apps.ready and not apps.stored_app_configs:
            warnings.warn(self.APPS_NOT_READY_WARNING_MSG, category=RuntimeWarning)
        self.db.validate_no_broken_transaction()
        with self.db.wrap_database_errors:
            if params is None:
                # params default might be backend specific.
>               return self.cursor.execute(sql)
                       ^^^^^^^^^^^^^^^^^^^^^^^^

.venv/lib/python3.14/site-packages/django/db/backends/utils.py:103: 
_ _ _ _ _ _ _ _ _ _ _ _ _ _ _ _ _ _ _ _ _ _ _ _ _ _ _ _ _ _ _ _ _ _ _ _ _ _ _ _ 

self = <django.db.backends.postgresql.base.Cursor [closed] [IDLE] (host=qualification-db user=postgres database=test_qualification) at 0x704a001d6270>
query = 'TRUNCATE "core_action_card_revisions", "job_recovery_receipts", "core_workflow_schedules", "integrations_quickbooksat...attempt", "core_workflow_runs", "auth_permission", "integrations_quickbooksevent", "django_session", "catalog_vendor";'
params = None, prepare = None, binary = None

    def execute(
        self,
        query: Query,
        params: Params | None = None,
        *,
        prepare: bool | None = None,
        binary: bool | None = None,
    ) -> Self:
        """
        Execute a query or command to the database.
        """
        try:
            with self._conn.lock:
                self._conn.wait(
                    self._execute_gen(query, params, prepare=prepare, binary=binary)
                )
        except e._NO_TRACEBACK as ex:
>           raise ex.with_traceback(None)
E           psycopg.errors.FeatureNotSupported: cannot truncate a table referenced in a foreign key constraint
E           DETAIL:  Table "billing_admission_receipt" references "billing_paid_coverage".
E           HINT:  Truncate table "billing_admission_receipt" at the same time, or use TRUNCATE ... CASCADE.

.venv/lib/python3.14/site-packages/psycopg/cursor.py:117: FeatureNotSupported

The above exception was the direct cause of the following exception:

self = <django.core.management.commands.flush.Command object at 0x704a00b1de50>
options = {'verbosity': 0, 'settings': None, 'pythonpath': None, 'traceback': False, ...}

        def handle(self, **options):
            database = options["database"]
            connection = connections[database]
            verbosity = options["verbosity"]
            interactive = options["interactive"]
            # The following are stealth options used by Django's internals.
            reset_sequences = options.get("reset_sequences", True)
            allow_cascade = options.get("allow_cascade", False)
            inhibit_post_migrate = options.get("inhibit_post_migrate", False)
    
            self.style = no_style()
    
            # Import the 'management' module within each installed app, to register
            # dispatcher events.
            for app_config in apps.get_app_configs():
                try:
                    import_module(".management", app_config.name)
                except ImportError:
                    pass
    
            sql_list = sql_flush(
                self.style,
                connection,
                reset_sequences=reset_sequences,
                allow_cascade=allow_cascade,
            )
    
            if interactive:
                confirm = input("""You have requested a flush of the database.
    This will IRREVERSIBLY DESTROY all data currently in the "%s" database,
    and return each table to an empty state.
    Are you sure you want to do this?
    
        Type 'yes' to continue, or 'no' to cancel: """ % connection.settings_dict["NAME"])
            else:
                confirm = "yes"
    
            if confirm == "yes":
                try:
>                   connection.ops.execute_sql_flush(sql_list)

.venv/lib/python3.14/site-packages/django/core/management/commands/flush.py:71: 
_ _ _ _ _ _ _ _ _ _ _ _ _ _ _ _ _ _ _ _ _ _ _ _ _ _ _ _ _ _ _ _ _ _ _ _ _ _ _ _ 
.venv/lib/python3.14/site-packages/django/db/backends/base/operations.py:473: in execute_sql_flush
    cursor.execute(sql)
.venv/lib/python3.14/site-packages/django/db/backends/utils.py:79: in execute
    return self._execute_with_wrappers(
.venv/lib/python3.14/site-packages/django/db/backends/utils.py:92: in _execute_with_wrappers
    return executor(sql, params, many, context)
           ^^^^^^^^^^^^^^^^^^^^^^^^^^^^^^^^^^^^
.venv/lib/python3.14/site-packages/django/db/backends/utils.py:100: in _execute
    with self.db.wrap_database_errors:
         ^^^^^^^^^^^^^^^^^^^^^^^^^^^^
.venv/lib/python3.14/site-packages/django/db/utils.py:91: in __exit__
    raise dj_exc_value.with_traceback(traceback) from exc_value
.venv/lib/python3.14/site-packages/django/db/backends/utils.py:103: in _execute
    return self.cursor.execute(sql)
           ^^^^^^^^^^^^^^^^^^^^^^^^
_ _ _ _ _ _ _ _ _ _ _ _ _ _ _ _ _ _ _ _ _ _ _ _ _ _ _ _ _ _ _ _ _ _ _ _ _ _ _ _ 

self = <django.db.backends.postgresql.base.Cursor [closed] [IDLE] (host=qualification-db user=postgres database=test_qualification) at 0x704a001d6270>
query = 'TRUNCATE "core_action_card_revisions", "job_recovery_receipts", "core_workflow_schedules", "integrations_quickbooksat...attempt", "core_workflow_runs", "auth_permission", "integrations_quickbooksevent", "django_session", "catalog_vendor";'
params = None, prepare = None, binary = None

    def execute(
        self,
        query: Query,
        params: Params | None = None,
        *,
        prepare: bool | None = None,
        binary: bool | None = None,
    ) -> Self:
        """
        Execute a query or command to the database.
        """
        try:
            with self._conn.lock:
                self._conn.wait(
                    self._execute_gen(query, params, prepare=prepare, binary=binary)
                )
        except e._NO_TRACEBACK as ex:
>           raise ex.with_traceback(None)
E           django.db.utils.NotSupportedError: cannot truncate a table referenced in a foreign key constraint
E           DETAIL:  Table "billing_admission_receipt" references "billing_paid_coverage".
E           HINT:  Truncate table "billing_admission_receipt" at the same time, or use TRUNCATE ... CASCADE.

.venv/lib/python3.14/site-packages/psycopg/cursor.py:117: NotSupportedError

The above exception was the direct cause of the following exception:

request = <SubRequest '_django_db_helper' for <Function test_bad_service_secret_fails_before_signature_or_provider[whsec_]>>
django_db_setup = None
django_db_blocker = <pytest_django.plugin.DjangoDbBlocker object at 0x704a05d7d010>

    @pytest.fixture
    def _django_db_helper(
        request: pytest.FixtureRequest,
        django_db_setup: None,  # noqa: ARG001
        django_db_blocker: DjangoDbBlocker,
    ) -> Generator[None]:
        if is_django_unittest(request):
            yield
            return
    
        from django import VERSION
    
        marker = request.node.get_closest_marker("django_db")
        if marker:
            (
                transactional,
                reset_sequences,
                databases,
                serialized_rollback,
                available_apps,
            ) = validate_django_db(marker)
        else:
            (
                transactional,
                reset_sequences,
                databases,
                serialized_rollback,
                available_apps,
            ) = False, False, None, False, None
    
        transactional = (
            transactional
            or reset_sequences
            or ("transactional_db" in request.fixturenames or "live_server" in request.fixturenames)
        )
        reset_sequences = reset_sequences or ("django_db_reset_sequences" in request.fixturenames)
        serialized_rollback = serialized_rollback or (
            "django_db_serialized_rollback" in request.fixturenames
        )
    
        with django_db_blocker.unblock():
            import django.db
            import django.test
    
            if transactional:
                test_case_class = django.test.TransactionTestCase
            else:
                test_case_class = django.test.TestCase
    
            _reset_sequences = reset_sequences
            _serialized_rollback = serialized_rollback
            _databases = databases
            _available_apps = available_apps
    
            class PytestDjangoTestCase(test_case_class):  # type: ignore[misc,valid-type]
                reset_sequences = _reset_sequences
                serialized_rollback = _serialized_rollback
                if _databases is not None:
                    databases = _databases
                if _available_apps is not None:
                    available_apps = _available_apps
    
                # For non-transactional tests, skip executing `django.test.TestCase`'s
                # `setUpClass`/`tearDownClass`, only execute the super class ones.
                #
                # `TestCase`'s class setup manages the `setUpTestData`/class-level
                # transaction functionality. We don't use it; instead we (will) offer
                # our own alternatives. So it only adds overhead, and does some things
                # which conflict with our (planned) functionality, particularly, it
                # closes all database connections in `tearDownClass` which inhibits
                # wrapping tests in higher-scoped transactions.
                #
                # It's possible a new version of Django will add some unrelated
                # functionality to these methods, in which case skipping them completely
                # would not be desirable. Let's cross that bridge when we get there...
                if not transactional:
    
                    @classmethod
                    def setUpClass(cls) -> None:
                        super(django.test.TestCase, cls).setUpClass()
    
                    @classmethod
                    def tearDownClass(cls) -> None:
                        super(django.test.TestCase, cls).tearDownClass()
    
            PytestDjangoTestCase.setUpClass()
    
            test_case = PytestDjangoTestCase(methodName="__init__")
            if VERSION >= (6, 0):
                pre_setup_ran_eagerly = PytestDjangoTestCase._pre_setup_ran_eagerly
            else:
                pre_setup_ran_eagerly = getattr(PytestDjangoTestCase, "_pre_setup_ran_eagerly", False)
            if not pre_setup_ran_eagerly:
                # For a TransactionTestCase, setUpClass() has already run _pre_setup() and set
                # this flag to say so.
                test_case._pre_setup()
    
            yield
    
>           test_case._post_teardown()

.venv/lib/python3.14/site-packages/pytest_django/fixtures.py:305: 
_ _ _ _ _ _ _ _ _ _ _ _ _ _ _ _ _ _ _ _ _ _ _ _ _ _ _ _ _ _ _ _ _ _ _ _ _ _ _ _ 
.venv/lib/python3.14/site-packages/django/test/testcases.py:1231: in _post_teardown
    self._fixture_teardown()
.venv/lib/python3.14/site-packages/django/test/testcases.py:1266: in _fixture_teardown
    call_command(
.venv/lib/python3.14/site-packages/django/core/management/__init__.py:194: in call_command
    return command.execute(*args, **defaults)
           ^^^^^^^^^^^^^^^^^^^^^^^^^^^^^^^^^^
.venv/lib/python3.14/site-packages/django/core/management/base.py:464: in execute
    output = self.handle(*args, **options)
             ^^^^^^^^^^^^^^^^^^^^^^^^^^^^^
_ _ _ _ _ _ _ _ _ _ _ _ _ _ _ _ _ _ _ _ _ _ _ _ _ _ _ _ _ _ _ _ _ _ _ _ _ _ _ _ 

self = <django.core.management.commands.flush.Command object at 0x704a00b1de50>
options = {'verbosity': 0, 'settings': None, 'pythonpath': None, 'traceback': False, ...}

        def handle(self, **options):
            database = options["database"]
            connection = connections[database]
            verbosity = options["verbosity"]
            interactive = options["interactive"]
            # The following are stealth options used by Django's internals.
            reset_sequences = options.get("reset_sequences", True)
            allow_cascade = options.get("allow_cascade", False)
            inhibit_post_migrate = options.get("inhibit_post_migrate", False)
    
            self.style = no_style()
    
            # Import the 'management' module within each installed app, to register
            # dispatcher events.
            for app_config in apps.get_app_configs():
                try:
                    import_module(".management", app_config.name)
                except ImportError:
                    pass
    
            sql_list = sql_flush(
                self.style,
                connection,
                reset_sequences=reset_sequences,
                allow_cascade=allow_cascade,
            )
    
            if interactive:
                confirm = input("""You have requested a flush of the database.
    This will IRREVERSIBLY DESTROY all data currently in the "%s" database,
    and return each table to an empty state.
    Are you sure you want to do this?
    
        Type 'yes' to continue, or 'no' to cancel: """ % connection.settings_dict["NAME"])
            else:
                confirm = "yes"
    
            if confirm == "yes":
                try:
                    connection.ops.execute_sql_flush(sql_list)
                except Exception as exc:
>                   raise CommandError(
                        "Database %s couldn't be flushed. Possible reasons:\n"
                        "  * The database isn't running or isn't configured correctly.\n"
                        "  * At least one of the expected database tables doesn't exist.\n"
                        "  * The SQL was invalid.\n"
                        "Hint: Look at the output of 'django-admin sqlflush'. "
                        "That's the SQL this command wasn't able to run."
                        % (connection.settings_dict["NAME"],)
                    ) from exc
E                   django.core.management.base.CommandError: Database test_qualification couldn't be flushed. Possible reasons:
E                     * The database isn't running or isn't configured correctly.
E                     * At least one of the expected database tables doesn't exist.
E                     * The SQL was invalid.
E                   Hint: Look at the output of 'django-admin sqlflush'. That's the SQL this command wasn't able to run.

.venv/lib/python3.14/site-packages/django/core/management/commands/flush.py:73: CommandError
_ ERROR at setup of test_bad_service_secret_fails_before_signature_or_provider[  ] _

self = <django.db.backends.utils.CursorWrapper object at 0x704a00018d70>
sql = 'INSERT INTO "accounts_user" ("password", "last_login", "is_superuser", "id", "email", "first_name", "last_name", "is_staff", "is_active", "date_joined") VALUES (%s, %s, %s, %s, %s, %s, %s, %s, %s, %s)'
params = ('!OEFQevEFHi7Tre91dxyiJE9yqbRNzu0XX1fUNj6j', None, False, UUID('05e296c6-5ba2-4aa7-a0d5-e072859e89ce'), 'admission-service@example.invalid', '', ...)
ignored_wrapper_args = (False, {'connection': <DatabaseWrapper vendor='postgresql' alias='default'>, 'cursor': <django.db.backends.utils.CursorWrapper object at 0x704a00018d70>})

    def _execute(self, sql, params, *ignored_wrapper_args):
        # Raise a warning during app initialization (stored_app_configs is only
        # ever set during testing).
        if not apps.ready and not apps.stored_app_configs:
            warnings.warn(self.APPS_NOT_READY_WARNING_MSG, category=RuntimeWarning)
        self.db.validate_no_broken_transaction()
        with self.db.wrap_database_errors:
            if params is None:
                # params default might be backend specific.
                return self.cursor.execute(sql)
            else:
>               return self.cursor.execute(sql, params)
                       ^^^^^^^^^^^^^^^^^^^^^^^^^^^^^^^^

.venv/lib/python3.14/site-packages/django/db/backends/utils.py:105: 
_ _ _ _ _ _ _ _ _ _ _ _ _ _ _ _ _ _ _ _ _ _ _ _ _ _ _ _ _ _ _ _ _ _ _ _ _ _ _ _ 

self = <django.db.backends.postgresql.base.Cursor [closed] [IDLE] (host=qualification-db user=postgres database=test_qualification) at 0x7049fff7d550>
query = 'INSERT INTO "accounts_user" ("password", "last_login", "is_superuser", "id", "email", "first_name", "last_name", "is_staff", "is_active", "date_joined") VALUES (%s, %s, %s, %s, %s, %s, %s, %s, %s, %s)'
params = ('!OEFQevEFHi7Tre91dxyiJE9yqbRNzu0XX1fUNj6j', None, False, UUID('05e296c6-5ba2-4aa7-a0d5-e072859e89ce'), 'admission-service@example.invalid', '', ...)
prepare = None, binary = None

    def execute(
        self,
        query: Query,
        params: Params | None = None,
        *,
        prepare: bool | None = None,
        binary: bool | None = None,
    ) -> Self:
        """
        Execute a query or command to the database.
        """
        try:
            with self._conn.lock:
                self._conn.wait(
                    self._execute_gen(query, params, prepare=prepare, binary=binary)
                )
        except e._NO_TRACEBACK as ex:
>           raise ex.with_traceback(None)
E           psycopg.errors.UniqueViolation: duplicate key value violates unique constraint "accounts_user_email_key"
E           DETAIL:  Key (email)=(admission-service@example.invalid) already exists.

.venv/lib/python3.14/site-packages/psycopg/cursor.py:117: UniqueViolation

The above exception was the direct cause of the following exception:

settings = <pytest_django.fixtures.Settings object at 0x7049fff729e0>
monkeypatch = <_pytest.monkeypatch.MonkeyPatch object at 0x7049fffcdd00>
paid_observations = ({'id': 'in_qualified', 'object': 'invoice', 'status': 'paid', 'customer': 'cus_qualified', ...}, {'id': 'sub_qualifie...ied', 'quantity': 1, 'price': {'id': 'price_core_99', 'active': True, 'currency': 'usd', 'unit_amount': 9900, ...}}]}})

    @pytest.fixture
    def service(settings, monkeypatch, paid_observations):
        settings.BILLING_ADMISSION_WEBHOOK_SECRET = "whsec_synthetic_qualification"
        settings.BILLING_ADMISSION_STRIPE_KEY = "rk_test_synthetic_qualification"
        settings.BILLING_ADMISSION_ACCOUNT_ID = "acct_qualified"
        settings.BILLING_ADMISSION_LIVEMODE = False
        invoice, provider_subscription = paid_observations
>       user = get_user_model().objects.create_user(email="admission-service@example.invalid")
               ^^^^^^^^^^^^^^^^^^^^^^^^^^^^^^^^^^^^^^^^^^^^^^^^^^^^^^^^^^^^^^^^^^^^^^^^^^^^^^^

tests/test_billing_admission_service.py:41: 
_ _ _ _ _ _ _ _ _ _ _ _ _ _ _ _ _ _ _ _ _ _ _ _ _ _ _ _ _ _ _ _ _ _ _ _ _ _ _ _ 
apps/accounts/managers.py:29: in create_user
    user.save(using=self._db)
.venv/lib/python3.14/site-packages/django/contrib/auth/base_user.py:65: in save
    super().save(*args, **kwargs)
.venv/lib/python3.14/site-packages/django/db/models/base.py:902: in save
    self.save_base(
.venv/lib/python3.14/site-packages/django/db/models/base.py:1008: in save_base
    updated = self._save_table(
.venv/lib/python3.14/site-packages/django/db/models/base.py:1169: in _save_table
    results = self._do_insert(
.venv/lib/python3.14/site-packages/django/db/models/base.py:1210: in _do_insert
    return manager._insert(
.venv/lib/python3.14/site-packages/django/db/models/manager.py:87: in manager_method
    return getattr(self.get_queryset(), name)(*args, **kwargs)
           ^^^^^^^^^^^^^^^^^^^^^^^^^^^^^^^^^^^^^^^^^^^^^^^^^^^
.venv/lib/python3.14/site-packages/django/db/models/query.py:1873: in _insert
    return query.get_compiler(using=using).execute_sql(returning_fields)
           ^^^^^^^^^^^^^^^^^^^^^^^^^^^^^^^^^^^^^^^^^^^^^^^^^^^^^^^^^^^^^
.venv/lib/python3.14/site-packages/django/db/models/sql/compiler.py:1882: in execute_sql
    cursor.execute(sql, params)
.venv/lib/python3.14/site-packages/django/db/backends/utils.py:79: in execute
    return self._execute_with_wrappers(
.venv/lib/python3.14/site-packages/django/db/backends/utils.py:92: in _execute_with_wrappers
    return executor(sql, params, many, context)
           ^^^^^^^^^^^^^^^^^^^^^^^^^^^^^^^^^^^^
.venv/lib/python3.14/site-packages/django/db/backends/utils.py:100: in _execute
    with self.db.wrap_database_errors:
         ^^^^^^^^^^^^^^^^^^^^^^^^^^^^
.venv/lib/python3.14/site-packages/django/db/utils.py:91: in __exit__
    raise dj_exc_value.with_traceback(traceback) from exc_value
.venv/lib/python3.14/site-packages/django/db/backends/utils.py:105: in _execute
    return self.cursor.execute(sql, params)
           ^^^^^^^^^^^^^^^^^^^^^^^^^^^^^^^^
_ _ _ _ _ _ _ _ _ _ _ _ _ _ _ _ _ _ _ _ _ _ _ _ _ _ _ _ _ _ _ _ _ _ _ _ _ _ _ _ 

self = <django.db.backends.postgresql.base.Cursor [closed] [IDLE] (host=qualification-db user=postgres database=test_qualification) at 0x7049fff7d550>
query = 'INSERT INTO "accounts_user" ("password", "last_login", "is_superuser", "id", "email", "first_name", "last_name", "is_staff", "is_active", "date_joined") VALUES (%s, %s, %s, %s, %s, %s, %s, %s, %s, %s)'
params = ('!OEFQevEFHi7Tre91dxyiJE9yqbRNzu0XX1fUNj6j', None, False, UUID('05e296c6-5ba2-4aa7-a0d5-e072859e89ce'), 'admission-service@example.invalid', '', ...)
prepare = None, binary = None

    def execute(
        self,
        query: Query,
        params: Params | None = None,
        *,
        prepare: bool | None = None,
        binary: bool | None = None,
    ) -> Self:
        """
        Execute a query or command to the database.
        """
        try:
            with self._conn.lock:
                self._conn.wait(
                    self._execute_gen(query, params, prepare=prepare, binary=binary)
                )
        except e._NO_TRACEBACK as ex:
>           raise ex.with_traceback(None)
E           django.db.utils.IntegrityError: duplicate key value violates unique constraint "accounts_user_email_key"
E           DETAIL:  Key (email)=(admission-service@example.invalid) already exists.

.venv/lib/python3.14/site-packages/psycopg/cursor.py:117: IntegrityError
_ ERROR at teardown of test_bad_service_secret_fails_before_signature_or_provider[  ] _

self = <django.db.backends.utils.CursorWrapper object at 0x704a0001ab70>
sql = 'TRUNCATE "core_action_card_revisions", "job_recovery_receipts", "core_workflow_schedules", "integrations_quickbooksat...attempt", "core_workflow_runs", "auth_permission", "integrations_quickbooksevent", "django_session", "catalog_vendor";'
params = None
ignored_wrapper_args = (False, {'connection': <DatabaseWrapper vendor='postgresql' alias='default'>, 'cursor': <django.db.backends.utils.CursorWrapper object at 0x704a0001ab70>})

    def _execute(self, sql, params, *ignored_wrapper_args):
        # Raise a warning during app initialization (stored_app_configs is only
        # ever set during testing).
        if not apps.ready and not apps.stored_app_configs:
            warnings.warn(self.APPS_NOT_READY_WARNING_MSG, category=RuntimeWarning)
        self.db.validate_no_broken_transaction()
        with self.db.wrap_database_errors:
            if params is None:
                # params default might be backend specific.
>               return self.cursor.execute(sql)
                       ^^^^^^^^^^^^^^^^^^^^^^^^

.venv/lib/python3.14/site-packages/django/db/backends/utils.py:103: 
_ _ _ _ _ _ _ _ _ _ _ _ _ _ _ _ _ _ _ _ _ _ _ _ _ _ _ _ _ _ _ _ _ _ _ _ _ _ _ _ 

self = <django.db.backends.postgresql.base.Cursor [closed] [IDLE] (host=qualification-db user=postgres database=test_qualification) at 0x7049fff7d8d0>
query = 'TRUNCATE "core_action_card_revisions", "job_recovery_receipts", "core_workflow_schedules", "integrations_quickbooksat...attempt", "core_workflow_runs", "auth_permission", "integrations_quickbooksevent", "django_session", "catalog_vendor";'
params = None, prepare = None, binary = None

    def execute(
        self,
        query: Query,
        params: Params | None = None,
        *,
        prepare: bool | None = None,
        binary: bool | None = None,
    ) -> Self:
        """
        Execute a query or command to the database.
        """
        try:
            with self._conn.lock:
                self._conn.wait(
                    self._execute_gen(query, params, prepare=prepare, binary=binary)
                )
        except e._NO_TRACEBACK as ex:
>           raise ex.with_traceback(None)
E           psycopg.errors.FeatureNotSupported: cannot truncate a table referenced in a foreign key constraint
E           DETAIL:  Table "billing_admission_receipt" references "billing_paid_coverage".
E           HINT:  Truncate table "billing_admission_receipt" at the same time, or use TRUNCATE ... CASCADE.

.venv/lib/python3.14/site-packages/psycopg/cursor.py:117: FeatureNotSupported

The above exception was the direct cause of the following exception:

self = <django.core.management.commands.flush.Command object at 0x7049fff73360>
options = {'verbosity': 0, 'settings': None, 'pythonpath': None, 'traceback': False, ...}

        def handle(self, **options):
            database = options["database"]
            connection = connections[database]
            verbosity = options["verbosity"]
            interactive = options["interactive"]
            # The following are stealth options used by Django's internals.
            reset_sequences = options.get("reset_sequences", True)
            allow_cascade = options.get("allow_cascade", False)
            inhibit_post_migrate = options.get("inhibit_post_migrate", False)
    
            self.style = no_style()
    
            # Import the 'management' module within each installed app, to register
            # dispatcher events.
            for app_config in apps.get_app_configs():
                try:
                    import_module(".management", app_config.name)
                except ImportError:
                    pass
    
            sql_list = sql_flush(
                self.style,
                connection,
                reset_sequences=reset_sequences,
                allow_cascade=allow_cascade,
            )
    
            if interactive:
                confirm = input("""You have requested a flush of the database.
    This will IRREVERSIBLY DESTROY all data currently in the "%s" database,
    and return each table to an empty state.
    Are you sure you want to do this?
    
        Type 'yes' to continue, or 'no' to cancel: """ % connection.settings_dict["NAME"])
            else:
                confirm = "yes"
    
            if confirm == "yes":
                try:
>                   connection.ops.execute_sql_flush(sql_list)

.venv/lib/python3.14/site-packages/django/core/management/commands/flush.py:71: 
_ _ _ _ _ _ _ _ _ _ _ _ _ _ _ _ _ _ _ _ _ _ _ _ _ _ _ _ _ _ _ _ _ _ _ _ _ _ _ _ 
.venv/lib/python3.14/site-packages/django/db/backends/base/operations.py:473: in execute_sql_flush
    cursor.execute(sql)
.venv/lib/python3.14/site-packages/django/db/backends/utils.py:79: in execute
    return self._execute_with_wrappers(
.venv/lib/python3.14/site-packages/django/db/backends/utils.py:92: in _execute_with_wrappers
    return executor(sql, params, many, context)
           ^^^^^^^^^^^^^^^^^^^^^^^^^^^^^^^^^^^^
.venv/lib/python3.14/site-packages/django/db/backends/utils.py:100: in _execute
    with self.db.wrap_database_errors:
         ^^^^^^^^^^^^^^^^^^^^^^^^^^^^
.venv/lib/python3.14/site-packages/django/db/utils.py:91: in __exit__
    raise dj_exc_value.with_traceback(traceback) from exc_value
.venv/lib/python3.14/site-packages/django/db/backends/utils.py:103: in _execute
    return self.cursor.execute(sql)
           ^^^^^^^^^^^^^^^^^^^^^^^^
_ _ _ _ _ _ _ _ _ _ _ _ _ _ _ _ _ _ _ _ _ _ _ _ _ _ _ _ _ _ _ _ _ _ _ _ _ _ _ _ 

self = <django.db.backends.postgresql.base.Cursor [closed] [IDLE] (host=qualification-db user=postgres database=test_qualification) at 0x7049fff7d8d0>
query = 'TRUNCATE "core_action_card_revisions", "job_recovery_receipts", "core_workflow_schedules", "integrations_quickbooksat...attempt", "core_workflow_runs", "auth_permission", "integrations_quickbooksevent", "django_session", "catalog_vendor";'
params = None, prepare = None, binary = None

    def execute(
        self,
        query: Query,
        params: Params | None = None,
        *,
        prepare: bool | None = None,
        binary: bool | None = None,
    ) -> Self:
        """
        Execute a query or command to the database.
        """
        try:
            with self._conn.lock:
                self._conn.wait(
                    self._execute_gen(query, params, prepare=prepare, binary=binary)
                )
        except e._NO_TRACEBACK as ex:
>           raise ex.with_traceback(None)
E           django.db.utils.NotSupportedError: cannot truncate a table referenced in a foreign key constraint
E           DETAIL:  Table "billing_admission_receipt" references "billing_paid_coverage".
E           HINT:  Truncate table "billing_admission_receipt" at the same time, or use TRUNCATE ... CASCADE.

.venv/lib/python3.14/site-packages/psycopg/cursor.py:117: NotSupportedError

The above exception was the direct cause of the following exception:

request = <SubRequest '_django_db_helper' for <Function test_bad_service_secret_fails_before_signature_or_provider[  ]>>
django_db_setup = None
django_db_blocker = <pytest_django.plugin.DjangoDbBlocker object at 0x704a05d7d010>

    @pytest.fixture
    def _django_db_helper(
        request: pytest.FixtureRequest,
        django_db_setup: None,  # noqa: ARG001
        django_db_blocker: DjangoDbBlocker,
    ) -> Generator[None]:
        if is_django_unittest(request):
            yield
            return
    
        from django import VERSION
    
        marker = request.node.get_closest_marker("django_db")
        if marker:
            (
                transactional,
                reset_sequences,
                databases,
                serialized_rollback,
                available_apps,
            ) = validate_django_db(marker)
        else:
            (
                transactional,
                reset_sequences,
                databases,
                serialized_rollback,
                available_apps,
            ) = False, False, None, False, None
    
        transactional = (
            transactional
            or reset_sequences
            or ("transactional_db" in request.fixturenames or "live_server" in request.fixturenames)
        )
        reset_sequences = reset_sequences or ("django_db_reset_sequences" in request.fixturenames)
        serialized_rollback = serialized_rollback or (
            "django_db_serialized_rollback" in request.fixturenames
        )
    
        with django_db_blocker.unblock():
            import django.db
            import django.test
    
            if transactional:
                test_case_class = django.test.TransactionTestCase
            else:
                test_case_class = django.test.TestCase
    
            _reset_sequences = reset_sequences
            _serialized_rollback = serialized_rollback
            _databases = databases
            _available_apps = available_apps
    
            class PytestDjangoTestCase(test_case_class):  # type: ignore[misc,valid-type]
                reset_sequences = _reset_sequences
                serialized_rollback = _serialized_rollback
                if _databases is not None:
                    databases = _databases
                if _available_apps is not None:
                    available_apps = _available_apps
    
                # For non-transactional tests, skip executing `django.test.TestCase`'s
                # `setUpClass`/`tearDownClass`, only execute the super class ones.
                #
                # `TestCase`'s class setup manages the `setUpTestData`/class-level
                # transaction functionality. We don't use it; instead we (will) offer
                # our own alternatives. So it only adds overhead, and does some things
                # which conflict with our (planned) functionality, particularly, it
                # closes all database connections in `tearDownClass` which inhibits
                # wrapping tests in higher-scoped transactions.
                #
                # It's possible a new version of Django will add some unrelated
                # functionality to these methods, in which case skipping them completely
                # would not be desirable. Let's cross that bridge when we get there...
                if not transactional:
    
                    @classmethod
                    def setUpClass(cls) -> None:
                        super(django.test.TestCase, cls).setUpClass()
    
                    @classmethod
                    def tearDownClass(cls) -> None:
                        super(django.test.TestCase, cls).tearDownClass()
    
            PytestDjangoTestCase.setUpClass()
    
            test_case = PytestDjangoTestCase(methodName="__init__")
            if VERSION >= (6, 0):
                pre_setup_ran_eagerly = PytestDjangoTestCase._pre_setup_ran_eagerly
            else:
                pre_setup_ran_eagerly = getattr(PytestDjangoTestCase, "_pre_setup_ran_eagerly", False)
            if not pre_setup_ran_eagerly:
                # For a TransactionTestCase, setUpClass() has already run _pre_setup() and set
                # this flag to say so.
                test_case._pre_setup()
    
            yield
    
>           test_case._post_teardown()

.venv/lib/python3.14/site-packages/pytest_django/fixtures.py:305: 
_ _ _ _ _ _ _ _ _ _ _ _ _ _ _ _ _ _ _ _ _ _ _ _ _ _ _ _ _ _ _ _ _ _ _ _ _ _ _ _ 
.venv/lib/python3.14/site-packages/django/test/testcases.py:1231: in _post_teardown
    self._fixture_teardown()
.venv/lib/python3.14/site-packages/django/test/testcases.py:1266: in _fixture_teardown
    call_command(
.venv/lib/python3.14/site-packages/django/core/management/__init__.py:194: in call_command
    return command.execute(*args, **defaults)
           ^^^^^^^^^^^^^^^^^^^^^^^^^^^^^^^^^^
.venv/lib/python3.14/site-packages/django/core/management/base.py:464: in execute
    output = self.handle(*args, **options)
             ^^^^^^^^^^^^^^^^^^^^^^^^^^^^^
_ _ _ _ _ _ _ _ _ _ _ _ _ _ _ _ _ _ _ _ _ _ _ _ _ _ _ _ _ _ _ _ _ _ _ _ _ _ _ _ 

self = <django.core.management.commands.flush.Command object at 0x7049fff73360>
options = {'verbosity': 0, 'settings': None, 'pythonpath': None, 'traceback': False, ...}

        def handle(self, **options):
            database = options["database"]
            connection = connections[database]
            verbosity = options["verbosity"]
            interactive = options["interactive"]
            # The following are stealth options used by Django's internals.
            reset_sequences = options.get("reset_sequences", True)
            allow_cascade = options.get("allow_cascade", False)
            inhibit_post_migrate = options.get("inhibit_post_migrate", False)
    
            self.style = no_style()
    
            # Import the 'management' module within each installed app, to register
            # dispatcher events.
            for app_config in apps.get_app_configs():
                try:
                    import_module(".management", app_config.name)
                except ImportError:
                    pass
    
            sql_list = sql_flush(
                self.style,
                connection,
                reset_sequences=reset_sequences,
                allow_cascade=allow_cascade,
            )
    
            if interactive:
                confirm = input("""You have requested a flush of the database.
    This will IRREVERSIBLY DESTROY all data currently in the "%s" database,
    and return each table to an empty state.
    Are you sure you want to do this?
    
        Type 'yes' to continue, or 'no' to cancel: """ % connection.settings_dict["NAME"])
            else:
                confirm = "yes"
    
            if confirm == "yes":
                try:
                    connection.ops.execute_sql_flush(sql_list)
                except Exception as exc:
>                   raise CommandError(
                        "Database %s couldn't be flushed. Possible reasons:\n"
                        "  * The database isn't running or isn't configured correctly.\n"
                        "  * At least one of the expected database tables doesn't exist.\n"
                        "  * The SQL was invalid.\n"
                        "Hint: Look at the output of 'django-admin sqlflush'. "
                        "That's the SQL this command wasn't able to run."
                        % (connection.settings_dict["NAME"],)
                    ) from exc
E                   django.core.management.base.CommandError: Database test_qualification couldn't be flushed. Possible reasons:
E                     * The database isn't running or isn't configured correctly.
E                     * At least one of the expected database tables doesn't exist.
E                     * The SQL was invalid.
E                   Hint: Look at the output of 'django-admin sqlflush'. That's the SQL this command wasn't able to run.

.venv/lib/python3.14/site-packages/django/core/management/commands/flush.py:73: CommandError
_ ERROR at setup of test_bad_service_secret_fails_before_signature_or_provider[wrong] _

self = <django.db.backends.utils.CursorWrapper object at 0x704a0002c770>
sql = 'INSERT INTO "accounts_user" ("password", "last_login", "is_superuser", "id", "email", "first_name", "last_name", "is_staff", "is_active", "date_joined") VALUES (%s, %s, %s, %s, %s, %s, %s, %s, %s, %s)'
params = ('!WEQX7RAwJ6GYb0JhXuSlfevjnRllw0N2yZn8c9N6', None, False, UUID('245f1568-fb02-47a4-a31b-fe87b52ead97'), 'admission-service@example.invalid', '', ...)
ignored_wrapper_args = (False, {'connection': <DatabaseWrapper vendor='postgresql' alias='default'>, 'cursor': <django.db.backends.utils.CursorWrapper object at 0x704a0002c770>})

    def _execute(self, sql, params, *ignored_wrapper_args):
        # Raise a warning during app initialization (stored_app_configs is only
        # ever set during testing).
        if not apps.ready and not apps.stored_app_configs:
            warnings.warn(self.APPS_NOT_READY_WARNING_MSG, category=RuntimeWarning)
        self.db.validate_no_broken_transaction()
        with self.db.wrap_database_errors:
            if params is None:
                # params default might be backend specific.
                return self.cursor.execute(sql)
            else:
>               return self.cursor.execute(sql, params)
                       ^^^^^^^^^^^^^^^^^^^^^^^^^^^^^^^^

.venv/lib/python3.14/site-packages/django/db/backends/utils.py:105: 
_ _ _ _ _ _ _ _ _ _ _ _ _ _ _ _ _ _ _ _ _ _ _ _ _ _ _ _ _ _ _ _ _ _ _ _ _ _ _ _ 

self = <django.db.backends.postgresql.base.Cursor [closed] [IDLE] (host=qualification-db user=postgres database=test_qualification) at 0x7049fff7e890>
query = 'INSERT INTO "accounts_user" ("password", "last_login", "is_superuser", "id", "email", "first_name", "last_name", "is_staff", "is_active", "date_joined") VALUES (%s, %s, %s, %s, %s, %s, %s, %s, %s, %s)'
params = ('!WEQX7RAwJ6GYb0JhXuSlfevjnRllw0N2yZn8c9N6', None, False, UUID('245f1568-fb02-47a4-a31b-fe87b52ead97'), 'admission-service@example.invalid', '', ...)
prepare = None, binary = None

    def execute(
        self,
        query: Query,
        params: Params | None = None,
        *,
        prepare: bool | None = None,
        binary: bool | None = None,
    ) -> Self:
        """
        Execute a query or command to the database.
        """
        try:
            with self._conn.lock:
                self._conn.wait(
                    self._execute_gen(query, params, prepare=prepare, binary=binary)
                )
        except e._NO_TRACEBACK as ex:
>           raise ex.with_traceback(None)
E           psycopg.errors.UniqueViolation: duplicate key value violates unique constraint "accounts_user_email_key"
E           DETAIL:  Key (email)=(admission-service@example.invalid) already exists.

.venv/lib/python3.14/site-packages/psycopg/cursor.py:117: UniqueViolation

The above exception was the direct cause of the following exception:

settings = <pytest_django.fixtures.Settings object at 0x7049fff73ce0>
monkeypatch = <_pytest.monkeypatch.MonkeyPatch object at 0x7049ffd17b50>
paid_observations = ({'id': 'in_qualified', 'object': 'invoice', 'status': 'paid', 'customer': 'cus_qualified', ...}, {'id': 'sub_qualifie...ied', 'quantity': 1, 'price': {'id': 'price_core_99', 'active': True, 'currency': 'usd', 'unit_amount': 9900, ...}}]}})

    @pytest.fixture
    def service(settings, monkeypatch, paid_observations):
        settings.BILLING_ADMISSION_WEBHOOK_SECRET = "whsec_synthetic_qualification"
        settings.BILLING_ADMISSION_STRIPE_KEY = "rk_test_synthetic_qualification"
        settings.BILLING_ADMISSION_ACCOUNT_ID = "acct_qualified"
        settings.BILLING_ADMISSION_LIVEMODE = False
        invoice, provider_subscription = paid_observations
>       user = get_user_model().objects.create_user(email="admission-service@example.invalid")
               ^^^^^^^^^^^^^^^^^^^^^^^^^^^^^^^^^^^^^^^^^^^^^^^^^^^^^^^^^^^^^^^^^^^^^^^^^^^^^^^

tests/test_billing_admission_service.py:41: 
_ _ _ _ _ _ _ _ _ _ _ _ _ _ _ _ _ _ _ _ _ _ _ _ _ _ _ _ _ _ _ _ _ _ _ _ _ _ _ _ 
apps/accounts/managers.py:29: in create_user
    user.save(using=self._db)
.venv/lib/python3.14/site-packages/django/contrib/auth/base_user.py:65: in save
    super().save(*args, **kwargs)
.venv/lib/python3.14/site-packages/django/db/models/base.py:902: in save
    self.save_base(
.venv/lib/python3.14/site-packages/django/db/models/base.py:1008: in save_base
    updated = self._save_table(
.venv/lib/python3.14/site-packages/django/db/models/base.py:1169: in _save_table
    results = self._do_insert(
.venv/lib/python3.14/site-packages/django/db/models/base.py:1210: in _do_insert
    return manager._insert(
.venv/lib/python3.14/site-packages/django/db/models/manager.py:87: in manager_method
    return getattr(self.get_queryset(), name)(*args, **kwargs)
           ^^^^^^^^^^^^^^^^^^^^^^^^^^^^^^^^^^^^^^^^^^^^^^^^^^^
.venv/lib/python3.14/site-packages/django/db/models/query.py:1873: in _insert
    return query.get_compiler(using=using).execute_sql(returning_fields)
           ^^^^^^^^^^^^^^^^^^^^^^^^^^^^^^^^^^^^^^^^^^^^^^^^^^^^^^^^^^^^^
.venv/lib/python3.14/site-packages/django/db/models/sql/compiler.py:1882: in execute_sql
    cursor.execute(sql, params)
.venv/lib/python3.14/site-packages/django/db/backends/utils.py:79: in execute
    return self._execute_with_wrappers(
.venv/lib/python3.14/site-packages/django/db/backends/utils.py:92: in _execute_with_wrappers
    return executor(sql, params, many, context)
           ^^^^^^^^^^^^^^^^^^^^^^^^^^^^^^^^^^^^
.venv/lib/python3.14/site-packages/django/db/backends/utils.py:100: in _execute
    with self.db.wrap_database_errors:
         ^^^^^^^^^^^^^^^^^^^^^^^^^^^^
.venv/lib/python3.14/site-packages/django/db/utils.py:91: in __exit__
    raise dj_exc_value.with_traceback(traceback) from exc_value
.venv/lib/python3.14/site-packages/django/db/backends/utils.py:105: in _execute
    return self.cursor.execute(sql, params)
           ^^^^^^^^^^^^^^^^^^^^^^^^^^^^^^^^
_ _ _ _ _ _ _ _ _ _ _ _ _ _ _ _ _ _ _ _ _ _ _ _ _ _ _ _ _ _ _ _ _ _ _ _ _ _ _ _ 

self = <django.db.backends.postgresql.base.Cursor [closed] [IDLE] (host=qualification-db user=postgres database=test_qualification) at 0x7049fff7e890>
query = 'INSERT INTO "accounts_user" ("password", "last_login", "is_superuser", "id", "email", "first_name", "last_name", "is_staff", "is_active", "date_joined") VALUES (%s, %s, %s, %s, %s, %s, %s, %s, %s, %s)'
params = ('!WEQX7RAwJ6GYb0JhXuSlfevjnRllw0N2yZn8c9N6', None, False, UUID('245f1568-fb02-47a4-a31b-fe87b52ead97'), 'admission-service@example.invalid', '', ...)
prepare = None, binary = None

    def execute(
        self,
        query: Query,
        params: Params | None = None,
        *,
        prepare: bool | None = None,
        binary: bool | None = None,
    ) -> Self:
        """
        Execute a query or command to the database.
        """
        try:
            with self._conn.lock:
                self._conn.wait(
                    self._execute_gen(query, params, prepare=prepare, binary=binary)
                )
        except e._NO_TRACEBACK as ex:
>           raise ex.with_traceback(None)
E           django.db.utils.IntegrityError: duplicate key value violates unique constraint "accounts_user_email_key"
E           DETAIL:  Key (email)=(admission-service@example.invalid) already exists.

.venv/lib/python3.14/site-packages/psycopg/cursor.py:117: IntegrityError
_ ERROR at teardown of test_bad_service_secret_fails_before_signature_or_provider[wrong] _

self = <django.db.backends.utils.CursorWrapper object at 0x704a0002f770>
sql = 'TRUNCATE "core_action_card_revisions", "job_recovery_receipts", "core_workflow_schedules", "integrations_quickbooksat...attempt", "core_workflow_runs", "auth_permission", "integrations_quickbooksevent", "django_session", "catalog_vendor";'
params = None
ignored_wrapper_args = (False, {'connection': <DatabaseWrapper vendor='postgresql' alias='default'>, 'cursor': <django.db.backends.utils.CursorWrapper object at 0x704a0002f770>})

    def _execute(self, sql, params, *ignored_wrapper_args):
        # Raise a warning during app initialization (stored_app_configs is only
        # ever set during testing).
        if not apps.ready and not apps.stored_app_configs:
            warnings.warn(self.APPS_NOT_READY_WARNING_MSG, category=RuntimeWarning)
        self.db.validate_no_broken_transaction()
        with self.db.wrap_database_errors:
            if params is None:
                # params default might be backend specific.
>               return self.cursor.execute(sql)
                       ^^^^^^^^^^^^^^^^^^^^^^^^

.venv/lib/python3.14/site-packages/django/db/backends/utils.py:103: 
_ _ _ _ _ _ _ _ _ _ _ _ _ _ _ _ _ _ _ _ _ _ _ _ _ _ _ _ _ _ _ _ _ _ _ _ _ _ _ _ 

self = <django.db.backends.postgresql.base.Cursor [closed] [IDLE] (host=qualification-db user=postgres database=test_qualification) at 0x7049fff7e350>
query = 'TRUNCATE "core_action_card_revisions", "job_recovery_receipts", "core_workflow_schedules", "integrations_quickbooksat...attempt", "core_workflow_runs", "auth_permission", "integrations_quickbooksevent", "django_session", "catalog_vendor";'
params = None, prepare = None, binary = None

    def execute(
        self,
        query: Query,
        params: Params | None = None,
        *,
        prepare: bool | None = None,
        binary: bool | None = None,
    ) -> Self:
        """
        Execute a query or command to the database.
        """
        try:
            with self._conn.lock:
                self._conn.wait(
                    self._execute_gen(query, params, prepare=prepare, binary=binary)
                )
        except e._NO_TRACEBACK as ex:
>           raise ex.with_traceback(None)
E           psycopg.errors.FeatureNotSupported: cannot truncate a table referenced in a foreign key constraint
E           DETAIL:  Table "billing_admission_receipt" references "billing_paid_coverage".
E           HINT:  Truncate table "billing_admission_receipt" at the same time, or use TRUNCATE ... CASCADE.

.venv/lib/python3.14/site-packages/psycopg/cursor.py:117: FeatureNotSupported

The above exception was the direct cause of the following exception:

self = <django.core.management.commands.flush.Command object at 0x7049fff73230>
options = {'verbosity': 0, 'settings': None, 'pythonpath': None, 'traceback': False, ...}

        def handle(self, **options):
            database = options["database"]
            connection = connections[database]
            verbosity = options["verbosity"]
            interactive = options["interactive"]
            # The following are stealth options used by Django's internals.
            reset_sequences = options.get("reset_sequences", True)
            allow_cascade = options.get("allow_cascade", False)
            inhibit_post_migrate = options.get("inhibit_post_migrate", False)
    
            self.style = no_style()
    
            # Import the 'management' module within each installed app, to register
            # dispatcher events.
            for app_config in apps.get_app_configs():
                try:
                    import_module(".management", app_config.name)
                except ImportError:
                    pass
    
            sql_list = sql_flush(
                self.style,
                connection,
                reset_sequences=reset_sequences,
                allow_cascade=allow_cascade,
            )
    
            if interactive:
                confirm = input("""You have requested a flush of the database.
    This will IRREVERSIBLY DESTROY all data currently in the "%s" database,
    and return each table to an empty state.
    Are you sure you want to do this?
    
        Type 'yes' to continue, or 'no' to cancel: """ % connection.settings_dict["NAME"])
            else:
                confirm = "yes"
    
            if confirm == "yes":
                try:
>                   connection.ops.execute_sql_flush(sql_list)

.venv/lib/python3.14/site-packages/django/core/management/commands/flush.py:71: 
_ _ _ _ _ _ _ _ _ _ _ _ _ _ _ _ _ _ _ _ _ _ _ _ _ _ _ _ _ _ _ _ _ _ _ _ _ _ _ _ 
.venv/lib/python3.14/site-packages/django/db/backends/base/operations.py:473: in execute_sql_flush
    cursor.execute(sql)
.venv/lib/python3.14/site-packages/django/db/backends/utils.py:79: in execute
    return self._execute_with_wrappers(
.venv/lib/python3.14/site-packages/django/db/backends/utils.py:92: in _execute_with_wrappers
    return executor(sql, params, many, context)
           ^^^^^^^^^^^^^^^^^^^^^^^^^^^^^^^^^^^^
.venv/lib/python3.14/site-packages/django/db/backends/utils.py:100: in _execute
    with self.db.wrap_database_errors:
         ^^^^^^^^^^^^^^^^^^^^^^^^^^^^
.venv/lib/python3.14/site-packages/django/db/utils.py:91: in __exit__
    raise dj_exc_value.with_traceback(traceback) from exc_value
.venv/lib/python3.14/site-packages/django/db/backends/utils.py:103: in _execute
    return self.cursor.execute(sql)
           ^^^^^^^^^^^^^^^^^^^^^^^^
_ _ _ _ _ _ _ _ _ _ _ _ _ _ _ _ _ _ _ _ _ _ _ _ _ _ _ _ _ _ _ _ _ _ _ _ _ _ _ _ 

self = <django.db.backends.postgresql.base.Cursor [closed] [IDLE] (host=qualification-db user=postgres database=test_qualification) at 0x7049fff7e350>
query = 'TRUNCATE "core_action_card_revisions", "job_recovery_receipts", "core_workflow_schedules", "integrations_quickbooksat...attempt", "core_workflow_runs", "auth_permission", "integrations_quickbooksevent", "django_session", "catalog_vendor";'
params = None, prepare = None, binary = None

    def execute(
        self,
        query: Query,
        params: Params | None = None,
        *,
        prepare: bool | None = None,
        binary: bool | None = None,
    ) -> Self:
        """
        Execute a query or command to the database.
        """
        try:
            with self._conn.lock:
                self._conn.wait(
                    self._execute_gen(query, params, prepare=prepare, binary=binary)
                )
        except e._NO_TRACEBACK as ex:
>           raise ex.with_traceback(None)
E           django.db.utils.NotSupportedError: cannot truncate a table referenced in a foreign key constraint
E           DETAIL:  Table "billing_admission_receipt" references "billing_paid_coverage".
E           HINT:  Truncate table "billing_admission_receipt" at the same time, or use TRUNCATE ... CASCADE.

.venv/lib/python3.14/site-packages/psycopg/cursor.py:117: NotSupportedError

The above exception was the direct cause of the following exception:

request = <SubRequest '_django_db_helper' for <Function test_bad_service_secret_fails_before_signature_or_provider[wrong]>>
django_db_setup = None
django_db_blocker = <pytest_django.plugin.DjangoDbBlocker object at 0x704a05d7d010>

    @pytest.fixture
    def _django_db_helper(
        request: pytest.FixtureRequest,
        django_db_setup: None,  # noqa: ARG001
        django_db_blocker: DjangoDbBlocker,
    ) -> Generator[None]:
        if is_django_unittest(request):
            yield
            return
    
        from django import VERSION
    
        marker = request.node.get_closest_marker("django_db")
        if marker:
            (
                transactional,
                reset_sequences,
                databases,
                serialized_rollback,
                available_apps,
            ) = validate_django_db(marker)
        else:
            (
                transactional,
                reset_sequences,
                databases,
                serialized_rollback,
                available_apps,
            ) = False, False, None, False, None
    
        transactional = (
            transactional
            or reset_sequences
            or ("transactional_db" in request.fixturenames or "live_server" in request.fixturenames)
        )
        reset_sequences = reset_sequences or ("django_db_reset_sequences" in request.fixturenames)
        serialized_rollback = serialized_rollback or (
            "django_db_serialized_rollback" in request.fixturenames
        )
    
        with django_db_blocker.unblock():
            import django.db
            import django.test
    
            if transactional:
                test_case_class = django.test.TransactionTestCase
            else:
                test_case_class = django.test.TestCase
    
            _reset_sequences = reset_sequences
            _serialized_rollback = serialized_rollback
            _databases = databases
            _available_apps = available_apps
    
            class PytestDjangoTestCase(test_case_class):  # type: ignore[misc,valid-type]
                reset_sequences = _reset_sequences
                serialized_rollback = _serialized_rollback
                if _databases is not None:
                    databases = _databases
                if _available_apps is not None:
                    available_apps = _available_apps
    
                # For non-transactional tests, skip executing `django.test.TestCase`'s
                # `setUpClass`/`tearDownClass`, only execute the super class ones.
                #
                # `TestCase`'s class setup manages the `setUpTestData`/class-level
                # transaction functionality. We don't use it; instead we (will) offer
                # our own alternatives. So it only adds overhead, and does some things
                # which conflict with our (planned) functionality, particularly, it
                # closes all database connections in `tearDownClass` which inhibits
                # wrapping tests in higher-scoped transactions.
                #
                # It's possible a new version of Django will add some unrelated
                # functionality to these methods, in which case skipping them completely
                # would not be desirable. Let's cross that bridge when we get there...
                if not transactional:
    
                    @classmethod
                    def setUpClass(cls) -> None:
                        super(django.test.TestCase, cls).setUpClass()
    
                    @classmethod
                    def tearDownClass(cls) -> None:
                        super(django.test.TestCase, cls).tearDownClass()
    
            PytestDjangoTestCase.setUpClass()
    
            test_case = PytestDjangoTestCase(methodName="__init__")
            if VERSION >= (6, 0):
                pre_setup_ran_eagerly = PytestDjangoTestCase._pre_setup_ran_eagerly
            else:
                pre_setup_ran_eagerly = getattr(PytestDjangoTestCase, "_pre_setup_ran_eagerly", False)
            if not pre_setup_ran_eagerly:
                # For a TransactionTestCase, setUpClass() has already run _pre_setup() and set
                # this flag to say so.
                test_case._pre_setup()
    
            yield
    
>           test_case._post_teardown()

.venv/lib/python3.14/site-packages/pytest_django/fixtures.py:305: 
_ _ _ _ _ _ _ _ _ _ _ _ _ _ _ _ _ _ _ _ _ _ _ _ _ _ _ _ _ _ _ _ _ _ _ _ _ _ _ _ 
.venv/lib/python3.14/site-packages/django/test/testcases.py:1231: in _post_teardown
    self._fixture_teardown()
.venv/lib/python3.14/site-packages/django/test/testcases.py:1266: in _fixture_teardown
    call_command(
.venv/lib/python3.14/site-packages/django/core/management/__init__.py:194: in call_command
    return command.execute(*args, **defaults)
           ^^^^^^^^^^^^^^^^^^^^^^^^^^^^^^^^^^
.venv/lib/python3.14/site-packages/django/core/management/base.py:464: in execute
    output = self.handle(*args, **options)
             ^^^^^^^^^^^^^^^^^^^^^^^^^^^^^
_ _ _ _ _ _ _ _ _ _ _ _ _ _ _ _ _ _ _ _ _ _ _ _ _ _ _ _ _ _ _ _ _ _ _ _ _ _ _ _ 

self = <django.core.management.commands.flush.Command object at 0x7049fff73230>
options = {'verbosity': 0, 'settings': None, 'pythonpath': None, 'traceback': False, ...}

        def handle(self, **options):
            database = options["database"]
            connection = connections[database]
            verbosity = options["verbosity"]
            interactive = options["interactive"]
            # The following are stealth options used by Django's internals.
            reset_sequences = options.get("reset_sequences", True)
            allow_cascade = options.get("allow_cascade", False)
            inhibit_post_migrate = options.get("inhibit_post_migrate", False)
    
            self.style = no_style()
    
            # Import the 'management' module within each installed app, to register
            # dispatcher events.
            for app_config in apps.get_app_configs():
                try:
                    import_module(".management", app_config.name)
                except ImportError:
                    pass
    
            sql_list = sql_flush(
                self.style,
                connection,
                reset_sequences=reset_sequences,
                allow_cascade=allow_cascade,
            )
    
            if interactive:
                confirm = input("""You have requested a flush of the database.
    This will IRREVERSIBLY DESTROY all data currently in the "%s" database,
    and return each table to an empty state.
    Are you sure you want to do this?
    
        Type 'yes' to continue, or 'no' to cancel: """ % connection.settings_dict["NAME"])
            else:
                confirm = "yes"
    
            if confirm == "yes":
                try:
                    connection.ops.execute_sql_flush(sql_list)
                except Exception as exc:
>                   raise CommandError(
                        "Database %s couldn't be flushed. Possible reasons:\n"
                        "  * The database isn't running or isn't configured correctly.\n"
                        "  * At least one of the expected database tables doesn't exist.\n"
                        "  * The SQL was invalid.\n"
                        "Hint: Look at the output of 'django-admin sqlflush'. "
                        "That's the SQL this command wasn't able to run."
                        % (connection.settings_dict["NAME"],)
                    ) from exc
E                   django.core.management.base.CommandError: Database test_qualification couldn't be flushed. Possible reasons:
E                     * The database isn't running or isn't configured correctly.
E                     * At least one of the expected database tables doesn't exist.
E                     * The SQL was invalid.
E                   Hint: Look at the output of 'django-admin sqlflush'. That's the SQL this command wasn't able to run.

.venv/lib/python3.14/site-packages/django/core/management/commands/flush.py:73: CommandError
__ ERROR at setup of test_forged_signature_and_wrong_role_never_call_provider __

self = <django.db.backends.utils.CursorWrapper object at 0x704a00a64710>
sql = 'INSERT INTO "accounts_user" ("password", "last_login", "is_superuser", "id", "email", "first_name", "last_name", "is_staff", "is_active", "date_joined") VALUES (%s, %s, %s, %s, %s, %s, %s, %s, %s, %s)'
params = ('!38yXPMauz7S3WGAvmiIpezk6VLDXktyulXqypAT6', None, False, UUID('719bce4e-a21b-4bd1-ac78-ac9d6c423837'), 'admission-service@example.invalid', '', ...)
ignored_wrapper_args = (False, {'connection': <DatabaseWrapper vendor='postgresql' alias='default'>, 'cursor': <django.db.backends.utils.CursorWrapper object at 0x704a00a64710>})

    def _execute(self, sql, params, *ignored_wrapper_args):
        # Raise a warning during app initialization (stored_app_configs is only
        # ever set during testing).
        if not apps.ready and not apps.stored_app_configs:
            warnings.warn(self.APPS_NOT_READY_WARNING_MSG, category=RuntimeWarning)
        self.db.validate_no_broken_transaction()
        with self.db.wrap_database_errors:
            if params is None:
                # params default might be backend specific.
                return self.cursor.execute(sql)
            else:
>               return self.cursor.execute(sql, params)
                       ^^^^^^^^^^^^^^^^^^^^^^^^^^^^^^^^

.venv/lib/python3.14/site-packages/django/db/backends/utils.py:105: 
_ _ _ _ _ _ _ _ _ _ _ _ _ _ _ _ _ _ _ _ _ _ _ _ _ _ _ _ _ _ _ _ _ _ _ _ _ _ _ _ 

self = <django.db.backends.postgresql.base.Cursor [closed] [IDLE] (host=qualification-db user=postgres database=test_qualification) at 0x7049fff7f4d0>
query = 'INSERT INTO "accounts_user" ("password", "last_login", "is_superuser", "id", "email", "first_name", "last_name", "is_staff", "is_active", "date_joined") VALUES (%s, %s, %s, %s, %s, %s, %s, %s, %s, %s)'
params = ('!38yXPMauz7S3WGAvmiIpezk6VLDXktyulXqypAT6', None, False, UUID('719bce4e-a21b-4bd1-ac78-ac9d6c423837'), 'admission-service@example.invalid', '', ...)
prepare = None, binary = None

    def execute(
        self,
        query: Query,
        params: Params | None = None,
        *,
        prepare: bool | None = None,
        binary: bool | None = None,
    ) -> Self:
        """
        Execute a query or command to the database.
        """
        try:
            with self._conn.lock:
                self._conn.wait(
                    self._execute_gen(query, params, prepare=prepare, binary=binary)
                )
        except e._NO_TRACEBACK as ex:
>           raise ex.with_traceback(None)
E           psycopg.errors.UniqueViolation: duplicate key value violates unique constraint "accounts_user_email_key"
E           DETAIL:  Key (email)=(admission-service@example.invalid) already exists.

.venv/lib/python3.14/site-packages/psycopg/cursor.py:117: UniqueViolation

The above exception was the direct cause of the following exception:

settings = <pytest_django.fixtures.Settings object at 0x7049ffe91c70>
monkeypatch = <_pytest.monkeypatch.MonkeyPatch object at 0x704a00b15450>
paid_observations = ({'id': 'in_qualified', 'object': 'invoice', 'status': 'paid', 'customer': 'cus_qualified', ...}, {'id': 'sub_qualifie...ied', 'quantity': 1, 'price': {'id': 'price_core_99', 'active': True, 'currency': 'usd', 'unit_amount': 9900, ...}}]}})

    @pytest.fixture
    def service(settings, monkeypatch, paid_observations):
        settings.BILLING_ADMISSION_WEBHOOK_SECRET = "whsec_synthetic_qualification"
        settings.BILLING_ADMISSION_STRIPE_KEY = "rk_test_synthetic_qualification"
        settings.BILLING_ADMISSION_ACCOUNT_ID = "acct_qualified"
        settings.BILLING_ADMISSION_LIVEMODE = False
        invoice, provider_subscription = paid_observations
>       user = get_user_model().objects.create_user(email="admission-service@example.invalid")
               ^^^^^^^^^^^^^^^^^^^^^^^^^^^^^^^^^^^^^^^^^^^^^^^^^^^^^^^^^^^^^^^^^^^^^^^^^^^^^^^

tests/test_billing_admission_service.py:41: 
_ _ _ _ _ _ _ _ _ _ _ _ _ _ _ _ _ _ _ _ _ _ _ _ _ _ _ _ _ _ _ _ _ _ _ _ _ _ _ _ 
apps/accounts/managers.py:29: in create_user
    user.save(using=self._db)
.venv/lib/python3.14/site-packages/django/contrib/auth/base_user.py:65: in save
    super().save(*args, **kwargs)
.venv/lib/python3.14/site-packages/django/db/models/base.py:902: in save
    self.save_base(
.venv/lib/python3.14/site-packages/django/db/models/base.py:1008: in save_base
    updated = self._save_table(
.venv/lib/python3.14/site-packages/django/db/models/base.py:1169: in _save_table
    results = self._do_insert(
.venv/lib/python3.14/site-packages/django/db/models/base.py:1210: in _do_insert
    return manager._insert(
.venv/lib/python3.14/site-packages/django/db/models/manager.py:87: in manager_method
    return getattr(self.get_queryset(), name)(*args, **kwargs)
           ^^^^^^^^^^^^^^^^^^^^^^^^^^^^^^^^^^^^^^^^^^^^^^^^^^^
.venv/lib/python3.14/site-packages/django/db/models/query.py:1873: in _insert
    return query.get_compiler(using=using).execute_sql(returning_fields)
           ^^^^^^^^^^^^^^^^^^^^^^^^^^^^^^^^^^^^^^^^^^^^^^^^^^^^^^^^^^^^^
.venv/lib/python3.14/site-packages/django/db/models/sql/compiler.py:1882: in execute_sql
    cursor.execute(sql, params)
.venv/lib/python3.14/site-packages/django/db/backends/utils.py:79: in execute
    return self._execute_with_wrappers(
.venv/lib/python3.14/site-packages/django/db/backends/utils.py:92: in _execute_with_wrappers
    return executor(sql, params, many, context)
           ^^^^^^^^^^^^^^^^^^^^^^^^^^^^^^^^^^^^
.venv/lib/python3.14/site-packages/django/db/backends/utils.py:100: in _execute
    with self.db.wrap_database_errors:
         ^^^^^^^^^^^^^^^^^^^^^^^^^^^^
.venv/lib/python3.14/site-packages/django/db/utils.py:91: in __exit__
    raise dj_exc_value.with_traceback(traceback) from exc_value
.venv/lib/python3.14/site-packages/django/db/backends/utils.py:105: in _execute
    return self.cursor.execute(sql, params)
           ^^^^^^^^^^^^^^^^^^^^^^^^^^^^^^^^
_ _ _ _ _ _ _ _ _ _ _ _ _ _ _ _ _ _ _ _ _ _ _ _ _ _ _ _ _ _ _ _ _ _ _ _ _ _ _ _ 

self = <django.db.backends.postgresql.base.Cursor [closed] [IDLE] (host=qualification-db user=postgres database=test_qualification) at 0x7049fff7f4d0>
query = 'INSERT INTO "accounts_user" ("password", "last_login", "is_superuser", "id", "email", "first_name", "last_name", "is_staff", "is_active", "date_joined") VALUES (%s, %s, %s, %s, %s, %s, %s, %s, %s, %s)'
params = ('!38yXPMauz7S3WGAvmiIpezk6VLDXktyulXqypAT6', None, False, UUID('719bce4e-a21b-4bd1-ac78-ac9d6c423837'), 'admission-service@example.invalid', '', ...)
prepare = None, binary = None

    def execute(
        self,
        query: Query,
        params: Params | None = None,
        *,
        prepare: bool | None = None,
        binary: bool | None = None,
    ) -> Self:
        """
        Execute a query or command to the database.
        """
        try:
            with self._conn.lock:
                self._conn.wait(
                    self._execute_gen(query, params, prepare=prepare, binary=binary)
                )
        except e._NO_TRACEBACK as ex:
>           raise ex.with_traceback(None)
E           django.db.utils.IntegrityError: duplicate key value violates unique constraint "accounts_user_email_key"
E           DETAIL:  Key (email)=(admission-service@example.invalid) already exists.

.venv/lib/python3.14/site-packages/psycopg/cursor.py:117: IntegrityError
_ ERROR at teardown of test_forged_signature_and_wrong_role_never_call_provider _

self = <django.db.backends.utils.CursorWrapper object at 0x704a00a641d0>
sql = 'TRUNCATE "core_action_card_revisions", "job_recovery_receipts", "core_workflow_schedules", "integrations_quickbooksat...attempt", "core_workflow_runs", "auth_permission", "integrations_quickbooksevent", "django_session", "catalog_vendor";'
params = None
ignored_wrapper_args = (False, {'connection': <DatabaseWrapper vendor='postgresql' alias='default'>, 'cursor': <django.db.backends.utils.CursorWrapper object at 0x704a00a641d0>})

    def _execute(self, sql, params, *ignored_wrapper_args):
        # Raise a warning during app initialization (stored_app_configs is only
        # ever set during testing).
        if not apps.ready and not apps.stored_app_configs:
            warnings.warn(self.APPS_NOT_READY_WARNING_MSG, category=RuntimeWarning)
        self.db.validate_no_broken_transaction()
        with self.db.wrap_database_errors:
            if params is None:
                # params default might be backend specific.
>               return self.cursor.execute(sql)
                       ^^^^^^^^^^^^^^^^^^^^^^^^

.venv/lib/python3.14/site-packages/django/db/backends/utils.py:103: 
_ _ _ _ _ _ _ _ _ _ _ _ _ _ _ _ _ _ _ _ _ _ _ _ _ _ _ _ _ _ _ _ _ _ _ _ _ _ _ _ 

self = <django.db.backends.postgresql.base.Cursor [closed] [IDLE] (host=qualification-db user=postgres database=test_qualification) at 0x7049fff7dc50>
query = 'TRUNCATE "core_action_card_revisions", "job_recovery_receipts", "core_workflow_schedules", "integrations_quickbooksat...attempt", "core_workflow_runs", "auth_permission", "integrations_quickbooksevent", "django_session", "catalog_vendor";'
params = None, prepare = None, binary = None

    def execute(
        self,
        query: Query,
        params: Params | None = None,
        *,
        prepare: bool | None = None,
        binary: bool | None = None,
    ) -> Self:
        """
        Execute a query or command to the database.
        """
        try:
            with self._conn.lock:
                self._conn.wait(
                    self._execute_gen(query, params, prepare=prepare, binary=binary)
                )
        except e._NO_TRACEBACK as ex:
>           raise ex.with_traceback(None)
E           psycopg.errors.FeatureNotSupported: cannot truncate a table referenced in a foreign key constraint
E           DETAIL:  Table "billing_admission_receipt" references "billing_paid_coverage".
E           HINT:  Truncate table "billing_admission_receipt" at the same time, or use TRUNCATE ... CASCADE.

.venv/lib/python3.14/site-packages/psycopg/cursor.py:117: FeatureNotSupported

The above exception was the direct cause of the following exception:

self = <django.core.management.commands.flush.Command object at 0x7049ffe903b0>
options = {'verbosity': 0, 'settings': None, 'pythonpath': None, 'traceback': False, ...}

        def handle(self, **options):
            database = options["database"]
            connection = connections[database]
            verbosity = options["verbosity"]
            interactive = options["interactive"]
            # The following are stealth options used by Django's internals.
            reset_sequences = options.get("reset_sequences", True)
            allow_cascade = options.get("allow_cascade", False)
            inhibit_post_migrate = options.get("inhibit_post_migrate", False)
    
            self.style = no_style()
    
            # Import the 'management' module within each installed app, to register
            # dispatcher events.
            for app_config in apps.get_app_configs():
                try:
                    import_module(".management", app_config.name)
                except ImportError:
                    pass
    
            sql_list = sql_flush(
                self.style,
                connection,
                reset_sequences=reset_sequences,
                allow_cascade=allow_cascade,
            )
    
            if interactive:
                confirm = input("""You have requested a flush of the database.
    This will IRREVERSIBLY DESTROY all data currently in the "%s" database,
    and return each table to an empty state.
    Are you sure you want to do this?
    
        Type 'yes' to continue, or 'no' to cancel: """ % connection.settings_dict["NAME"])
            else:
                confirm = "yes"
    
            if confirm == "yes":
                try:
>                   connection.ops.execute_sql_flush(sql_list)

.venv/lib/python3.14/site-packages/django/core/management/commands/flush.py:71: 
_ _ _ _ _ _ _ _ _ _ _ _ _ _ _ _ _ _ _ _ _ _ _ _ _ _ _ _ _ _ _ _ _ _ _ _ _ _ _ _ 
.venv/lib/python3.14/site-packages/django/db/backends/base/operations.py:473: in execute_sql_flush
    cursor.execute(sql)
.venv/lib/python3.14/site-packages/django/db/backends/utils.py:79: in execute
    return self._execute_with_wrappers(
.venv/lib/python3.14/site-packages/django/db/backends/utils.py:92: in _execute_with_wrappers
    return executor(sql, params, many, context)
           ^^^^^^^^^^^^^^^^^^^^^^^^^^^^^^^^^^^^
.venv/lib/python3.14/site-packages/django/db/backends/utils.py:100: in _execute
    with self.db.wrap_database_errors:
         ^^^^^^^^^^^^^^^^^^^^^^^^^^^^
.venv/lib/python3.14/site-packages/django/db/utils.py:91: in __exit__
    raise dj_exc_value.with_traceback(traceback) from exc_value
.venv/lib/python3.14/site-packages/django/db/backends/utils.py:103: in _execute
    return self.cursor.execute(sql)
           ^^^^^^^^^^^^^^^^^^^^^^^^
_ _ _ _ _ _ _ _ _ _ _ _ _ _ _ _ _ _ _ _ _ _ _ _ _ _ _ _ _ _ _ _ _ _ _ _ _ _ _ _ 

self = <django.db.backends.postgresql.base.Cursor [closed] [IDLE] (host=qualification-db user=postgres database=test_qualification) at 0x7049fff7dc50>
query = 'TRUNCATE "core_action_card_revisions", "job_recovery_receipts", "core_workflow_schedules", "integrations_quickbooksat...attempt", "core_workflow_runs", "auth_permission", "integrations_quickbooksevent", "django_session", "catalog_vendor";'
params = None, prepare = None, binary = None

    def execute(
        self,
        query: Query,
        params: Params | None = None,
        *,
        prepare: bool | None = None,
        binary: bool | None = None,
    ) -> Self:
        """
        Execute a query or command to the database.
        """
        try:
            with self._conn.lock:
                self._conn.wait(
                    self._execute_gen(query, params, prepare=prepare, binary=binary)
                )
        except e._NO_TRACEBACK as ex:
>           raise ex.with_traceback(None)
E           django.db.utils.NotSupportedError: cannot truncate a table referenced in a foreign key constraint
E           DETAIL:  Table "billing_admission_receipt" references "billing_paid_coverage".
E           HINT:  Truncate table "billing_admission_receipt" at the same time, or use TRUNCATE ... CASCADE.

.venv/lib/python3.14/site-packages/psycopg/cursor.py:117: NotSupportedError

The above exception was the direct cause of the following exception:

request = <SubRequest '_django_db_helper' for <Function test_forged_signature_and_wrong_role_never_call_provider>>
django_db_setup = None
django_db_blocker = <pytest_django.plugin.DjangoDbBlocker object at 0x704a05d7d010>

    @pytest.fixture
    def _django_db_helper(
        request: pytest.FixtureRequest,
        django_db_setup: None,  # noqa: ARG001
        django_db_blocker: DjangoDbBlocker,
    ) -> Generator[None]:
        if is_django_unittest(request):
            yield
            return
    
        from django import VERSION
    
        marker = request.node.get_closest_marker("django_db")
        if marker:
            (
                transactional,
                reset_sequences,
                databases,
                serialized_rollback,
                available_apps,
            ) = validate_django_db(marker)
        else:
            (
                transactional,
                reset_sequences,
                databases,
                serialized_rollback,
                available_apps,
            ) = False, False, None, False, None
    
        transactional = (
            transactional
            or reset_sequences
            or ("transactional_db" in request.fixturenames or "live_server" in request.fixturenames)
        )
        reset_sequences = reset_sequences or ("django_db_reset_sequences" in request.fixturenames)
        serialized_rollback = serialized_rollback or (
            "django_db_serialized_rollback" in request.fixturenames
        )
    
        with django_db_blocker.unblock():
            import django.db
            import django.test
    
            if transactional:
                test_case_class = django.test.TransactionTestCase
            else:
                test_case_class = django.test.TestCase
    
            _reset_sequences = reset_sequences
            _serialized_rollback = serialized_rollback
            _databases = databases
            _available_apps = available_apps
    
            class PytestDjangoTestCase(test_case_class):  # type: ignore[misc,valid-type]
                reset_sequences = _reset_sequences
                serialized_rollback = _serialized_rollback
                if _databases is not None:
                    databases = _databases
                if _available_apps is not None:
                    available_apps = _available_apps
    
                # For non-transactional tests, skip executing `django.test.TestCase`'s
                # `setUpClass`/`tearDownClass`, only execute the super class ones.
                #
                # `TestCase`'s class setup manages the `setUpTestData`/class-level
                # transaction functionality. We don't use it; instead we (will) offer
                # our own alternatives. So it only adds overhead, and does some things
                # which conflict with our (planned) functionality, particularly, it
                # closes all database connections in `tearDownClass` which inhibits
                # wrapping tests in higher-scoped transactions.
                #
                # It's possible a new version of Django will add some unrelated
                # functionality to these methods, in which case skipping them completely
                # would not be desirable. Let's cross that bridge when we get there...
                if not transactional:
    
                    @classmethod
                    def setUpClass(cls) -> None:
                        super(django.test.TestCase, cls).setUpClass()
    
                    @classmethod
                    def tearDownClass(cls) -> None:
                        super(django.test.TestCase, cls).tearDownClass()
    
            PytestDjangoTestCase.setUpClass()
    
            test_case = PytestDjangoTestCase(methodName="__init__")
            if VERSION >= (6, 0):
                pre_setup_ran_eagerly = PytestDjangoTestCase._pre_setup_ran_eagerly
            else:
                pre_setup_ran_eagerly = getattr(PytestDjangoTestCase, "_pre_setup_ran_eagerly", False)
            if not pre_setup_ran_eagerly:
                # For a TransactionTestCase, setUpClass() has already run _pre_setup() and set
                # this flag to say so.
                test_case._pre_setup()
    
            yield
    
>           test_case._post_teardown()

.venv/lib/python3.14/site-packages/pytest_django/fixtures.py:305: 
_ _ _ _ _ _ _ _ _ _ _ _ _ _ _ _ _ _ _ _ _ _ _ _ _ _ _ _ _ _ _ _ _ _ _ _ _ _ _ _ 
.venv/lib/python3.14/site-packages/django/test/testcases.py:1231: in _post_teardown
    self._fixture_teardown()
.venv/lib/python3.14/site-packages/django/test/testcases.py:1266: in _fixture_teardown
    call_command(
.venv/lib/python3.14/site-packages/django/core/management/__init__.py:194: in call_command
    return command.execute(*args, **defaults)
           ^^^^^^^^^^^^^^^^^^^^^^^^^^^^^^^^^^
.venv/lib/python3.14/site-packages/django/core/management/base.py:464: in execute
    output = self.handle(*args, **options)
             ^^^^^^^^^^^^^^^^^^^^^^^^^^^^^
_ _ _ _ _ _ _ _ _ _ _ _ _ _ _ _ _ _ _ _ _ _ _ _ _ _ _ _ _ _ _ _ _ _ _ _ _ _ _ _ 

self = <django.core.management.commands.flush.Command object at 0x7049ffe903b0>
options = {'verbosity': 0, 'settings': None, 'pythonpath': None, 'traceback': False, ...}

        def handle(self, **options):
            database = options["database"]
            connection = connections[database]
            verbosity = options["verbosity"]
            interactive = options["interactive"]
            # The following are stealth options used by Django's internals.
            reset_sequences = options.get("reset_sequences", True)
            allow_cascade = options.get("allow_cascade", False)
            inhibit_post_migrate = options.get("inhibit_post_migrate", False)
    
            self.style = no_style()
    
            # Import the 'management' module within each installed app, to register
            # dispatcher events.
            for app_config in apps.get_app_configs():
                try:
                    import_module(".management", app_config.name)
                except ImportError:
                    pass
    
            sql_list = sql_flush(
                self.style,
                connection,
                reset_sequences=reset_sequences,
                allow_cascade=allow_cascade,
            )
    
            if interactive:
                confirm = input("""You have requested a flush of the database.
    This will IRREVERSIBLY DESTROY all data currently in the "%s" database,
    and return each table to an empty state.
    Are you sure you want to do this?
    
        Type 'yes' to continue, or 'no' to cancel: """ % connection.settings_dict["NAME"])
            else:
                confirm = "yes"
    
            if confirm == "yes":
                try:
                    connection.ops.execute_sql_flush(sql_list)
                except Exception as exc:
>                   raise CommandError(
                        "Database %s couldn't be flushed. Possible reasons:\n"
                        "  * The database isn't running or isn't configured correctly.\n"
                        "  * At least one of the expected database tables doesn't exist.\n"
                        "  * The SQL was invalid.\n"
                        "Hint: Look at the output of 'django-admin sqlflush'. "
                        "That's the SQL this command wasn't able to run."
                        % (connection.settings_dict["NAME"],)
                    ) from exc
E                   django.core.management.base.CommandError: Database test_qualification couldn't be flushed. Possible reasons:
E                     * The database isn't running or isn't configured correctly.
E                     * At least one of the expected database tables doesn't exist.
E                     * The SQL was invalid.
E                   Hint: Look at the output of 'django-admin sqlflush'. That's the SQL this command wasn't able to run.

.venv/lib/python3.14/site-packages/django/core/management/commands/flush.py:73: CommandError
_ ERROR at setup of test_unadmitted_event_environment_account_and_type[changes0] _

self = <django.db.backends.utils.CursorWrapper object at 0x704a00a67770>
sql = 'INSERT INTO "accounts_user" ("password", "last_login", "is_superuser", "id", "email", "first_name", "last_name", "is_staff", "is_active", "date_joined") VALUES (%s, %s, %s, %s, %s, %s, %s, %s, %s, %s)'
params = ('!yBuYliAs5h6dklLcDlSYOPcPhE2JEsoBzF0dK1T1', None, False, UUID('32263215-1ddc-4345-b338-fc7d0c21cc8b'), 'admission-service@example.invalid', '', ...)
ignored_wrapper_args = (False, {'connection': <DatabaseWrapper vendor='postgresql' alias='default'>, 'cursor': <django.db.backends.utils.CursorWrapper object at 0x704a00a67770>})

    def _execute(self, sql, params, *ignored_wrapper_args):
        # Raise a warning during app initialization (stored_app_configs is only
        # ever set during testing).
        if not apps.ready and not apps.stored_app_configs:
            warnings.warn(self.APPS_NOT_READY_WARNING_MSG, category=RuntimeWarning)
        self.db.validate_no_broken_transaction()
        with self.db.wrap_database_errors:
            if params is None:
                # params default might be backend specific.
                return self.cursor.execute(sql)
            else:
>               return self.cursor.execute(sql, params)
                       ^^^^^^^^^^^^^^^^^^^^^^^^^^^^^^^^

.venv/lib/python3.14/site-packages/django/db/backends/utils.py:105: 
_ _ _ _ _ _ _ _ _ _ _ _ _ _ _ _ _ _ _ _ _ _ _ _ _ _ _ _ _ _ _ _ _ _ _ _ _ _ _ _ 

self = <django.db.backends.postgresql.base.Cursor [closed] [IDLE] (host=qualification-db user=postgres database=test_qualification) at 0x7049fff7fe70>
query = 'INSERT INTO "accounts_user" ("password", "last_login", "is_superuser", "id", "email", "first_name", "last_name", "is_staff", "is_active", "date_joined") VALUES (%s, %s, %s, %s, %s, %s, %s, %s, %s, %s)'
params = ('!yBuYliAs5h6dklLcDlSYOPcPhE2JEsoBzF0dK1T1', None, False, UUID('32263215-1ddc-4345-b338-fc7d0c21cc8b'), 'admission-service@example.invalid', '', ...)
prepare = None, binary = None

    def execute(
        self,
        query: Query,
        params: Params | None = None,
        *,
        prepare: bool | None = None,
        binary: bool | None = None,
    ) -> Self:
        """
        Execute a query or command to the database.
        """
        try:
            with self._conn.lock:
                self._conn.wait(
                    self._execute_gen(query, params, prepare=prepare, binary=binary)
                )
        except e._NO_TRACEBACK as ex:
>           raise ex.with_traceback(None)
E           psycopg.errors.UniqueViolation: duplicate key value violates unique constraint "accounts_user_email_key"
E           DETAIL:  Key (email)=(admission-service@example.invalid) already exists.

.venv/lib/python3.14/site-packages/psycopg/cursor.py:117: UniqueViolation

The above exception was the direct cause of the following exception:

settings = <pytest_django.fixtures.Settings object at 0x7049fffcf680>
monkeypatch = <_pytest.monkeypatch.MonkeyPatch object at 0x704a00b317c0>
paid_observations = ({'id': 'in_qualified', 'object': 'invoice', 'status': 'paid', 'customer': 'cus_qualified', ...}, {'id': 'sub_qualifie...ied', 'quantity': 1, 'price': {'id': 'price_core_99', 'active': True, 'currency': 'usd', 'unit_amount': 9900, ...}}]}})

    @pytest.fixture
    def service(settings, monkeypatch, paid_observations):
        settings.BILLING_ADMISSION_WEBHOOK_SECRET = "whsec_synthetic_qualification"
        settings.BILLING_ADMISSION_STRIPE_KEY = "rk_test_synthetic_qualification"
        settings.BILLING_ADMISSION_ACCOUNT_ID = "acct_qualified"
        settings.BILLING_ADMISSION_LIVEMODE = False
        invoice, provider_subscription = paid_observations
>       user = get_user_model().objects.create_user(email="admission-service@example.invalid")
               ^^^^^^^^^^^^^^^^^^^^^^^^^^^^^^^^^^^^^^^^^^^^^^^^^^^^^^^^^^^^^^^^^^^^^^^^^^^^^^^

tests/test_billing_admission_service.py:41: 
_ _ _ _ _ _ _ _ _ _ _ _ _ _ _ _ _ _ _ _ _ _ _ _ _ _ _ _ _ _ _ _ _ _ _ _ _ _ _ _ 
apps/accounts/managers.py:29: in create_user
    user.save(using=self._db)
.venv/lib/python3.14/site-packages/django/contrib/auth/base_user.py:65: in save
    super().save(*args, **kwargs)
.venv/lib/python3.14/site-packages/django/db/models/base.py:902: in save
    self.save_base(
.venv/lib/python3.14/site-packages/django/db/models/base.py:1008: in save_base
    updated = self._save_table(
.venv/lib/python3.14/site-packages/django/db/models/base.py:1169: in _save_table
    results = self._do_insert(
.venv/lib/python3.14/site-packages/django/db/models/base.py:1210: in _do_insert
    return manager._insert(
.venv/lib/python3.14/site-packages/django/db/models/manager.py:87: in manager_method
    return getattr(self.get_queryset(), name)(*args, **kwargs)
           ^^^^^^^^^^^^^^^^^^^^^^^^^^^^^^^^^^^^^^^^^^^^^^^^^^^
.venv/lib/python3.14/site-packages/django/db/models/query.py:1873: in _insert
    return query.get_compiler(using=using).execute_sql(returning_fields)
           ^^^^^^^^^^^^^^^^^^^^^^^^^^^^^^^^^^^^^^^^^^^^^^^^^^^^^^^^^^^^^
.venv/lib/python3.14/site-packages/django/db/models/sql/compiler.py:1882: in execute_sql
    cursor.execute(sql, params)
.venv/lib/python3.14/site-packages/django/db/backends/utils.py:79: in execute
    return self._execute_with_wrappers(
.venv/lib/python3.14/site-packages/django/db/backends/utils.py:92: in _execute_with_wrappers
    return executor(sql, params, many, context)
           ^^^^^^^^^^^^^^^^^^^^^^^^^^^^^^^^^^^^
.venv/lib/python3.14/site-packages/django/db/backends/utils.py:100: in _execute
    with self.db.wrap_database_errors:
         ^^^^^^^^^^^^^^^^^^^^^^^^^^^^
.venv/lib/python3.14/site-packages/django/db/utils.py:91: in __exit__
    raise dj_exc_value.with_traceback(traceback) from exc_value
.venv/lib/python3.14/site-packages/django/db/backends/utils.py:105: in _execute
    return self.cursor.execute(sql, params)
           ^^^^^^^^^^^^^^^^^^^^^^^^^^^^^^^^
_ _ _ _ _ _ _ _ _ _ _ _ _ _ _ _ _ _ _ _ _ _ _ _ _ _ _ _ _ _ _ _ _ _ _ _ _ _ _ _ 

self = <django.db.backends.postgresql.base.Cursor [closed] [IDLE] (host=qualification-db user=postgres database=test_qualification) at 0x7049fff7fe70>
query = 'INSERT INTO "accounts_user" ("password", "last_login", "is_superuser", "id", "email", "first_name", "last_name", "is_staff", "is_active", "date_joined") VALUES (%s, %s, %s, %s, %s, %s, %s, %s, %s, %s)'
params = ('!yBuYliAs5h6dklLcDlSYOPcPhE2JEsoBzF0dK1T1', None, False, UUID('32263215-1ddc-4345-b338-fc7d0c21cc8b'), 'admission-service@example.invalid', '', ...)
prepare = None, binary = None

    def execute(
        self,
        query: Query,
        params: Params | None = None,
        *,
        prepare: bool | None = None,
        binary: bool | None = None,
    ) -> Self:
        """
        Execute a query or command to the database.
        """
        try:
            with self._conn.lock:
                self._conn.wait(
                    self._execute_gen(query, params, prepare=prepare, binary=binary)
                )
        except e._NO_TRACEBACK as ex:
>           raise ex.with_traceback(None)
E           django.db.utils.IntegrityError: duplicate key value violates unique constraint "accounts_user_email_key"
E           DETAIL:  Key (email)=(admission-service@example.invalid) already exists.

.venv/lib/python3.14/site-packages/psycopg/cursor.py:117: IntegrityError
_ ERROR at teardown of test_unadmitted_event_environment_account_and_type[changes0] _

self = <django.db.backends.utils.CursorWrapper object at 0x704a00ad1730>
sql = 'TRUNCATE "core_action_card_revisions", "job_recovery_receipts", "core_workflow_schedules", "integrations_quickbooksat...attempt", "core_workflow_runs", "auth_permission", "integrations_quickbooksevent", "django_session", "catalog_vendor";'
params = None
ignored_wrapper_args = (False, {'connection': <DatabaseWrapper vendor='postgresql' alias='default'>, 'cursor': <django.db.backends.utils.CursorWrapper object at 0x704a00ad1730>})

    def _execute(self, sql, params, *ignored_wrapper_args):
        # Raise a warning during app initialization (stored_app_configs is only
        # ever set during testing).
        if not apps.ready and not apps.stored_app_configs:
            warnings.warn(self.APPS_NOT_READY_WARNING_MSG, category=RuntimeWarning)
        self.db.validate_no_broken_transaction()
        with self.db.wrap_database_errors:
            if params is None:
                # params default might be backend specific.
>               return self.cursor.execute(sql)
                       ^^^^^^^^^^^^^^^^^^^^^^^^

.venv/lib/python3.14/site-packages/django/db/backends/utils.py:103: 
_ _ _ _ _ _ _ _ _ _ _ _ _ _ _ _ _ _ _ _ _ _ _ _ _ _ _ _ _ _ _ _ _ _ _ _ _ _ _ _ 

self = <django.db.backends.postgresql.base.Cursor [closed] [IDLE] (host=qualification-db user=postgres database=test_qualification) at 0x7049fff7f770>
query = 'TRUNCATE "core_action_card_revisions", "job_recovery_receipts", "core_workflow_schedules", "integrations_quickbooksat...attempt", "core_workflow_runs", "auth_permission", "integrations_quickbooksevent", "django_session", "catalog_vendor";'
params = None, prepare = None, binary = None

    def execute(
        self,
        query: Query,
        params: Params | None = None,
        *,
        prepare: bool | None = None,
        binary: bool | None = None,
    ) -> Self:
        """
        Execute a query or command to the database.
        """
        try:
            with self._conn.lock:
                self._conn.wait(
                    self._execute_gen(query, params, prepare=prepare, binary=binary)
                )
        except e._NO_TRACEBACK as ex:
>           raise ex.with_traceback(None)
E           psycopg.errors.FeatureNotSupported: cannot truncate a table referenced in a foreign key constraint
E           DETAIL:  Table "billing_admission_receipt" references "billing_paid_coverage".
E           HINT:  Truncate table "billing_admission_receipt" at the same time, or use TRUNCATE ... CASCADE.

.venv/lib/python3.14/site-packages/psycopg/cursor.py:117: FeatureNotSupported

The above exception was the direct cause of the following exception:

self = <django.core.management.commands.flush.Command object at 0x7049fffcf350>
options = {'verbosity': 0, 'settings': None, 'pythonpath': None, 'traceback': False, ...}

        def handle(self, **options):
            database = options["database"]
            connection = connections[database]
            verbosity = options["verbosity"]
            interactive = options["interactive"]
            # The following are stealth options used by Django's internals.
            reset_sequences = options.get("reset_sequences", True)
            allow_cascade = options.get("allow_cascade", False)
            inhibit_post_migrate = options.get("inhibit_post_migrate", False)
    
            self.style = no_style()
    
            # Import the 'management' module within each installed app, to register
            # dispatcher events.
            for app_config in apps.get_app_configs():
                try:
                    import_module(".management", app_config.name)
                except ImportError:
                    pass
    
            sql_list = sql_flush(
                self.style,
                connection,
                reset_sequences=reset_sequences,
                allow_cascade=allow_cascade,
            )
    
            if interactive:
                confirm = input("""You have requested a flush of the database.
    This will IRREVERSIBLY DESTROY all data currently in the "%s" database,
    and return each table to an empty state.
    Are you sure you want to do this?
    
        Type 'yes' to continue, or 'no' to cancel: """ % connection.settings_dict["NAME"])
            else:
                confirm = "yes"
    
            if confirm == "yes":
                try:
>                   connection.ops.execute_sql_flush(sql_list)

.venv/lib/python3.14/site-packages/django/core/management/commands/flush.py:71: 
_ _ _ _ _ _ _ _ _ _ _ _ _ _ _ _ _ _ _ _ _ _ _ _ _ _ _ _ _ _ _ _ _ _ _ _ _ _ _ _ 
.venv/lib/python3.14/site-packages/django/db/backends/base/operations.py:473: in execute_sql_flush
    cursor.execute(sql)
.venv/lib/python3.14/site-packages/django/db/backends/utils.py:79: in execute
    return self._execute_with_wrappers(
.venv/lib/python3.14/site-packages/django/db/backends/utils.py:92: in _execute_with_wrappers
    return executor(sql, params, many, context)
           ^^^^^^^^^^^^^^^^^^^^^^^^^^^^^^^^^^^^
.venv/lib/python3.14/site-packages/django/db/backends/utils.py:100: in _execute
    with self.db.wrap_database_errors:
         ^^^^^^^^^^^^^^^^^^^^^^^^^^^^
.venv/lib/python3.14/site-packages/django/db/utils.py:91: in __exit__
    raise dj_exc_value.with_traceback(traceback) from exc_value
.venv/lib/python3.14/site-packages/django/db/backends/utils.py:103: in _execute
    return self.cursor.execute(sql)
           ^^^^^^^^^^^^^^^^^^^^^^^^
_ _ _ _ _ _ _ _ _ _ _ _ _ _ _ _ _ _ _ _ _ _ _ _ _ _ _ _ _ _ _ _ _ _ _ _ _ _ _ _ 

self = <django.db.backends.postgresql.base.Cursor [closed] [IDLE] (host=qualification-db user=postgres database=test_qualification) at 0x7049fff7f770>
query = 'TRUNCATE "core_action_card_revisions", "job_recovery_receipts", "core_workflow_schedules", "integrations_quickbooksat...attempt", "core_workflow_runs", "auth_permission", "integrations_quickbooksevent", "django_session", "catalog_vendor";'
params = None, prepare = None, binary = None

    def execute(
        self,
        query: Query,
        params: Params | None = None,
        *,
        prepare: bool | None = None,
        binary: bool | None = None,
    ) -> Self:
        """
        Execute a query or command to the database.
        """
        try:
            with self._conn.lock:
                self._conn.wait(
                    self._execute_gen(query, params, prepare=prepare, binary=binary)
                )
        except e._NO_TRACEBACK as ex:
>           raise ex.with_traceback(None)
E           django.db.utils.NotSupportedError: cannot truncate a table referenced in a foreign key constraint
E           DETAIL:  Table "billing_admission_receipt" references "billing_paid_coverage".
E           HINT:  Truncate table "billing_admission_receipt" at the same time, or use TRUNCATE ... CASCADE.

.venv/lib/python3.14/site-packages/psycopg/cursor.py:117: NotSupportedError

The above exception was the direct cause of the following exception:

request = <SubRequest '_django_db_helper' for <Function test_unadmitted_event_environment_account_and_type[changes0]>>
django_db_setup = None
django_db_blocker = <pytest_django.plugin.DjangoDbBlocker object at 0x704a05d7d010>

    @pytest.fixture
    def _django_db_helper(
        request: pytest.FixtureRequest,
        django_db_setup: None,  # noqa: ARG001
        django_db_blocker: DjangoDbBlocker,
    ) -> Generator[None]:
        if is_django_unittest(request):
            yield
            return
    
        from django import VERSION
    
        marker = request.node.get_closest_marker("django_db")
        if marker:
            (
                transactional,
                reset_sequences,
                databases,
                serialized_rollback,
                available_apps,
            ) = validate_django_db(marker)
        else:
            (
                transactional,
                reset_sequences,
                databases,
                serialized_rollback,
                available_apps,
            ) = False, False, None, False, None
    
        transactional = (
            transactional
            or reset_sequences
            or ("transactional_db" in request.fixturenames or "live_server" in request.fixturenames)
        )
        reset_sequences = reset_sequences or ("django_db_reset_sequences" in request.fixturenames)
        serialized_rollback = serialized_rollback or (
            "django_db_serialized_rollback" in request.fixturenames
        )
    
        with django_db_blocker.unblock():
            import django.db
            import django.test
    
            if transactional:
                test_case_class = django.test.TransactionTestCase
            else:
                test_case_class = django.test.TestCase
    
            _reset_sequences = reset_sequences
            _serialized_rollback = serialized_rollback
            _databases = databases
            _available_apps = available_apps
    
            class PytestDjangoTestCase(test_case_class):  # type: ignore[misc,valid-type]
                reset_sequences = _reset_sequences
                serialized_rollback = _serialized_rollback
                if _databases is not None:
                    databases = _databases
                if _available_apps is not None:
                    available_apps = _available_apps
    
                # For non-transactional tests, skip executing `django.test.TestCase`'s
                # `setUpClass`/`tearDownClass`, only execute the super class ones.
                #
                # `TestCase`'s class setup manages the `setUpTestData`/class-level
                # transaction functionality. We don't use it; instead we (will) offer
                # our own alternatives. So it only adds overhead, and does some things
                # which conflict with our (planned) functionality, particularly, it
                # closes all database connections in `tearDownClass` which inhibits
                # wrapping tests in higher-scoped transactions.
                #
                # It's possible a new version of Django will add some unrelated
                # functionality to these methods, in which case skipping them completely
                # would not be desirable. Let's cross that bridge when we get there...
                if not transactional:
    
                    @classmethod
                    def setUpClass(cls) -> None:
                        super(django.test.TestCase, cls).setUpClass()
    
                    @classmethod
                    def tearDownClass(cls) -> None:
                        super(django.test.TestCase, cls).tearDownClass()
    
            PytestDjangoTestCase.setUpClass()
    
            test_case = PytestDjangoTestCase(methodName="__init__")
            if VERSION >= (6, 0):
                pre_setup_ran_eagerly = PytestDjangoTestCase._pre_setup_ran_eagerly
            else:
                pre_setup_ran_eagerly = getattr(PytestDjangoTestCase, "_pre_setup_ran_eagerly", False)
            if not pre_setup_ran_eagerly:
                # For a TransactionTestCase, setUpClass() has already run _pre_setup() and set
                # this flag to say so.
                test_case._pre_setup()
    
            yield
    
>           test_case._post_teardown()

.venv/lib/python3.14/site-packages/pytest_django/fixtures.py:305: 
_ _ _ _ _ _ _ _ _ _ _ _ _ _ _ _ _ _ _ _ _ _ _ _ _ _ _ _ _ _ _ _ _ _ _ _ _ _ _ _ 
.venv/lib/python3.14/site-packages/django/test/testcases.py:1231: in _post_teardown
    self._fixture_teardown()
.venv/lib/python3.14/site-packages/django/test/testcases.py:1266: in _fixture_teardown
    call_command(
.venv/lib/python3.14/site-packages/django/core/management/__init__.py:194: in call_command
    return command.execute(*args, **defaults)
           ^^^^^^^^^^^^^^^^^^^^^^^^^^^^^^^^^^
.venv/lib/python3.14/site-packages/django/core/management/base.py:464: in execute
    output = self.handle(*args, **options)
             ^^^^^^^^^^^^^^^^^^^^^^^^^^^^^
_ _ _ _ _ _ _ _ _ _ _ _ _ _ _ _ _ _ _ _ _ _ _ _ _ _ _ _ _ _ _ _ _ _ _ _ _ _ _ _ 

self = <django.core.management.commands.flush.Command object at 0x7049fffcf350>
options = {'verbosity': 0, 'settings': None, 'pythonpath': None, 'traceback': False, ...}

        def handle(self, **options):
            database = options["database"]
            connection = connections[database]
            verbosity = options["verbosity"]
            interactive = options["interactive"]
            # The following are stealth options used by Django's internals.
            reset_sequences = options.get("reset_sequences", True)
            allow_cascade = options.get("allow_cascade", False)
            inhibit_post_migrate = options.get("inhibit_post_migrate", False)
    
            self.style = no_style()
    
            # Import the 'management' module within each installed app, to register
            # dispatcher events.
            for app_config in apps.get_app_configs():
                try:
                    import_module(".management", app_config.name)
                except ImportError:
                    pass
    
            sql_list = sql_flush(
                self.style,
                connection,
                reset_sequences=reset_sequences,
                allow_cascade=allow_cascade,
            )
    
            if interactive:
                confirm = input("""You have requested a flush of the database.
    This will IRREVERSIBLY DESTROY all data currently in the "%s" database,
    and return each table to an empty state.
    Are you sure you want to do this?
    
        Type 'yes' to continue, or 'no' to cancel: """ % connection.settings_dict["NAME"])
            else:
                confirm = "yes"
    
            if confirm == "yes":
                try:
                    connection.ops.execute_sql_flush(sql_list)
                except Exception as exc:
>                   raise CommandError(
                        "Database %s couldn't be flushed. Possible reasons:\n"
                        "  * The database isn't running or isn't configured correctly.\n"
                        "  * At least one of the expected database tables doesn't exist.\n"
                        "  * The SQL was invalid.\n"
                        "Hint: Look at the output of 'django-admin sqlflush'. "
                        "That's the SQL this command wasn't able to run."
                        % (connection.settings_dict["NAME"],)
                    ) from exc
E                   django.core.management.base.CommandError: Database test_qualification couldn't be flushed. Possible reasons:
E                     * The database isn't running or isn't configured correctly.
E                     * At least one of the expected database tables doesn't exist.
E                     * The SQL was invalid.
E                   Hint: Look at the output of 'django-admin sqlflush'. That's the SQL this command wasn't able to run.

.venv/lib/python3.14/site-packages/django/core/management/commands/flush.py:73: CommandError
_ ERROR at setup of test_unadmitted_event_environment_account_and_type[changes1] _

self = <django.db.backends.utils.CursorWrapper object at 0x704a00ad1e50>
sql = 'INSERT INTO "accounts_user" ("password", "last_login", "is_superuser", "id", "email", "first_name", "last_name", "is_staff", "is_active", "date_joined") VALUES (%s, %s, %s, %s, %s, %s, %s, %s, %s, %s)'
params = ('!9lSm4ChmzRTLPvDWfK1quqRcaJXm3SqvqSssPu13', None, False, UUID('c14f06fd-0316-47d0-8c91-2f8db2e61d76'), 'admission-service@example.invalid', '', ...)
ignored_wrapper_args = (False, {'connection': <DatabaseWrapper vendor='postgresql' alias='default'>, 'cursor': <django.db.backends.utils.CursorWrapper object at 0x704a00ad1e50>})

    def _execute(self, sql, params, *ignored_wrapper_args):
        # Raise a warning during app initialization (stored_app_configs is only
        # ever set during testing).
        if not apps.ready and not apps.stored_app_configs:
            warnings.warn(self.APPS_NOT_READY_WARNING_MSG, category=RuntimeWarning)
        self.db.validate_no_broken_transaction()
        with self.db.wrap_database_errors:
            if params is None:
                # params default might be backend specific.
                return self.cursor.execute(sql)
            else:
>               return self.cursor.execute(sql, params)
                       ^^^^^^^^^^^^^^^^^^^^^^^^^^^^^^^^

.venv/lib/python3.14/site-packages/django/db/backends/utils.py:105: 
_ _ _ _ _ _ _ _ _ _ _ _ _ _ _ _ _ _ _ _ _ _ _ _ _ _ _ _ _ _ _ _ _ _ _ _ _ _ _ _ 

self = <django.db.backends.postgresql.base.Cursor [closed] [IDLE] (host=qualification-db user=postgres database=test_qualification) at 0x704a00ac4ad0>
query = 'INSERT INTO "accounts_user" ("password", "last_login", "is_superuser", "id", "email", "first_name", "last_name", "is_staff", "is_active", "date_joined") VALUES (%s, %s, %s, %s, %s, %s, %s, %s, %s, %s)'
params = ('!9lSm4ChmzRTLPvDWfK1quqRcaJXm3SqvqSssPu13', None, False, UUID('c14f06fd-0316-47d0-8c91-2f8db2e61d76'), 'admission-service@example.invalid', '', ...)
prepare = None, binary = None

    def execute(
        self,
        query: Query,
        params: Params | None = None,
        *,
        prepare: bool | None = None,
        binary: bool | None = None,
    ) -> Self:
        """
        Execute a query or command to the database.
        """
        try:
            with self._conn.lock:
                self._conn.wait(
                    self._execute_gen(query, params, prepare=prepare, binary=binary)
                )
        except e._NO_TRACEBACK as ex:
>           raise ex.with_traceback(None)
E           psycopg.errors.UniqueViolation: duplicate key value violates unique constraint "accounts_user_email_key"
E           DETAIL:  Key (email)=(admission-service@example.invalid) already exists.

.venv/lib/python3.14/site-packages/psycopg/cursor.py:117: UniqueViolation

The above exception was the direct cause of the following exception:

settings = <pytest_django.fixtures.Settings object at 0x704a00a8c270>
monkeypatch = <_pytest.monkeypatch.MonkeyPatch object at 0x704a00b32a80>
paid_observations = ({'id': 'in_qualified', 'object': 'invoice', 'status': 'paid', 'customer': 'cus_qualified', ...}, {'id': 'sub_qualifie...ied', 'quantity': 1, 'price': {'id': 'price_core_99', 'active': True, 'currency': 'usd', 'unit_amount': 9900, ...}}]}})

    @pytest.fixture
    def service(settings, monkeypatch, paid_observations):
        settings.BILLING_ADMISSION_WEBHOOK_SECRET = "whsec_synthetic_qualification"
        settings.BILLING_ADMISSION_STRIPE_KEY = "rk_test_synthetic_qualification"
        settings.BILLING_ADMISSION_ACCOUNT_ID = "acct_qualified"
        settings.BILLING_ADMISSION_LIVEMODE = False
        invoice, provider_subscription = paid_observations
>       user = get_user_model().objects.create_user(email="admission-service@example.invalid")
               ^^^^^^^^^^^^^^^^^^^^^^^^^^^^^^^^^^^^^^^^^^^^^^^^^^^^^^^^^^^^^^^^^^^^^^^^^^^^^^^

tests/test_billing_admission_service.py:41: 
_ _ _ _ _ _ _ _ _ _ _ _ _ _ _ _ _ _ _ _ _ _ _ _ _ _ _ _ _ _ _ _ _ _ _ _ _ _ _ _ 
apps/accounts/managers.py:29: in create_user
    user.save(using=self._db)
.venv/lib/python3.14/site-packages/django/contrib/auth/base_user.py:65: in save
    super().save(*args, **kwargs)
.venv/lib/python3.14/site-packages/django/db/models/base.py:902: in save
    self.save_base(
.venv/lib/python3.14/site-packages/django/db/models/base.py:1008: in save_base
    updated = self._save_table(
.venv/lib/python3.14/site-packages/django/db/models/base.py:1169: in _save_table
    results = self._do_insert(
.venv/lib/python3.14/site-packages/django/db/models/base.py:1210: in _do_insert
    return manager._insert(
.venv/lib/python3.14/site-packages/django/db/models/manager.py:87: in manager_method
    return getattr(self.get_queryset(), name)(*args, **kwargs)
           ^^^^^^^^^^^^^^^^^^^^^^^^^^^^^^^^^^^^^^^^^^^^^^^^^^^
.venv/lib/python3.14/site-packages/django/db/models/query.py:1873: in _insert
    return query.get_compiler(using=using).execute_sql(returning_fields)
           ^^^^^^^^^^^^^^^^^^^^^^^^^^^^^^^^^^^^^^^^^^^^^^^^^^^^^^^^^^^^^
.venv/lib/python3.14/site-packages/django/db/models/sql/compiler.py:1882: in execute_sql
    cursor.execute(sql, params)
.venv/lib/python3.14/site-packages/django/db/backends/utils.py:79: in execute
    return self._execute_with_wrappers(
.venv/lib/python3.14/site-packages/django/db/backends/utils.py:92: in _execute_with_wrappers
    return executor(sql, params, many, context)
           ^^^^^^^^^^^^^^^^^^^^^^^^^^^^^^^^^^^^
.venv/lib/python3.14/site-packages/django/db/backends/utils.py:100: in _execute
    with self.db.wrap_database_errors:
         ^^^^^^^^^^^^^^^^^^^^^^^^^^^^
.venv/lib/python3.14/site-packages/django/db/utils.py:91: in __exit__
    raise dj_exc_value.with_traceback(traceback) from exc_value
.venv/lib/python3.14/site-packages/django/db/backends/utils.py:105: in _execute
    return self.cursor.execute(sql, params)
           ^^^^^^^^^^^^^^^^^^^^^^^^^^^^^^^^
_ _ _ _ _ _ _ _ _ _ _ _ _ _ _ _ _ _ _ _ _ _ _ _ _ _ _ _ _ _ _ _ _ _ _ _ _ _ _ _ 

self = <django.db.backends.postgresql.base.Cursor [closed] [IDLE] (host=qualification-db user=postgres database=test_qualification) at 0x704a00ac4ad0>
query = 'INSERT INTO "accounts_user" ("password", "last_login", "is_superuser", "id", "email", "first_name", "last_name", "is_staff", "is_active", "date_joined") VALUES (%s, %s, %s, %s, %s, %s, %s, %s, %s, %s)'
params = ('!9lSm4ChmzRTLPvDWfK1quqRcaJXm3SqvqSssPu13', None, False, UUID('c14f06fd-0316-47d0-8c91-2f8db2e61d76'), 'admission-service@example.invalid', '', ...)
prepare = None, binary = None

    def execute(
        self,
        query: Query,
        params: Params | None = None,
        *,
        prepare: bool | None = None,
        binary: bool | None = None,
    ) -> Self:
        """
        Execute a query or command to the database.
        """
        try:
            with self._conn.lock:
                self._conn.wait(
                    self._execute_gen(query, params, prepare=prepare, binary=binary)
                )
        except e._NO_TRACEBACK as ex:
>           raise ex.with_traceback(None)
E           django.db.utils.IntegrityError: duplicate key value violates unique constraint "accounts_user_email_key"
E           DETAIL:  Key (email)=(admission-service@example.invalid) already exists.

.venv/lib/python3.14/site-packages/psycopg/cursor.py:117: IntegrityError
_ ERROR at teardown of test_unadmitted_event_environment_account_and_type[changes1] _

self = <django.db.backends.utils.CursorWrapper object at 0x704a00ad3ad0>
sql = 'TRUNCATE "core_action_card_revisions", "job_recovery_receipts", "core_workflow_schedules", "integrations_quickbooksat...attempt", "core_workflow_runs", "auth_permission", "integrations_quickbooksevent", "django_session", "catalog_vendor";'
params = None
ignored_wrapper_args = (False, {'connection': <DatabaseWrapper vendor='postgresql' alias='default'>, 'cursor': <django.db.backends.utils.CursorWrapper object at 0x704a00ad3ad0>})

    def _execute(self, sql, params, *ignored_wrapper_args):
        # Raise a warning during app initialization (stored_app_configs is only
        # ever set during testing).
        if not apps.ready and not apps.stored_app_configs:
            warnings.warn(self.APPS_NOT_READY_WARNING_MSG, category=RuntimeWarning)
        self.db.validate_no_broken_transaction()
        with self.db.wrap_database_errors:
            if params is None:
                # params default might be backend specific.
>               return self.cursor.execute(sql)
                       ^^^^^^^^^^^^^^^^^^^^^^^^

.venv/lib/python3.14/site-packages/django/db/backends/utils.py:103: 
_ _ _ _ _ _ _ _ _ _ _ _ _ _ _ _ _ _ _ _ _ _ _ _ _ _ _ _ _ _ _ _ _ _ _ _ _ _ _ _ 

self = <django.db.backends.postgresql.base.Cursor [closed] [IDLE] (host=qualification-db user=postgres database=test_qualification) at 0x7049fff7f770>
query = 'TRUNCATE "core_action_card_revisions", "job_recovery_receipts", "core_workflow_schedules", "integrations_quickbooksat...attempt", "core_workflow_runs", "auth_permission", "integrations_quickbooksevent", "django_session", "catalog_vendor";'
params = None, prepare = None, binary = None

    def execute(
        self,
        query: Query,
        params: Params | None = None,
        *,
        prepare: bool | None = None,
        binary: bool | None = None,
    ) -> Self:
        """
        Execute a query or command to the database.
        """
        try:
            with self._conn.lock:
                self._conn.wait(
                    self._execute_gen(query, params, prepare=prepare, binary=binary)
                )
        except e._NO_TRACEBACK as ex:
>           raise ex.with_traceback(None)
E           psycopg.errors.FeatureNotSupported: cannot truncate a table referenced in a foreign key constraint
E           DETAIL:  Table "billing_admission_receipt" references "billing_paid_coverage".
E           HINT:  Truncate table "billing_admission_receipt" at the same time, or use TRUNCATE ... CASCADE.

.venv/lib/python3.14/site-packages/psycopg/cursor.py:117: FeatureNotSupported

The above exception was the direct cause of the following exception:

self = <django.core.management.commands.flush.Command object at 0x7049fffcdbf0>
options = {'verbosity': 0, 'settings': None, 'pythonpath': None, 'traceback': False, ...}

        def handle(self, **options):
            database = options["database"]
            connection = connections[database]
            verbosity = options["verbosity"]
            interactive = options["interactive"]
            # The following are stealth options used by Django's internals.
            reset_sequences = options.get("reset_sequences", True)
            allow_cascade = options.get("allow_cascade", False)
            inhibit_post_migrate = options.get("inhibit_post_migrate", False)
    
            self.style = no_style()
    
            # Import the 'management' module within each installed app, to register
            # dispatcher events.
            for app_config in apps.get_app_configs():
                try:
                    import_module(".management", app_config.name)
                except ImportError:
                    pass
    
            sql_list = sql_flush(
                self.style,
                connection,
                reset_sequences=reset_sequences,
                allow_cascade=allow_cascade,
            )
    
            if interactive:
                confirm = input("""You have requested a flush of the database.
    This will IRREVERSIBLY DESTROY all data currently in the "%s" database,
    and return each table to an empty state.
    Are you sure you want to do this?
    
        Type 'yes' to continue, or 'no' to cancel: """ % connection.settings_dict["NAME"])
            else:
                confirm = "yes"
    
            if confirm == "yes":
                try:
>                   connection.ops.execute_sql_flush(sql_list)

.venv/lib/python3.14/site-packages/django/core/management/commands/flush.py:71: 
_ _ _ _ _ _ _ _ _ _ _ _ _ _ _ _ _ _ _ _ _ _ _ _ _ _ _ _ _ _ _ _ _ _ _ _ _ _ _ _ 
.venv/lib/python3.14/site-packages/django/db/backends/base/operations.py:473: in execute_sql_flush
    cursor.execute(sql)
.venv/lib/python3.14/site-packages/django/db/backends/utils.py:79: in execute
    return self._execute_with_wrappers(
.venv/lib/python3.14/site-packages/django/db/backends/utils.py:92: in _execute_with_wrappers
    return executor(sql, params, many, context)
           ^^^^^^^^^^^^^^^^^^^^^^^^^^^^^^^^^^^^
.venv/lib/python3.14/site-packages/django/db/backends/utils.py:100: in _execute
    with self.db.wrap_database_errors:
         ^^^^^^^^^^^^^^^^^^^^^^^^^^^^
.venv/lib/python3.14/site-packages/django/db/utils.py:91: in __exit__
    raise dj_exc_value.with_traceback(traceback) from exc_value
.venv/lib/python3.14/site-packages/django/db/backends/utils.py:103: in _execute
    return self.cursor.execute(sql)
           ^^^^^^^^^^^^^^^^^^^^^^^^
_ _ _ _ _ _ _ _ _ _ _ _ _ _ _ _ _ _ _ _ _ _ _ _ _ _ _ _ _ _ _ _ _ _ _ _ _ _ _ _ 

self = <django.db.backends.postgresql.base.Cursor [closed] [IDLE] (host=qualification-db user=postgres database=test_qualification) at 0x7049fff7f770>
query = 'TRUNCATE "core_action_card_revisions", "job_recovery_receipts", "core_workflow_schedules", "integrations_quickbooksat...attempt", "core_workflow_runs", "auth_permission", "integrations_quickbooksevent", "django_session", "catalog_vendor";'
params = None, prepare = None, binary = None

    def execute(
        self,
        query: Query,
        params: Params | None = None,
        *,
        prepare: bool | None = None,
        binary: bool | None = None,
    ) -> Self:
        """
        Execute a query or command to the database.
        """
        try:
            with self._conn.lock:
                self._conn.wait(
                    self._execute_gen(query, params, prepare=prepare, binary=binary)
                )
        except e._NO_TRACEBACK as ex:
>           raise ex.with_traceback(None)
E           django.db.utils.NotSupportedError: cannot truncate a table referenced in a foreign key constraint
E           DETAIL:  Table "billing_admission_receipt" references "billing_paid_coverage".
E           HINT:  Truncate table "billing_admission_receipt" at the same time, or use TRUNCATE ... CASCADE.

.venv/lib/python3.14/site-packages/psycopg/cursor.py:117: NotSupportedError

The above exception was the direct cause of the following exception:

request = <SubRequest '_django_db_helper' for <Function test_unadmitted_event_environment_account_and_type[changes1]>>
django_db_setup = None
django_db_blocker = <pytest_django.plugin.DjangoDbBlocker object at 0x704a05d7d010>

    @pytest.fixture
    def _django_db_helper(
        request: pytest.FixtureRequest,
        django_db_setup: None,  # noqa: ARG001
        django_db_blocker: DjangoDbBlocker,
    ) -> Generator[None]:
        if is_django_unittest(request):
            yield
            return
    
        from django import VERSION
    
        marker = request.node.get_closest_marker("django_db")
        if marker:
            (
                transactional,
                reset_sequences,
                databases,
                serialized_rollback,
                available_apps,
            ) = validate_django_db(marker)
        else:
            (
                transactional,
                reset_sequences,
                databases,
                serialized_rollback,
                available_apps,
            ) = False, False, None, False, None
    
        transactional = (
            transactional
            or reset_sequences
            or ("transactional_db" in request.fixturenames or "live_server" in request.fixturenames)
        )
        reset_sequences = reset_sequences or ("django_db_reset_sequences" in request.fixturenames)
        serialized_rollback = serialized_rollback or (
            "django_db_serialized_rollback" in request.fixturenames
        )
    
        with django_db_blocker.unblock():
            import django.db
            import django.test
    
            if transactional:
                test_case_class = django.test.TransactionTestCase
            else:
                test_case_class = django.test.TestCase
    
            _reset_sequences = reset_sequences
            _serialized_rollback = serialized_rollback
            _databases = databases
            _available_apps = available_apps
    
            class PytestDjangoTestCase(test_case_class):  # type: ignore[misc,valid-type]
                reset_sequences = _reset_sequences
                serialized_rollback = _serialized_rollback
                if _databases is not None:
                    databases = _databases
                if _available_apps is not None:
                    available_apps = _available_apps
    
                # For non-transactional tests, skip executing `django.test.TestCase`'s
                # `setUpClass`/`tearDownClass`, only execute the super class ones.
                #
                # `TestCase`'s class setup manages the `setUpTestData`/class-level
                # transaction functionality. We don't use it; instead we (will) offer
                # our own alternatives. So it only adds overhead, and does some things
                # which conflict with our (planned) functionality, particularly, it
                # closes all database connections in `tearDownClass` which inhibits
                # wrapping tests in higher-scoped transactions.
                #
                # It's possible a new version of Django will add some unrelated
                # functionality to these methods, in which case skipping them completely
                # would not be desirable. Let's cross that bridge when we get there...
                if not transactional:
    
                    @classmethod
                    def setUpClass(cls) -> None:
                        super(django.test.TestCase, cls).setUpClass()
    
                    @classmethod
                    def tearDownClass(cls) -> None:
                        super(django.test.TestCase, cls).tearDownClass()
    
            PytestDjangoTestCase.setUpClass()
    
            test_case = PytestDjangoTestCase(methodName="__init__")
            if VERSION >= (6, 0):
                pre_setup_ran_eagerly = PytestDjangoTestCase._pre_setup_ran_eagerly
            else:
                pre_setup_ran_eagerly = getattr(PytestDjangoTestCase, "_pre_setup_ran_eagerly", False)
            if not pre_setup_ran_eagerly:
                # For a TransactionTestCase, setUpClass() has already run _pre_setup() and set
                # this flag to say so.
                test_case._pre_setup()
    
            yield
    
>           test_case._post_teardown()

.venv/lib/python3.14/site-packages/pytest_django/fixtures.py:305: 
_ _ _ _ _ _ _ _ _ _ _ _ _ _ _ _ _ _ _ _ _ _ _ _ _ _ _ _ _ _ _ _ _ _ _ _ _ _ _ _ 
.venv/lib/python3.14/site-packages/django/test/testcases.py:1231: in _post_teardown
    self._fixture_teardown()
.venv/lib/python3.14/site-packages/django/test/testcases.py:1266: in _fixture_teardown
    call_command(
.venv/lib/python3.14/site-packages/django/core/management/__init__.py:194: in call_command
    return command.execute(*args, **defaults)
           ^^^^^^^^^^^^^^^^^^^^^^^^^^^^^^^^^^
.venv/lib/python3.14/site-packages/django/core/management/base.py:464: in execute
    output = self.handle(*args, **options)
             ^^^^^^^^^^^^^^^^^^^^^^^^^^^^^
_ _ _ _ _ _ _ _ _ _ _ _ _ _ _ _ _ _ _ _ _ _ _ _ _ _ _ _ _ _ _ _ _ _ _ _ _ _ _ _ 

self = <django.core.management.commands.flush.Command object at 0x7049fffcdbf0>
options = {'verbosity': 0, 'settings': None, 'pythonpath': None, 'traceback': False, ...}

        def handle(self, **options):
            database = options["database"]
            connection = connections[database]
            verbosity = options["verbosity"]
            interactive = options["interactive"]
            # The following are stealth options used by Django's internals.
            reset_sequences = options.get("reset_sequences", True)
            allow_cascade = options.get("allow_cascade", False)
            inhibit_post_migrate = options.get("inhibit_post_migrate", False)
    
            self.style = no_style()
    
            # Import the 'management' module within each installed app, to register
            # dispatcher events.
            for app_config in apps.get_app_configs():
                try:
                    import_module(".management", app_config.name)
                except ImportError:
                    pass
    
            sql_list = sql_flush(
                self.style,
                connection,
                reset_sequences=reset_sequences,
                allow_cascade=allow_cascade,
            )
    
            if interactive:
                confirm = input("""You have requested a flush of the database.
    This will IRREVERSIBLY DESTROY all data currently in the "%s" database,
    and return each table to an empty state.
    Are you sure you want to do this?
    
        Type 'yes' to continue, or 'no' to cancel: """ % connection.settings_dict["NAME"])
            else:
                confirm = "yes"
    
            if confirm == "yes":
                try:
                    connection.ops.execute_sql_flush(sql_list)
                except Exception as exc:
>                   raise CommandError(
                        "Database %s couldn't be flushed. Possible reasons:\n"
                        "  * The database isn't running or isn't configured correctly.\n"
                        "  * At least one of the expected database tables doesn't exist.\n"
                        "  * The SQL was invalid.\n"
                        "Hint: Look at the output of 'django-admin sqlflush'. "
                        "That's the SQL this command wasn't able to run."
                        % (connection.settings_dict["NAME"],)
                    ) from exc
E                   django.core.management.base.CommandError: Database test_qualification couldn't be flushed. Possible reasons:
E                     * The database isn't running or isn't configured correctly.
E                     * At least one of the expected database tables doesn't exist.
E                     * The SQL was invalid.
E                   Hint: Look at the output of 'django-admin sqlflush'. That's the SQL this command wasn't able to run.

.venv/lib/python3.14/site-packages/django/core/management/commands/flush.py:73: CommandError
_ ERROR at setup of test_unadmitted_event_environment_account_and_type[changes2] _

self = <django.db.backends.utils.CursorWrapper object at 0x704a00b10650>
sql = 'INSERT INTO "accounts_user" ("password", "last_login", "is_superuser", "id", "email", "first_name", "last_name", "is_staff", "is_active", "date_joined") VALUES (%s, %s, %s, %s, %s, %s, %s, %s, %s, %s)'
params = ('!SPIvELBhMc24ndUHLQvu2sARmKCCn43MF1Dzm4Uz', None, False, UUID('7522cd48-fbf2-4fbf-b9b8-35bfbb8e8459'), 'admission-service@example.invalid', '', ...)
ignored_wrapper_args = (False, {'connection': <DatabaseWrapper vendor='postgresql' alias='default'>, 'cursor': <django.db.backends.utils.CursorWrapper object at 0x704a00b10650>})

    def _execute(self, sql, params, *ignored_wrapper_args):
        # Raise a warning during app initialization (stored_app_configs is only
        # ever set during testing).
        if not apps.ready and not apps.stored_app_configs:
            warnings.warn(self.APPS_NOT_READY_WARNING_MSG, category=RuntimeWarning)
        self.db.validate_no_broken_transaction()
        with self.db.wrap_database_errors:
            if params is None:
                # params default might be backend specific.
                return self.cursor.execute(sql)
            else:
>               return self.cursor.execute(sql, params)
                       ^^^^^^^^^^^^^^^^^^^^^^^^^^^^^^^^

.venv/lib/python3.14/site-packages/django/db/backends/utils.py:105: 
_ _ _ _ _ _ _ _ _ _ _ _ _ _ _ _ _ _ _ _ _ _ _ _ _ _ _ _ _ _ _ _ _ _ _ _ _ _ _ _ 

self = <django.db.backends.postgresql.base.Cursor [closed] [IDLE] (host=qualification-db user=postgres database=test_qualification) at 0x704a00ac5710>
query = 'INSERT INTO "accounts_user" ("password", "last_login", "is_superuser", "id", "email", "first_name", "last_name", "is_staff", "is_active", "date_joined") VALUES (%s, %s, %s, %s, %s, %s, %s, %s, %s, %s)'
params = ('!SPIvELBhMc24ndUHLQvu2sARmKCCn43MF1Dzm4Uz', None, False, UUID('7522cd48-fbf2-4fbf-b9b8-35bfbb8e8459'), 'admission-service@example.invalid', '', ...)
prepare = None, binary = None

    def execute(
        self,
        query: Query,
        params: Params | None = None,
        *,
        prepare: bool | None = None,
        binary: bool | None = None,
    ) -> Self:
        """
        Execute a query or command to the database.
        """
        try:
            with self._conn.lock:
                self._conn.wait(
                    self._execute_gen(query, params, prepare=prepare, binary=binary)
                )
        except e._NO_TRACEBACK as ex:
>           raise ex.with_traceback(None)
E           psycopg.errors.UniqueViolation: duplicate key value violates unique constraint "accounts_user_email_key"
E           DETAIL:  Key (email)=(admission-service@example.invalid) already exists.

.venv/lib/python3.14/site-packages/psycopg/cursor.py:117: UniqueViolation

The above exception was the direct cause of the following exception:

settings = <pytest_django.fixtures.Settings object at 0x704a00ab5650>
monkeypatch = <_pytest.monkeypatch.MonkeyPatch object at 0x704a00ac51d0>
paid_observations = ({'id': 'in_qualified', 'object': 'invoice', 'status': 'paid', 'customer': 'cus_qualified', ...}, {'id': 'sub_qualifie...ied', 'quantity': 1, 'price': {'id': 'price_core_99', 'active': True, 'currency': 'usd', 'unit_amount': 9900, ...}}]}})

    @pytest.fixture
    def service(settings, monkeypatch, paid_observations):
        settings.BILLING_ADMISSION_WEBHOOK_SECRET = "whsec_synthetic_qualification"
        settings.BILLING_ADMISSION_STRIPE_KEY = "rk_test_synthetic_qualification"
        settings.BILLING_ADMISSION_ACCOUNT_ID = "acct_qualified"
        settings.BILLING_ADMISSION_LIVEMODE = False
        invoice, provider_subscription = paid_observations
>       user = get_user_model().objects.create_user(email="admission-service@example.invalid")
               ^^^^^^^^^^^^^^^^^^^^^^^^^^^^^^^^^^^^^^^^^^^^^^^^^^^^^^^^^^^^^^^^^^^^^^^^^^^^^^^

tests/test_billing_admission_service.py:41: 
_ _ _ _ _ _ _ _ _ _ _ _ _ _ _ _ _ _ _ _ _ _ _ _ _ _ _ _ _ _ _ _ _ _ _ _ _ _ _ _ 
apps/accounts/managers.py:29: in create_user
    user.save(using=self._db)
.venv/lib/python3.14/site-packages/django/contrib/auth/base_user.py:65: in save
    super().save(*args, **kwargs)
.venv/lib/python3.14/site-packages/django/db/models/base.py:902: in save
    self.save_base(
.venv/lib/python3.14/site-packages/django/db/models/base.py:1008: in save_base
    updated = self._save_table(
.venv/lib/python3.14/site-packages/django/db/models/base.py:1169: in _save_table
    results = self._do_insert(
.venv/lib/python3.14/site-packages/django/db/models/base.py:1210: in _do_insert
    return manager._insert(
.venv/lib/python3.14/site-packages/django/db/models/manager.py:87: in manager_method
    return getattr(self.get_queryset(), name)(*args, **kwargs)
           ^^^^^^^^^^^^^^^^^^^^^^^^^^^^^^^^^^^^^^^^^^^^^^^^^^^
.venv/lib/python3.14/site-packages/django/db/models/query.py:1873: in _insert
    return query.get_compiler(using=using).execute_sql(returning_fields)
           ^^^^^^^^^^^^^^^^^^^^^^^^^^^^^^^^^^^^^^^^^^^^^^^^^^^^^^^^^^^^^
.venv/lib/python3.14/site-packages/django/db/models/sql/compiler.py:1882: in execute_sql
    cursor.execute(sql, params)
.venv/lib/python3.14/site-packages/django/db/backends/utils.py:79: in execute
    return self._execute_with_wrappers(
.venv/lib/python3.14/site-packages/django/db/backends/utils.py:92: in _execute_with_wrappers
    return executor(sql, params, many, context)
           ^^^^^^^^^^^^^^^^^^^^^^^^^^^^^^^^^^^^
.venv/lib/python3.14/site-packages/django/db/backends/utils.py:100: in _execute
    with self.db.wrap_database_errors:
         ^^^^^^^^^^^^^^^^^^^^^^^^^^^^
.venv/lib/python3.14/site-packages/django/db/utils.py:91: in __exit__
    raise dj_exc_value.with_traceback(traceback) from exc_value
.venv/lib/python3.14/site-packages/django/db/backends/utils.py:105: in _execute
    return self.cursor.execute(sql, params)
           ^^^^^^^^^^^^^^^^^^^^^^^^^^^^^^^^
_ _ _ _ _ _ _ _ _ _ _ _ _ _ _ _ _ _ _ _ _ _ _ _ _ _ _ _ _ _ _ _ _ _ _ _ _ _ _ _ 

self = <django.db.backends.postgresql.base.Cursor [closed] [IDLE] (host=qualification-db user=postgres database=test_qualification) at 0x704a00ac5710>
query = 'INSERT INTO "accounts_user" ("password", "last_login", "is_superuser", "id", "email", "first_name", "last_name", "is_staff", "is_active", "date_joined") VALUES (%s, %s, %s, %s, %s, %s, %s, %s, %s, %s)'
params = ('!SPIvELBhMc24ndUHLQvu2sARmKCCn43MF1Dzm4Uz', None, False, UUID('7522cd48-fbf2-4fbf-b9b8-35bfbb8e8459'), 'admission-service@example.invalid', '', ...)
prepare = None, binary = None

    def execute(
        self,
        query: Query,
        params: Params | None = None,
        *,
        prepare: bool | None = None,
        binary: bool | None = None,
    ) -> Self:
        """
        Execute a query or command to the database.
        """
        try:
            with self._conn.lock:
                self._conn.wait(
                    self._execute_gen(query, params, prepare=prepare, binary=binary)
                )
        except e._NO_TRACEBACK as ex:
>           raise ex.with_traceback(None)
E           django.db.utils.IntegrityError: duplicate key value violates unique constraint "accounts_user_email_key"
E           DETAIL:  Key (email)=(admission-service@example.invalid) already exists.

.venv/lib/python3.14/site-packages/psycopg/cursor.py:117: IntegrityError
_ ERROR at teardown of test_unadmitted_event_environment_account_and_type[changes2] _

self = <django.db.backends.utils.CursorWrapper object at 0x704a00b135f0>
sql = 'TRUNCATE "core_action_card_revisions", "job_recovery_receipts", "core_workflow_schedules", "integrations_quickbooksat...attempt", "core_workflow_runs", "auth_permission", "integrations_quickbooksevent", "django_session", "catalog_vendor";'
params = None
ignored_wrapper_args = (False, {'connection': <DatabaseWrapper vendor='postgresql' alias='default'>, 'cursor': <django.db.backends.utils.CursorWrapper object at 0x704a00b135f0>})

    def _execute(self, sql, params, *ignored_wrapper_args):
        # Raise a warning during app initialization (stored_app_configs is only
        # ever set during testing).
        if not apps.ready and not apps.stored_app_configs:
            warnings.warn(self.APPS_NOT_READY_WARNING_MSG, category=RuntimeWarning)
        self.db.validate_no_broken_transaction()
        with self.db.wrap_database_errors:
            if params is None:
                # params default might be backend specific.
>               return self.cursor.execute(sql)
                       ^^^^^^^^^^^^^^^^^^^^^^^^

.venv/lib/python3.14/site-packages/django/db/backends/utils.py:103: 
_ _ _ _ _ _ _ _ _ _ _ _ _ _ _ _ _ _ _ _ _ _ _ _ _ _ _ _ _ _ _ _ _ _ _ _ _ _ _ _ 

self = <django.db.backends.postgresql.base.Cursor [closed] [IDLE] (host=qualification-db user=postgres database=test_qualification) at 0x704a00ac4f30>
query = 'TRUNCATE "core_action_card_revisions", "job_recovery_receipts", "core_workflow_schedules", "integrations_quickbooksat...attempt", "core_workflow_runs", "auth_permission", "integrations_quickbooksevent", "django_session", "catalog_vendor";'
params = None, prepare = None, binary = None

    def execute(
        self,
        query: Query,
        params: Params | None = None,
        *,
        prepare: bool | None = None,
        binary: bool | None = None,
    ) -> Self:
        """
        Execute a query or command to the database.
        """
        try:
            with self._conn.lock:
                self._conn.wait(
                    self._execute_gen(query, params, prepare=prepare, binary=binary)
                )
        except e._NO_TRACEBACK as ex:
>           raise ex.with_traceback(None)
E           psycopg.errors.FeatureNotSupported: cannot truncate a table referenced in a foreign key constraint
E           DETAIL:  Table "billing_admission_receipt" references "billing_paid_coverage".
E           HINT:  Truncate table "billing_admission_receipt" at the same time, or use TRUNCATE ... CASCADE.

.venv/lib/python3.14/site-packages/psycopg/cursor.py:117: FeatureNotSupported

The above exception was the direct cause of the following exception:

self = <django.core.management.commands.flush.Command object at 0x704a00b17050>
options = {'verbosity': 0, 'settings': None, 'pythonpath': None, 'traceback': False, ...}

        def handle(self, **options):
            database = options["database"]
            connection = connections[database]
            verbosity = options["verbosity"]
            interactive = options["interactive"]
            # The following are stealth options used by Django's internals.
            reset_sequences = options.get("reset_sequences", True)
            allow_cascade = options.get("allow_cascade", False)
            inhibit_post_migrate = options.get("inhibit_post_migrate", False)
    
            self.style = no_style()
    
            # Import the 'management' module within each installed app, to register
            # dispatcher events.
            for app_config in apps.get_app_configs():
                try:
                    import_module(".management", app_config.name)
                except ImportError:
                    pass
    
            sql_list = sql_flush(
                self.style,
                connection,
                reset_sequences=reset_sequences,
                allow_cascade=allow_cascade,
            )
    
            if interactive:
                confirm = input("""You have requested a flush of the database.
    This will IRREVERSIBLY DESTROY all data currently in the "%s" database,
    and return each table to an empty state.
    Are you sure you want to do this?
    
        Type 'yes' to continue, or 'no' to cancel: """ % connection.settings_dict["NAME"])
            else:
                confirm = "yes"
    
            if confirm == "yes":
                try:
>                   connection.ops.execute_sql_flush(sql_list)

.venv/lib/python3.14/site-packages/django/core/management/commands/flush.py:71: 
_ _ _ _ _ _ _ _ _ _ _ _ _ _ _ _ _ _ _ _ _ _ _ _ _ _ _ _ _ _ _ _ _ _ _ _ _ _ _ _ 
.venv/lib/python3.14/site-packages/django/db/backends/base/operations.py:473: in execute_sql_flush
    cursor.execute(sql)
.venv/lib/python3.14/site-packages/django/db/backends/utils.py:79: in execute
    return self._execute_with_wrappers(
.venv/lib/python3.14/site-packages/django/db/backends/utils.py:92: in _execute_with_wrappers
    return executor(sql, params, many, context)
           ^^^^^^^^^^^^^^^^^^^^^^^^^^^^^^^^^^^^
.venv/lib/python3.14/site-packages/django/db/backends/utils.py:100: in _execute
    with self.db.wrap_database_errors:
         ^^^^^^^^^^^^^^^^^^^^^^^^^^^^
.venv/lib/python3.14/site-packages/django/db/utils.py:91: in __exit__
    raise dj_exc_value.with_traceback(traceback) from exc_value
.venv/lib/python3.14/site-packages/django/db/backends/utils.py:103: in _execute
    return self.cursor.execute(sql)
           ^^^^^^^^^^^^^^^^^^^^^^^^
_ _ _ _ _ _ _ _ _ _ _ _ _ _ _ _ _ _ _ _ _ _ _ _ _ _ _ _ _ _ _ _ _ _ _ _ _ _ _ _ 

self = <django.db.backends.postgresql.base.Cursor [closed] [IDLE] (host=qualification-db user=postgres database=test_qualification) at 0x704a00ac4f30>
query = 'TRUNCATE "core_action_card_revisions", "job_recovery_receipts", "core_workflow_schedules", "integrations_quickbooksat...attempt", "core_workflow_runs", "auth_permission", "integrations_quickbooksevent", "django_session", "catalog_vendor";'
params = None, prepare = None, binary = None

    def execute(
        self,
        query: Query,
        params: Params | None = None,
        *,
        prepare: bool | None = None,
        binary: bool | None = None,
    ) -> Self:
        """
        Execute a query or command to the database.
        """
        try:
            with self._conn.lock:
                self._conn.wait(
                    self._execute_gen(query, params, prepare=prepare, binary=binary)
                )
        except e._NO_TRACEBACK as ex:
>           raise ex.with_traceback(None)
E           django.db.utils.NotSupportedError: cannot truncate a table referenced in a foreign key constraint
E           DETAIL:  Table "billing_admission_receipt" references "billing_paid_coverage".
E           HINT:  Truncate table "billing_admission_receipt" at the same time, or use TRUNCATE ... CASCADE.

.venv/lib/python3.14/site-packages/psycopg/cursor.py:117: NotSupportedError

The above exception was the direct cause of the following exception:

request = <SubRequest '_django_db_helper' for <Function test_unadmitted_event_environment_account_and_type[changes2]>>
django_db_setup = None
django_db_blocker = <pytest_django.plugin.DjangoDbBlocker object at 0x704a05d7d010>

    @pytest.fixture
    def _django_db_helper(
        request: pytest.FixtureRequest,
        django_db_setup: None,  # noqa: ARG001
        django_db_blocker: DjangoDbBlocker,
    ) -> Generator[None]:
        if is_django_unittest(request):
            yield
            return
    
        from django import VERSION
    
        marker = request.node.get_closest_marker("django_db")
        if marker:
            (
                transactional,
                reset_sequences,
                databases,
                serialized_rollback,
                available_apps,
            ) = validate_django_db(marker)
        else:
            (
                transactional,
                reset_sequences,
                databases,
                serialized_rollback,
                available_apps,
            ) = False, False, None, False, None
    
        transactional = (
            transactional
            or reset_sequences
            or ("transactional_db" in request.fixturenames or "live_server" in request.fixturenames)
        )
        reset_sequences = reset_sequences or ("django_db_reset_sequences" in request.fixturenames)
        serialized_rollback = serialized_rollback or (
            "django_db_serialized_rollback" in request.fixturenames
        )
    
        with django_db_blocker.unblock():
            import django.db
            import django.test
    
            if transactional:
                test_case_class = django.test.TransactionTestCase
            else:
                test_case_class = django.test.TestCase
    
            _reset_sequences = reset_sequences
            _serialized_rollback = serialized_rollback
            _databases = databases
            _available_apps = available_apps
    
            class PytestDjangoTestCase(test_case_class):  # type: ignore[misc,valid-type]
                reset_sequences = _reset_sequences
                serialized_rollback = _serialized_rollback
                if _databases is not None:
                    databases = _databases
                if _available_apps is not None:
                    available_apps = _available_apps
    
                # For non-transactional tests, skip executing `django.test.TestCase`'s
                # `setUpClass`/`tearDownClass`, only execute the super class ones.
                #
                # `TestCase`'s class setup manages the `setUpTestData`/class-level
                # transaction functionality. We don't use it; instead we (will) offer
                # our own alternatives. So it only adds overhead, and does some things
                # which conflict with our (planned) functionality, particularly, it
                # closes all database connections in `tearDownClass` which inhibits
                # wrapping tests in higher-scoped transactions.
                #
                # It's possible a new version of Django will add some unrelated
                # functionality to these methods, in which case skipping them completely
                # would not be desirable. Let's cross that bridge when we get there...
                if not transactional:
    
                    @classmethod
                    def setUpClass(cls) -> None:
                        super(django.test.TestCase, cls).setUpClass()
    
                    @classmethod
                    def tearDownClass(cls) -> None:
                        super(django.test.TestCase, cls).tearDownClass()
    
            PytestDjangoTestCase.setUpClass()
    
            test_case = PytestDjangoTestCase(methodName="__init__")
            if VERSION >= (6, 0):
                pre_setup_ran_eagerly = PytestDjangoTestCase._pre_setup_ran_eagerly
            else:
                pre_setup_ran_eagerly = getattr(PytestDjangoTestCase, "_pre_setup_ran_eagerly", False)
            if not pre_setup_ran_eagerly:
                # For a TransactionTestCase, setUpClass() has already run _pre_setup() and set
                # this flag to say so.
                test_case._pre_setup()
    
            yield
    
>           test_case._post_teardown()

.venv/lib/python3.14/site-packages/pytest_django/fixtures.py:305: 
_ _ _ _ _ _ _ _ _ _ _ _ _ _ _ _ _ _ _ _ _ _ _ _ _ _ _ _ _ _ _ _ _ _ _ _ _ _ _ _ 
.venv/lib/python3.14/site-packages/django/test/testcases.py:1231: in _post_teardown
    self._fixture_teardown()
.venv/lib/python3.14/site-packages/django/test/testcases.py:1266: in _fixture_teardown
    call_command(
.venv/lib/python3.14/site-packages/django/core/management/__init__.py:194: in call_command
    return command.execute(*args, **defaults)
           ^^^^^^^^^^^^^^^^^^^^^^^^^^^^^^^^^^
.venv/lib/python3.14/site-packages/django/core/management/base.py:464: in execute
    output = self.handle(*args, **options)
             ^^^^^^^^^^^^^^^^^^^^^^^^^^^^^
_ _ _ _ _ _ _ _ _ _ _ _ _ _ _ _ _ _ _ _ _ _ _ _ _ _ _ _ _ _ _ _ _ _ _ _ _ _ _ _ 

self = <django.core.management.commands.flush.Command object at 0x704a00b17050>
options = {'verbosity': 0, 'settings': None, 'pythonpath': None, 'traceback': False, ...}

        def handle(self, **options):
            database = options["database"]
            connection = connections[database]
            verbosity = options["verbosity"]
            interactive = options["interactive"]
            # The following are stealth options used by Django's internals.
            reset_sequences = options.get("reset_sequences", True)
            allow_cascade = options.get("allow_cascade", False)
            inhibit_post_migrate = options.get("inhibit_post_migrate", False)
    
            self.style = no_style()
    
            # Import the 'management' module within each installed app, to register
            # dispatcher events.
            for app_config in apps.get_app_configs():
                try:
                    import_module(".management", app_config.name)
                except ImportError:
                    pass
    
            sql_list = sql_flush(
                self.style,
                connection,
                reset_sequences=reset_sequences,
                allow_cascade=allow_cascade,
            )
    
            if interactive:
                confirm = input("""You have requested a flush of the database.
    This will IRREVERSIBLY DESTROY all data currently in the "%s" database,
    and return each table to an empty state.
    Are you sure you want to do this?
    
        Type 'yes' to continue, or 'no' to cancel: """ % connection.settings_dict["NAME"])
            else:
                confirm = "yes"
    
            if confirm == "yes":
                try:
                    connection.ops.execute_sql_flush(sql_list)
                except Exception as exc:
>                   raise CommandError(
                        "Database %s couldn't be flushed. Possible reasons:\n"
                        "  * The database isn't running or isn't configured correctly.\n"
                        "  * At least one of the expected database tables doesn't exist.\n"
                        "  * The SQL was invalid.\n"
                        "Hint: Look at the output of 'django-admin sqlflush'. "
                        "That's the SQL this command wasn't able to run."
                        % (connection.settings_dict["NAME"],)
                    ) from exc
E                   django.core.management.base.CommandError: Database test_qualification couldn't be flushed. Possible reasons:
E                     * The database isn't running or isn't configured correctly.
E                     * At least one of the expected database tables doesn't exist.
E                     * The SQL was invalid.
E                   Hint: Look at the output of 'django-admin sqlflush'. That's the SQL this command wasn't able to run.

.venv/lib/python3.14/site-packages/django/core/management/commands/flush.py:73: CommandError
_ ERROR at setup of test_invalid_coverage_rolls_back_new_generation_and_receipt _

self = <django.db.backends.utils.CursorWrapper object at 0x704a00a7c890>
sql = 'INSERT INTO "accounts_user" ("password", "last_login", "is_superuser", "id", "email", "first_name", "last_name", "is_staff", "is_active", "date_joined") VALUES (%s, %s, %s, %s, %s, %s, %s, %s, %s, %s)'
params = ('!YZUkx5m839BGRghAQ6SDocWASVTLs0NQGfvGq9s8', None, False, UUID('99add38d-e745-4cf0-8d20-daa009af5330'), 'admission-service@example.invalid', '', ...)
ignored_wrapper_args = (False, {'connection': <DatabaseWrapper vendor='postgresql' alias='default'>, 'cursor': <django.db.backends.utils.CursorWrapper object at 0x704a00a7c890>})

    def _execute(self, sql, params, *ignored_wrapper_args):
        # Raise a warning during app initialization (stored_app_configs is only
        # ever set during testing).
        if not apps.ready and not apps.stored_app_configs:
            warnings.warn(self.APPS_NOT_READY_WARNING_MSG, category=RuntimeWarning)
        self.db.validate_no_broken_transaction()
        with self.db.wrap_database_errors:
            if params is None:
                # params default might be backend specific.
                return self.cursor.execute(sql)
            else:
>               return self.cursor.execute(sql, params)
                       ^^^^^^^^^^^^^^^^^^^^^^^^^^^^^^^^

.venv/lib/python3.14/site-packages/django/db/backends/utils.py:105: 
_ _ _ _ _ _ _ _ _ _ _ _ _ _ _ _ _ _ _ _ _ _ _ _ _ _ _ _ _ _ _ _ _ _ _ _ _ _ _ _ 

self = <django.db.backends.postgresql.base.Cursor [closed] [IDLE] (host=qualification-db user=postgres database=test_qualification) at 0x704a00ac6430>
query = 'INSERT INTO "accounts_user" ("password", "last_login", "is_superuser", "id", "email", "first_name", "last_name", "is_staff", "is_active", "date_joined") VALUES (%s, %s, %s, %s, %s, %s, %s, %s, %s, %s)'
params = ('!YZUkx5m839BGRghAQ6SDocWASVTLs0NQGfvGq9s8', None, False, UUID('99add38d-e745-4cf0-8d20-daa009af5330'), 'admission-service@example.invalid', '', ...)
prepare = None, binary = None

    def execute(
        self,
        query: Query,
        params: Params | None = None,
        *,
        prepare: bool | None = None,
        binary: bool | None = None,
    ) -> Self:
        """
        Execute a query or command to the database.
        """
        try:
            with self._conn.lock:
                self._conn.wait(
                    self._execute_gen(query, params, prepare=prepare, binary=binary)
                )
        except e._NO_TRACEBACK as ex:
>           raise ex.with_traceback(None)
E           psycopg.errors.UniqueViolation: duplicate key value violates unique constraint "accounts_user_email_key"
E           DETAIL:  Key (email)=(admission-service@example.invalid) already exists.

.venv/lib/python3.14/site-packages/psycopg/cursor.py:117: UniqueViolation

The above exception was the direct cause of the following exception:

settings = <pytest_django.fixtures.Settings object at 0x704a00ab6f50>
monkeypatch = <_pytest.monkeypatch.MonkeyPatch object at 0x704a00ac5c50>
paid_observations = ({'id': 'in_qualified', 'object': 'invoice', 'status': 'paid', 'customer': 'cus_qualified', ...}, {'id': 'sub_qualifie...ied', 'quantity': 1, 'price': {'id': 'price_core_99', 'active': True, 'currency': 'usd', 'unit_amount': 9900, ...}}]}})

    @pytest.fixture
    def service(settings, monkeypatch, paid_observations):
        settings.BILLING_ADMISSION_WEBHOOK_SECRET = "whsec_synthetic_qualification"
        settings.BILLING_ADMISSION_STRIPE_KEY = "rk_test_synthetic_qualification"
        settings.BILLING_ADMISSION_ACCOUNT_ID = "acct_qualified"
        settings.BILLING_ADMISSION_LIVEMODE = False
        invoice, provider_subscription = paid_observations
>       user = get_user_model().objects.create_user(email="admission-service@example.invalid")
               ^^^^^^^^^^^^^^^^^^^^^^^^^^^^^^^^^^^^^^^^^^^^^^^^^^^^^^^^^^^^^^^^^^^^^^^^^^^^^^^

tests/test_billing_admission_service.py:41: 
_ _ _ _ _ _ _ _ _ _ _ _ _ _ _ _ _ _ _ _ _ _ _ _ _ _ _ _ _ _ _ _ _ _ _ _ _ _ _ _ 
apps/accounts/managers.py:29: in create_user
    user.save(using=self._db)
.venv/lib/python3.14/site-packages/django/contrib/auth/base_user.py:65: in save
    super().save(*args, **kwargs)
.venv/lib/python3.14/site-packages/django/db/models/base.py:902: in save
    self.save_base(
.venv/lib/python3.14/site-packages/django/db/models/base.py:1008: in save_base
    updated = self._save_table(
.venv/lib/python3.14/site-packages/django/db/models/base.py:1169: in _save_table
    results = self._do_insert(
.venv/lib/python3.14/site-packages/django/db/models/base.py:1210: in _do_insert
    return manager._insert(
.venv/lib/python3.14/site-packages/django/db/models/manager.py:87: in manager_method
    return getattr(self.get_queryset(), name)(*args, **kwargs)
           ^^^^^^^^^^^^^^^^^^^^^^^^^^^^^^^^^^^^^^^^^^^^^^^^^^^
.venv/lib/python3.14/site-packages/django/db/models/query.py:1873: in _insert
    return query.get_compiler(using=using).execute_sql(returning_fields)
           ^^^^^^^^^^^^^^^^^^^^^^^^^^^^^^^^^^^^^^^^^^^^^^^^^^^^^^^^^^^^^
.venv/lib/python3.14/site-packages/django/db/models/sql/compiler.py:1882: in execute_sql
    cursor.execute(sql, params)
.venv/lib/python3.14/site-packages/django/db/backends/utils.py:79: in execute
    return self._execute_with_wrappers(
.venv/lib/python3.14/site-packages/django/db/backends/utils.py:92: in _execute_with_wrappers
    return executor(sql, params, many, context)
           ^^^^^^^^^^^^^^^^^^^^^^^^^^^^^^^^^^^^
.venv/lib/python3.14/site-packages/django/db/backends/utils.py:100: in _execute
    with self.db.wrap_database_errors:
         ^^^^^^^^^^^^^^^^^^^^^^^^^^^^
.venv/lib/python3.14/site-packages/django/db/utils.py:91: in __exit__
    raise dj_exc_value.with_traceback(traceback) from exc_value
.venv/lib/python3.14/site-packages/django/db/backends/utils.py:105: in _execute
    return self.cursor.execute(sql, params)
           ^^^^^^^^^^^^^^^^^^^^^^^^^^^^^^^^
_ _ _ _ _ _ _ _ _ _ _ _ _ _ _ _ _ _ _ _ _ _ _ _ _ _ _ _ _ _ _ _ _ _ _ _ _ _ _ _ 

self = <django.db.backends.postgresql.base.Cursor [closed] [IDLE] (host=qualification-db user=postgres database=test_qualification) at 0x704a00ac6430>
query = 'INSERT INTO "accounts_user" ("password", "last_login", "is_superuser", "id", "email", "first_name", "last_name", "is_staff", "is_active", "date_joined") VALUES (%s, %s, %s, %s, %s, %s, %s, %s, %s, %s)'
params = ('!YZUkx5m839BGRghAQ6SDocWASVTLs0NQGfvGq9s8', None, False, UUID('99add38d-e745-4cf0-8d20-daa009af5330'), 'admission-service@example.invalid', '', ...)
prepare = None, binary = None

    def execute(
        self,
        query: Query,
        params: Params | None = None,
        *,
        prepare: bool | None = None,
        binary: bool | None = None,
    ) -> Self:
        """
        Execute a query or command to the database.
        """
        try:
            with self._conn.lock:
                self._conn.wait(
                    self._execute_gen(query, params, prepare=prepare, binary=binary)
                )
        except e._NO_TRACEBACK as ex:
>           raise ex.with_traceback(None)
E           django.db.utils.IntegrityError: duplicate key value violates unique constraint "accounts_user_email_key"
E           DETAIL:  Key (email)=(admission-service@example.invalid) already exists.

.venv/lib/python3.14/site-packages/psycopg/cursor.py:117: IntegrityError
_ ERROR at teardown of test_invalid_coverage_rolls_back_new_generation_and_receipt _

self = <django.db.backends.utils.CursorWrapper object at 0x704a00a7cd10>
sql = 'TRUNCATE "core_action_card_revisions", "job_recovery_receipts", "core_workflow_schedules", "integrations_quickbooksat...attempt", "core_workflow_runs", "auth_permission", "integrations_quickbooksevent", "django_session", "catalog_vendor";'
params = None
ignored_wrapper_args = (False, {'connection': <DatabaseWrapper vendor='postgresql' alias='default'>, 'cursor': <django.db.backends.utils.CursorWrapper object at 0x704a00a7cd10>})

    def _execute(self, sql, params, *ignored_wrapper_args):
        # Raise a warning during app initialization (stored_app_configs is only
        # ever set during testing).
        if not apps.ready and not apps.stored_app_configs:
            warnings.warn(self.APPS_NOT_READY_WARNING_MSG, category=RuntimeWarning)
        self.db.validate_no_broken_transaction()
        with self.db.wrap_database_errors:
            if params is None:
                # params default might be backend specific.
>               return self.cursor.execute(sql)
                       ^^^^^^^^^^^^^^^^^^^^^^^^

.venv/lib/python3.14/site-packages/django/db/backends/utils.py:103: 
_ _ _ _ _ _ _ _ _ _ _ _ _ _ _ _ _ _ _ _ _ _ _ _ _ _ _ _ _ _ _ _ _ _ _ _ _ _ _ _ 

self = <django.db.backends.postgresql.base.Cursor [closed] [IDLE] (host=qualification-db user=postgres database=test_qualification) at 0x704a00ac5d30>
query = 'TRUNCATE "core_action_card_revisions", "job_recovery_receipts", "core_workflow_schedules", "integrations_quickbooksat...attempt", "core_workflow_runs", "auth_permission", "integrations_quickbooksevent", "django_session", "catalog_vendor";'
params = None, prepare = None, binary = None

    def execute(
        self,
        query: Query,
        params: Params | None = None,
        *,
        prepare: bool | None = None,
        binary: bool | None = None,
    ) -> Self:
        """
        Execute a query or command to the database.
        """
        try:
            with self._conn.lock:
                self._conn.wait(
                    self._execute_gen(query, params, prepare=prepare, binary=binary)
                )
        except e._NO_TRACEBACK as ex:
>           raise ex.with_traceback(None)
E           psycopg.errors.FeatureNotSupported: cannot truncate a table referenced in a foreign key constraint
E           DETAIL:  Table "billing_admission_receipt" references "billing_paid_coverage".
E           HINT:  Truncate table "billing_admission_receipt" at the same time, or use TRUNCATE ... CASCADE.

.venv/lib/python3.14/site-packages/psycopg/cursor.py:117: FeatureNotSupported

The above exception was the direct cause of the following exception:

self = <django.core.management.commands.flush.Command object at 0x704a00ab7150>
options = {'verbosity': 0, 'settings': None, 'pythonpath': None, 'traceback': False, ...}

        def handle(self, **options):
            database = options["database"]
            connection = connections[database]
            verbosity = options["verbosity"]
            interactive = options["interactive"]
            # The following are stealth options used by Django's internals.
            reset_sequences = options.get("reset_sequences", True)
            allow_cascade = options.get("allow_cascade", False)
            inhibit_post_migrate = options.get("inhibit_post_migrate", False)
    
            self.style = no_style()
    
            # Import the 'management' module within each installed app, to register
            # dispatcher events.
            for app_config in apps.get_app_configs():
                try:
                    import_module(".management", app_config.name)
                except ImportError:
                    pass
    
            sql_list = sql_flush(
                self.style,
                connection,
                reset_sequences=reset_sequences,
                allow_cascade=allow_cascade,
            )
    
            if interactive:
                confirm = input("""You have requested a flush of the database.
    This will IRREVERSIBLY DESTROY all data currently in the "%s" database,
    and return each table to an empty state.
    Are you sure you want to do this?
    
        Type 'yes' to continue, or 'no' to cancel: """ % connection.settings_dict["NAME"])
            else:
                confirm = "yes"
    
            if confirm == "yes":
                try:
>                   connection.ops.execute_sql_flush(sql_list)

.venv/lib/python3.14/site-packages/django/core/management/commands/flush.py:71: 
_ _ _ _ _ _ _ _ _ _ _ _ _ _ _ _ _ _ _ _ _ _ _ _ _ _ _ _ _ _ _ _ _ _ _ _ _ _ _ _ 
.venv/lib/python3.14/site-packages/django/db/backends/base/operations.py:473: in execute_sql_flush
    cursor.execute(sql)
.venv/lib/python3.14/site-packages/django/db/backends/utils.py:79: in execute
    return self._execute_with_wrappers(
.venv/lib/python3.14/site-packages/django/db/backends/utils.py:92: in _execute_with_wrappers
    return executor(sql, params, many, context)
           ^^^^^^^^^^^^^^^^^^^^^^^^^^^^^^^^^^^^
.venv/lib/python3.14/site-packages/django/db/backends/utils.py:100: in _execute
    with self.db.wrap_database_errors:
         ^^^^^^^^^^^^^^^^^^^^^^^^^^^^
.venv/lib/python3.14/site-packages/django/db/utils.py:91: in __exit__
    raise dj_exc_value.with_traceback(traceback) from exc_value
.venv/lib/python3.14/site-packages/django/db/backends/utils.py:103: in _execute
    return self.cursor.execute(sql)
           ^^^^^^^^^^^^^^^^^^^^^^^^
_ _ _ _ _ _ _ _ _ _ _ _ _ _ _ _ _ _ _ _ _ _ _ _ _ _ _ _ _ _ _ _ _ _ _ _ _ _ _ _ 

self = <django.db.backends.postgresql.base.Cursor [closed] [IDLE] (host=qualification-db user=postgres database=test_qualification) at 0x704a00ac5d30>
query = 'TRUNCATE "core_action_card_revisions", "job_recovery_receipts", "core_workflow_schedules", "integrations_quickbooksat...attempt", "core_workflow_runs", "auth_permission", "integrations_quickbooksevent", "django_session", "catalog_vendor";'
params = None, prepare = None, binary = None

    def execute(
        self,
        query: Query,
        params: Params | None = None,
        *,
        prepare: bool | None = None,
        binary: bool | None = None,
    ) -> Self:
        """
        Execute a query or command to the database.
        """
        try:
            with self._conn.lock:
                self._conn.wait(
                    self._execute_gen(query, params, prepare=prepare, binary=binary)
                )
        except e._NO_TRACEBACK as ex:
>           raise ex.with_traceback(None)
E           django.db.utils.NotSupportedError: cannot truncate a table referenced in a foreign key constraint
E           DETAIL:  Table "billing_admission_receipt" references "billing_paid_coverage".
E           HINT:  Truncate table "billing_admission_receipt" at the same time, or use TRUNCATE ... CASCADE.

.venv/lib/python3.14/site-packages/psycopg/cursor.py:117: NotSupportedError

The above exception was the direct cause of the following exception:

request = <SubRequest '_django_db_helper' for <Function test_invalid_coverage_rolls_back_new_generation_and_receipt>>
django_db_setup = None
django_db_blocker = <pytest_django.plugin.DjangoDbBlocker object at 0x704a05d7d010>

    @pytest.fixture
    def _django_db_helper(
        request: pytest.FixtureRequest,
        django_db_setup: None,  # noqa: ARG001
        django_db_blocker: DjangoDbBlocker,
    ) -> Generator[None]:
        if is_django_unittest(request):
            yield
            return
    
        from django import VERSION
    
        marker = request.node.get_closest_marker("django_db")
        if marker:
            (
                transactional,
                reset_sequences,
                databases,
                serialized_rollback,
                available_apps,
            ) = validate_django_db(marker)
        else:
            (
                transactional,
                reset_sequences,
                databases,
                serialized_rollback,
                available_apps,
            ) = False, False, None, False, None
    
        transactional = (
            transactional
            or reset_sequences
            or ("transactional_db" in request.fixturenames or "live_server" in request.fixturenames)
        )
        reset_sequences = reset_sequences or ("django_db_reset_sequences" in request.fixturenames)
        serialized_rollback = serialized_rollback or (
            "django_db_serialized_rollback" in request.fixturenames
        )
    
        with django_db_blocker.unblock():
            import django.db
            import django.test
    
            if transactional:
                test_case_class = django.test.TransactionTestCase
            else:
                test_case_class = django.test.TestCase
    
            _reset_sequences = reset_sequences
            _serialized_rollback = serialized_rollback
            _databases = databases
            _available_apps = available_apps
    
            class PytestDjangoTestCase(test_case_class):  # type: ignore[misc,valid-type]
                reset_sequences = _reset_sequences
                serialized_rollback = _serialized_rollback
                if _databases is not None:
                    databases = _databases
                if _available_apps is not None:
                    available_apps = _available_apps
    
                # For non-transactional tests, skip executing `django.test.TestCase`'s
                # `setUpClass`/`tearDownClass`, only execute the super class ones.
                #
                # `TestCase`'s class setup manages the `setUpTestData`/class-level
                # transaction functionality. We don't use it; instead we (will) offer
                # our own alternatives. So it only adds overhead, and does some things
                # which conflict with our (planned) functionality, particularly, it
                # closes all database connections in `tearDownClass` which inhibits
                # wrapping tests in higher-scoped transactions.
                #
                # It's possible a new version of Django will add some unrelated
                # functionality to these methods, in which case skipping them completely
                # would not be desirable. Let's cross that bridge when we get there...
                if not transactional:
    
                    @classmethod
                    def setUpClass(cls) -> None:
                        super(django.test.TestCase, cls).setUpClass()
    
                    @classmethod
                    def tearDownClass(cls) -> None:
                        super(django.test.TestCase, cls).tearDownClass()
    
            PytestDjangoTestCase.setUpClass()
    
            test_case = PytestDjangoTestCase(methodName="__init__")
            if VERSION >= (6, 0):
                pre_setup_ran_eagerly = PytestDjangoTestCase._pre_setup_ran_eagerly
            else:
                pre_setup_ran_eagerly = getattr(PytestDjangoTestCase, "_pre_setup_ran_eagerly", False)
            if not pre_setup_ran_eagerly:
                # For a TransactionTestCase, setUpClass() has already run _pre_setup() and set
                # this flag to say so.
                test_case._pre_setup()
    
            yield
    
>           test_case._post_teardown()

.venv/lib/python3.14/site-packages/pytest_django/fixtures.py:305: 
_ _ _ _ _ _ _ _ _ _ _ _ _ _ _ _ _ _ _ _ _ _ _ _ _ _ _ _ _ _ _ _ _ _ _ _ _ _ _ _ 
.venv/lib/python3.14/site-packages/django/test/testcases.py:1231: in _post_teardown
    self._fixture_teardown()
.venv/lib/python3.14/site-packages/django/test/testcases.py:1266: in _fixture_teardown
    call_command(
.venv/lib/python3.14/site-packages/django/core/management/__init__.py:194: in call_command
    return command.execute(*args, **defaults)
           ^^^^^^^^^^^^^^^^^^^^^^^^^^^^^^^^^^
.venv/lib/python3.14/site-packages/django/core/management/base.py:464: in execute
    output = self.handle(*args, **options)
             ^^^^^^^^^^^^^^^^^^^^^^^^^^^^^
_ _ _ _ _ _ _ _ _ _ _ _ _ _ _ _ _ _ _ _ _ _ _ _ _ _ _ _ _ _ _ _ _ _ _ _ _ _ _ _ 

self = <django.core.management.commands.flush.Command object at 0x704a00ab7150>
options = {'verbosity': 0, 'settings': None, 'pythonpath': None, 'traceback': False, ...}

        def handle(self, **options):
            database = options["database"]
            connection = connections[database]
            verbosity = options["verbosity"]
            interactive = options["interactive"]
            # The following are stealth options used by Django's internals.
            reset_sequences = options.get("reset_sequences", True)
            allow_cascade = options.get("allow_cascade", False)
            inhibit_post_migrate = options.get("inhibit_post_migrate", False)
    
            self.style = no_style()
    
            # Import the 'management' module within each installed app, to register
            # dispatcher events.
            for app_config in apps.get_app_configs():
                try:
                    import_module(".management", app_config.name)
                except ImportError:
                    pass
    
            sql_list = sql_flush(
                self.style,
                connection,
                reset_sequences=reset_sequences,
                allow_cascade=allow_cascade,
            )
    
            if interactive:
                confirm = input("""You have requested a flush of the database.
    This will IRREVERSIBLY DESTROY all data currently in the "%s" database,
    and return each table to an empty state.
    Are you sure you want to do this?
    
        Type 'yes' to continue, or 'no' to cancel: """ % connection.settings_dict["NAME"])
            else:
                confirm = "yes"
    
            if confirm == "yes":
                try:
                    connection.ops.execute_sql_flush(sql_list)
                except Exception as exc:
>                   raise CommandError(
                        "Database %s couldn't be flushed. Possible reasons:\n"
                        "  * The database isn't running or isn't configured correctly.\n"
                        "  * At least one of the expected database tables doesn't exist.\n"
                        "  * The SQL was invalid.\n"
                        "Hint: Look at the output of 'django-admin sqlflush'. "
                        "That's the SQL this command wasn't able to run."
                        % (connection.settings_dict["NAME"],)
                    ) from exc
E                   django.core.management.base.CommandError: Database test_qualification couldn't be flushed. Possible reasons:
E                     * The database isn't running or isn't configured correctly.
E                     * At least one of the expected database tables doesn't exist.
E                     * The SQL was invalid.
E                   Hint: Look at the output of 'django-admin sqlflush'. That's the SQL this command wasn't able to run.

.venv/lib/python3.14/site-packages/django/core/management/commands/flush.py:73: CommandError
_ ERROR at setup of test_same_event_conflicting_body_does_not_commit_new_effect _

self = <django.db.backends.utils.CursorWrapper object at 0x704a00a7fdd0>
sql = 'INSERT INTO "accounts_user" ("password", "last_login", "is_superuser", "id", "email", "first_name", "last_name", "is_staff", "is_active", "date_joined") VALUES (%s, %s, %s, %s, %s, %s, %s, %s, %s, %s)'
params = ('!ORtSofF0JcmP971OF6ujVq9tcST1k50U9RlJEQqR', None, False, UUID('b7d7c6bd-8ac0-433a-8024-cacd00828879'), 'admission-service@example.invalid', '', ...)
ignored_wrapper_args = (False, {'connection': <DatabaseWrapper vendor='postgresql' alias='default'>, 'cursor': <django.db.backends.utils.CursorWrapper object at 0x704a00a7fdd0>})

    def _execute(self, sql, params, *ignored_wrapper_args):
        # Raise a warning during app initialization (stored_app_configs is only
        # ever set during testing).
        if not apps.ready and not apps.stored_app_configs:
            warnings.warn(self.APPS_NOT_READY_WARNING_MSG, category=RuntimeWarning)
        self.db.validate_no_broken_transaction()
        with self.db.wrap_database_errors:
            if params is None:
                # params default might be backend specific.
                return self.cursor.execute(sql)
            else:
>               return self.cursor.execute(sql, params)
                       ^^^^^^^^^^^^^^^^^^^^^^^^^^^^^^^^

.venv/lib/python3.14/site-packages/django/db/backends/utils.py:105: 
_ _ _ _ _ _ _ _ _ _ _ _ _ _ _ _ _ _ _ _ _ _ _ _ _ _ _ _ _ _ _ _ _ _ _ _ _ _ _ _ 

self = <django.db.backends.postgresql.base.Cursor [closed] [IDLE] (host=qualification-db user=postgres database=test_qualification) at 0x7049fff7eeb0>
query = 'INSERT INTO "accounts_user" ("password", "last_login", "is_superuser", "id", "email", "first_name", "last_name", "is_staff", "is_active", "date_joined") VALUES (%s, %s, %s, %s, %s, %s, %s, %s, %s, %s)'
params = ('!ORtSofF0JcmP971OF6ujVq9tcST1k50U9RlJEQqR', None, False, UUID('b7d7c6bd-8ac0-433a-8024-cacd00828879'), 'admission-service@example.invalid', '', ...)
prepare = None, binary = None

    def execute(
        self,
        query: Query,
        params: Params | None = None,
        *,
        prepare: bool | None = None,
        binary: bool | None = None,
    ) -> Self:
        """
        Execute a query or command to the database.
        """
        try:
            with self._conn.lock:
                self._conn.wait(
                    self._execute_gen(query, params, prepare=prepare, binary=binary)
                )
        except e._NO_TRACEBACK as ex:
>           raise ex.with_traceback(None)
E           psycopg.errors.UniqueViolation: duplicate key value violates unique constraint "accounts_user_email_key"
E           DETAIL:  Key (email)=(admission-service@example.invalid) already exists.

.venv/lib/python3.14/site-packages/psycopg/cursor.py:117: UniqueViolation

The above exception was the direct cause of the following exception:

settings = <pytest_django.fixtures.Settings object at 0x704a00b332f0>
monkeypatch = <_pytest.monkeypatch.MonkeyPatch object at 0x704a00da1e60>
paid_observations = ({'id': 'in_qualified', 'object': 'invoice', 'status': 'paid', 'customer': 'cus_qualified', ...}, {'id': 'sub_qualifie...ied', 'quantity': 1, 'price': {'id': 'price_core_99', 'active': True, 'currency': 'usd', 'unit_amount': 9900, ...}}]}})

    @pytest.fixture
    def service(settings, monkeypatch, paid_observations):
        settings.BILLING_ADMISSION_WEBHOOK_SECRET = "whsec_synthetic_qualification"
        settings.BILLING_ADMISSION_STRIPE_KEY = "rk_test_synthetic_qualification"
        settings.BILLING_ADMISSION_ACCOUNT_ID = "acct_qualified"
        settings.BILLING_ADMISSION_LIVEMODE = False
        invoice, provider_subscription = paid_observations
>       user = get_user_model().objects.create_user(email="admission-service@example.invalid")
               ^^^^^^^^^^^^^^^^^^^^^^^^^^^^^^^^^^^^^^^^^^^^^^^^^^^^^^^^^^^^^^^^^^^^^^^^^^^^^^^

tests/test_billing_admission_service.py:41: 
_ _ _ _ _ _ _ _ _ _ _ _ _ _ _ _ _ _ _ _ _ _ _ _ _ _ _ _ _ _ _ _ _ _ _ _ _ _ _ _ 
apps/accounts/managers.py:29: in create_user
    user.save(using=self._db)
.venv/lib/python3.14/site-packages/django/contrib/auth/base_user.py:65: in save
    super().save(*args, **kwargs)
.venv/lib/python3.14/site-packages/django/db/models/base.py:902: in save
    self.save_base(
.venv/lib/python3.14/site-packages/django/db/models/base.py:1008: in save_base
    updated = self._save_table(
.venv/lib/python3.14/site-packages/django/db/models/base.py:1169: in _save_table
    results = self._do_insert(
.venv/lib/python3.14/site-packages/django/db/models/base.py:1210: in _do_insert
    return manager._insert(
.venv/lib/python3.14/site-packages/django/db/models/manager.py:87: in manager_method
    return getattr(self.get_queryset(), name)(*args, **kwargs)
           ^^^^^^^^^^^^^^^^^^^^^^^^^^^^^^^^^^^^^^^^^^^^^^^^^^^
.venv/lib/python3.14/site-packages/django/db/models/query.py:1873: in _insert
    return query.get_compiler(using=using).execute_sql(returning_fields)
           ^^^^^^^^^^^^^^^^^^^^^^^^^^^^^^^^^^^^^^^^^^^^^^^^^^^^^^^^^^^^^
.venv/lib/python3.14/site-packages/django/db/models/sql/compiler.py:1882: in execute_sql
    cursor.execute(sql, params)
.venv/lib/python3.14/site-packages/django/db/backends/utils.py:79: in execute
    return self._execute_with_wrappers(
.venv/lib/python3.14/site-packages/django/db/backends/utils.py:92: in _execute_with_wrappers
    return executor(sql, params, many, context)
           ^^^^^^^^^^^^^^^^^^^^^^^^^^^^^^^^^^^^
.venv/lib/python3.14/site-packages/django/db/backends/utils.py:100: in _execute
    with self.db.wrap_database_errors:
         ^^^^^^^^^^^^^^^^^^^^^^^^^^^^
.venv/lib/python3.14/site-packages/django/db/utils.py:91: in __exit__
    raise dj_exc_value.with_traceback(traceback) from exc_value
.venv/lib/python3.14/site-packages/django/db/backends/utils.py:105: in _execute
    return self.cursor.execute(sql, params)
           ^^^^^^^^^^^^^^^^^^^^^^^^^^^^^^^^
_ _ _ _ _ _ _ _ _ _ _ _ _ _ _ _ _ _ _ _ _ _ _ _ _ _ _ _ _ _ _ _ _ _ _ _ _ _ _ _ 

self = <django.db.backends.postgresql.base.Cursor [closed] [IDLE] (host=qualification-db user=postgres database=test_qualification) at 0x7049fff7eeb0>
query = 'INSERT INTO "accounts_user" ("password", "last_login", "is_superuser", "id", "email", "first_name", "last_name", "is_staff", "is_active", "date_joined") VALUES (%s, %s, %s, %s, %s, %s, %s, %s, %s, %s)'
params = ('!ORtSofF0JcmP971OF6ujVq9tcST1k50U9RlJEQqR', None, False, UUID('b7d7c6bd-8ac0-433a-8024-cacd00828879'), 'admission-service@example.invalid', '', ...)
prepare = None, binary = None

    def execute(
        self,
        query: Query,
        params: Params | None = None,
        *,
        prepare: bool | None = None,
        binary: bool | None = None,
    ) -> Self:
        """
        Execute a query or command to the database.
        """
        try:
            with self._conn.lock:
                self._conn.wait(
                    self._execute_gen(query, params, prepare=prepare, binary=binary)
                )
        except e._NO_TRACEBACK as ex:
>           raise ex.with_traceback(None)
E           django.db.utils.IntegrityError: duplicate key value violates unique constraint "accounts_user_email_key"
E           DETAIL:  Key (email)=(admission-service@example.invalid) already exists.

.venv/lib/python3.14/site-packages/psycopg/cursor.py:117: IntegrityError
_ ERROR at teardown of test_same_event_conflicting_body_does_not_commit_new_effect _

self = <django.db.backends.utils.CursorWrapper object at 0x704a00a7e5d0>
sql = 'TRUNCATE "core_action_card_revisions", "job_recovery_receipts", "core_workflow_schedules", "integrations_quickbooksat...attempt", "core_workflow_runs", "auth_permission", "integrations_quickbooksevent", "django_session", "catalog_vendor";'
params = None
ignored_wrapper_args = (False, {'connection': <DatabaseWrapper vendor='postgresql' alias='default'>, 'cursor': <django.db.backends.utils.CursorWrapper object at 0x704a00a7e5d0>})

    def _execute(self, sql, params, *ignored_wrapper_args):
        # Raise a warning during app initialization (stored_app_configs is only
        # ever set during testing).
        if not apps.ready and not apps.stored_app_configs:
            warnings.warn(self.APPS_NOT_READY_WARNING_MSG, category=RuntimeWarning)
        self.db.validate_no_broken_transaction()
        with self.db.wrap_database_errors:
            if params is None:
                # params default might be backend specific.
>               return self.cursor.execute(sql)
                       ^^^^^^^^^^^^^^^^^^^^^^^^

.venv/lib/python3.14/site-packages/django/db/backends/utils.py:103: 
_ _ _ _ _ _ _ _ _ _ _ _ _ _ _ _ _ _ _ _ _ _ _ _ _ _ _ _ _ _ _ _ _ _ _ _ _ _ _ _ 

self = <django.db.backends.postgresql.base.Cursor [closed] [IDLE] (host=qualification-db user=postgres database=test_qualification) at 0x7049fff7e430>
query = 'TRUNCATE "core_action_card_revisions", "job_recovery_receipts", "core_workflow_schedules", "integrations_quickbooksat...attempt", "core_workflow_runs", "auth_permission", "integrations_quickbooksevent", "django_session", "catalog_vendor";'
params = None, prepare = None, binary = None

    def execute(
        self,
        query: Query,
        params: Params | None = None,
        *,
        prepare: bool | None = None,
        binary: bool | None = None,
    ) -> Self:
        """
        Execute a query or command to the database.
        """
        try:
            with self._conn.lock:
                self._conn.wait(
                    self._execute_gen(query, params, prepare=prepare, binary=binary)
                )
        except e._NO_TRACEBACK as ex:
>           raise ex.with_traceback(None)
E           psycopg.errors.FeatureNotSupported: cannot truncate a table referenced in a foreign key constraint
E           DETAIL:  Table "billing_admission_receipt" references "billing_paid_coverage".
E           HINT:  Truncate table "billing_admission_receipt" at the same time, or use TRUNCATE ... CASCADE.

.venv/lib/python3.14/site-packages/psycopg/cursor.py:117: FeatureNotSupported

The above exception was the direct cause of the following exception:

self = <django.core.management.commands.flush.Command object at 0x704a00b31d60>
options = {'verbosity': 0, 'settings': None, 'pythonpath': None, 'traceback': False, ...}

        def handle(self, **options):
            database = options["database"]
            connection = connections[database]
            verbosity = options["verbosity"]
            interactive = options["interactive"]
            # The following are stealth options used by Django's internals.
            reset_sequences = options.get("reset_sequences", True)
            allow_cascade = options.get("allow_cascade", False)
            inhibit_post_migrate = options.get("inhibit_post_migrate", False)
    
            self.style = no_style()
    
            # Import the 'management' module within each installed app, to register
            # dispatcher events.
            for app_config in apps.get_app_configs():
                try:
                    import_module(".management", app_config.name)
                except ImportError:
                    pass
    
            sql_list = sql_flush(
                self.style,
                connection,
                reset_sequences=reset_sequences,
                allow_cascade=allow_cascade,
            )
    
            if interactive:
                confirm = input("""You have requested a flush of the database.
    This will IRREVERSIBLY DESTROY all data currently in the "%s" database,
    and return each table to an empty state.
    Are you sure you want to do this?
    
        Type 'yes' to continue, or 'no' to cancel: """ % connection.settings_dict["NAME"])
            else:
                confirm = "yes"
    
            if confirm == "yes":
                try:
>                   connection.ops.execute_sql_flush(sql_list)

.venv/lib/python3.14/site-packages/django/core/management/commands/flush.py:71: 
_ _ _ _ _ _ _ _ _ _ _ _ _ _ _ _ _ _ _ _ _ _ _ _ _ _ _ _ _ _ _ _ _ _ _ _ _ _ _ _ 
.venv/lib/python3.14/site-packages/django/db/backends/base/operations.py:473: in execute_sql_flush
    cursor.execute(sql)
.venv/lib/python3.14/site-packages/django/db/backends/utils.py:79: in execute
    return self._execute_with_wrappers(
.venv/lib/python3.14/site-packages/django/db/backends/utils.py:92: in _execute_with_wrappers
    return executor(sql, params, many, context)
           ^^^^^^^^^^^^^^^^^^^^^^^^^^^^^^^^^^^^
.venv/lib/python3.14/site-packages/django/db/backends/utils.py:100: in _execute
    with self.db.wrap_database_errors:
         ^^^^^^^^^^^^^^^^^^^^^^^^^^^^
.venv/lib/python3.14/site-packages/django/db/utils.py:91: in __exit__
    raise dj_exc_value.with_traceback(traceback) from exc_value
.venv/lib/python3.14/site-packages/django/db/backends/utils.py:103: in _execute
    return self.cursor.execute(sql)
           ^^^^^^^^^^^^^^^^^^^^^^^^
_ _ _ _ _ _ _ _ _ _ _ _ _ _ _ _ _ _ _ _ _ _ _ _ _ _ _ _ _ _ _ _ _ _ _ _ _ _ _ _ 

self = <django.db.backends.postgresql.base.Cursor [closed] [IDLE] (host=qualification-db user=postgres database=test_qualification) at 0x7049fff7e430>
query = 'TRUNCATE "core_action_card_revisions", "job_recovery_receipts", "core_workflow_schedules", "integrations_quickbooksat...attempt", "core_workflow_runs", "auth_permission", "integrations_quickbooksevent", "django_session", "catalog_vendor";'
params = None, prepare = None, binary = None

    def execute(
        self,
        query: Query,
        params: Params | None = None,
        *,
        prepare: bool | None = None,
        binary: bool | None = None,
    ) -> Self:
        """
        Execute a query or command to the database.
        """
        try:
            with self._conn.lock:
                self._conn.wait(
                    self._execute_gen(query, params, prepare=prepare, binary=binary)
                )
        except e._NO_TRACEBACK as ex:
>           raise ex.with_traceback(None)
E           django.db.utils.NotSupportedError: cannot truncate a table referenced in a foreign key constraint
E           DETAIL:  Table "billing_admission_receipt" references "billing_paid_coverage".
E           HINT:  Truncate table "billing_admission_receipt" at the same time, or use TRUNCATE ... CASCADE.

.venv/lib/python3.14/site-packages/psycopg/cursor.py:117: NotSupportedError

The above exception was the direct cause of the following exception:

request = <SubRequest '_django_db_helper' for <Function test_same_event_conflicting_body_does_not_commit_new_effect>>
django_db_setup = None
django_db_blocker = <pytest_django.plugin.DjangoDbBlocker object at 0x704a05d7d010>

    @pytest.fixture
    def _django_db_helper(
        request: pytest.FixtureRequest,
        django_db_setup: None,  # noqa: ARG001
        django_db_blocker: DjangoDbBlocker,
    ) -> Generator[None]:
        if is_django_unittest(request):
            yield
            return
    
        from django import VERSION
    
        marker = request.node.get_closest_marker("django_db")
        if marker:
            (
                transactional,
                reset_sequences,
                databases,
                serialized_rollback,
                available_apps,
            ) = validate_django_db(marker)
        else:
            (
                transactional,
                reset_sequences,
                databases,
                serialized_rollback,
                available_apps,
            ) = False, False, None, False, None
    
        transactional = (
            transactional
            or reset_sequences
            or ("transactional_db" in request.fixturenames or "live_server" in request.fixturenames)
        )
        reset_sequences = reset_sequences or ("django_db_reset_sequences" in request.fixturenames)
        serialized_rollback = serialized_rollback or (
            "django_db_serialized_rollback" in request.fixturenames
        )
    
        with django_db_blocker.unblock():
            import django.db
            import django.test
    
            if transactional:
                test_case_class = django.test.TransactionTestCase
            else:
                test_case_class = django.test.TestCase
    
            _reset_sequences = reset_sequences
            _serialized_rollback = serialized_rollback
            _databases = databases
            _available_apps = available_apps
    
            class PytestDjangoTestCase(test_case_class):  # type: ignore[misc,valid-type]
                reset_sequences = _reset_sequences
                serialized_rollback = _serialized_rollback
                if _databases is not None:
                    databases = _databases
                if _available_apps is not None:
                    available_apps = _available_apps
    
                # For non-transactional tests, skip executing `django.test.TestCase`'s
                # `setUpClass`/`tearDownClass`, only execute the super class ones.
                #
                # `TestCase`'s class setup manages the `setUpTestData`/class-level
                # transaction functionality. We don't use it; instead we (will) offer
                # our own alternatives. So it only adds overhead, and does some things
                # which conflict with our (planned) functionality, particularly, it
                # closes all database connections in `tearDownClass` which inhibits
                # wrapping tests in higher-scoped transactions.
                #
                # It's possible a new version of Django will add some unrelated
                # functionality to these methods, in which case skipping them completely
                # would not be desirable. Let's cross that bridge when we get there...
                if not transactional:
    
                    @classmethod
                    def setUpClass(cls) -> None:
                        super(django.test.TestCase, cls).setUpClass()
    
                    @classmethod
                    def tearDownClass(cls) -> None:
                        super(django.test.TestCase, cls).tearDownClass()
    
            PytestDjangoTestCase.setUpClass()
    
            test_case = PytestDjangoTestCase(methodName="__init__")
            if VERSION >= (6, 0):
                pre_setup_ran_eagerly = PytestDjangoTestCase._pre_setup_ran_eagerly
            else:
                pre_setup_ran_eagerly = getattr(PytestDjangoTestCase, "_pre_setup_ran_eagerly", False)
            if not pre_setup_ran_eagerly:
                # For a TransactionTestCase, setUpClass() has already run _pre_setup() and set
                # this flag to say so.
                test_case._pre_setup()
    
            yield
    
>           test_case._post_teardown()

.venv/lib/python3.14/site-packages/pytest_django/fixtures.py:305: 
_ _ _ _ _ _ _ _ _ _ _ _ _ _ _ _ _ _ _ _ _ _ _ _ _ _ _ _ _ _ _ _ _ _ _ _ _ _ _ _ 
.venv/lib/python3.14/site-packages/django/test/testcases.py:1231: in _post_teardown
    self._fixture_teardown()
.venv/lib/python3.14/site-packages/django/test/testcases.py:1266: in _fixture_teardown
    call_command(
.venv/lib/python3.14/site-packages/django/core/management/__init__.py:194: in call_command
    return command.execute(*args, **defaults)
           ^^^^^^^^^^^^^^^^^^^^^^^^^^^^^^^^^^
.venv/lib/python3.14/site-packages/django/core/management/base.py:464: in execute
    output = self.handle(*args, **options)
             ^^^^^^^^^^^^^^^^^^^^^^^^^^^^^
_ _ _ _ _ _ _ _ _ _ _ _ _ _ _ _ _ _ _ _ _ _ _ _ _ _ _ _ _ _ _ _ _ _ _ _ _ _ _ _ 

self = <django.core.management.commands.flush.Command object at 0x704a00b31d60>
options = {'verbosity': 0, 'settings': None, 'pythonpath': None, 'traceback': False, ...}

        def handle(self, **options):
            database = options["database"]
            connection = connections[database]
            verbosity = options["verbosity"]
            interactive = options["interactive"]
            # The following are stealth options used by Django's internals.
            reset_sequences = options.get("reset_sequences", True)
            allow_cascade = options.get("allow_cascade", False)
            inhibit_post_migrate = options.get("inhibit_post_migrate", False)
    
            self.style = no_style()
    
            # Import the 'management' module within each installed app, to register
            # dispatcher events.
            for app_config in apps.get_app_configs():
                try:
                    import_module(".management", app_config.name)
                except ImportError:
                    pass
    
            sql_list = sql_flush(
                self.style,
                connection,
                reset_sequences=reset_sequences,
                allow_cascade=allow_cascade,
            )
    
            if interactive:
                confirm = input("""You have requested a flush of the database.
    This will IRREVERSIBLY DESTROY all data currently in the "%s" database,
    and return each table to an empty state.
    Are you sure you want to do this?
    
        Type 'yes' to continue, or 'no' to cancel: """ % connection.settings_dict["NAME"])
            else:
                confirm = "yes"
    
            if confirm == "yes":
                try:
                    connection.ops.execute_sql_flush(sql_list)
                except Exception as exc:
>                   raise CommandError(
                        "Database %s couldn't be flushed. Possible reasons:\n"
                        "  * The database isn't running or isn't configured correctly.\n"
                        "  * At least one of the expected database tables doesn't exist.\n"
                        "  * The SQL was invalid.\n"
                        "Hint: Look at the output of 'django-admin sqlflush'. "
                        "That's the SQL this command wasn't able to run."
                        % (connection.settings_dict["NAME"],)
                    ) from exc
E                   django.core.management.base.CommandError: Database test_qualification couldn't be flushed. Possible reasons:
E                     * The database isn't running or isn't configured correctly.
E                     * At least one of the expected database tables doesn't exist.
E                     * The SQL was invalid.
E                   Hint: Look at the output of 'django-admin sqlflush'. That's the SQL this command wasn't able to run.

.venv/lib/python3.14/site-packages/django/core/management/commands/flush.py:73: CommandError
_________ ERROR at setup of test_canceled_generation_remains_terminal __________

self = <django.db.backends.utils.CursorWrapper object at 0x7049fff45430>
sql = 'INSERT INTO "accounts_user" ("password", "last_login", "is_superuser", "id", "email", "first_name", "last_name", "is_staff", "is_active", "date_joined") VALUES (%s, %s, %s, %s, %s, %s, %s, %s, %s, %s)'
params = ('!guPXekPzoNEeygi0od5VrAShunDmYzcGpSOU0dMr', None, False, UUID('5083afc1-5ee5-40f5-ad2b-7e30e9358b2f'), 'admission-service@example.invalid', '', ...)
ignored_wrapper_args = (False, {'connection': <DatabaseWrapper vendor='postgresql' alias='default'>, 'cursor': <django.db.backends.utils.CursorWrapper object at 0x7049fff45430>})

    def _execute(self, sql, params, *ignored_wrapper_args):
        # Raise a warning during app initialization (stored_app_configs is only
        # ever set during testing).
        if not apps.ready and not apps.stored_app_configs:
            warnings.warn(self.APPS_NOT_READY_WARNING_MSG, category=RuntimeWarning)
        self.db.validate_no_broken_transaction()
        with self.db.wrap_database_errors:
            if params is None:
                # params default might be backend specific.
                return self.cursor.execute(sql)
            else:
>               return self.cursor.execute(sql, params)
                       ^^^^^^^^^^^^^^^^^^^^^^^^^^^^^^^^

.venv/lib/python3.14/site-packages/django/db/backends/utils.py:105: 
_ _ _ _ _ _ _ _ _ _ _ _ _ _ _ _ _ _ _ _ _ _ _ _ _ _ _ _ _ _ _ _ _ _ _ _ _ _ _ _ 

self = <django.db.backends.postgresql.base.Cursor [closed] [IDLE] (host=qualification-db user=postgres database=test_qualification) at 0x7049fff7d010>
query = 'INSERT INTO "accounts_user" ("password", "last_login", "is_superuser", "id", "email", "first_name", "last_name", "is_staff", "is_active", "date_joined") VALUES (%s, %s, %s, %s, %s, %s, %s, %s, %s, %s)'
params = ('!guPXekPzoNEeygi0od5VrAShunDmYzcGpSOU0dMr', None, False, UUID('5083afc1-5ee5-40f5-ad2b-7e30e9358b2f'), 'admission-service@example.invalid', '', ...)
prepare = None, binary = None

    def execute(
        self,
        query: Query,
        params: Params | None = None,
        *,
        prepare: bool | None = None,
        binary: bool | None = None,
    ) -> Self:
        """
        Execute a query or command to the database.
        """
        try:
            with self._conn.lock:
                self._conn.wait(
                    self._execute_gen(query, params, prepare=prepare, binary=binary)
                )
        except e._NO_TRACEBACK as ex:
>           raise ex.with_traceback(None)
E           psycopg.errors.UniqueViolation: duplicate key value violates unique constraint "accounts_user_email_key"
E           DETAIL:  Key (email)=(admission-service@example.invalid) already exists.

.venv/lib/python3.14/site-packages/psycopg/cursor.py:117: UniqueViolation

The above exception was the direct cause of the following exception:

settings = <pytest_django.fixtures.Settings object at 0x704a00b31400>
monkeypatch = <_pytest.monkeypatch.MonkeyPatch object at 0x704a00d07d10>
paid_observations = ({'id': 'in_qualified', 'object': 'invoice', 'status': 'paid', 'customer': 'cus_qualified', ...}, {'id': 'sub_qualifie...ied', 'quantity': 1, 'price': {'id': 'price_core_99', 'active': True, 'currency': 'usd', 'unit_amount': 9900, ...}}]}})

    @pytest.fixture
    def service(settings, monkeypatch, paid_observations):
        settings.BILLING_ADMISSION_WEBHOOK_SECRET = "whsec_synthetic_qualification"
        settings.BILLING_ADMISSION_STRIPE_KEY = "rk_test_synthetic_qualification"
        settings.BILLING_ADMISSION_ACCOUNT_ID = "acct_qualified"
        settings.BILLING_ADMISSION_LIVEMODE = False
        invoice, provider_subscription = paid_observations
>       user = get_user_model().objects.create_user(email="admission-service@example.invalid")
               ^^^^^^^^^^^^^^^^^^^^^^^^^^^^^^^^^^^^^^^^^^^^^^^^^^^^^^^^^^^^^^^^^^^^^^^^^^^^^^^

tests/test_billing_admission_service.py:41: 
_ _ _ _ _ _ _ _ _ _ _ _ _ _ _ _ _ _ _ _ _ _ _ _ _ _ _ _ _ _ _ _ _ _ _ _ _ _ _ _ 
apps/accounts/managers.py:29: in create_user
    user.save(using=self._db)
.venv/lib/python3.14/site-packages/django/contrib/auth/base_user.py:65: in save
    super().save(*args, **kwargs)
.venv/lib/python3.14/site-packages/django/db/models/base.py:902: in save
    self.save_base(
.venv/lib/python3.14/site-packages/django/db/models/base.py:1008: in save_base
    updated = self._save_table(
.venv/lib/python3.14/site-packages/django/db/models/base.py:1169: in _save_table
    results = self._do_insert(
.venv/lib/python3.14/site-packages/django/db/models/base.py:1210: in _do_insert
    return manager._insert(
.venv/lib/python3.14/site-packages/django/db/models/manager.py:87: in manager_method
    return getattr(self.get_queryset(), name)(*args, **kwargs)
           ^^^^^^^^^^^^^^^^^^^^^^^^^^^^^^^^^^^^^^^^^^^^^^^^^^^
.venv/lib/python3.14/site-packages/django/db/models/query.py:1873: in _insert
    return query.get_compiler(using=using).execute_sql(returning_fields)
           ^^^^^^^^^^^^^^^^^^^^^^^^^^^^^^^^^^^^^^^^^^^^^^^^^^^^^^^^^^^^^
.venv/lib/python3.14/site-packages/django/db/models/sql/compiler.py:1882: in execute_sql
    cursor.execute(sql, params)
.venv/lib/python3.14/site-packages/django/db/backends/utils.py:79: in execute
    return self._execute_with_wrappers(
.venv/lib/python3.14/site-packages/django/db/backends/utils.py:92: in _execute_with_wrappers
    return executor(sql, params, many, context)
           ^^^^^^^^^^^^^^^^^^^^^^^^^^^^^^^^^^^^
.venv/lib/python3.14/site-packages/django/db/backends/utils.py:100: in _execute
    with self.db.wrap_database_errors:
         ^^^^^^^^^^^^^^^^^^^^^^^^^^^^
.venv/lib/python3.14/site-packages/django/db/utils.py:91: in __exit__
    raise dj_exc_value.with_traceback(traceback) from exc_value
.venv/lib/python3.14/site-packages/django/db/backends/utils.py:105: in _execute
    return self.cursor.execute(sql, params)
           ^^^^^^^^^^^^^^^^^^^^^^^^^^^^^^^^
_ _ _ _ _ _ _ _ _ _ _ _ _ _ _ _ _ _ _ _ _ _ _ _ _ _ _ _ _ _ _ _ _ _ _ _ _ _ _ _ 

self = <django.db.backends.postgresql.base.Cursor [closed] [IDLE] (host=qualification-db user=postgres database=test_qualification) at 0x7049fff7d010>
query = 'INSERT INTO "accounts_user" ("password", "last_login", "is_superuser", "id", "email", "first_name", "last_name", "is_staff", "is_active", "date_joined") VALUES (%s, %s, %s, %s, %s, %s, %s, %s, %s, %s)'
params = ('!guPXekPzoNEeygi0od5VrAShunDmYzcGpSOU0dMr', None, False, UUID('5083afc1-5ee5-40f5-ad2b-7e30e9358b2f'), 'admission-service@example.invalid', '', ...)
prepare = None, binary = None

    def execute(
        self,
        query: Query,
        params: Params | None = None,
        *,
        prepare: bool | None = None,
        binary: bool | None = None,
    ) -> Self:
        """
        Execute a query or command to the database.
        """
        try:
            with self._conn.lock:
                self._conn.wait(
                    self._execute_gen(query, params, prepare=prepare, binary=binary)
                )
        except e._NO_TRACEBACK as ex:
>           raise ex.with_traceback(None)
E           django.db.utils.IntegrityError: duplicate key value violates unique constraint "accounts_user_email_key"
E           DETAIL:  Key (email)=(admission-service@example.invalid) already exists.

.venv/lib/python3.14/site-packages/psycopg/cursor.py:117: IntegrityError
________ ERROR at teardown of test_canceled_generation_remains_terminal ________

self = <django.db.backends.utils.CursorWrapper object at 0x7049ffd84830>
sql = 'TRUNCATE "core_action_card_revisions", "job_recovery_receipts", "core_workflow_schedules", "integrations_quickbooksat...attempt", "core_workflow_runs", "auth_permission", "integrations_quickbooksevent", "django_session", "catalog_vendor";'
params = None
ignored_wrapper_args = (False, {'connection': <DatabaseWrapper vendor='postgresql' alias='default'>, 'cursor': <django.db.backends.utils.CursorWrapper object at 0x7049ffd84830>})

    def _execute(self, sql, params, *ignored_wrapper_args):
        # Raise a warning during app initialization (stored_app_configs is only
        # ever set during testing).
        if not apps.ready and not apps.stored_app_configs:
            warnings.warn(self.APPS_NOT_READY_WARNING_MSG, category=RuntimeWarning)
        self.db.validate_no_broken_transaction()
        with self.db.wrap_database_errors:
            if params is None:
                # params default might be backend specific.
>               return self.cursor.execute(sql)
                       ^^^^^^^^^^^^^^^^^^^^^^^^

.venv/lib/python3.14/site-packages/django/db/backends/utils.py:103: 
_ _ _ _ _ _ _ _ _ _ _ _ _ _ _ _ _ _ _ _ _ _ _ _ _ _ _ _ _ _ _ _ _ _ _ _ _ _ _ _ 

self = <django.db.backends.postgresql.base.Cursor [closed] [IDLE] (host=qualification-db user=postgres database=test_qualification) at 0x7049fff7e5f0>
query = 'TRUNCATE "core_action_card_revisions", "job_recovery_receipts", "core_workflow_schedules", "integrations_quickbooksat...attempt", "core_workflow_runs", "auth_permission", "integrations_quickbooksevent", "django_session", "catalog_vendor";'
params = None, prepare = None, binary = None

    def execute(
        self,
        query: Query,
        params: Params | None = None,
        *,
        prepare: bool | None = None,
        binary: bool | None = None,
    ) -> Self:
        """
        Execute a query or command to the database.
        """
        try:
            with self._conn.lock:
                self._conn.wait(
                    self._execute_gen(query, params, prepare=prepare, binary=binary)
                )
        except e._NO_TRACEBACK as ex:
>           raise ex.with_traceback(None)
E           psycopg.errors.FeatureNotSupported: cannot truncate a table referenced in a foreign key constraint
E           DETAIL:  Table "billing_admission_receipt" references "billing_paid_coverage".
E           HINT:  Truncate table "billing_admission_receipt" at the same time, or use TRUNCATE ... CASCADE.

.venv/lib/python3.14/site-packages/psycopg/cursor.py:117: FeatureNotSupported

The above exception was the direct cause of the following exception:

self = <django.core.management.commands.flush.Command object at 0x704a00b30b90>
options = {'verbosity': 0, 'settings': None, 'pythonpath': None, 'traceback': False, ...}

        def handle(self, **options):
            database = options["database"]
            connection = connections[database]
            verbosity = options["verbosity"]
            interactive = options["interactive"]
            # The following are stealth options used by Django's internals.
            reset_sequences = options.get("reset_sequences", True)
            allow_cascade = options.get("allow_cascade", False)
            inhibit_post_migrate = options.get("inhibit_post_migrate", False)
    
            self.style = no_style()
    
            # Import the 'management' module within each installed app, to register
            # dispatcher events.
            for app_config in apps.get_app_configs():
                try:
                    import_module(".management", app_config.name)
                except ImportError:
                    pass
    
            sql_list = sql_flush(
                self.style,
                connection,
                reset_sequences=reset_sequences,
                allow_cascade=allow_cascade,
            )
    
            if interactive:
                confirm = input("""You have requested a flush of the database.
    This will IRREVERSIBLY DESTROY all data currently in the "%s" database,
    and return each table to an empty state.
    Are you sure you want to do this?
    
        Type 'yes' to continue, or 'no' to cancel: """ % connection.settings_dict["NAME"])
            else:
                confirm = "yes"
    
            if confirm == "yes":
                try:
>                   connection.ops.execute_sql_flush(sql_list)

.venv/lib/python3.14/site-packages/django/core/management/commands/flush.py:71: 
_ _ _ _ _ _ _ _ _ _ _ _ _ _ _ _ _ _ _ _ _ _ _ _ _ _ _ _ _ _ _ _ _ _ _ _ _ _ _ _ 
.venv/lib/python3.14/site-packages/django/db/backends/base/operations.py:473: in execute_sql_flush
    cursor.execute(sql)
.venv/lib/python3.14/site-packages/django/db/backends/utils.py:79: in execute
    return self._execute_with_wrappers(
.venv/lib/python3.14/site-packages/django/db/backends/utils.py:92: in _execute_with_wrappers
    return executor(sql, params, many, context)
           ^^^^^^^^^^^^^^^^^^^^^^^^^^^^^^^^^^^^
.venv/lib/python3.14/site-packages/django/db/backends/utils.py:100: in _execute
    with self.db.wrap_database_errors:
         ^^^^^^^^^^^^^^^^^^^^^^^^^^^^
.venv/lib/python3.14/site-packages/django/db/utils.py:91: in __exit__
    raise dj_exc_value.with_traceback(traceback) from exc_value
.venv/lib/python3.14/site-packages/django/db/backends/utils.py:103: in _execute
    return self.cursor.execute(sql)
           ^^^^^^^^^^^^^^^^^^^^^^^^
_ _ _ _ _ _ _ _ _ _ _ _ _ _ _ _ _ _ _ _ _ _ _ _ _ _ _ _ _ _ _ _ _ _ _ _ _ _ _ _ 

self = <django.db.backends.postgresql.base.Cursor [closed] [IDLE] (host=qualification-db user=postgres database=test_qualification) at 0x7049fff7e5f0>
query = 'TRUNCATE "core_action_card_revisions", "job_recovery_receipts", "core_workflow_schedules", "integrations_quickbooksat...attempt", "core_workflow_runs", "auth_permission", "integrations_quickbooksevent", "django_session", "catalog_vendor";'
params = None, prepare = None, binary = None

    def execute(
        self,
        query: Query,
        params: Params | None = None,
        *,
        prepare: bool | None = None,
        binary: bool | None = None,
    ) -> Self:
        """
        Execute a query or command to the database.
        """
        try:
            with self._conn.lock:
                self._conn.wait(
                    self._execute_gen(query, params, prepare=prepare, binary=binary)
                )
        except e._NO_TRACEBACK as ex:
>           raise ex.with_traceback(None)
E           django.db.utils.NotSupportedError: cannot truncate a table referenced in a foreign key constraint
E           DETAIL:  Table "billing_admission_receipt" references "billing_paid_coverage".
E           HINT:  Truncate table "billing_admission_receipt" at the same time, or use TRUNCATE ... CASCADE.

.venv/lib/python3.14/site-packages/psycopg/cursor.py:117: NotSupportedError

The above exception was the direct cause of the following exception:

request = <SubRequest '_django_db_helper' for <Function test_canceled_generation_remains_terminal>>
django_db_setup = None
django_db_blocker = <pytest_django.plugin.DjangoDbBlocker object at 0x704a05d7d010>

    @pytest.fixture
    def _django_db_helper(
        request: pytest.FixtureRequest,
        django_db_setup: None,  # noqa: ARG001
        django_db_blocker: DjangoDbBlocker,
    ) -> Generator[None]:
        if is_django_unittest(request):
            yield
            return
    
        from django import VERSION
    
        marker = request.node.get_closest_marker("django_db")
        if marker:
            (
                transactional,
                reset_sequences,
                databases,
                serialized_rollback,
                available_apps,
            ) = validate_django_db(marker)
        else:
            (
                transactional,
                reset_sequences,
                databases,
                serialized_rollback,
                available_apps,
            ) = False, False, None, False, None
    
        transactional = (
            transactional
            or reset_sequences
            or ("transactional_db" in request.fixturenames or "live_server" in request.fixturenames)
        )
        reset_sequences = reset_sequences or ("django_db_reset_sequences" in request.fixturenames)
        serialized_rollback = serialized_rollback or (
            "django_db_serialized_rollback" in request.fixturenames
        )
    
        with django_db_blocker.unblock():
            import django.db
            import django.test
    
            if transactional:
                test_case_class = django.test.TransactionTestCase
            else:
                test_case_class = django.test.TestCase
    
            _reset_sequences = reset_sequences
            _serialized_rollback = serialized_rollback
            _databases = databases
            _available_apps = available_apps
    
            class PytestDjangoTestCase(test_case_class):  # type: ignore[misc,valid-type]
                reset_sequences = _reset_sequences
                serialized_rollback = _serialized_rollback
                if _databases is not None:
                    databases = _databases
                if _available_apps is not None:
                    available_apps = _available_apps
    
                # For non-transactional tests, skip executing `django.test.TestCase`'s
                # `setUpClass`/`tearDownClass`, only execute the super class ones.
                #
                # `TestCase`'s class setup manages the `setUpTestData`/class-level
                # transaction functionality. We don't use it; instead we (will) offer
                # our own alternatives. So it only adds overhead, and does some things
                # which conflict with our (planned) functionality, particularly, it
                # closes all database connections in `tearDownClass` which inhibits
                # wrapping tests in higher-scoped transactions.
                #
                # It's possible a new version of Django will add some unrelated
                # functionality to these methods, in which case skipping them completely
                # would not be desirable. Let's cross that bridge when we get there...
                if not transactional:
    
                    @classmethod
                    def setUpClass(cls) -> None:
                        super(django.test.TestCase, cls).setUpClass()
    
                    @classmethod
                    def tearDownClass(cls) -> None:
                        super(django.test.TestCase, cls).tearDownClass()
    
            PytestDjangoTestCase.setUpClass()
    
            test_case = PytestDjangoTestCase(methodName="__init__")
            if VERSION >= (6, 0):
                pre_setup_ran_eagerly = PytestDjangoTestCase._pre_setup_ran_eagerly
            else:
                pre_setup_ran_eagerly = getattr(PytestDjangoTestCase, "_pre_setup_ran_eagerly", False)
            if not pre_setup_ran_eagerly:
                # For a TransactionTestCase, setUpClass() has already run _pre_setup() and set
                # this flag to say so.
                test_case._pre_setup()
    
            yield
    
>           test_case._post_teardown()

.venv/lib/python3.14/site-packages/pytest_django/fixtures.py:305: 
_ _ _ _ _ _ _ _ _ _ _ _ _ _ _ _ _ _ _ _ _ _ _ _ _ _ _ _ _ _ _ _ _ _ _ _ _ _ _ _ 
.venv/lib/python3.14/site-packages/django/test/testcases.py:1231: in _post_teardown
    self._fixture_teardown()
.venv/lib/python3.14/site-packages/django/test/testcases.py:1266: in _fixture_teardown
    call_command(
.venv/lib/python3.14/site-packages/django/core/management/__init__.py:194: in call_command
    return command.execute(*args, **defaults)
           ^^^^^^^^^^^^^^^^^^^^^^^^^^^^^^^^^^
.venv/lib/python3.14/site-packages/django/core/management/base.py:464: in execute
    output = self.handle(*args, **options)
             ^^^^^^^^^^^^^^^^^^^^^^^^^^^^^
_ _ _ _ _ _ _ _ _ _ _ _ _ _ _ _ _ _ _ _ _ _ _ _ _ _ _ _ _ _ _ _ _ _ _ _ _ _ _ _ 

self = <django.core.management.commands.flush.Command object at 0x704a00b30b90>
options = {'verbosity': 0, 'settings': None, 'pythonpath': None, 'traceback': False, ...}

        def handle(self, **options):
            database = options["database"]
            connection = connections[database]
            verbosity = options["verbosity"]
            interactive = options["interactive"]
            # The following are stealth options used by Django's internals.
            reset_sequences = options.get("reset_sequences", True)
            allow_cascade = options.get("allow_cascade", False)
            inhibit_post_migrate = options.get("inhibit_post_migrate", False)
    
            self.style = no_style()
    
            # Import the 'management' module within each installed app, to register
            # dispatcher events.
            for app_config in apps.get_app_configs():
                try:
                    import_module(".management", app_config.name)
                except ImportError:
                    pass
    
            sql_list = sql_flush(
                self.style,
                connection,
                reset_sequences=reset_sequences,
                allow_cascade=allow_cascade,
            )
    
            if interactive:
                confirm = input("""You have requested a flush of the database.
    This will IRREVERSIBLY DESTROY all data currently in the "%s" database,
    and return each table to an empty state.
    Are you sure you want to do this?
    
        Type 'yes' to continue, or 'no' to cancel: """ % connection.settings_dict["NAME"])
            else:
                confirm = "yes"
    
            if confirm == "yes":
                try:
                    connection.ops.execute_sql_flush(sql_list)
                except Exception as exc:
>                   raise CommandError(
                        "Database %s couldn't be flushed. Possible reasons:\n"
                        "  * The database isn't running or isn't configured correctly.\n"
                        "  * At least one of the expected database tables doesn't exist.\n"
                        "  * The SQL was invalid.\n"
                        "Hint: Look at the output of 'django-admin sqlflush'. "
                        "That's the SQL this command wasn't able to run."
                        % (connection.settings_dict["NAME"],)
                    ) from exc
E                   django.core.management.base.CommandError: Database test_qualification couldn't be flushed. Possible reasons:
E                     * The database isn't running or isn't configured correctly.
E                     * At least one of the expected database tables doesn't exist.
E                     * The SQL was invalid.
E                   Hint: Look at the output of 'django-admin sqlflush'. That's the SQL this command wasn't able to run.

.venv/lib/python3.14/site-packages/django/core/management/commands/flush.py:73: CommandError
_ ERROR at setup of test_app_and_worker_cannot_execute_ingester_or_write_receipts _

self = <django.db.backends.utils.CursorWrapper object at 0x7049fff463f0>
sql = 'INSERT INTO "accounts_user" ("password", "last_login", "is_superuser", "id", "email", "first_name", "last_name", "is_staff", "is_active", "date_joined") VALUES (%s, %s, %s, %s, %s, %s, %s, %s, %s, %s)'
params = ('!veQDrDs6o43Cs7Qq73hzqkJKWtOB6bSUjk8gJURK', None, False, UUID('0a442349-6eed-4f38-88c0-74de3627f6d1'), 'admission-service@example.invalid', '', ...)
ignored_wrapper_args = (False, {'connection': <DatabaseWrapper vendor='postgresql' alias='default'>, 'cursor': <django.db.backends.utils.CursorWrapper object at 0x7049fff463f0>})

    def _execute(self, sql, params, *ignored_wrapper_args):
        # Raise a warning during app initialization (stored_app_configs is only
        # ever set during testing).
        if not apps.ready and not apps.stored_app_configs:
            warnings.warn(self.APPS_NOT_READY_WARNING_MSG, category=RuntimeWarning)
        self.db.validate_no_broken_transaction()
        with self.db.wrap_database_errors:
            if params is None:
                # params default might be backend specific.
                return self.cursor.execute(sql)
            else:
>               return self.cursor.execute(sql, params)
                       ^^^^^^^^^^^^^^^^^^^^^^^^^^^^^^^^

.venv/lib/python3.14/site-packages/django/db/backends/utils.py:105: 
_ _ _ _ _ _ _ _ _ _ _ _ _ _ _ _ _ _ _ _ _ _ _ _ _ _ _ _ _ _ _ _ _ _ _ _ _ _ _ _ 

self = <django.db.backends.postgresql.base.Cursor [closed] [IDLE] (host=qualification-db user=postgres database=test_qualification) at 0x704a001d6270>
query = 'INSERT INTO "accounts_user" ("password", "last_login", "is_superuser", "id", "email", "first_name", "last_name", "is_staff", "is_active", "date_joined") VALUES (%s, %s, %s, %s, %s, %s, %s, %s, %s, %s)'
params = ('!veQDrDs6o43Cs7Qq73hzqkJKWtOB6bSUjk8gJURK', None, False, UUID('0a442349-6eed-4f38-88c0-74de3627f6d1'), 'admission-service@example.invalid', '', ...)
prepare = None, binary = None

    def execute(
        self,
        query: Query,
        params: Params | None = None,
        *,
        prepare: bool | None = None,
        binary: bool | None = None,
    ) -> Self:
        """
        Execute a query or command to the database.
        """
        try:
            with self._conn.lock:
                self._conn.wait(
                    self._execute_gen(query, params, prepare=prepare, binary=binary)
                )
        except e._NO_TRACEBACK as ex:
>           raise ex.with_traceback(None)
E           psycopg.errors.UniqueViolation: duplicate key value violates unique constraint "accounts_user_email_key"
E           DETAIL:  Key (email)=(admission-service@example.invalid) already exists.

.venv/lib/python3.14/site-packages/psycopg/cursor.py:117: UniqueViolation

The above exception was the direct cause of the following exception:

settings = <pytest_django.fixtures.Settings object at 0x704a001d6430>
monkeypatch = <_pytest.monkeypatch.MonkeyPatch object at 0x7049fffe65d0>
paid_observations = ({'id': 'in_qualified', 'object': 'invoice', 'status': 'paid', 'customer': 'cus_qualified', ...}, {'id': 'sub_qualifie...ied', 'quantity': 1, 'price': {'id': 'price_core_99', 'active': True, 'currency': 'usd', 'unit_amount': 9900, ...}}]}})

    @pytest.fixture
    def service(settings, monkeypatch, paid_observations):
        settings.BILLING_ADMISSION_WEBHOOK_SECRET = "whsec_synthetic_qualification"
        settings.BILLING_ADMISSION_STRIPE_KEY = "rk_test_synthetic_qualification"
        settings.BILLING_ADMISSION_ACCOUNT_ID = "acct_qualified"
        settings.BILLING_ADMISSION_LIVEMODE = False
        invoice, provider_subscription = paid_observations
>       user = get_user_model().objects.create_user(email="admission-service@example.invalid")
               ^^^^^^^^^^^^^^^^^^^^^^^^^^^^^^^^^^^^^^^^^^^^^^^^^^^^^^^^^^^^^^^^^^^^^^^^^^^^^^^

tests/test_billing_admission_service.py:41: 
_ _ _ _ _ _ _ _ _ _ _ _ _ _ _ _ _ _ _ _ _ _ _ _ _ _ _ _ _ _ _ _ _ _ _ _ _ _ _ _ 
apps/accounts/managers.py:29: in create_user
    user.save(using=self._db)
.venv/lib/python3.14/site-packages/django/contrib/auth/base_user.py:65: in save
    super().save(*args, **kwargs)
.venv/lib/python3.14/site-packages/django/db/models/base.py:902: in save
    self.save_base(
.venv/lib/python3.14/site-packages/django/db/models/base.py:1008: in save_base
    updated = self._save_table(
.venv/lib/python3.14/site-packages/django/db/models/base.py:1169: in _save_table
    results = self._do_insert(
.venv/lib/python3.14/site-packages/django/db/models/base.py:1210: in _do_insert
    return manager._insert(
.venv/lib/python3.14/site-packages/django/db/models/manager.py:87: in manager_method
    return getattr(self.get_queryset(), name)(*args, **kwargs)
           ^^^^^^^^^^^^^^^^^^^^^^^^^^^^^^^^^^^^^^^^^^^^^^^^^^^
.venv/lib/python3.14/site-packages/django/db/models/query.py:1873: in _insert
    return query.get_compiler(using=using).execute_sql(returning_fields)
           ^^^^^^^^^^^^^^^^^^^^^^^^^^^^^^^^^^^^^^^^^^^^^^^^^^^^^^^^^^^^^
.venv/lib/python3.14/site-packages/django/db/models/sql/compiler.py:1882: in execute_sql
    cursor.execute(sql, params)
.venv/lib/python3.14/site-packages/django/db/backends/utils.py:79: in execute
    return self._execute_with_wrappers(
.venv/lib/python3.14/site-packages/django/db/backends/utils.py:92: in _execute_with_wrappers
    return executor(sql, params, many, context)
           ^^^^^^^^^^^^^^^^^^^^^^^^^^^^^^^^^^^^
.venv/lib/python3.14/site-packages/django/db/backends/utils.py:100: in _execute
    with self.db.wrap_database_errors:
         ^^^^^^^^^^^^^^^^^^^^^^^^^^^^
.venv/lib/python3.14/site-packages/django/db/utils.py:91: in __exit__
    raise dj_exc_value.with_traceback(traceback) from exc_value
.venv/lib/python3.14/site-packages/django/db/backends/utils.py:105: in _execute
    return self.cursor.execute(sql, params)
           ^^^^^^^^^^^^^^^^^^^^^^^^^^^^^^^^
_ _ _ _ _ _ _ _ _ _ _ _ _ _ _ _ _ _ _ _ _ _ _ _ _ _ _ _ _ _ _ _ _ _ _ _ _ _ _ _ 

self = <django.db.backends.postgresql.base.Cursor [closed] [IDLE] (host=qualification-db user=postgres database=test_qualification) at 0x704a001d6270>
query = 'INSERT INTO "accounts_user" ("password", "last_login", "is_superuser", "id", "email", "first_name", "last_name", "is_staff", "is_active", "date_joined") VALUES (%s, %s, %s, %s, %s, %s, %s, %s, %s, %s)'
params = ('!veQDrDs6o43Cs7Qq73hzqkJKWtOB6bSUjk8gJURK', None, False, UUID('0a442349-6eed-4f38-88c0-74de3627f6d1'), 'admission-service@example.invalid', '', ...)
prepare = None, binary = None

    def execute(
        self,
        query: Query,
        params: Params | None = None,
        *,
        prepare: bool | None = None,
        binary: bool | None = None,
    ) -> Self:
        """
        Execute a query or command to the database.
        """
        try:
            with self._conn.lock:
                self._conn.wait(
                    self._execute_gen(query, params, prepare=prepare, binary=binary)
                )
        except e._NO_TRACEBACK as ex:
>           raise ex.with_traceback(None)
E           django.db.utils.IntegrityError: duplicate key value violates unique constraint "accounts_user_email_key"
E           DETAIL:  Key (email)=(admission-service@example.invalid) already exists.

.venv/lib/python3.14/site-packages/psycopg/cursor.py:117: IntegrityError
_ ERROR at teardown of test_app_and_worker_cannot_execute_ingester_or_write_receipts _

self = <django.db.backends.utils.CursorWrapper object at 0x7049fff45cd0>
sql = 'TRUNCATE "core_action_card_revisions", "job_recovery_receipts", "core_workflow_schedules", "integrations_quickbooksat...attempt", "core_workflow_runs", "auth_permission", "integrations_quickbooksevent", "django_session", "catalog_vendor";'
params = None
ignored_wrapper_args = (False, {'connection': <DatabaseWrapper vendor='postgresql' alias='default'>, 'cursor': <django.db.backends.utils.CursorWrapper object at 0x7049fff45cd0>})

    def _execute(self, sql, params, *ignored_wrapper_args):
        # Raise a warning during app initialization (stored_app_configs is only
        # ever set during testing).
        if not apps.ready and not apps.stored_app_configs:
            warnings.warn(self.APPS_NOT_READY_WARNING_MSG, category=RuntimeWarning)
        self.db.validate_no_broken_transaction()
        with self.db.wrap_database_errors:
            if params is None:
                # params default might be backend specific.
>               return self.cursor.execute(sql)
                       ^^^^^^^^^^^^^^^^^^^^^^^^

.venv/lib/python3.14/site-packages/django/db/backends/utils.py:103: 
_ _ _ _ _ _ _ _ _ _ _ _ _ _ _ _ _ _ _ _ _ _ _ _ _ _ _ _ _ _ _ _ _ _ _ _ _ _ _ _ 

self = <django.db.backends.postgresql.base.Cursor [closed] [BAD] at 0x704a001d43d0>
query = 'TRUNCATE "core_action_card_revisions", "job_recovery_receipts", "core_workflow_schedules", "integrations_quickbooksat...attempt", "core_workflow_runs", "auth_permission", "integrations_quickbooksevent", "django_session", "catalog_vendor";'
params = None, prepare = None, binary = None

    def execute(
        self,
        query: Query,
        params: Params | None = None,
        *,
        prepare: bool | None = None,
        binary: bool | None = None,
    ) -> Self:
        """
        Execute a query or command to the database.
        """
        try:
            with self._conn.lock:
                self._conn.wait(
                    self._execute_gen(query, params, prepare=prepare, binary=binary)
                )
        except e._NO_TRACEBACK as ex:
>           raise ex.with_traceback(None)
E           psycopg.errors.FeatureNotSupported: cannot truncate a table referenced in a foreign key constraint
E           DETAIL:  Table "billing_admission_receipt" references "billing_paid_coverage".
E           HINT:  Truncate table "billing_admission_receipt" at the same time, or use TRUNCATE ... CASCADE.

.venv/lib/python3.14/site-packages/psycopg/cursor.py:117: FeatureNotSupported

The above exception was the direct cause of the following exception:

self = <django.core.management.commands.flush.Command object at 0x704a001d52b0>
options = {'verbosity': 0, 'settings': None, 'pythonpath': None, 'traceback': False, ...}

        def handle(self, **options):
            database = options["database"]
            connection = connections[database]
            verbosity = options["verbosity"]
            interactive = options["interactive"]
            # The following are stealth options used by Django's internals.
            reset_sequences = options.get("reset_sequences", True)
            allow_cascade = options.get("allow_cascade", False)
            inhibit_post_migrate = options.get("inhibit_post_migrate", False)
    
            self.style = no_style()
    
            # Import the 'management' module within each installed app, to register
            # dispatcher events.
            for app_config in apps.get_app_configs():
                try:
                    import_module(".management", app_config.name)
                except ImportError:
                    pass
    
            sql_list = sql_flush(
                self.style,
                connection,
                reset_sequences=reset_sequences,
                allow_cascade=allow_cascade,
            )
    
            if interactive:
                confirm = input("""You have requested a flush of the database.
    This will IRREVERSIBLY DESTROY all data currently in the "%s" database,
    and return each table to an empty state.
    Are you sure you want to do this?
    
        Type 'yes' to continue, or 'no' to cancel: """ % connection.settings_dict["NAME"])
            else:
                confirm = "yes"
    
            if confirm == "yes":
                try:
>                   connection.ops.execute_sql_flush(sql_list)

.venv/lib/python3.14/site-packages/django/core/management/commands/flush.py:71: 
_ _ _ _ _ _ _ _ _ _ _ _ _ _ _ _ _ _ _ _ _ _ _ _ _ _ _ _ _ _ _ _ _ _ _ _ _ _ _ _ 
.venv/lib/python3.14/site-packages/django/db/backends/base/operations.py:473: in execute_sql_flush
    cursor.execute(sql)
.venv/lib/python3.14/site-packages/django/db/backends/utils.py:79: in execute
    return self._execute_with_wrappers(
.venv/lib/python3.14/site-packages/django/db/backends/utils.py:92: in _execute_with_wrappers
    return executor(sql, params, many, context)
           ^^^^^^^^^^^^^^^^^^^^^^^^^^^^^^^^^^^^
.venv/lib/python3.14/site-packages/django/db/backends/utils.py:100: in _execute
    with self.db.wrap_database_errors:
         ^^^^^^^^^^^^^^^^^^^^^^^^^^^^
.venv/lib/python3.14/site-packages/django/db/utils.py:91: in __exit__
    raise dj_exc_value.with_traceback(traceback) from exc_value
.venv/lib/python3.14/site-packages/django/db/backends/utils.py:103: in _execute
    return self.cursor.execute(sql)
           ^^^^^^^^^^^^^^^^^^^^^^^^
_ _ _ _ _ _ _ _ _ _ _ _ _ _ _ _ _ _ _ _ _ _ _ _ _ _ _ _ _ _ _ _ _ _ _ _ _ _ _ _ 

self = <django.db.backends.postgresql.base.Cursor [closed] [BAD] at 0x704a001d43d0>
query = 'TRUNCATE "core_action_card_revisions", "job_recovery_receipts", "core_workflow_schedules", "integrations_quickbooksat...attempt", "core_workflow_runs", "auth_permission", "integrations_quickbooksevent", "django_session", "catalog_vendor";'
params = None, prepare = None, binary = None

    def execute(
        self,
        query: Query,
        params: Params | None = None,
        *,
        prepare: bool | None = None,
        binary: bool | None = None,
    ) -> Self:
        """
        Execute a query or command to the database.
        """
        try:
            with self._conn.lock:
                self._conn.wait(
                    self._execute_gen(query, params, prepare=prepare, binary=binary)
                )
        except e._NO_TRACEBACK as ex:
>           raise ex.with_traceback(None)
E           django.db.utils.NotSupportedError: cannot truncate a table referenced in a foreign key constraint
E           DETAIL:  Table "billing_admission_receipt" references "billing_paid_coverage".
E           HINT:  Truncate table "billing_admission_receipt" at the same time, or use TRUNCATE ... CASCADE.

.venv/lib/python3.14/site-packages/psycopg/cursor.py:117: NotSupportedError

The above exception was the direct cause of the following exception:

request = <SubRequest '_django_db_helper' for <Function test_app_and_worker_cannot_execute_ingester_or_write_receipts>>
django_db_setup = None
django_db_blocker = <pytest_django.plugin.DjangoDbBlocker object at 0x704a05d7d010>

    @pytest.fixture
    def _django_db_helper(
        request: pytest.FixtureRequest,
        django_db_setup: None,  # noqa: ARG001
        django_db_blocker: DjangoDbBlocker,
    ) -> Generator[None]:
        if is_django_unittest(request):
            yield
            return
    
        from django import VERSION
    
        marker = request.node.get_closest_marker("django_db")
        if marker:
            (
                transactional,
                reset_sequences,
                databases,
                serialized_rollback,
                available_apps,
            ) = validate_django_db(marker)
        else:
            (
                transactional,
                reset_sequences,
                databases,
                serialized_rollback,
                available_apps,
            ) = False, False, None, False, None
    
        transactional = (
            transactional
            or reset_sequences
            or ("transactional_db" in request.fixturenames or "live_server" in request.fixturenames)
        )
        reset_sequences = reset_sequences or ("django_db_reset_sequences" in request.fixturenames)
        serialized_rollback = serialized_rollback or (
            "django_db_serialized_rollback" in request.fixturenames
        )
    
        with django_db_blocker.unblock():
            import django.db
            import django.test
    
            if transactional:
                test_case_class = django.test.TransactionTestCase
            else:
                test_case_class = django.test.TestCase
    
            _reset_sequences = reset_sequences
            _serialized_rollback = serialized_rollback
            _databases = databases
            _available_apps = available_apps
    
            class PytestDjangoTestCase(test_case_class):  # type: ignore[misc,valid-type]
                reset_sequences = _reset_sequences
                serialized_rollback = _serialized_rollback
                if _databases is not None:
                    databases = _databases
                if _available_apps is not None:
                    available_apps = _available_apps
    
                # For non-transactional tests, skip executing `django.test.TestCase`'s
                # `setUpClass`/`tearDownClass`, only execute the super class ones.
                #
                # `TestCase`'s class setup manages the `setUpTestData`/class-level
                # transaction functionality. We don't use it; instead we (will) offer
                # our own alternatives. So it only adds overhead, and does some things
                # which conflict with our (planned) functionality, particularly, it
                # closes all database connections in `tearDownClass` which inhibits
                # wrapping tests in higher-scoped transactions.
                #
                # It's possible a new version of Django will add some unrelated
                # functionality to these methods, in which case skipping them completely
                # would not be desirable. Let's cross that bridge when we get there...
                if not transactional:
    
                    @classmethod
                    def setUpClass(cls) -> None:
                        super(django.test.TestCase, cls).setUpClass()
    
                    @classmethod
                    def tearDownClass(cls) -> None:
                        super(django.test.TestCase, cls).tearDownClass()
    
            PytestDjangoTestCase.setUpClass()
    
            test_case = PytestDjangoTestCase(methodName="__init__")
            if VERSION >= (6, 0):
                pre_setup_ran_eagerly = PytestDjangoTestCase._pre_setup_ran_eagerly
            else:
                pre_setup_ran_eagerly = getattr(PytestDjangoTestCase, "_pre_setup_ran_eagerly", False)
            if not pre_setup_ran_eagerly:
                # For a TransactionTestCase, setUpClass() has already run _pre_setup() and set
                # this flag to say so.
                test_case._pre_setup()
    
            yield
    
>           test_case._post_teardown()

.venv/lib/python3.14/site-packages/pytest_django/fixtures.py:305: 
_ _ _ _ _ _ _ _ _ _ _ _ _ _ _ _ _ _ _ _ _ _ _ _ _ _ _ _ _ _ _ _ _ _ _ _ _ _ _ _ 
.venv/lib/python3.14/site-packages/django/test/testcases.py:1231: in _post_teardown
    self._fixture_teardown()
.venv/lib/python3.14/site-packages/django/test/testcases.py:1266: in _fixture_teardown
    call_command(
.venv/lib/python3.14/site-packages/django/core/management/__init__.py:194: in call_command
    return command.execute(*args, **defaults)
           ^^^^^^^^^^^^^^^^^^^^^^^^^^^^^^^^^^
.venv/lib/python3.14/site-packages/django/core/management/base.py:464: in execute
    output = self.handle(*args, **options)
             ^^^^^^^^^^^^^^^^^^^^^^^^^^^^^
_ _ _ _ _ _ _ _ _ _ _ _ _ _ _ _ _ _ _ _ _ _ _ _ _ _ _ _ _ _ _ _ _ _ _ _ _ _ _ _ 

self = <django.core.management.commands.flush.Command object at 0x704a001d52b0>
options = {'verbosity': 0, 'settings': None, 'pythonpath': None, 'traceback': False, ...}

        def handle(self, **options):
            database = options["database"]
            connection = connections[database]
            verbosity = options["verbosity"]
            interactive = options["interactive"]
            # The following are stealth options used by Django's internals.
            reset_sequences = options.get("reset_sequences", True)
            allow_cascade = options.get("allow_cascade", False)
            inhibit_post_migrate = options.get("inhibit_post_migrate", False)
    
            self.style = no_style()
    
            # Import the 'management' module within each installed app, to register
            # dispatcher events.
            for app_config in apps.get_app_configs():
                try:
                    import_module(".management", app_config.name)
                except ImportError:
                    pass
    
            sql_list = sql_flush(
                self.style,
                connection,
                reset_sequences=reset_sequences,
                allow_cascade=allow_cascade,
            )
    
            if interactive:
                confirm = input("""You have requested a flush of the database.
    This will IRREVERSIBLY DESTROY all data currently in the "%s" database,
    and return each table to an empty state.
    Are you sure you want to do this?
    
        Type 'yes' to continue, or 'no' to cancel: """ % connection.settings_dict["NAME"])
            else:
                confirm = "yes"
    
            if confirm == "yes":
                try:
                    connection.ops.execute_sql_flush(sql_list)
                except Exception as exc:
>                   raise CommandError(
                        "Database %s couldn't be flushed. Possible reasons:\n"
                        "  * The database isn't running or isn't configured correctly.\n"
                        "  * At least one of the expected database tables doesn't exist.\n"
                        "  * The SQL was invalid.\n"
                        "Hint: Look at the output of 'django-admin sqlflush'. "
                        "That's the SQL this command wasn't able to run."
                        % (connection.settings_dict["NAME"],)
                    ) from exc
E                   django.core.management.base.CommandError: Database test_qualification couldn't be flushed. Possible reasons:
E                     * The database isn't running or isn't configured correctly.
E                     * At least one of the expected database tables doesn't exist.
E                     * The SQL was invalid.
E                   Hint: Look at the output of 'django-admin sqlflush'. That's the SQL this command wasn't able to run.

.venv/lib/python3.14/site-packages/django/core/management/commands/flush.py:73: CommandError
=============================== warnings summary ===============================
tests/test_billing_admission_service.py::test_app_and_worker_cannot_execute_ingester_or_write_receipts
  /app:0: PytestWarning: Error when trying to teardown test databases: OperationalError('database "test_qualification" is being accessed by other users\nDETAIL:  There is 1 other session using the database.')

-- Docs: https://docs.pytest.org/en/stable/how-to/capture-warnings.html
=========================== short test summary info ============================
ERROR tests/test_billing_admission_service.py::test_original_signed_invoice_creates_standard_generation_and_atomic_receipt
ERROR tests/test_billing_admission_service.py::test_bad_service_secret_fails_before_signature_or_provider[]
ERROR tests/test_billing_admission_service.py::test_bad_service_secret_fails_before_signature_or_provider[]
ERROR tests/test_billing_admission_service.py::test_bad_service_secret_fails_before_signature_or_provider[whsec_]
ERROR tests/test_billing_admission_service.py::test_bad_service_secret_fails_before_signature_or_provider[whsec_]
ERROR tests/test_billing_admission_service.py::test_bad_service_secret_fails_before_signature_or_provider[  ]
ERROR tests/test_billing_admission_service.py::test_bad_service_secret_fails_before_signature_or_provider[  ]
ERROR tests/test_billing_admission_service.py::test_bad_service_secret_fails_before_signature_or_provider[wrong]
ERROR tests/test_billing_admission_service.py::test_bad_service_secret_fails_before_signature_or_provider[wrong]
ERROR tests/test_billing_admission_service.py::test_forged_signature_and_wrong_role_never_call_provider
ERROR tests/test_billing_admission_service.py::test_forged_signature_and_wrong_role_never_call_provider
ERROR tests/test_billing_admission_service.py::test_unadmitted_event_environment_account_and_type[changes0]
ERROR tests/test_billing_admission_service.py::test_unadmitted_event_environment_account_and_type[changes0]
ERROR tests/test_billing_admission_service.py::test_unadmitted_event_environment_account_and_type[changes1]
ERROR tests/test_billing_admission_service.py::test_unadmitted_event_environment_account_and_type[changes1]
ERROR tests/test_billing_admission_service.py::test_unadmitted_event_environment_account_and_type[changes2]
ERROR tests/test_billing_admission_service.py::test_unadmitted_event_environment_account_and_type[changes2]
ERROR tests/test_billing_admission_service.py::test_invalid_coverage_rolls_back_new_generation_and_receipt
ERROR tests/test_billing_admission_service.py::test_invalid_coverage_rolls_back_new_generation_and_receipt
ERROR tests/test_billing_admission_service.py::test_same_event_conflicting_body_does_not_commit_new_effect
ERROR tests/test_billing_admission_service.py::test_same_event_conflicting_body_does_not_commit_new_effect
ERROR tests/test_billing_admission_service.py::test_canceled_generation_remains_terminal
ERROR tests/test_billing_admission_service.py::test_canceled_generation_remains_terminal
ERROR tests/test_billing_admission_service.py::test_app_and_worker_cannot_execute_ingester_or_write_receipts
ERROR tests/test_billing_admission_service.py::test_app_and_worker_cannot_execute_ingester_or_write_receipts
1 passed, 1 warning, 25 errors in 17.20s
